{
  "type": "FeatureCollection",
  "features": [
    {
      "type": "Feature",
      "geometry": {
        "type": "Point",
        "coordinates": [
          -1.830928510888995,
          5.040728416348183
        ]
      },
      "properties": {
        "probability": 0.9876627326011658,
        "lat": 5.040728416348183,
        "lon": -1.830928510888995,
        "region": "Tarkwa-Nsuaem",
        "detected_at": "2026-03-16T06:31:21.798666",
        "model_version": "48px_v3.7_2024-01-10"
      }
    },
    {
      "type": "Feature",
      "geometry": {
        "type": "Point",
        "coordinates": [
          -1.8309285108889954,
          5.0385538015304885
        ]
      },
      "properties": {
        "probability": 0.8728985786437988,
        "lat": 5.0385538015304885,
        "lon": -1.8309285108889954,
        "region": "Tarkwa-Nsuaem",
        "detected_at": "2026-03-16T06:31:21.798803",
        "model_version": "48px_v3.7_2024-01-10"
      }
    },
    {
      "type": "Feature",
      "geometry": {
        "type": "Point",
        "coordinates": [
          -1.8309285108889954,
          5.032029957077403
        ]
      },
      "properties": {
        "probability": 0.9411726593971252,
        "lat": 5.032029957077403,
        "lon": -1.8309285108889954,
        "region": "Tarkwa-Nsuaem",
        "detected_at": "2026-03-16T06:31:21.798914",
        "model_version": "48px_v3.7_2024-01-10"
      }
    },
    {
      "type": "Feature",
      "geometry": {
        "type": "Point",
        "coordinates": [
          -1.8287599989277736,
          5.040728416348184
        ]
      },
      "properties": {
        "probability": 0.9545437097549438,
        "lat": 5.040728416348184,
        "lon": -1.8287599989277736,
        "region": "Tarkwa-Nsuaem",
        "detected_at": "2026-03-16T06:31:21.799026",
        "model_version": "48px_v3.7_2024-01-10"
      }
    },
    {
      "type": "Feature",
      "geometry": {
        "type": "Point",
        "coordinates": [
          -1.8222544630441084,
          5.0081091940827545
        ]
      },
      "properties": {
        "probability": 0.8667001128196716,
        "lat": 5.0081091940827545,
        "lon": -1.8222544630441084,
        "region": "Tarkwa-Nsuaem",
        "detected_at": "2026-03-16T06:31:21.799132",
        "model_version": "48px_v3.7_2024-01-10"
      }
    },
    {
      "type": "Feature",
      "geometry": {
        "type": "Point",
        "coordinates": [
          -1.8222544630441082,
          5.005934579265059
        ]
      },
      "properties": {
        "probability": 0.9662655591964722,
        "lat": 5.005934579265059,
        "lon": -1.8222544630441082,
        "region": "Tarkwa-Nsuaem",
        "detected_at": "2026-03-16T06:31:21.799232",
        "model_version": "48px_v3.7_2024-01-10"
      }
    },
    {
      "type": "Feature",
      "geometry": {
        "type": "Point",
        "coordinates": [
          -1.8200859510828864,
          5.0081091940827545
        ]
      },
      "properties": {
        "probability": 0.9997057914733887,
        "lat": 5.0081091940827545,
        "lon": -1.8200859510828864,
        "region": "Tarkwa-Nsuaem",
        "detected_at": "2026-03-16T06:31:21.799331",
        "model_version": "48px_v3.7_2024-01-10"
      }
    },
    {
      "type": "Feature",
      "geometry": {
        "type": "Point",
        "coordinates": [
          -1.8200859510828866,
          5.005934579265059
        ]
      },
      "properties": {
        "probability": 0.9999999403953552,
        "lat": 5.005934579265059,
        "lon": -1.8200859510828866,
        "region": "Tarkwa-Nsuaem",
        "detected_at": "2026-03-16T06:31:21.799435",
        "model_version": "48px_v3.7_2024-01-10"
      }
    },
    {
      "type": "Feature",
      "geometry": {
        "type": "Point",
        "coordinates": [
          -1.8200859510828866,
          5.0037599644473625
        ]
      },
      "properties": {
        "probability": 0.9483962059020996,
        "lat": 5.0037599644473625,
        "lon": -1.8200859510828866,
        "region": "Tarkwa-Nsuaem",
        "detected_at": "2026-03-16T06:31:21.799532",
        "model_version": "48px_v3.7_2024-01-10"
      }
    },
    {
      "type": "Feature",
      "geometry": {
        "type": "Point",
        "coordinates": [
          -1.8179174391216646,
          5.0081091940827545
        ]
      },
      "properties": {
        "probability": 0.9732752442359924,
        "lat": 5.0081091940827545,
        "lon": -1.8179174391216646,
        "region": "Tarkwa-Nsuaem",
        "detected_at": "2026-03-16T06:31:21.799676",
        "model_version": "48px_v3.7_2024-01-10"
      }
    },
    {
      "type": "Feature",
      "geometry": {
        "type": "Point",
        "coordinates": [
          -1.8179174391216648,
          5.00593457926506
        ]
      },
      "properties": {
        "probability": 0.9999903440475464,
        "lat": 5.00593457926506,
        "lon": -1.8179174391216648,
        "region": "Tarkwa-Nsuaem",
        "detected_at": "2026-03-16T06:31:21.799791",
        "model_version": "48px_v3.7_2024-01-10"
      }
    },
    {
      "type": "Feature",
      "geometry": {
        "type": "Point",
        "coordinates": [
          -1.8179174391216648,
          5.0037599644473625
        ]
      },
      "properties": {
        "probability": 0.9471042156219482,
        "lat": 5.0037599644473625,
        "lon": -1.8179174391216648,
        "region": "Tarkwa-Nsuaem",
        "detected_at": "2026-03-16T06:31:21.799889",
        "model_version": "48px_v3.7_2024-01-10"
      }
    },
    {
      "type": "Feature",
      "geometry": {
        "type": "Point",
        "coordinates": [
          -1.8157489271604434,
          5.005934579265059
        ]
      },
      "properties": {
        "probability": 0.8521021008491516,
        "lat": 5.005934579265059,
        "lon": -1.8157489271604434,
        "region": "Tarkwa-Nsuaem",
        "detected_at": "2026-03-16T06:31:21.799983",
        "model_version": "48px_v3.7_2024-01-10"
      }
    },
    {
      "type": "Feature",
      "geometry": {
        "type": "Point",
        "coordinates": [
          -1.8135804151992212,
          5.005934579265059
        ]
      },
      "properties": {
        "probability": 0.9145506620407104,
        "lat": 5.005934579265059,
        "lon": -1.8135804151992212,
        "region": "Tarkwa-Nsuaem",
        "detected_at": "2026-03-16T06:31:21.800073",
        "model_version": "48px_v3.7_2024-01-10"
      }
    },
    {
      "type": "Feature",
      "geometry": {
        "type": "Point",
        "coordinates": [
          -1.8135804151992212,
          5.0037599644473625
        ]
      },
      "properties": {
        "probability": 0.9666088223457336,
        "lat": 5.0037599644473625,
        "lon": -1.8135804151992212,
        "region": "Tarkwa-Nsuaem",
        "detected_at": "2026-03-16T06:31:21.800173",
        "model_version": "48px_v3.7_2024-01-10"
      }
    },
    {
      "type": "Feature",
      "geometry": {
        "type": "Point",
        "coordinates": [
          -1.8114119032379994,
          5.0037599644473625
        ]
      },
      "properties": {
        "probability": 0.8302462100982666,
        "lat": 5.0037599644473625,
        "lon": -1.8114119032379994,
        "region": "Tarkwa-Nsuaem",
        "detected_at": "2026-03-16T06:31:21.800266",
        "model_version": "48px_v3.7_2024-01-10"
      }
    },
    {
      "type": "Feature",
      "geometry": {
        "type": "Point",
        "coordinates": [
          -1.7161839179629756,
          5.003562502629684
        ]
      },
      "properties": {
        "probability": 0.8214226961135864,
        "lat": 5.003562502629684,
        "lon": -1.7161839179629756,
        "region": "Tarkwa-Nsuaem",
        "detected_at": "2026-03-16T06:31:21.800358",
        "model_version": "48px_v3.7_2024-01-10"
      }
    },
    {
      "type": "Feature",
      "geometry": {
        "type": "Point",
        "coordinates": [
          -1.7140151470239504,
          5.003562502629684
        ]
      },
      "properties": {
        "probability": 0.8103705048561096,
        "lat": 5.003562502629684,
        "lon": -1.7140151470239504,
        "region": "Tarkwa-Nsuaem",
        "detected_at": "2026-03-16T06:31:21.800450",
        "model_version": "48px_v3.7_2024-01-10"
      }
    },
    {
      "type": "Feature",
      "geometry": {
        "type": "Point",
        "coordinates": [
          -1.8308351021102993,
          5.0645557067605464
        ]
      },
      "properties": {
        "probability": 0.8170754313468933,
        "lat": 5.0645557067605464,
        "lon": -1.8308351021102993,
        "region": "Tarkwa-Nsuaem",
        "detected_at": "2026-03-16T06:31:21.800542",
        "model_version": "48px_v3.7_2024-01-10"
      }
    },
    {
      "type": "Feature",
      "geometry": {
        "type": "Point",
        "coordinates": [
          -1.8308351021102993,
          5.062381055063474
        ]
      },
      "properties": {
        "probability": 0.8445002436637878,
        "lat": 5.062381055063474,
        "lon": -1.8308351021102993,
        "region": "Tarkwa-Nsuaem",
        "detected_at": "2026-03-16T06:31:21.800661",
        "model_version": "48px_v3.7_2024-01-10"
      }
    },
    {
      "type": "Feature",
      "geometry": {
        "type": "Point",
        "coordinates": [
          -1.8980590224195986,
          5.006027000207462
        ]
      },
      "properties": {
        "probability": 0.931134819984436,
        "lat": 5.006027000207462,
        "lon": -1.8980590224195986,
        "region": "Tarkwa-Nsuaem",
        "detected_at": "2026-03-16T06:31:21.800758",
        "model_version": "48px_v3.7_2024-01-10"
      }
    },
    {
      "type": "Feature",
      "geometry": {
        "type": "Point",
        "coordinates": [
          -1.8937222629364392,
          5.003852518289856
        ]
      },
      "properties": {
        "probability": 0.8838493227958679,
        "lat": 5.003852518289856,
        "lon": -1.8937222629364392,
        "region": "Tarkwa-Nsuaem",
        "detected_at": "2026-03-16T06:31:21.800850",
        "model_version": "48px_v3.7_2024-01-10"
      }
    },
    {
      "type": "Feature",
      "geometry": {
        "type": "Point",
        "coordinates": [
          -1.8915538831948595,
          5.006027000207462
        ]
      },
      "properties": {
        "probability": 0.9839820265769958,
        "lat": 5.006027000207462,
        "lon": -1.8915538831948595,
        "region": "Tarkwa-Nsuaem",
        "detected_at": "2026-03-16T06:31:21.800942",
        "model_version": "48px_v3.7_2024-01-10"
      }
    },
    {
      "type": "Feature",
      "geometry": {
        "type": "Point",
        "coordinates": [
          -1.8915538831948595,
          5.003852518289856
        ]
      },
      "properties": {
        "probability": 0.998729407787323,
        "lat": 5.003852518289856,
        "lon": -1.8915538831948595,
        "region": "Tarkwa-Nsuaem",
        "detected_at": "2026-03-16T06:31:21.801036",
        "model_version": "48px_v3.7_2024-01-10"
      }
    },
    {
      "type": "Feature",
      "geometry": {
        "type": "Point",
        "coordinates": [
          -1.8893855034532798,
          5.006027000207462
        ]
      },
      "properties": {
        "probability": 0.993273913860321,
        "lat": 5.006027000207462,
        "lon": -1.8893855034532798,
        "region": "Tarkwa-Nsuaem",
        "detected_at": "2026-03-16T06:31:21.801128",
        "model_version": "48px_v3.7_2024-01-10"
      }
    },
    {
      "type": "Feature",
      "geometry": {
        "type": "Point",
        "coordinates": [
          -1.88938550345328,
          5.003852518289856
        ]
      },
      "properties": {
        "probability": 0.982069194316864,
        "lat": 5.003852518289856,
        "lon": -1.88938550345328,
        "region": "Tarkwa-Nsuaem",
        "detected_at": "2026-03-16T06:31:21.801222",
        "model_version": "48px_v3.7_2024-01-10"
      }
    },
    {
      "type": "Feature",
      "geometry": {
        "type": "Point",
        "coordinates": [
          -1.8850487439701202,
          5.045167674724363
        ]
      },
      "properties": {
        "probability": 0.8988621234893799,
        "lat": 5.045167674724363,
        "lon": -1.8850487439701202,
        "region": "Tarkwa-Nsuaem",
        "detected_at": "2026-03-16T06:31:21.801314",
        "model_version": "48px_v3.7_2024-01-10"
      }
    },
    {
      "type": "Feature",
      "geometry": {
        "type": "Point",
        "coordinates": [
          -1.8850487439701202,
          5.042993192806757
        ]
      },
      "properties": {
        "probability": 0.8284092545509338,
        "lat": 5.042993192806757,
        "lon": -1.8850487439701202,
        "region": "Tarkwa-Nsuaem",
        "detected_at": "2026-03-16T06:31:21.801406",
        "model_version": "48px_v3.7_2024-01-10"
      }
    },
    {
      "type": "Feature",
      "geometry": {
        "type": "Point",
        "coordinates": [
          -1.9543473606294839,
          5.04090485608934
        ]
      },
      "properties": {
        "probability": 0.8502974510192871,
        "lat": 5.04090485608934,
        "lon": -1.9543473606294839,
        "region": "Tarkwa-Nsuaem",
        "detected_at": "2026-03-16T06:31:21.801499",
        "model_version": "48px_v3.7_2024-01-10"
      }
    },
    {
      "type": "Feature",
      "geometry": {
        "type": "Point",
        "coordinates": [
          -1.9521791149273233,
          5.0474278977093014
        ]
      },
      "properties": {
        "probability": 0.9086570143699646,
        "lat": 5.0474278977093014,
        "lon": -1.9521791149273233,
        "region": "Tarkwa-Nsuaem",
        "detected_at": "2026-03-16T06:31:21.801590",
        "model_version": "48px_v3.7_2024-01-10"
      }
    },
    {
      "type": "Feature",
      "geometry": {
        "type": "Point",
        "coordinates": [
          -1.9521791149273233,
          5.045253550502649
        ]
      },
      "properties": {
        "probability": 0.9944707155227661,
        "lat": 5.045253550502649,
        "lon": -1.9521791149273233,
        "region": "Tarkwa-Nsuaem",
        "detected_at": "2026-03-16T06:31:21.801707",
        "model_version": "48px_v3.7_2024-01-10"
      }
    },
    {
      "type": "Feature",
      "geometry": {
        "type": "Point",
        "coordinates": [
          -1.9521791149273233,
          5.043079203295995
        ]
      },
      "properties": {
        "probability": 0.9999910593032837,
        "lat": 5.043079203295995,
        "lon": -1.9521791149273233,
        "region": "Tarkwa-Nsuaem",
        "detected_at": "2026-03-16T06:31:21.801802",
        "model_version": "48px_v3.7_2024-01-10"
      }
    },
    {
      "type": "Feature",
      "geometry": {
        "type": "Point",
        "coordinates": [
          -1.9521791149273233,
          5.040904856089341
        ]
      },
      "properties": {
        "probability": 0.9975796341896057,
        "lat": 5.040904856089341,
        "lon": -1.9521791149273233,
        "region": "Tarkwa-Nsuaem",
        "detected_at": "2026-03-16T06:31:21.801894",
        "model_version": "48px_v3.7_2024-01-10"
      }
    },
    {
      "type": "Feature",
      "geometry": {
        "type": "Point",
        "coordinates": [
          -1.9521791149273233,
          5.038730508882686
        ]
      },
      "properties": {
        "probability": 0.9889251589775085,
        "lat": 5.038730508882686,
        "lon": -1.9521791149273233,
        "region": "Tarkwa-Nsuaem",
        "detected_at": "2026-03-16T06:31:21.801988",
        "model_version": "48px_v3.7_2024-01-10"
      }
    },
    {
      "type": "Feature",
      "geometry": {
        "type": "Point",
        "coordinates": [
          -1.9521791149273233,
          5.036556161676033
        ]
      },
      "properties": {
        "probability": 0.9862832427024841,
        "lat": 5.036556161676033,
        "lon": -1.9521791149273233,
        "region": "Tarkwa-Nsuaem",
        "detected_at": "2026-03-16T06:31:21.802080",
        "model_version": "48px_v3.7_2024-01-10"
      }
    },
    {
      "type": "Feature",
      "geometry": {
        "type": "Point",
        "coordinates": [
          -1.9521791149273233,
          5.034381814469379
        ]
      },
      "properties": {
        "probability": 0.9999942779541016,
        "lat": 5.034381814469379,
        "lon": -1.9521791149273233,
        "region": "Tarkwa-Nsuaem",
        "detected_at": "2026-03-16T06:31:21.802173",
        "model_version": "48px_v3.7_2024-01-10"
      }
    },
    {
      "type": "Feature",
      "geometry": {
        "type": "Point",
        "coordinates": [
          -1.9521791149273233,
          5.032207467262724
        ]
      },
      "properties": {
        "probability": 0.9999971389770508,
        "lat": 5.032207467262724,
        "lon": -1.9521791149273233,
        "region": "Tarkwa-Nsuaem",
        "detected_at": "2026-03-16T06:31:21.802265",
        "model_version": "48px_v3.7_2024-01-10"
      }
    },
    {
      "type": "Feature",
      "geometry": {
        "type": "Point",
        "coordinates": [
          -1.9521791149273233,
          5.03003312005607
        ]
      },
      "properties": {
        "probability": 0.9992759823799133,
        "lat": 5.03003312005607,
        "lon": -1.9521791149273233,
        "region": "Tarkwa-Nsuaem",
        "detected_at": "2026-03-16T06:31:21.802356",
        "model_version": "48px_v3.7_2024-01-10"
      }
    },
    {
      "type": "Feature",
      "geometry": {
        "type": "Point",
        "coordinates": [
          -1.9500108692251623,
          5.051776592122612
        ]
      },
      "properties": {
        "probability": 0.9642021656036377,
        "lat": 5.051776592122612,
        "lon": -1.9500108692251623,
        "region": "Tarkwa-Nsuaem",
        "detected_at": "2026-03-16T06:31:21.802446",
        "model_version": "48px_v3.7_2024-01-10"
      }
    },
    {
      "type": "Feature",
      "geometry": {
        "type": "Point",
        "coordinates": [
          -1.9500108692251623,
          5.049602244915956
        ]
      },
      "properties": {
        "probability": 0.974826991558075,
        "lat": 5.049602244915956,
        "lon": -1.9500108692251623,
        "region": "Tarkwa-Nsuaem",
        "detected_at": "2026-03-16T06:31:21.802535",
        "model_version": "48px_v3.7_2024-01-10"
      }
    },
    {
      "type": "Feature",
      "geometry": {
        "type": "Point",
        "coordinates": [
          -1.9500108692251623,
          5.045253550502649
        ]
      },
      "properties": {
        "probability": 0.991542637348175,
        "lat": 5.045253550502649,
        "lon": -1.9500108692251623,
        "region": "Tarkwa-Nsuaem",
        "detected_at": "2026-03-16T06:31:21.802642",
        "model_version": "48px_v3.7_2024-01-10"
      }
    },
    {
      "type": "Feature",
      "geometry": {
        "type": "Point",
        "coordinates": [
          -1.9500108692251623,
          5.043079203295995
        ]
      },
      "properties": {
        "probability": 0.9999967813491821,
        "lat": 5.043079203295995,
        "lon": -1.9500108692251623,
        "region": "Tarkwa-Nsuaem",
        "detected_at": "2026-03-16T06:31:21.802741",
        "model_version": "48px_v3.7_2024-01-10"
      }
    },
    {
      "type": "Feature",
      "geometry": {
        "type": "Point",
        "coordinates": [
          -1.9500108692251623,
          5.040904856089341
        ]
      },
      "properties": {
        "probability": 0.9998763799667358,
        "lat": 5.040904856089341,
        "lon": -1.9500108692251623,
        "region": "Tarkwa-Nsuaem",
        "detected_at": "2026-03-16T06:31:21.802833",
        "model_version": "48px_v3.7_2024-01-10"
      }
    },
    {
      "type": "Feature",
      "geometry": {
        "type": "Point",
        "coordinates": [
          -1.9500108692251623,
          5.038730508882686
        ]
      },
      "properties": {
        "probability": 0.9980608820915222,
        "lat": 5.038730508882686,
        "lon": -1.9500108692251623,
        "region": "Tarkwa-Nsuaem",
        "detected_at": "2026-03-16T06:31:21.802925",
        "model_version": "48px_v3.7_2024-01-10"
      }
    },
    {
      "type": "Feature",
      "geometry": {
        "type": "Point",
        "coordinates": [
          -1.9500108692251623,
          5.036556161676033
        ]
      },
      "properties": {
        "probability": 0.9999889135360718,
        "lat": 5.036556161676033,
        "lon": -1.9500108692251623,
        "region": "Tarkwa-Nsuaem",
        "detected_at": "2026-03-16T06:31:21.803014",
        "model_version": "48px_v3.7_2024-01-10"
      }
    },
    {
      "type": "Feature",
      "geometry": {
        "type": "Point",
        "coordinates": [
          -1.9500108692251623,
          5.034381814469379
        ]
      },
      "properties": {
        "probability": 0.9999748468399048,
        "lat": 5.034381814469379,
        "lon": -1.9500108692251623,
        "region": "Tarkwa-Nsuaem",
        "detected_at": "2026-03-16T06:31:21.803103",
        "model_version": "48px_v3.7_2024-01-10"
      }
    },
    {
      "type": "Feature",
      "geometry": {
        "type": "Point",
        "coordinates": [
          -1.9500108692251623,
          5.032207467262724
        ]
      },
      "properties": {
        "probability": 0.9999933838844299,
        "lat": 5.032207467262724,
        "lon": -1.9500108692251623,
        "region": "Tarkwa-Nsuaem",
        "detected_at": "2026-03-16T06:31:21.803194",
        "model_version": "48px_v3.7_2024-01-10"
      }
    },
    {
      "type": "Feature",
      "geometry": {
        "type": "Point",
        "coordinates": [
          -1.9500108692251623,
          5.03003312005607
        ]
      },
      "properties": {
        "probability": 0.9992743134498596,
        "lat": 5.03003312005607,
        "lon": -1.9500108692251623,
        "region": "Tarkwa-Nsuaem",
        "detected_at": "2026-03-16T06:31:21.803285",
        "model_version": "48px_v3.7_2024-01-10"
      }
    },
    {
      "type": "Feature",
      "geometry": {
        "type": "Point",
        "coordinates": [
          -1.9500108692251623,
          5.010463995196184
        ]
      },
      "properties": {
        "probability": 0.859158992767334,
        "lat": 5.010463995196184,
        "lon": -1.9500108692251623,
        "region": "Tarkwa-Nsuaem",
        "detected_at": "2026-03-16T06:31:21.803376",
        "model_version": "48px_v3.7_2024-01-10"
      }
    },
    {
      "type": "Feature",
      "geometry": {
        "type": "Point",
        "coordinates": [
          -1.9478426235230015,
          5.006115300782875
        ]
      },
      "properties": {
        "probability": 0.9898379445075989,
        "lat": 5.006115300782875,
        "lon": -1.9478426235230015,
        "region": "Tarkwa-Nsuaem",
        "detected_at": "2026-03-16T06:31:21.803467",
        "model_version": "48px_v3.7_2024-01-10"
      }
    },
    {
      "type": "Feature",
      "geometry": {
        "type": "Point",
        "coordinates": [
          -1.9478426235230015,
          5.0039409535762225
        ]
      },
      "properties": {
        "probability": 0.9997749328613281,
        "lat": 5.0039409535762225,
        "lon": -1.9478426235230015,
        "region": "Tarkwa-Nsuaem",
        "detected_at": "2026-03-16T06:31:21.803557",
        "model_version": "48px_v3.7_2024-01-10"
      }
    },
    {
      "type": "Feature",
      "geometry": {
        "type": "Point",
        "coordinates": [
          -1.9456743778208412,
          5.006115300782875
        ]
      },
      "properties": {
        "probability": 0.9358555674552917,
        "lat": 5.006115300782875,
        "lon": -1.9456743778208412,
        "region": "Tarkwa-Nsuaem",
        "detected_at": "2026-03-16T06:31:21.803695",
        "model_version": "48px_v3.7_2024-01-10"
      }
    },
    {
      "type": "Feature",
      "geometry": {
        "type": "Point",
        "coordinates": [
          -1.9456743778208412,
          5.003940953576222
        ]
      },
      "properties": {
        "probability": 0.9954556822776794,
        "lat": 5.003940953576222,
        "lon": -1.9456743778208412,
        "region": "Tarkwa-Nsuaem",
        "detected_at": "2026-03-16T06:31:21.803799",
        "model_version": "48px_v3.7_2024-01-10"
      }
    },
    {
      "type": "Feature",
      "geometry": {
        "type": "Point",
        "coordinates": [
          -1.923991920799234,
          5.021335731229454
        ]
      },
      "properties": {
        "probability": 0.9147079586982727,
        "lat": 5.021335731229454,
        "lon": -1.923991920799234,
        "region": "Tarkwa-Nsuaem",
        "detected_at": "2026-03-16T06:31:21.803892",
        "model_version": "48px_v3.7_2024-01-10"
      }
    },
    {
      "type": "Feature",
      "geometry": {
        "type": "Point",
        "coordinates": [
          -1.9218236750970732,
          5.025684425642763
        ]
      },
      "properties": {
        "probability": 0.835411548614502,
        "lat": 5.025684425642763,
        "lon": -1.9218236750970732,
        "region": "Tarkwa-Nsuaem",
        "detected_at": "2026-03-16T06:31:21.803985",
        "model_version": "48px_v3.7_2024-01-10"
      }
    },
    {
      "type": "Feature",
      "geometry": {
        "type": "Point",
        "coordinates": [
          -1.9218236750970734,
          5.023510078436109
        ]
      },
      "properties": {
        "probability": 0.8626213669776917,
        "lat": 5.023510078436109,
        "lon": -1.9218236750970734,
        "region": "Tarkwa-Nsuaem",
        "detected_at": "2026-03-16T06:31:21.804085",
        "model_version": "48px_v3.7_2024-01-10"
      }
    },
    {
      "type": "Feature",
      "geometry": {
        "type": "Point",
        "coordinates": [
          -1.9218236750970732,
          5.0213357312294535
        ]
      },
      "properties": {
        "probability": 0.9640485644340515,
        "lat": 5.0213357312294535,
        "lon": -1.9218236750970732,
        "region": "Tarkwa-Nsuaem",
        "detected_at": "2026-03-16T06:31:21.804174",
        "model_version": "48px_v3.7_2024-01-10"
      }
    },
    {
      "type": "Feature",
      "geometry": {
        "type": "Point",
        "coordinates": [
          -1.9196554293949128,
          5.032207467262724
        ]
      },
      "properties": {
        "probability": 0.973177433013916,
        "lat": 5.032207467262724,
        "lon": -1.9196554293949128,
        "region": "Tarkwa-Nsuaem",
        "detected_at": "2026-03-16T06:31:21.804265",
        "model_version": "48px_v3.7_2024-01-10"
      }
    },
    {
      "type": "Feature",
      "geometry": {
        "type": "Point",
        "coordinates": [
          -1.9196554293949128,
          5.03003312005607
        ]
      },
      "properties": {
        "probability": 0.9850344657897949,
        "lat": 5.03003312005607,
        "lon": -1.9196554293949128,
        "region": "Tarkwa-Nsuaem",
        "detected_at": "2026-03-16T06:31:21.804356",
        "model_version": "48px_v3.7_2024-01-10"
      }
    },
    {
      "type": "Feature",
      "geometry": {
        "type": "Point",
        "coordinates": [
          -1.9196554293949126,
          5.025684425642763
        ]
      },
      "properties": {
        "probability": 0.8942010998725891,
        "lat": 5.025684425642763,
        "lon": -1.9196554293949126,
        "region": "Tarkwa-Nsuaem",
        "detected_at": "2026-03-16T06:31:21.804446",
        "model_version": "48px_v3.7_2024-01-10"
      }
    },
    {
      "type": "Feature",
      "geometry": {
        "type": "Point",
        "coordinates": [
          -1.9174871836927516,
          5.032207467262724
        ]
      },
      "properties": {
        "probability": 0.9841160178184509,
        "lat": 5.032207467262724,
        "lon": -1.9174871836927516,
        "region": "Tarkwa-Nsuaem",
        "detected_at": "2026-03-16T06:31:21.804536",
        "model_version": "48px_v3.7_2024-01-10"
      }
    },
    {
      "type": "Feature",
      "geometry": {
        "type": "Point",
        "coordinates": [
          -1.9174871836927516,
          5.03003312005607
        ]
      },
      "properties": {
        "probability": 0.9899709820747375,
        "lat": 5.03003312005607,
        "lon": -1.9174871836927516,
        "region": "Tarkwa-Nsuaem",
        "detected_at": "2026-03-16T06:31:21.804644",
        "model_version": "48px_v3.7_2024-01-10"
      }
    },
    {
      "type": "Feature",
      "geometry": {
        "type": "Point",
        "coordinates": [
          -1.915318937990591,
          5.049602244915956
        ]
      },
      "properties": {
        "probability": 0.9914809465408325,
        "lat": 5.049602244915956,
        "lon": -1.915318937990591,
        "region": "Tarkwa-Nsuaem",
        "detected_at": "2026-03-16T06:31:21.804741",
        "model_version": "48px_v3.7_2024-01-10"
      }
    },
    {
      "type": "Feature",
      "geometry": {
        "type": "Point",
        "coordinates": [
          -1.915318937990591,
          5.0474278977093014
        ]
      },
      "properties": {
        "probability": 0.9343483448028564,
        "lat": 5.0474278977093014,
        "lon": -1.915318937990591,
        "region": "Tarkwa-Nsuaem",
        "detected_at": "2026-03-16T06:31:21.804832",
        "model_version": "48px_v3.7_2024-01-10"
      }
    },
    {
      "type": "Feature",
      "geometry": {
        "type": "Point",
        "coordinates": [
          -1.9131506922884305,
          5.049602244915956
        ]
      },
      "properties": {
        "probability": 0.9868493676185608,
        "lat": 5.049602244915956,
        "lon": -1.9131506922884305,
        "region": "Tarkwa-Nsuaem",
        "detected_at": "2026-03-16T06:31:21.804922",
        "model_version": "48px_v3.7_2024-01-10"
      }
    },
    {
      "type": "Feature",
      "geometry": {
        "type": "Point",
        "coordinates": [
          -1.8914654694746107,
          5.075521275327623
        ]
      },
      "properties": {
        "probability": 0.8020685911178589,
        "lat": 5.075521275327623,
        "lon": -1.8914654694746107,
        "region": "Tarkwa-Nsuaem",
        "detected_at": "2026-03-16T06:31:21.805013",
        "model_version": "48px_v3.7_2024-01-10"
      }
    },
    {
      "type": "Feature",
      "geometry": {
        "type": "Point",
        "coordinates": [
          -1.8914654694746107,
          5.073346758320296
        ]
      },
      "properties": {
        "probability": 0.9058557152748108,
        "lat": 5.073346758320296,
        "lon": -1.8914654694746107,
        "region": "Tarkwa-Nsuaem",
        "detected_at": "2026-03-16T06:31:21.805102",
        "model_version": "48px_v3.7_2024-01-10"
      }
    },
    {
      "type": "Feature",
      "geometry": {
        "type": "Point",
        "coordinates": [
          -1.8784539209174866,
          5.066823207298316
        ]
      },
      "properties": {
        "probability": 0.8445534706115723,
        "lat": 5.066823207298316,
        "lon": -1.8784539209174866,
        "region": "Tarkwa-Nsuaem",
        "detected_at": "2026-03-16T06:31:21.805190",
        "model_version": "48px_v3.7_2024-01-10"
      }
    },
    {
      "type": "Feature",
      "geometry": {
        "type": "Point",
        "coordinates": [
          -1.8762853294912991,
          5.075521275327623
        ]
      },
      "properties": {
        "probability": 0.8199294805526733,
        "lat": 5.075521275327623,
        "lon": -1.8762853294912991,
        "region": "Tarkwa-Nsuaem",
        "detected_at": "2026-03-16T06:31:21.805280",
        "model_version": "48px_v3.7_2024-01-10"
      }
    },
    {
      "type": "Feature",
      "geometry": {
        "type": "Point",
        "coordinates": [
          -1.8307407178972852,
          5.127526347105207
        ]
      },
      "properties": {
        "probability": 0.8349459767341614,
        "lat": 5.127526347105207,
        "lon": -1.8307407178972852,
        "region": "Tarkwa-Nsuaem",
        "detected_at": "2026-03-16T06:31:21.805371",
        "model_version": "48px_v3.7_2024-01-10"
      }
    },
    {
      "type": "Feature",
      "geometry": {
        "type": "Point",
        "coordinates": [
          -1.809051310598678,
          5.1297010356516415
        ]
      },
      "properties": {
        "probability": 0.9173932671546936,
        "lat": 5.1297010356516415,
        "lon": -1.809051310598678,
        "region": "Tarkwa-Nsuaem",
        "detected_at": "2026-03-16T06:31:21.805461",
        "model_version": "48px_v3.7_2024-01-10"
      }
    },
    {
      "type": "Feature",
      "geometry": {
        "type": "Point",
        "coordinates": [
          -1.847998620635773,
          5.2013708961735965
        ]
      },
      "properties": {
        "probability": 0.91422039270401,
        "lat": 5.2013708961735965,
        "lon": -1.847998620635773,
        "region": "Tarkwa-Nsuaem",
        "detected_at": "2026-03-16T06:31:21.805552",
        "model_version": "48px_v3.7_2024-01-10"
      }
    },
    {
      "type": "Feature",
      "geometry": {
        "type": "Point",
        "coordinates": [
          -1.8500734126893976,
          5.246944185694091
        ]
      },
      "properties": {
        "probability": 0.9901936054229736,
        "lat": 5.246944185694091,
        "lon": -1.8500734126893976,
        "region": "Tarkwa-Nsuaem",
        "detected_at": "2026-03-16T06:31:21.805662",
        "model_version": "48px_v3.7_2024-01-10"
      }
    },
    {
      "type": "Feature",
      "geometry": {
        "type": "Point",
        "coordinates": [
          -1.8500734126893976,
          5.244769423538675
        ]
      },
      "properties": {
        "probability": 0.8995357751846313,
        "lat": 5.244769423538675,
        "lon": -1.8500734126893976,
        "region": "Tarkwa-Nsuaem",
        "detected_at": "2026-03-16T06:31:21.805756",
        "model_version": "48px_v3.7_2024-01-10"
      }
    },
    {
      "type": "Feature",
      "geometry": {
        "type": "Point",
        "coordinates": [
          -1.8479040359025305,
          5.246944185694091
        ]
      },
      "properties": {
        "probability": 0.8938015699386597,
        "lat": 5.246944185694091,
        "lon": -1.8479040359025305,
        "region": "Tarkwa-Nsuaem",
        "detected_at": "2026-03-16T06:31:21.805846",
        "model_version": "48px_v3.7_2024-01-10"
      }
    },
    {
      "type": "Feature",
      "geometry": {
        "type": "Point",
        "coordinates": [
          -1.8435652823287967,
          5.251293710004923
        ]
      },
      "properties": {
        "probability": 0.9102433919906616,
        "lat": 5.251293710004923,
        "lon": -1.8435652823287967,
        "region": "Tarkwa-Nsuaem",
        "detected_at": "2026-03-16T06:31:21.805937",
        "model_version": "48px_v3.7_2024-01-10"
      }
    },
    {
      "type": "Feature",
      "geometry": {
        "type": "Point",
        "coordinates": [
          -1.832718398394462,
          5.251293710004923
        ]
      },
      "properties": {
        "probability": 0.97048419713974,
        "lat": 5.251293710004923,
        "lon": -1.832718398394462,
        "region": "Tarkwa-Nsuaem",
        "detected_at": "2026-03-16T06:31:21.806029",
        "model_version": "48px_v3.7_2024-01-10"
      }
    },
    {
      "type": "Feature",
      "geometry": {
        "type": "Point",
        "coordinates": [
          -1.8283796448207283,
          5.259992758626588
        ]
      },
      "properties": {
        "probability": 0.8668690919876099,
        "lat": 5.259992758626588,
        "lon": -1.8283796448207283,
        "region": "Tarkwa-Nsuaem",
        "detected_at": "2026-03-16T06:31:21.806120",
        "model_version": "48px_v3.7_2024-01-10"
      }
    },
    {
      "type": "Feature",
      "geometry": {
        "type": "Point",
        "coordinates": [
          -1.8088552537389264,
          5.2578179964711715
        ]
      },
      "properties": {
        "probability": 0.8393238186836243,
        "lat": 5.2578179964711715,
        "lon": -1.8088552537389264,
        "region": "Tarkwa-Nsuaem",
        "detected_at": "2026-03-16T06:31:21.806212",
        "model_version": "48px_v3.7_2024-01-10"
      }
    },
    {
      "type": "Feature",
      "geometry": {
        "type": "Point",
        "coordinates": [
          -1.8066858769520593,
          5.259992758626588
        ]
      },
      "properties": {
        "probability": 0.9828424453735352,
        "lat": 5.259992758626588,
        "lon": -1.8066858769520593,
        "region": "Tarkwa-Nsuaem",
        "detected_at": "2026-03-16T06:31:21.806303",
        "model_version": "48px_v3.7_2024-01-10"
      }
    },
    {
      "type": "Feature",
      "geometry": {
        "type": "Point",
        "coordinates": [
          -1.8066858769520593,
          5.2578179964711715
        ]
      },
      "properties": {
        "probability": 0.964861273765564,
        "lat": 5.2578179964711715,
        "lon": -1.8066858769520593,
        "region": "Tarkwa-Nsuaem",
        "detected_at": "2026-03-16T06:31:21.806394",
        "model_version": "48px_v3.7_2024-01-10"
      }
    },
    {
      "type": "Feature",
      "geometry": {
        "type": "Point",
        "coordinates": [
          -1.8024459493559977,
          5.257720180553374
        ]
      },
      "properties": {
        "probability": 0.8423333764076233,
        "lat": 5.257720180553374,
        "lon": -1.8024459493559977,
        "region": "Tarkwa-Nsuaem",
        "detected_at": "2026-03-16T06:31:21.806483",
        "model_version": "48px_v3.7_2024-01-10"
      }
    },
    {
      "type": "Feature",
      "geometry": {
        "type": "Point",
        "coordinates": [
          -1.8024459493559977,
          5.255545280151149
        ]
      },
      "properties": {
        "probability": 0.9860529899597168,
        "lat": 5.255545280151149,
        "lon": -1.8024459493559977,
        "region": "Tarkwa-Nsuaem",
        "detected_at": "2026-03-16T06:31:21.806583",
        "model_version": "48px_v3.7_2024-01-10"
      }
    },
    {
      "type": "Feature",
      "geometry": {
        "type": "Point",
        "coordinates": [
          -1.8024459493559977,
          5.253370379748923
        ]
      },
      "properties": {
        "probability": 0.8350729942321777,
        "lat": 5.253370379748923,
        "lon": -1.8024459493559977,
        "region": "Tarkwa-Nsuaem",
        "detected_at": "2026-03-16T06:31:21.806696",
        "model_version": "48px_v3.7_2024-01-10"
      }
    },
    {
      "type": "Feature",
      "geometry": {
        "type": "Point",
        "coordinates": [
          -1.8653504717490341,
          5.153714234474973
        ]
      },
      "properties": {
        "probability": 0.8909119963645935,
        "lat": 5.153714234474973,
        "lon": -1.8653504717490341,
        "region": "Tarkwa-Nsuaem",
        "detected_at": "2026-03-16T06:31:21.806787",
        "model_version": "48px_v3.7_2024-01-10"
      }
    },
    {
      "type": "Feature",
      "geometry": {
        "type": "Point",
        "coordinates": [
          -1.9454195515304988,
          5.197203384865823
        ]
      },
      "properties": {
        "probability": 0.9433010816574097,
        "lat": 5.197203384865823,
        "lon": -1.9454195515304988,
        "region": "Tarkwa-Nsuaem",
        "detected_at": "2026-03-16T06:31:21.806878",
        "model_version": "48px_v3.7_2024-01-10"
      }
    },
    {
      "type": "Feature",
      "geometry": {
        "type": "Point",
        "coordinates": [
          -1.9410817898361261,
          5.17111002069435
        ]
      },
      "properties": {
        "probability": 0.8223307132720947,
        "lat": 5.17111002069435,
        "lon": -1.9410817898361261,
        "region": "Tarkwa-Nsuaem",
        "detected_at": "2026-03-16T06:31:21.806967",
        "model_version": "48px_v3.7_2024-01-10"
      }
    },
    {
      "type": "Feature",
      "geometry": {
        "type": "Point",
        "coordinates": [
          -1.9389129089889394,
          5.199377831880113
        ]
      },
      "properties": {
        "probability": 0.9106639623641968,
        "lat": 5.199377831880113,
        "lon": -1.9389129089889394,
        "region": "Tarkwa-Nsuaem",
        "detected_at": "2026-03-16T06:31:21.807057",
        "model_version": "48px_v3.7_2024-01-10"
      }
    },
    {
      "type": "Feature",
      "geometry": {
        "type": "Point",
        "coordinates": [
          -1.9367440281417532,
          5.203726725908693
        ]
      },
      "properties": {
        "probability": 0.9599345326423645,
        "lat": 5.203726725908693,
        "lon": -1.9367440281417532,
        "region": "Tarkwa-Nsuaem",
        "detected_at": "2026-03-16T06:31:21.807146",
        "model_version": "48px_v3.7_2024-01-10"
      }
    },
    {
      "type": "Feature",
      "geometry": {
        "type": "Point",
        "coordinates": [
          -1.9367440281417527,
          5.201552278894403
        ]
      },
      "properties": {
        "probability": 0.991540253162384,
        "lat": 5.201552278894403,
        "lon": -1.9367440281417527,
        "region": "Tarkwa-Nsuaem",
        "detected_at": "2026-03-16T06:31:21.807234",
        "model_version": "48px_v3.7_2024-01-10"
      }
    },
    {
      "type": "Feature",
      "geometry": {
        "type": "Point",
        "coordinates": [
          -1.9345751472945665,
          5.203726725908693
        ]
      },
      "properties": {
        "probability": 0.9250219464302063,
        "lat": 5.203726725908693,
        "lon": -1.9345751472945665,
        "region": "Tarkwa-Nsuaem",
        "detected_at": "2026-03-16T06:31:21.807324",
        "model_version": "48px_v3.7_2024-01-10"
      }
    },
    {
      "type": "Feature",
      "geometry": {
        "type": "Point",
        "coordinates": [
          -1.9302373856001933,
          5.192854490837245
        ]
      },
      "properties": {
        "probability": 0.8271005749702454,
        "lat": 5.192854490837245,
        "lon": -1.9302373856001933,
        "region": "Tarkwa-Nsuaem",
        "detected_at": "2026-03-16T06:31:21.807414",
        "model_version": "48px_v3.7_2024-01-10"
      }
    },
    {
      "type": "Feature",
      "geometry": {
        "type": "Point",
        "coordinates": [
          -1.8977929279565549,
          5.173194096428403
        ]
      },
      "properties": {
        "probability": 0.9997076988220215,
        "lat": 5.173194096428403,
        "lon": -1.8977929279565549,
        "region": "Tarkwa-Nsuaem",
        "detected_at": "2026-03-16T06:31:21.807503",
        "model_version": "48px_v3.7_2024-01-10"
      }
    },
    {
      "type": "Feature",
      "geometry": {
        "type": "Point",
        "coordinates": [
          -1.8977929279565549,
          5.171019509332244
        ]
      },
      "properties": {
        "probability": 0.8944770693778992,
        "lat": 5.171019509332244,
        "lon": -1.8977929279565549,
        "region": "Tarkwa-Nsuaem",
        "detected_at": "2026-03-16T06:31:21.807594",
        "model_version": "48px_v3.7_2024-01-10"
      }
    },
    {
      "type": "Feature",
      "geometry": {
        "type": "Point",
        "coordinates": [
          -1.8977929279565549,
          5.168844922236084
        ]
      },
      "properties": {
        "probability": 0.8045926094055176,
        "lat": 5.168844922236084,
        "lon": -1.8977929279565549,
        "region": "Tarkwa-Nsuaem",
        "detected_at": "2026-03-16T06:31:21.807745",
        "model_version": "48px_v3.7_2024-01-10"
      }
    },
    {
      "type": "Feature",
      "geometry": {
        "type": "Point",
        "coordinates": [
          -1.8956239076983152,
          5.173194096428403
        ]
      },
      "properties": {
        "probability": 0.9967091679573059,
        "lat": 5.173194096428403,
        "lon": -1.8956239076983152,
        "region": "Tarkwa-Nsuaem",
        "detected_at": "2026-03-16T06:31:21.807845",
        "model_version": "48px_v3.7_2024-01-10"
      }
    },
    {
      "type": "Feature",
      "geometry": {
        "type": "Point",
        "coordinates": [
          -1.8956239076983152,
          5.171019509332244
        ]
      },
      "properties": {
        "probability": 0.8686442971229553,
        "lat": 5.171019509332244,
        "lon": -1.8956239076983152,
        "region": "Tarkwa-Nsuaem",
        "detected_at": "2026-03-16T06:31:21.807938",
        "model_version": "48px_v3.7_2024-01-10"
      }
    },
    {
      "type": "Feature",
      "geometry": {
        "type": "Point",
        "coordinates": [
          -1.8891168469235957,
          5.177543270620721
        ]
      },
      "properties": {
        "probability": 0.9152892231941223,
        "lat": 5.177543270620721,
        "lon": -1.8891168469235957,
        "region": "Tarkwa-Nsuaem",
        "detected_at": "2026-03-16T06:31:21.808029",
        "model_version": "48px_v3.7_2024-01-10"
      }
    },
    {
      "type": "Feature",
      "geometry": {
        "type": "Point",
        "coordinates": [
          -1.884778806407116,
          5.186241619005359
        ]
      },
      "properties": {
        "probability": 0.9925389289855957,
        "lat": 5.186241619005359,
        "lon": -1.884778806407116,
        "region": "Tarkwa-Nsuaem",
        "detected_at": "2026-03-16T06:31:21.808121",
        "model_version": "48px_v3.7_2024-01-10"
      }
    },
    {
      "type": "Feature",
      "geometry": {
        "type": "Point",
        "coordinates": [
          -1.884778806407116,
          5.1840670319092
        ]
      },
      "properties": {
        "probability": 0.9630745649337769,
        "lat": 5.1840670319092,
        "lon": -1.884778806407116,
        "region": "Tarkwa-Nsuaem",
        "detected_at": "2026-03-16T06:31:21.808218",
        "model_version": "48px_v3.7_2024-01-10"
      }
    },
    {
      "type": "Feature",
      "geometry": {
        "type": "Point",
        "coordinates": [
          -1.882609786148876,
          5.186241619005359
        ]
      },
      "properties": {
        "probability": 0.9943342804908752,
        "lat": 5.186241619005359,
        "lon": -1.882609786148876,
        "region": "Tarkwa-Nsuaem",
        "detected_at": "2026-03-16T06:31:21.808312",
        "model_version": "48px_v3.7_2024-01-10"
      }
    },
    {
      "type": "Feature",
      "geometry": {
        "type": "Point",
        "coordinates": [
          -1.882609786148876,
          5.1840670319092
        ]
      },
      "properties": {
        "probability": 0.9738817811012268,
        "lat": 5.1840670319092,
        "lon": -1.882609786148876,
        "region": "Tarkwa-Nsuaem",
        "detected_at": "2026-03-16T06:31:21.808403",
        "model_version": "48px_v3.7_2024-01-10"
      }
    },
    {
      "type": "Feature",
      "geometry": {
        "type": "Point",
        "coordinates": [
          -1.8761027253741567,
          5.171019509332244
        ]
      },
      "properties": {
        "probability": 0.9730186462402344,
        "lat": 5.171019509332244,
        "lon": -1.8761027253741567,
        "region": "Tarkwa-Nsuaem",
        "detected_at": "2026-03-16T06:31:21.808493",
        "model_version": "48px_v3.7_2024-01-10"
      }
    },
    {
      "type": "Feature",
      "geometry": {
        "type": "Point",
        "coordinates": [
          -1.8761027253741565,
          5.166670335139925
        ]
      },
      "properties": {
        "probability": 0.8308374285697937,
        "lat": 5.166670335139925,
        "lon": -1.8761027253741565,
        "region": "Tarkwa-Nsuaem",
        "detected_at": "2026-03-16T06:31:21.808583",
        "model_version": "48px_v3.7_2024-01-10"
      }
    },
    {
      "type": "Feature",
      "geometry": {
        "type": "Point",
        "coordinates": [
          -1.8739337051159168,
          5.171019509332244
        ]
      },
      "properties": {
        "probability": 0.988548755645752,
        "lat": 5.171019509332244,
        "lon": -1.8739337051159168,
        "region": "Tarkwa-Nsuaem",
        "detected_at": "2026-03-16T06:31:21.808728",
        "model_version": "48px_v3.7_2024-01-10"
      }
    },
    {
      "type": "Feature",
      "geometry": {
        "type": "Point",
        "coordinates": [
          -1.8739337051159168,
          5.168844922236084
        ]
      },
      "properties": {
        "probability": 0.9968464970588684,
        "lat": 5.168844922236084,
        "lon": -1.8739337051159168,
        "region": "Tarkwa-Nsuaem",
        "detected_at": "2026-03-16T06:31:21.808822",
        "model_version": "48px_v3.7_2024-01-10"
      }
    },
    {
      "type": "Feature",
      "geometry": {
        "type": "Point",
        "coordinates": [
          -1.8739337051159168,
          5.166670335139925
        ]
      },
      "properties": {
        "probability": 0.9999978542327881,
        "lat": 5.166670335139925,
        "lon": -1.8739337051159168,
        "region": "Tarkwa-Nsuaem",
        "detected_at": "2026-03-16T06:31:21.808912",
        "model_version": "48px_v3.7_2024-01-10"
      }
    },
    {
      "type": "Feature",
      "geometry": {
        "type": "Point",
        "coordinates": [
          -1.8739337051159168,
          5.164495748043764
        ]
      },
      "properties": {
        "probability": 0.9955071210861206,
        "lat": 5.164495748043764,
        "lon": -1.8739337051159168,
        "region": "Tarkwa-Nsuaem",
        "detected_at": "2026-03-16T06:31:21.809002",
        "model_version": "48px_v3.7_2024-01-10"
      }
    },
    {
      "type": "Feature",
      "geometry": {
        "type": "Point",
        "coordinates": [
          -1.871764684857677,
          5.166670335139925
        ]
      },
      "properties": {
        "probability": 0.9958747029304504,
        "lat": 5.166670335139925,
        "lon": -1.871764684857677,
        "region": "Tarkwa-Nsuaem",
        "detected_at": "2026-03-16T06:31:21.809092",
        "model_version": "48px_v3.7_2024-01-10"
      }
    },
    {
      "type": "Feature",
      "geometry": {
        "type": "Point",
        "coordinates": [
          -1.8630886038247179,
          5.186241619005359
        ]
      },
      "properties": {
        "probability": 0.9661586284637451,
        "lat": 5.186241619005359,
        "lon": -1.8630886038247179,
        "region": "Tarkwa-Nsuaem",
        "detected_at": "2026-03-16T06:31:21.809183",
        "model_version": "48px_v3.7_2024-01-10"
      }
    },
    {
      "type": "Feature",
      "geometry": {
        "type": "Point",
        "coordinates": [
          -1.8630886038247179,
          5.1840670319092
        ]
      },
      "properties": {
        "probability": 0.9215930700302124,
        "lat": 5.1840670319092,
        "lon": -1.8630886038247179,
        "region": "Tarkwa-Nsuaem",
        "detected_at": "2026-03-16T06:31:21.809274",
        "model_version": "48px_v3.7_2024-01-10"
      }
    },
    {
      "type": "Feature",
      "geometry": {
        "type": "Point",
        "coordinates": [
          -1.8609195835664778,
          5.186241619005359
        ]
      },
      "properties": {
        "probability": 0.9979085922241211,
        "lat": 5.186241619005359,
        "lon": -1.8609195835664778,
        "region": "Tarkwa-Nsuaem",
        "detected_at": "2026-03-16T06:31:21.809364",
        "model_version": "48px_v3.7_2024-01-10"
      }
    },
    {
      "type": "Feature",
      "geometry": {
        "type": "Point",
        "coordinates": [
          -1.8609195835664778,
          5.1840670319092
        ]
      },
      "properties": {
        "probability": 0.9791644215583801,
        "lat": 5.1840670319092,
        "lon": -1.8609195835664778,
        "region": "Tarkwa-Nsuaem",
        "detected_at": "2026-03-16T06:31:21.809454",
        "model_version": "48px_v3.7_2024-01-10"
      }
    },
    {
      "type": "Feature",
      "geometry": {
        "type": "Point",
        "coordinates": [
          -1.9106273098554873,
          5.214511037508723
        ]
      },
      "properties": {
        "probability": 0.9990039467811584,
        "lat": 5.214511037508723,
        "lon": -1.9106273098554873,
        "region": "Tarkwa-Nsuaem",
        "detected_at": "2026-03-16T06:31:21.809545",
        "model_version": "48px_v3.7_2024-01-10"
      }
    },
    {
      "type": "Feature",
      "geometry": {
        "type": "Point",
        "coordinates": [
          -1.9106273098554873,
          5.212336557285919
        ]
      },
      "properties": {
        "probability": 0.9638403058052063,
        "lat": 5.212336557285919,
        "lon": -1.9106273098554873,
        "region": "Tarkwa-Nsuaem",
        "detected_at": "2026-03-16T06:31:21.809687",
        "model_version": "48px_v3.7_2024-01-10"
      }
    },
    {
      "type": "Feature",
      "geometry": {
        "type": "Point",
        "coordinates": [
          -1.9063793397208713,
          5.216593663923279
        ]
      },
      "properties": {
        "probability": 0.8804100155830383,
        "lat": 5.216593663923279,
        "lon": -1.9063793397208713,
        "region": "Tarkwa-Nsuaem",
        "detected_at": "2026-03-16T06:31:21.809800",
        "model_version": "48px_v3.7_2024-01-10"
      }
    },
    {
      "type": "Feature",
      "geometry": {
        "type": "Point",
        "coordinates": [
          -1.8781792534239228,
          5.238339884877465
        ]
      },
      "properties": {
        "probability": 0.877601683139801,
        "lat": 5.238339884877465,
        "lon": -1.8781792534239228,
        "region": "Tarkwa-Nsuaem",
        "detected_at": "2026-03-16T06:31:21.809895",
        "model_version": "48px_v3.7_2024-01-10"
      }
    },
    {
      "type": "Feature",
      "geometry": {
        "type": "Point",
        "coordinates": [
          -1.8781792534239228,
          5.2361652627820465
        ]
      },
      "properties": {
        "probability": 0.8765011429786682,
        "lat": 5.2361652627820465,
        "lon": -1.8781792534239228,
        "region": "Tarkwa-Nsuaem",
        "detected_at": "2026-03-16T06:31:21.809987",
        "model_version": "48px_v3.7_2024-01-10"
      }
    },
    {
      "type": "Feature",
      "geometry": {
        "type": "Point",
        "coordinates": [
          -2.010636031101633,
          5.032290008853723
        ]
      },
      "properties": {
        "probability": 0.9204724431037903,
        "lat": 5.032290008853723,
        "lon": -2.010636031101633,
        "region": "Tarkwa-Nsuaem",
        "detected_at": "2026-03-16T06:31:21.810109",
        "model_version": "48px_v3.7_2024-01-10"
      }
    },
    {
      "type": "Feature",
      "geometry": {
        "type": "Point",
        "coordinates": [
          -2.010636031101633,
          5.023593166112158
        ]
      },
      "properties": {
        "probability": 0.9522205591201782,
        "lat": 5.023593166112158,
        "lon": -2.010636031101633,
        "region": "Tarkwa-Nsuaem",
        "detected_at": "2026-03-16T06:31:21.810215",
        "model_version": "48px_v3.7_2024-01-10"
      }
    },
    {
      "type": "Feature",
      "geometry": {
        "type": "Point",
        "coordinates": [
          -2.010636031101633,
          5.021418955426767
        ]
      },
      "properties": {
        "probability": 0.9819807410240173,
        "lat": 5.021418955426767,
        "lon": -2.010636031101633,
        "region": "Tarkwa-Nsuaem",
        "detected_at": "2026-03-16T06:31:21.810308",
        "model_version": "48px_v3.7_2024-01-10"
      }
    },
    {
      "type": "Feature",
      "geometry": {
        "type": "Point",
        "coordinates": [
          -2.0084679212581165,
          5.021418955426767
        ]
      },
      "properties": {
        "probability": 0.9255316853523254,
        "lat": 5.021418955426767,
        "lon": -2.0084679212581165,
        "region": "Tarkwa-Nsuaem",
        "detected_at": "2026-03-16T06:31:21.810399",
        "model_version": "48px_v3.7_2024-01-10"
      }
    },
    {
      "type": "Feature",
      "geometry": {
        "type": "Point",
        "coordinates": [
          -1.9737781637618497,
          5.023593166112158
        ]
      },
      "properties": {
        "probability": 0.9519102573394775,
        "lat": 5.023593166112158,
        "lon": -1.9737781637618497,
        "region": "Tarkwa-Nsuaem",
        "detected_at": "2026-03-16T06:31:21.810487",
        "model_version": "48px_v3.7_2024-01-10"
      }
    },
    {
      "type": "Feature",
      "geometry": {
        "type": "Point",
        "coordinates": [
          -1.9716100539183328,
          5.023593166112158
        ]
      },
      "properties": {
        "probability": 0.947899341583252,
        "lat": 5.023593166112158,
        "lon": -1.9716100539183328,
        "region": "Tarkwa-Nsuaem",
        "detected_at": "2026-03-16T06:31:21.810576",
        "model_version": "48px_v3.7_2024-01-10"
      }
    },
    {
      "type": "Feature",
      "geometry": {
        "type": "Point",
        "coordinates": [
          -2.0257335084557866,
          5.028020262944288
        ]
      },
      "properties": {
        "probability": 0.9304748773574829,
        "lat": 5.028020262944288,
        "lon": -2.0257335084557866,
        "region": "Tarkwa-Nsuaem",
        "detected_at": "2026-03-16T06:31:21.810687",
        "model_version": "48px_v3.7_2024-01-10"
      }
    },
    {
      "type": "Feature",
      "geometry": {
        "type": "Point",
        "coordinates": [
          -2.0257335084557866,
          5.025846190589913
        ]
      },
      "properties": {
        "probability": 0.9964547753334045,
        "lat": 5.025846190589913,
        "lon": -2.0257335084557866,
        "region": "Tarkwa-Nsuaem",
        "detected_at": "2026-03-16T06:31:21.810827",
        "model_version": "48px_v3.7_2024-01-10"
      }
    },
    {
      "type": "Feature",
      "geometry": {
        "type": "Point",
        "coordinates": [
          -2.0257335084557866,
          5.023672118235537
        ]
      },
      "properties": {
        "probability": 0.9850181937217712,
        "lat": 5.023672118235537,
        "lon": -2.0257335084557866,
        "region": "Tarkwa-Nsuaem",
        "detected_at": "2026-03-16T06:31:21.810932",
        "model_version": "48px_v3.7_2024-01-10"
      }
    },
    {
      "type": "Feature",
      "geometry": {
        "type": "Point",
        "coordinates": [
          -2.023565536289584,
          5.025846190589914
        ]
      },
      "properties": {
        "probability": 0.8016699552536011,
        "lat": 5.025846190589914,
        "lon": -2.023565536289584,
        "region": "Tarkwa-Nsuaem",
        "detected_at": "2026-03-16T06:31:21.811025",
        "model_version": "48px_v3.7_2024-01-10"
      }
    },
    {
      "type": "Feature",
      "geometry": {
        "type": "Point",
        "coordinates": [
          -2.023565536289584,
          5.023672118235539
        ]
      },
      "properties": {
        "probability": 0.8753551840782166,
        "lat": 5.023672118235539,
        "lon": -2.023565536289584,
        "region": "Tarkwa-Nsuaem",
        "detected_at": "2026-03-16T06:31:21.811115",
        "model_version": "48px_v3.7_2024-01-10"
      }
    },
    {
      "type": "Feature",
      "geometry": {
        "type": "Point",
        "coordinates": [
          -2.023565536289584,
          5.012801756463659
        ]
      },
      "properties": {
        "probability": 0.9152856469154358,
        "lat": 5.012801756463659,
        "lon": -2.023565536289584,
        "region": "Tarkwa-Nsuaem",
        "detected_at": "2026-03-16T06:31:21.811206",
        "model_version": "48px_v3.7_2024-01-10"
      }
    },
    {
      "type": "Feature",
      "geometry": {
        "type": "Point",
        "coordinates": [
          -2.021397564123381,
          5.025846190589914
        ]
      },
      "properties": {
        "probability": 0.9198399186134338,
        "lat": 5.025846190589914,
        "lon": -2.021397564123381,
        "region": "Tarkwa-Nsuaem",
        "detected_at": "2026-03-16T06:31:21.811295",
        "model_version": "48px_v3.7_2024-01-10"
      }
    },
    {
      "type": "Feature",
      "geometry": {
        "type": "Point",
        "coordinates": [
          -2.021397564123381,
          5.012801756463659
        ]
      },
      "properties": {
        "probability": 0.9047443270683289,
        "lat": 5.012801756463659,
        "lon": -2.021397564123381,
        "region": "Tarkwa-Nsuaem",
        "detected_at": "2026-03-16T06:31:21.811387",
        "model_version": "48px_v3.7_2024-01-10"
      }
    },
    {
      "type": "Feature",
      "geometry": {
        "type": "Point",
        "coordinates": [
          -2.021397564123381,
          5.010627684109284
        ]
      },
      "properties": {
        "probability": 0.9857631921768188,
        "lat": 5.010627684109284,
        "lon": -2.021397564123381,
        "region": "Tarkwa-Nsuaem",
        "detected_at": "2026-03-16T06:31:21.811477",
        "model_version": "48px_v3.7_2024-01-10"
      }
    },
    {
      "type": "Feature",
      "geometry": {
        "type": "Point",
        "coordinates": [
          -2.017061619790975,
          5.034542480007417
        ]
      },
      "properties": {
        "probability": 0.8180811405181885,
        "lat": 5.034542480007417,
        "lon": -2.017061619790975,
        "region": "Tarkwa-Nsuaem",
        "detected_at": "2026-03-16T06:31:21.811567",
        "model_version": "48px_v3.7_2024-01-10"
      }
    },
    {
      "type": "Feature",
      "geometry": {
        "type": "Point",
        "coordinates": [
          -2.017061619790975,
          5.032368407653039
        ]
      },
      "properties": {
        "probability": 0.9097483158111572,
        "lat": 5.032368407653039,
        "lon": -2.017061619790975,
        "region": "Tarkwa-Nsuaem",
        "detected_at": "2026-03-16T06:31:21.811678",
        "model_version": "48px_v3.7_2024-01-10"
      }
    },
    {
      "type": "Feature",
      "geometry": {
        "type": "Point",
        "coordinates": [
          -2.017061619790975,
          5.030194335298664
        ]
      },
      "properties": {
        "probability": 0.9951939582824707,
        "lat": 5.030194335298664,
        "lon": -2.017061619790975,
        "region": "Tarkwa-Nsuaem",
        "detected_at": "2026-03-16T06:31:21.811770",
        "model_version": "48px_v3.7_2024-01-10"
      }
    },
    {
      "type": "Feature",
      "geometry": {
        "type": "Point",
        "coordinates": [
          -2.0148936476247714,
          5.032368407653039
        ]
      },
      "properties": {
        "probability": 0.9013361930847168,
        "lat": 5.032368407653039,
        "lon": -2.0148936476247714,
        "region": "Tarkwa-Nsuaem",
        "detected_at": "2026-03-16T06:31:21.811860",
        "model_version": "48px_v3.7_2024-01-10"
      }
    },
    {
      "type": "Feature",
      "geometry": {
        "type": "Point",
        "coordinates": [
          -2.0148936476247714,
          5.030194335298664
        ]
      },
      "properties": {
        "probability": 0.9946725964546204,
        "lat": 5.030194335298664,
        "lon": -2.0148936476247714,
        "region": "Tarkwa-Nsuaem",
        "detected_at": "2026-03-16T06:31:21.811950",
        "model_version": "48px_v3.7_2024-01-10"
      }
    },
    {
      "type": "Feature",
      "geometry": {
        "type": "Point",
        "coordinates": [
          -2.0148936476247714,
          5.028020262944288
        ]
      },
      "properties": {
        "probability": 0.9992930889129639,
        "lat": 5.028020262944288,
        "lon": -2.0148936476247714,
        "region": "Tarkwa-Nsuaem",
        "detected_at": "2026-03-16T06:31:21.812040",
        "model_version": "48px_v3.7_2024-01-10"
      }
    },
    {
      "type": "Feature",
      "geometry": {
        "type": "Point",
        "coordinates": [
          -2.0148936476247714,
          5.025846190589914
        ]
      },
      "properties": {
        "probability": 0.9999094605445862,
        "lat": 5.025846190589914,
        "lon": -2.0148936476247714,
        "region": "Tarkwa-Nsuaem",
        "detected_at": "2026-03-16T06:31:21.812129",
        "model_version": "48px_v3.7_2024-01-10"
      }
    },
    {
      "type": "Feature",
      "geometry": {
        "type": "Point",
        "coordinates": [
          -2.0148936476247714,
          5.023672118235539
        ]
      },
      "properties": {
        "probability": 0.9999001622200012,
        "lat": 5.023672118235539,
        "lon": -2.0148936476247714,
        "region": "Tarkwa-Nsuaem",
        "detected_at": "2026-03-16T06:31:21.812218",
        "model_version": "48px_v3.7_2024-01-10"
      }
    },
    {
      "type": "Feature",
      "geometry": {
        "type": "Point",
        "coordinates": [
          -2.010557357511284,
          5.069170634690801
        ]
      },
      "properties": {
        "probability": 0.9718145132064819,
        "lat": 5.069170634690801,
        "lon": -2.010557357511284,
        "region": "Tarkwa-Nsuaem",
        "detected_at": "2026-03-16T06:31:21.812308",
        "model_version": "48px_v3.7_2024-01-10"
      }
    },
    {
      "type": "Feature",
      "geometry": {
        "type": "Point",
        "coordinates": [
          -2.0040524036694287,
          5.103958509802883
        ]
      },
      "properties": {
        "probability": 0.8584713339805603,
        "lat": 5.103958509802883,
        "lon": -2.0040524036694287,
        "region": "Tarkwa-Nsuaem",
        "detected_at": "2026-03-16T06:31:21.812398",
        "model_version": "48px_v3.7_2024-01-10"
      }
    },
    {
      "type": "Feature",
      "geometry": {
        "type": "Point",
        "coordinates": [
          -1.9888741780384342,
          5.06047366591278
        ]
      },
      "properties": {
        "probability": 0.9386700391769409,
        "lat": 5.06047366591278,
        "lon": -1.9888741780384342,
        "region": "Tarkwa-Nsuaem",
        "detected_at": "2026-03-16T06:31:21.812488",
        "model_version": "48px_v3.7_2024-01-10"
      }
    },
    {
      "type": "Feature",
      "geometry": {
        "type": "Point",
        "coordinates": [
          -2.151255803445025,
          5.0867892314872005
        ]
      },
      "properties": {
        "probability": 0.8108986020088196,
        "lat": 5.0867892314872005,
        "lon": -2.151255803445025,
        "region": "Tarkwa-Nsuaem",
        "detected_at": "2026-03-16T06:31:21.812590",
        "model_version": "48px_v3.7_2024-01-10"
      }
    },
    {
      "type": "Feature",
      "geometry": {
        "type": "Point",
        "coordinates": [
          -2.151255803445025,
          5.084615415086768
        ]
      },
      "properties": {
        "probability": 0.9272406697273254,
        "lat": 5.084615415086768,
        "lon": -2.151255803445025,
        "region": "Tarkwa-Nsuaem",
        "detected_at": "2026-03-16T06:31:21.812701",
        "model_version": "48px_v3.7_2024-01-10"
      }
    },
    {
      "type": "Feature",
      "geometry": {
        "type": "Point",
        "coordinates": [
          -2.149087909361114,
          5.0867892314872005
        ]
      },
      "properties": {
        "probability": 0.819590151309967,
        "lat": 5.0867892314872005,
        "lon": -2.149087909361114,
        "region": "Tarkwa-Nsuaem",
        "detected_at": "2026-03-16T06:31:21.812792",
        "model_version": "48px_v3.7_2024-01-10"
      }
    },
    {
      "type": "Feature",
      "geometry": {
        "type": "Point",
        "coordinates": [
          -2.149087909361114,
          5.084615415086768
        ]
      },
      "properties": {
        "probability": 0.9911789894104004,
        "lat": 5.084615415086768,
        "lon": -2.149087909361114,
        "region": "Tarkwa-Nsuaem",
        "detected_at": "2026-03-16T06:31:21.812882",
        "model_version": "48px_v3.7_2024-01-10"
      }
    },
    {
      "type": "Feature",
      "geometry": {
        "type": "Point",
        "coordinates": [
          -2.1058002585446616,
          5.10411021443984
        ]
      },
      "properties": {
        "probability": 0.8011066317558289,
        "lat": 5.10411021443984,
        "lon": -2.1058002585446616,
        "region": "Tarkwa-Nsuaem",
        "detected_at": "2026-03-16T06:31:21.812973",
        "model_version": "48px_v3.7_2024-01-10"
      }
    },
    {
      "type": "Feature",
      "geometry": {
        "type": "Point",
        "coordinates": [
          -2.1058002585446616,
          5.1019362542988365
        ]
      },
      "properties": {
        "probability": 0.8553339838981628,
        "lat": 5.1019362542988365,
        "lon": -2.1058002585446616,
        "region": "Tarkwa-Nsuaem",
        "detected_at": "2026-03-16T06:31:21.813064",
        "model_version": "48px_v3.7_2024-01-10"
      }
    },
    {
      "type": "Feature",
      "geometry": {
        "type": "Point",
        "coordinates": [
          -2.0862879238322023,
          5.078022692747817
        ]
      },
      "properties": {
        "probability": 0.9620625376701355,
        "lat": 5.078022692747817,
        "lon": -2.0862879238322023,
        "region": "Tarkwa-Nsuaem",
        "detected_at": "2026-03-16T06:31:21.813154",
        "model_version": "48px_v3.7_2024-01-10"
      }
    },
    {
      "type": "Feature",
      "geometry": {
        "type": "Point",
        "coordinates": [
          -2.084119886641929,
          5.086718533311823
        ]
      },
      "properties": {
        "probability": 0.8963473439216614,
        "lat": 5.086718533311823,
        "lon": -2.084119886641929,
        "region": "Tarkwa-Nsuaem",
        "detected_at": "2026-03-16T06:31:21.813243",
        "model_version": "48px_v3.7_2024-01-10"
      }
    },
    {
      "type": "Feature",
      "geometry": {
        "type": "Point",
        "coordinates": [
          -2.084119886641929,
          5.084544573170821
        ]
      },
      "properties": {
        "probability": 0.8890732526779175,
        "lat": 5.084544573170821,
        "lon": -2.084119886641929,
        "region": "Tarkwa-Nsuaem",
        "detected_at": "2026-03-16T06:31:21.813332",
        "model_version": "48px_v3.7_2024-01-10"
      }
    },
    {
      "type": "Feature",
      "geometry": {
        "type": "Point",
        "coordinates": [
          -2.084119886641929,
          5.078022692747817
        ]
      },
      "properties": {
        "probability": 0.9646832942962646,
        "lat": 5.078022692747817,
        "lon": -2.084119886641929,
        "region": "Tarkwa-Nsuaem",
        "detected_at": "2026-03-16T06:31:21.813420",
        "model_version": "48px_v3.7_2024-01-10"
      }
    },
    {
      "type": "Feature",
      "geometry": {
        "type": "Point",
        "coordinates": [
          -2.081951849451656,
          5.09324041373483
        ]
      },
      "properties": {
        "probability": 0.8732820749282837,
        "lat": 5.09324041373483,
        "lon": -2.081951849451656,
        "region": "Tarkwa-Nsuaem",
        "detected_at": "2026-03-16T06:31:21.813509",
        "model_version": "48px_v3.7_2024-01-10"
      }
    },
    {
      "type": "Feature",
      "geometry": {
        "type": "Point",
        "coordinates": [
          -2.1643296543683848,
          5.041207936668274
        ]
      },
      "properties": {
        "probability": 0.9532017111778259,
        "lat": 5.041207936668274,
        "lon": -2.1643296543683848,
        "region": "Tarkwa-Nsuaem",
        "detected_at": "2026-03-16T06:31:21.813598",
        "model_version": "48px_v3.7_2024-01-10"
      }
    },
    {
      "type": "Feature",
      "geometry": {
        "type": "Point",
        "coordinates": [
          -2.162161963010551,
          5.041207936668274
        ]
      },
      "properties": {
        "probability": 0.9891113638877869,
        "lat": 5.041207936668274,
        "lon": -2.162161963010551,
        "region": "Tarkwa-Nsuaem",
        "detected_at": "2026-03-16T06:31:21.813708",
        "model_version": "48px_v3.7_2024-01-10"
      }
    },
    {
      "type": "Feature",
      "geometry": {
        "type": "Point",
        "coordinates": [
          -2.1599942716527165,
          5.041207936668274
        ]
      },
      "properties": {
        "probability": 0.972955048084259,
        "lat": 5.041207936668274,
        "lon": -2.1599942716527165,
        "region": "Tarkwa-Nsuaem",
        "detected_at": "2026-03-16T06:31:21.813797",
        "model_version": "48px_v3.7_2024-01-10"
      }
    },
    {
      "type": "Feature",
      "geometry": {
        "type": "Point",
        "coordinates": [
          -2.1274789012852002,
          5.045555517198988
        ]
      },
      "properties": {
        "probability": 0.8839948773384094,
        "lat": 5.045555517198988,
        "lon": -2.1274789012852002,
        "region": "Tarkwa-Nsuaem",
        "detected_at": "2026-03-16T06:31:21.813886",
        "model_version": "48px_v3.7_2024-01-10"
      }
    },
    {
      "type": "Feature",
      "geometry": {
        "type": "Point",
        "coordinates": [
          -2.0950323272240015,
          5.008529408983081
        ]
      },
      "properties": {
        "probability": 0.8648347854614258,
        "lat": 5.008529408983081,
        "lon": -2.0950323272240015,
        "region": "Tarkwa-Nsuaem",
        "detected_at": "2026-03-16T06:31:21.813974",
        "model_version": "48px_v3.7_2024-01-10"
      }
    },
    {
      "type": "Feature",
      "geometry": {
        "type": "Point",
        "coordinates": [
          -2.092864494553217,
          5.008529408983081
        ]
      },
      "properties": {
        "probability": 0.9951769113540649,
        "lat": 5.008529408983081,
        "lon": -2.092864494553217,
        "region": "Tarkwa-Nsuaem",
        "detected_at": "2026-03-16T06:31:21.814070",
        "model_version": "48px_v3.7_2024-01-10"
      }
    },
    {
      "type": "Feature",
      "geometry": {
        "type": "Point",
        "coordinates": [
          -2.0820253311992944,
          5.028094798910638
        ]
      },
      "properties": {
        "probability": 0.9258737564086914,
        "lat": 5.028094798910638,
        "lon": -2.0820253311992944,
        "region": "Tarkwa-Nsuaem",
        "detected_at": "2026-03-16T06:31:21.814160",
        "model_version": "48px_v3.7_2024-01-10"
      }
    },
    {
      "type": "Feature",
      "geometry": {
        "type": "Point",
        "coordinates": [
          -2.0798574985285105,
          5.028094798910638
        ]
      },
      "properties": {
        "probability": 0.8245986104011536,
        "lat": 5.028094798910638,
        "lon": -2.0798574985285105,
        "region": "Tarkwa-Nsuaem",
        "detected_at": "2026-03-16T06:31:21.814249",
        "model_version": "48px_v3.7_2024-01-10"
      }
    },
    {
      "type": "Feature",
      "geometry": {
        "type": "Point",
        "coordinates": [
          -1.9974666912607495,
          5.149536208004792
        ]
      },
      "properties": {
        "probability": 0.8782668113708496,
        "lat": 5.149536208004792,
        "lon": -1.9974666912607495,
        "region": "Tarkwa-Nsuaem",
        "detected_at": "2026-03-16T06:31:21.814338",
        "model_version": "48px_v3.7_2024-01-10"
      }
    },
    {
      "type": "Feature",
      "geometry": {
        "type": "Point",
        "coordinates": [
          -1.9974666912607495,
          5.140839113312957
        ]
      },
      "properties": {
        "probability": 0.8345372080802917,
        "lat": 5.140839113312957,
        "lon": -1.9974666912607495,
        "region": "Tarkwa-Nsuaem",
        "detected_at": "2026-03-16T06:31:21.814428",
        "model_version": "48px_v3.7_2024-01-10"
      }
    },
    {
      "type": "Feature",
      "geometry": {
        "type": "Point",
        "coordinates": [
          -1.9974666912607497,
          5.138664839639999
        ]
      },
      "properties": {
        "probability": 0.837782084941864,
        "lat": 5.138664839639999,
        "lon": -1.9974666912607497,
        "region": "Tarkwa-Nsuaem",
        "detected_at": "2026-03-16T06:31:21.814518",
        "model_version": "48px_v3.7_2024-01-10"
      }
    },
    {
      "type": "Feature",
      "geometry": {
        "type": "Point",
        "coordinates": [
          -1.98879257977841,
          5.132142018621125
        ]
      },
      "properties": {
        "probability": 0.9966500401496887,
        "lat": 5.132142018621125,
        "lon": -1.98879257977841,
        "region": "Tarkwa-Nsuaem",
        "detected_at": "2026-03-16T06:31:21.814624",
        "model_version": "48px_v3.7_2024-01-10"
      }
    },
    {
      "type": "Feature",
      "geometry": {
        "type": "Point",
        "coordinates": [
          -1.98879257977841,
          5.129967744948165
        ]
      },
      "properties": {
        "probability": 0.9924259185791016,
        "lat": 5.129967744948165,
        "lon": -1.98879257977841,
        "region": "Tarkwa-Nsuaem",
        "detected_at": "2026-03-16T06:31:21.814719",
        "model_version": "48px_v3.7_2024-01-10"
      }
    },
    {
      "type": "Feature",
      "geometry": {
        "type": "Point",
        "coordinates": [
          -1.9866240519078247,
          5.132142018621123
        ]
      },
      "properties": {
        "probability": 0.9849260449409485,
        "lat": 5.132142018621123,
        "lon": -1.9866240519078247,
        "region": "Tarkwa-Nsuaem",
        "detected_at": "2026-03-16T06:31:21.814808",
        "model_version": "48px_v3.7_2024-01-10"
      }
    },
    {
      "type": "Feature",
      "geometry": {
        "type": "Point",
        "coordinates": [
          -1.9866240519078247,
          5.129967744948165
        ]
      },
      "properties": {
        "probability": 0.9852273464202881,
        "lat": 5.129967744948165,
        "lon": -1.9866240519078247,
        "region": "Tarkwa-Nsuaem",
        "detected_at": "2026-03-16T06:31:21.814897",
        "model_version": "48px_v3.7_2024-01-10"
      }
    },
    {
      "type": "Feature",
      "geometry": {
        "type": "Point",
        "coordinates": [
          -1.9866240519078249,
          5.127793471275208
        ]
      },
      "properties": {
        "probability": 0.801063060760498,
        "lat": 5.127793471275208,
        "lon": -1.9866240519078249,
        "region": "Tarkwa-Nsuaem",
        "detected_at": "2026-03-16T06:31:21.814985",
        "model_version": "48px_v3.7_2024-01-10"
      }
    },
    {
      "type": "Feature",
      "geometry": {
        "type": "Point",
        "coordinates": [
          -2.0623630568669498,
          5.182149078276242
        ]
      },
      "properties": {
        "probability": 0.9763437509536743,
        "lat": 5.182149078276242,
        "lon": -2.0623630568669498,
        "region": "Tarkwa-Nsuaem",
        "detected_at": "2026-03-16T06:31:21.815074",
        "model_version": "48px_v3.7_2024-01-10"
      }
    },
    {
      "type": "Feature",
      "geometry": {
        "type": "Point",
        "coordinates": [
          -2.0623630568669498,
          5.179974916859914
        ]
      },
      "properties": {
        "probability": 0.998733401298523,
        "lat": 5.179974916859914,
        "lon": -2.0623630568669498,
        "region": "Tarkwa-Nsuaem",
        "detected_at": "2026-03-16T06:31:21.815162",
        "model_version": "48px_v3.7_2024-01-10"
      }
    },
    {
      "type": "Feature",
      "geometry": {
        "type": "Point",
        "coordinates": [
          -2.060194460306846,
          5.179974916859914
        ]
      },
      "properties": {
        "probability": 0.976742684841156,
        "lat": 5.179974916859914,
        "lon": -2.060194460306846,
        "region": "Tarkwa-Nsuaem",
        "detected_at": "2026-03-16T06:31:21.815250",
        "model_version": "48px_v3.7_2024-01-10"
      }
    },
    {
      "type": "Feature",
      "geometry": {
        "type": "Point",
        "coordinates": [
          -2.060194460306846,
          5.16692994836194
        ]
      },
      "properties": {
        "probability": 0.8300458788871765,
        "lat": 5.16692994836194,
        "lon": -2.060194460306846,
        "region": "Tarkwa-Nsuaem",
        "detected_at": "2026-03-16T06:31:21.815340",
        "model_version": "48px_v3.7_2024-01-10"
      }
    },
    {
      "type": "Feature",
      "geometry": {
        "type": "Point",
        "coordinates": [
          -2.053688670626535,
          5.179974916859914
        ]
      },
      "properties": {
        "probability": 0.9952308535575867,
        "lat": 5.179974916859914,
        "lon": -2.053688670626535,
        "region": "Tarkwa-Nsuaem",
        "detected_at": "2026-03-16T06:31:21.815427",
        "model_version": "48px_v3.7_2024-01-10"
      }
    },
    {
      "type": "Feature",
      "geometry": {
        "type": "Point",
        "coordinates": [
          -2.053688670626535,
          5.1778007554435845
        ]
      },
      "properties": {
        "probability": 0.8229487538337708,
        "lat": 5.1778007554435845,
        "lon": -2.053688670626535,
        "region": "Tarkwa-Nsuaem",
        "detected_at": "2026-03-16T06:31:21.815515",
        "model_version": "48px_v3.7_2024-01-10"
      }
    },
    {
      "type": "Feature",
      "geometry": {
        "type": "Point",
        "coordinates": [
          -2.051520074066431,
          5.179974916859914
        ]
      },
      "properties": {
        "probability": 0.9909284114837646,
        "lat": 5.179974916859914,
        "lon": -2.051520074066431,
        "region": "Tarkwa-Nsuaem",
        "detected_at": "2026-03-16T06:31:21.815619",
        "model_version": "48px_v3.7_2024-01-10"
      }
    },
    {
      "type": "Feature",
      "geometry": {
        "type": "Point",
        "coordinates": [
          -2.0493514775063275,
          5.179974916859914
        ]
      },
      "properties": {
        "probability": 0.8060678243637085,
        "lat": 5.179974916859914,
        "lon": -2.0493514775063275,
        "region": "Tarkwa-Nsuaem",
        "detected_at": "2026-03-16T06:31:21.815713",
        "model_version": "48px_v3.7_2024-01-10"
      }
    },
    {
      "type": "Feature",
      "geometry": {
        "type": "Point",
        "coordinates": [
          -2.0493514775063275,
          5.173452432610929
        ]
      },
      "properties": {
        "probability": 0.932001531124115,
        "lat": 5.173452432610929,
        "lon": -2.0493514775063275,
        "region": "Tarkwa-Nsuaem",
        "detected_at": "2026-03-16T06:31:21.815802",
        "model_version": "48px_v3.7_2024-01-10"
      }
    },
    {
      "type": "Feature",
      "geometry": {
        "type": "Point",
        "coordinates": [
          -2.047182880946224,
          5.171278271194598
        ]
      },
      "properties": {
        "probability": 0.871517539024353,
        "lat": 5.171278271194598,
        "lon": -2.047182880946224,
        "region": "Tarkwa-Nsuaem",
        "detected_at": "2026-03-16T06:31:21.815910",
        "model_version": "48px_v3.7_2024-01-10"
      }
    },
    {
      "type": "Feature",
      "geometry": {
        "type": "Point",
        "coordinates": [
          -1.9952163563927077,
          5.2059851566995725
        ]
      },
      "properties": {
        "probability": 0.9648178219795227,
        "lat": 5.2059851566995725,
        "lon": -1.9952163563927077,
        "region": "Tarkwa-Nsuaem",
        "detected_at": "2026-03-16T06:31:21.816074",
        "model_version": "48px_v3.7_2024-01-10"
      }
    },
    {
      "type": "Feature",
      "geometry": {
        "type": "Point",
        "coordinates": [
          -1.9930476167784263,
          5.2059851566995725
        ]
      },
      "properties": {
        "probability": 0.8860518336296082,
        "lat": 5.2059851566995725,
        "lon": -1.9930476167784263,
        "region": "Tarkwa-Nsuaem",
        "detected_at": "2026-03-16T06:31:21.816177",
        "model_version": "48px_v3.7_2024-01-10"
      }
    },
    {
      "type": "Feature",
      "geometry": {
        "type": "Point",
        "coordinates": [
          -1.977782085116502,
          5.229819095794961
        ]
      },
      "properties": {
        "probability": 0.8112157583236694,
        "lat": 5.229819095794961,
        "lon": -1.977782085116502,
        "region": "Tarkwa-Nsuaem",
        "detected_at": "2026-03-16T06:31:21.816266",
        "model_version": "48px_v3.7_2024-01-10"
      }
    },
    {
      "type": "Feature",
      "geometry": {
        "type": "Point",
        "coordinates": [
          -1.9756131319372479,
          5.229819095794961
        ]
      },
      "properties": {
        "probability": 0.8843843340873718,
        "lat": 5.229819095794961,
        "lon": -1.9756131319372479,
        "region": "Tarkwa-Nsuaem",
        "detected_at": "2026-03-16T06:31:21.816355",
        "model_version": "48px_v3.7_2024-01-10"
      }
    },
    {
      "type": "Feature",
      "geometry": {
        "type": "Point",
        "coordinates": [
          -2.1295064062251967,
          5.156282552176897
        ]
      },
      "properties": {
        "probability": 0.9688154458999634,
        "lat": 5.156282552176897,
        "lon": -2.1295064062251967,
        "region": "Tarkwa-Nsuaem",
        "detected_at": "2026-03-16T06:31:21.816444",
        "model_version": "48px_v3.7_2024-01-10"
      }
    },
    {
      "type": "Feature",
      "geometry": {
        "type": "Point",
        "coordinates": [
          -2.127338307597416,
          5.154108709672721
        ]
      },
      "properties": {
        "probability": 0.9971837997436523,
        "lat": 5.154108709672721,
        "lon": -2.127338307597416,
        "region": "Tarkwa-Nsuaem",
        "detected_at": "2026-03-16T06:31:21.816532",
        "model_version": "48px_v3.7_2024-01-10"
      }
    },
    {
      "type": "Feature",
      "geometry": {
        "type": "Point",
        "coordinates": [
          -2.125170208969635,
          5.154108709672721
        ]
      },
      "properties": {
        "probability": 0.932681679725647,
        "lat": 5.154108709672721,
        "lon": -2.125170208969635,
        "region": "Tarkwa-Nsuaem",
        "detected_at": "2026-03-16T06:31:21.816639",
        "model_version": "48px_v3.7_2024-01-10"
      }
    },
    {
      "type": "Feature",
      "geometry": {
        "type": "Point",
        "coordinates": [
          -2.125170208969635,
          5.151934867168545
        ]
      },
      "properties": {
        "probability": 0.9840613007545471,
        "lat": 5.151934867168545,
        "lon": -2.125170208969635,
        "region": "Tarkwa-Nsuaem",
        "detected_at": "2026-03-16T06:31:21.816733",
        "model_version": "48px_v3.7_2024-01-10"
      }
    },
    {
      "type": "Feature",
      "geometry": {
        "type": "Point",
        "coordinates": [
          -2.058102392101656,
          5.147441255434519
        ]
      },
      "properties": {
        "probability": 0.9320382475852966,
        "lat": 5.147441255434519,
        "lon": -2.058102392101656,
        "region": "Tarkwa-Nsuaem",
        "detected_at": "2026-03-16T06:31:21.816824",
        "model_version": "48px_v3.7_2024-01-10"
      }
    },
    {
      "type": "Feature",
      "geometry": {
        "type": "Point",
        "coordinates": [
          -2.058102392101656,
          5.145267123674669
        ]
      },
      "properties": {
        "probability": 0.8720775842666626,
        "lat": 5.145267123674669,
        "lon": -2.058102392101656,
        "region": "Tarkwa-Nsuaem",
        "detected_at": "2026-03-16T06:31:21.816913",
        "model_version": "48px_v3.7_2024-01-10"
      }
    },
    {
      "type": "Feature",
      "geometry": {
        "type": "Point",
        "coordinates": [
          -2.1272669182200294,
          5.175777226943507
        ]
      },
      "properties": {
        "probability": 0.8453896641731262,
        "lat": 5.175777226943507,
        "lon": -2.1272669182200294,
        "region": "Tarkwa-Nsuaem",
        "detected_at": "2026-03-16T06:31:21.817001",
        "model_version": "48px_v3.7_2024-01-10"
      }
    },
    {
      "type": "Feature",
      "geometry": {
        "type": "Point",
        "coordinates": [
          -2.0189099990486348,
          5.232075677361791
        ]
      },
      "properties": {
        "probability": 0.8027701377868652,
        "lat": 5.232075677361791,
        "lon": -2.0189099990486348,
        "region": "Tarkwa-Nsuaem",
        "detected_at": "2026-03-16T06:31:21.817088",
        "model_version": "48px_v3.7_2024-01-10"
      }
    },
    {
      "type": "Feature",
      "geometry": {
        "type": "Point",
        "coordinates": [
          -2.0167411907170107,
          5.23207567736179
        ]
      },
      "properties": {
        "probability": 0.8695273399353027,
        "lat": 5.23207567736179,
        "lon": -2.0167411907170107,
        "region": "Tarkwa-Nsuaem",
        "detected_at": "2026-03-16T06:31:21.817177",
        "model_version": "48px_v3.7_2024-01-10"
      }
    },
    {
      "type": "Feature",
      "geometry": {
        "type": "Point",
        "coordinates": [
          -2.1143293627732715,
          5.167007977839389
        ]
      },
      "properties": {
        "probability": 0.9871188402175903,
        "lat": 5.167007977839389,
        "lon": -2.1143293627732715,
        "region": "Tarkwa-Nsuaem",
        "detected_at": "2026-03-16T06:31:21.817265",
        "model_version": "48px_v3.7_2024-01-10"
      }
    },
    {
      "type": "Feature",
      "geometry": {
        "type": "Point",
        "coordinates": [
          -2.105655556032308,
          5.2083142799661175
        ]
      },
      "properties": {
        "probability": 0.9488656520843506,
        "lat": 5.2083142799661175,
        "lon": -2.105655556032308,
        "region": "Tarkwa-Nsuaem",
        "detected_at": "2026-03-16T06:31:21.817355",
        "model_version": "48px_v3.7_2024-01-10"
      }
    },
    {
      "type": "Feature",
      "geometry": {
        "type": "Point",
        "coordinates": [
          -2.1034871043470673,
          5.208314279966117
        ]
      },
      "properties": {
        "probability": 0.9906005859375,
        "lat": 5.208314279966117,
        "lon": -2.1034871043470673,
        "region": "Tarkwa-Nsuaem",
        "detected_at": "2026-03-16T06:31:21.817444",
        "model_version": "48px_v3.7_2024-01-10"
      }
    },
    {
      "type": "Feature",
      "geometry": {
        "type": "Point",
        "coordinates": [
          -2.1034871043470673,
          5.20614026406471
        ]
      },
      "properties": {
        "probability": 0.9498923420906067,
        "lat": 5.20614026406471,
        "lon": -2.1034871043470673,
        "region": "Tarkwa-Nsuaem",
        "detected_at": "2026-03-16T06:31:21.817534",
        "model_version": "48px_v3.7_2024-01-10"
      }
    },
    {
      "type": "Feature",
      "geometry": {
        "type": "Point",
        "coordinates": [
          -2.101318652661827,
          5.171356009642203
        ]
      },
      "properties": {
        "probability": 0.8147289156913757,
        "lat": 5.171356009642203,
        "lon": -2.101318652661827,
        "region": "Tarkwa-Nsuaem",
        "detected_at": "2026-03-16T06:31:21.817640",
        "model_version": "48px_v3.7_2024-01-10"
      }
    },
    {
      "type": "Feature",
      "geometry": {
        "type": "Point",
        "coordinates": [
          -2.096981749291345,
          5.175704041445017
        ]
      },
      "properties": {
        "probability": 0.8121906518936157,
        "lat": 5.175704041445017,
        "lon": -2.096981749291345,
        "region": "Tarkwa-Nsuaem",
        "detected_at": "2026-03-16T06:31:21.817742",
        "model_version": "48px_v3.7_2024-01-10"
      }
    },
    {
      "type": "Feature",
      "geometry": {
        "type": "Point",
        "coordinates": [
          -2.0926448459208635,
          5.175704041445015
        ]
      },
      "properties": {
        "probability": 0.9503923654556274,
        "lat": 5.175704041445015,
        "lon": -2.0926448459208635,
        "region": "Tarkwa-Nsuaem",
        "detected_at": "2026-03-16T06:31:21.817832",
        "model_version": "48px_v3.7_2024-01-10"
      }
    },
    {
      "type": "Feature",
      "geometry": {
        "type": "Point",
        "coordinates": [
          -2.086139490865141,
          5.18657412095205
        ]
      },
      "properties": {
        "probability": 0.8865758776664734,
        "lat": 5.18657412095205,
        "lon": -2.086139490865141,
        "region": "Tarkwa-Nsuaem",
        "detected_at": "2026-03-16T06:31:21.817923",
        "model_version": "48px_v3.7_2024-01-10"
      }
    },
    {
      "type": "Feature",
      "geometry": {
        "type": "Point",
        "coordinates": [
          -2.0839710391799002,
          5.18657412095205
        ]
      },
      "properties": {
        "probability": 0.8897401094436646,
        "lat": 5.18657412095205,
        "lon": -2.0839710391799002,
        "region": "Tarkwa-Nsuaem",
        "detected_at": "2026-03-16T06:31:21.818012",
        "model_version": "48px_v3.7_2024-01-10"
      }
    },
    {
      "type": "Feature",
      "geometry": {
        "type": "Point",
        "coordinates": [
          -2.0666234256979736,
          5.173530025543609
        ]
      },
      "properties": {
        "probability": 0.9460771083831787,
        "lat": 5.173530025543609,
        "lon": -2.0666234256979736,
        "region": "Tarkwa-Nsuaem",
        "detected_at": "2026-03-16T06:31:21.818103",
        "model_version": "48px_v3.7_2024-01-10"
      }
    },
    {
      "type": "Feature",
      "geometry": {
        "type": "Point",
        "coordinates": [
          -2.066623425697974,
          5.171356009642203
        ]
      },
      "properties": {
        "probability": 0.8565689325332642,
        "lat": 5.171356009642203,
        "lon": -2.066623425697974,
        "region": "Tarkwa-Nsuaem",
        "detected_at": "2026-03-16T06:31:21.818319",
        "model_version": "48px_v3.7_2024-01-10"
      }
    },
    {
      "type": "Feature",
      "geometry": {
        "type": "Point",
        "coordinates": [
          -2.0666234256979736,
          5.162659946036577
        ]
      },
      "properties": {
        "probability": 0.894972026348114,
        "lat": 5.162659946036577,
        "lon": -2.0666234256979736,
        "region": "Tarkwa-Nsuaem",
        "detected_at": "2026-03-16T06:31:21.818411",
        "model_version": "48px_v3.7_2024-01-10"
      }
    },
    {
      "type": "Feature",
      "geometry": {
        "type": "Point",
        "coordinates": [
          -2.066623425697974,
          5.160485930135168
        ]
      },
      "properties": {
        "probability": 0.9542815089225769,
        "lat": 5.160485930135168,
        "lon": -2.066623425697974,
        "region": "Tarkwa-Nsuaem",
        "detected_at": "2026-03-16T06:31:21.818514",
        "model_version": "48px_v3.7_2024-01-10"
      }
    },
    {
      "type": "Feature",
      "geometry": {
        "type": "Point",
        "coordinates": [
          -2.1510484449904084,
          5.258313977461481
        ]
      },
      "properties": {
        "probability": 0.9680833220481873,
        "lat": 5.258313977461481,
        "lon": -2.1510484449904084,
        "region": "Tarkwa-Nsuaem",
        "detected_at": "2026-03-16T06:31:21.818620",
        "model_version": "48px_v3.7_2024-01-10"
      }
    },
    {
      "type": "Feature",
      "geometry": {
        "type": "Point",
        "coordinates": [
          -2.1510484449904084,
          5.256140082843572
        ]
      },
      "properties": {
        "probability": 0.9642592072486877,
        "lat": 5.256140082843572,
        "lon": -2.1510484449904084,
        "region": "Tarkwa-Nsuaem",
        "detected_at": "2026-03-16T06:31:21.818715",
        "model_version": "48px_v3.7_2024-01-10"
      }
    },
    {
      "type": "Feature",
      "geometry": {
        "type": "Point",
        "coordinates": [
          -2.1488799318181258,
          5.258313977461481
        ]
      },
      "properties": {
        "probability": 0.8686618804931641,
        "lat": 5.258313977461481,
        "lon": -2.1488799318181258,
        "region": "Tarkwa-Nsuaem",
        "detected_at": "2026-03-16T06:31:21.818806",
        "model_version": "48px_v3.7_2024-01-10"
      }
    },
    {
      "type": "Feature",
      "geometry": {
        "type": "Point",
        "coordinates": [
          -2.1488799318181258,
          5.256140082843572
        ]
      },
      "properties": {
        "probability": 0.994159460067749,
        "lat": 5.256140082843572,
        "lon": -2.1488799318181258,
        "region": "Tarkwa-Nsuaem",
        "detected_at": "2026-03-16T06:31:21.818895",
        "model_version": "48px_v3.7_2024-01-10"
      }
    },
    {
      "type": "Feature",
      "geometry": {
        "type": "Point",
        "coordinates": [
          -2.1488799318181258,
          5.253966188225666
        ]
      },
      "properties": {
        "probability": 0.9810968637466431,
        "lat": 5.253966188225666,
        "lon": -2.1488799318181258,
        "region": "Tarkwa-Nsuaem",
        "detected_at": "2026-03-16T06:31:21.818986",
        "model_version": "48px_v3.7_2024-01-10"
      }
    },
    {
      "type": "Feature",
      "geometry": {
        "type": "Point",
        "coordinates": [
          -2.125026286923017,
          5.245270609754037
        ]
      },
      "properties": {
        "probability": 0.8590672016143799,
        "lat": 5.245270609754037,
        "lon": -2.125026286923017,
        "region": "Tarkwa-Nsuaem",
        "detected_at": "2026-03-16T06:31:21.819075",
        "model_version": "48px_v3.7_2024-01-10"
      }
    },
    {
      "type": "Feature",
      "geometry": {
        "type": "Point",
        "coordinates": [
          -2.1228577737507344,
          5.258313977461481
        ]
      },
      "properties": {
        "probability": 0.8396599888801575,
        "lat": 5.258313977461481,
        "lon": -2.1228577737507344,
        "region": "Tarkwa-Nsuaem",
        "detected_at": "2026-03-16T06:31:21.819165",
        "model_version": "48px_v3.7_2024-01-10"
      }
    },
    {
      "type": "Feature",
      "geometry": {
        "type": "Point",
        "coordinates": [
          -2.1228577737507344,
          5.256140082843572
        ]
      },
      "properties": {
        "probability": 0.9737108945846558,
        "lat": 5.256140082843572,
        "lon": -2.1228577737507344,
        "region": "Tarkwa-Nsuaem",
        "detected_at": "2026-03-16T06:31:21.819266",
        "model_version": "48px_v3.7_2024-01-10"
      }
    },
    {
      "type": "Feature",
      "geometry": {
        "type": "Point",
        "coordinates": [
          -2.1206892605784518,
          5.258313977461481
        ]
      },
      "properties": {
        "probability": 0.923992931842804,
        "lat": 5.258313977461481,
        "lon": -2.1206892605784518,
        "region": "Tarkwa-Nsuaem",
        "detected_at": "2026-03-16T06:31:21.819356",
        "model_version": "48px_v3.7_2024-01-10"
      }
    },
    {
      "type": "Feature",
      "geometry": {
        "type": "Point",
        "coordinates": [
          -2.1122330110461673,
          5.1409943740365165
        ]
      },
      "properties": {
        "probability": 0.9967942833900452,
        "lat": 5.1409943740365165,
        "lon": -2.1122330110461673,
        "region": "Tarkwa-Nsuaem",
        "detected_at": "2026-03-16T06:31:21.819446",
        "model_version": "48px_v3.7_2024-01-10"
      }
    },
    {
      "type": "Feature",
      "geometry": {
        "type": "Point",
        "coordinates": [
          -2.1122330110461673,
          5.138820385999792
        ]
      },
      "properties": {
        "probability": 0.9859291911125183,
        "lat": 5.138820385999792,
        "lon": -2.1122330110461673,
        "region": "Tarkwa-Nsuaem",
        "detected_at": "2026-03-16T06:31:21.819536",
        "model_version": "48px_v3.7_2024-01-10"
      }
    },
    {
      "type": "Feature",
      "geometry": {
        "type": "Point",
        "coordinates": [
          -2.1100647675180255,
          5.140994374036517
        ]
      },
      "properties": {
        "probability": 0.9042025804519653,
        "lat": 5.140994374036517,
        "lon": -2.1100647675180255,
        "region": "Tarkwa-Nsuaem",
        "detected_at": "2026-03-16T06:31:21.819655",
        "model_version": "48px_v3.7_2024-01-10"
      }
    },
    {
      "type": "Feature",
      "geometry": {
        "type": "Point",
        "coordinates": [
          -2.101391793405459,
          5.117080505632535
        ]
      },
      "properties": {
        "probability": 0.8771974444389343,
        "lat": 5.117080505632535,
        "lon": -2.101391793405459,
        "region": "Tarkwa-Nsuaem",
        "detected_at": "2026-03-16T06:31:21.819757",
        "model_version": "48px_v3.7_2024-01-10"
      }
    },
    {
      "type": "Feature",
      "geometry": {
        "type": "Point",
        "coordinates": [
          -2.084045845180327,
          5.136646397963065
        ]
      },
      "properties": {
        "probability": 0.9762961864471436,
        "lat": 5.136646397963065,
        "lon": -2.084045845180327,
        "region": "Tarkwa-Nsuaem",
        "detected_at": "2026-03-16T06:31:21.819855",
        "model_version": "48px_v3.7_2024-01-10"
      }
    },
    {
      "type": "Feature",
      "geometry": {
        "type": "Point",
        "coordinates": [
          -2.084045845180327,
          5.1344724099263415
        ]
      },
      "properties": {
        "probability": 0.9987497925758362,
        "lat": 5.1344724099263415,
        "lon": -2.084045845180327,
        "region": "Tarkwa-Nsuaem",
        "detected_at": "2026-03-16T06:31:21.819947",
        "model_version": "48px_v3.7_2024-01-10"
      }
    },
    {
      "type": "Feature",
      "geometry": {
        "type": "Point",
        "coordinates": [
          -2.0818776016521854,
          5.134472409926341
        ]
      },
      "properties": {
        "probability": 0.883240282535553,
        "lat": 5.134472409926341,
        "lon": -2.0818776016521854,
        "region": "Tarkwa-Nsuaem",
        "detected_at": "2026-03-16T06:31:21.820037",
        "model_version": "48px_v3.7_2024-01-10"
      }
    },
    {
      "type": "Feature",
      "geometry": {
        "type": "Point",
        "coordinates": [
          -2.0818776016521854,
          5.125776457779438
        ]
      },
      "properties": {
        "probability": 0.8954073190689087,
        "lat": 5.125776457779438,
        "lon": -2.0818776016521854,
        "region": "Tarkwa-Nsuaem",
        "detected_at": "2026-03-16T06:31:21.820133",
        "model_version": "48px_v3.7_2024-01-10"
      }
    },
    {
      "type": "Feature",
      "geometry": {
        "type": "Point",
        "coordinates": [
          -2.075372871067761,
          5.145342350109967
        ]
      },
      "properties": {
        "probability": 0.907017707824707,
        "lat": 5.145342350109967,
        "lon": -2.075372871067761,
        "region": "Tarkwa-Nsuaem",
        "detected_at": "2026-03-16T06:31:21.820255",
        "model_version": "48px_v3.7_2024-01-10"
      }
    },
    {
      "type": "Feature",
      "geometry": {
        "type": "Point",
        "coordinates": [
          -2.07320462753962,
          5.143168362073243
        ]
      },
      "properties": {
        "probability": 0.9864100217819214,
        "lat": 5.143168362073243,
        "lon": -2.07320462753962,
        "region": "Tarkwa-Nsuaem",
        "detected_at": "2026-03-16T06:31:21.820349",
        "model_version": "48px_v3.7_2024-01-10"
      }
    },
    {
      "type": "Feature",
      "geometry": {
        "type": "Point",
        "coordinates": [
          -2.07320462753962,
          5.1409943740365165
        ]
      },
      "properties": {
        "probability": 0.8797053694725037,
        "lat": 5.1409943740365165,
        "lon": -2.07320462753962,
        "region": "Tarkwa-Nsuaem",
        "detected_at": "2026-03-16T06:31:21.820438",
        "model_version": "48px_v3.7_2024-01-10"
      }
    },
    {
      "type": "Feature",
      "geometry": {
        "type": "Point",
        "coordinates": [
          -1.8196037209864677,
          5.264244780273014
        ]
      },
      "properties": {
        "probability": 0.8960439562797546,
        "lat": 5.264244780273014,
        "lon": -1.8196037209864677,
        "region": "Tarkwa-Nsuaem",
        "detected_at": "2026-03-16T06:31:21.820526",
        "model_version": "48px_v3.7_2024-01-10"
      }
    },
    {
      "type": "Feature",
      "geometry": {
        "type": "Point",
        "coordinates": [
          -1.7893283418881984,
          5.266317987959001
        ]
      },
      "properties": {
        "probability": 0.808243989944458,
        "lat": 5.266317987959001,
        "lon": -1.7893283418881984,
        "region": "Tarkwa-Nsuaem",
        "detected_at": "2026-03-16T06:31:21.820634",
        "model_version": "48px_v3.7_2024-01-10"
      }
    },
    {
      "type": "Feature",
      "geometry": {
        "type": "Point",
        "coordinates": [
          -1.7871586049914845,
          5.268492926911068
        ]
      },
      "properties": {
        "probability": 0.9950690865516663,
        "lat": 5.268492926911068,
        "lon": -1.7871586049914845,
        "region": "Tarkwa-Nsuaem",
        "detected_at": "2026-03-16T06:31:21.820732",
        "model_version": "48px_v3.7_2024-01-10"
      }
    },
    {
      "type": "Feature",
      "geometry": {
        "type": "Point",
        "coordinates": [
          -1.787158604991485,
          5.266317987959001
        ]
      },
      "properties": {
        "probability": 0.9981058835983276,
        "lat": 5.266317987959001,
        "lon": -1.787158604991485,
        "region": "Tarkwa-Nsuaem",
        "detected_at": "2026-03-16T06:31:21.820823",
        "model_version": "48px_v3.7_2024-01-10"
      }
    },
    {
      "type": "Feature",
      "geometry": {
        "type": "Point",
        "coordinates": [
          -1.787158604991485,
          5.264143049006934
        ]
      },
      "properties": {
        "probability": 0.9954276084899902,
        "lat": 5.264143049006934,
        "lon": -1.787158604991485,
        "region": "Tarkwa-Nsuaem",
        "detected_at": "2026-03-16T06:31:21.820914",
        "model_version": "48px_v3.7_2024-01-10"
      }
    },
    {
      "type": "Feature",
      "geometry": {
        "type": "Point",
        "coordinates": [
          -1.7849888680947716,
          5.268492926911068
        ]
      },
      "properties": {
        "probability": 0.871576726436615,
        "lat": 5.268492926911068,
        "lon": -1.7849888680947716,
        "region": "Tarkwa-Nsuaem",
        "detected_at": "2026-03-16T06:31:21.821004",
        "model_version": "48px_v3.7_2024-01-10"
      }
    },
    {
      "type": "Feature",
      "geometry": {
        "type": "Point",
        "coordinates": [
          -1.776309920507918,
          5.2924172553838
        ]
      },
      "properties": {
        "probability": 0.9620156288146973,
        "lat": 5.2924172553838,
        "lon": -1.776309920507918,
        "region": "Tarkwa-Nsuaem",
        "detected_at": "2026-03-16T06:31:21.821094",
        "model_version": "48px_v3.7_2024-01-10"
      }
    },
    {
      "type": "Feature",
      "geometry": {
        "type": "Point",
        "coordinates": [
          -1.776309920507918,
          5.290242316431733
        ]
      },
      "properties": {
        "probability": 0.9472583532333374,
        "lat": 5.290242316431733,
        "lon": -1.776309920507918,
        "region": "Tarkwa-Nsuaem",
        "detected_at": "2026-03-16T06:31:21.821183",
        "model_version": "48px_v3.7_2024-01-10"
      }
    },
    {
      "type": "Feature",
      "geometry": {
        "type": "Point",
        "coordinates": [
          -1.7698007098177777,
          5.290242316431733
        ]
      },
      "properties": {
        "probability": 0.9662482142448425,
        "lat": 5.290242316431733,
        "lon": -1.7698007098177777,
        "region": "Tarkwa-Nsuaem",
        "detected_at": "2026-03-16T06:31:21.821272",
        "model_version": "48px_v3.7_2024-01-10"
      }
    },
    {
      "type": "Feature",
      "geometry": {
        "type": "Point",
        "coordinates": [
          -1.7698007098177777,
          5.283717499575533
        ]
      },
      "properties": {
        "probability": 0.8320634365081787,
        "lat": 5.283717499575533,
        "lon": -1.7698007098177777,
        "region": "Tarkwa-Nsuaem",
        "detected_at": "2026-03-16T06:31:21.821360",
        "model_version": "48px_v3.7_2024-01-10"
      }
    },
    {
      "type": "Feature",
      "geometry": {
        "type": "Point",
        "coordinates": [
          -1.7611217622309234,
          5.307641828048266
        ]
      },
      "properties": {
        "probability": 0.921809196472168,
        "lat": 5.307641828048266,
        "lon": -1.7611217622309234,
        "region": "Tarkwa-Nsuaem",
        "detected_at": "2026-03-16T06:31:21.821449",
        "model_version": "48px_v3.7_2024-01-10"
      }
    },
    {
      "type": "Feature",
      "geometry": {
        "type": "Point",
        "coordinates": [
          -1.75895202533421,
          5.307641828048267
        ]
      },
      "properties": {
        "probability": 0.875664234161377,
        "lat": 5.307641828048267,
        "lon": -1.75895202533421,
        "region": "Tarkwa-Nsuaem",
        "detected_at": "2026-03-16T06:31:21.821547",
        "model_version": "48px_v3.7_2024-01-10"
      }
    },
    {
      "type": "Feature",
      "geometry": {
        "type": "Point",
        "coordinates": [
          -2.096907438306701,
          5.249545963920453
        ]
      },
      "properties": {
        "probability": 0.8825555443763733,
        "lat": 5.249545963920453,
        "lon": -2.096907438306701,
        "region": "Tarkwa-Nsuaem",
        "detected_at": "2026-03-16T06:31:21.821655",
        "model_version": "48px_v3.7_2024-01-10"
      }
    },
    {
      "type": "Feature",
      "geometry": {
        "type": "Point",
        "coordinates": [
          -2.096907438306701,
          5.247371920185346
        ]
      },
      "properties": {
        "probability": 0.9246726632118225,
        "lat": 5.247371920185346,
        "lon": -2.096907438306701,
        "region": "Tarkwa-Nsuaem",
        "detected_at": "2026-03-16T06:31:21.821749",
        "model_version": "48px_v3.7_2024-01-10"
      }
    },
    {
      "type": "Feature",
      "geometry": {
        "type": "Point",
        "coordinates": [
          -2.0947387766442676,
          5.247371920185346
        ]
      },
      "properties": {
        "probability": 0.8315098285675049,
        "lat": 5.247371920185346,
        "lon": -2.0947387766442676,
        "region": "Tarkwa-Nsuaem",
        "detected_at": "2026-03-16T06:31:21.821840",
        "model_version": "48px_v3.7_2024-01-10"
      }
    },
    {
      "type": "Feature",
      "geometry": {
        "type": "Point",
        "coordinates": [
          -2.0817268066696686,
          5.2538940513906685
        ]
      },
      "properties": {
        "probability": 0.8508387207984924,
        "lat": 5.2538940513906685,
        "lon": -2.0817268066696686,
        "region": "Tarkwa-Nsuaem",
        "detected_at": "2026-03-16T06:31:21.821929",
        "model_version": "48px_v3.7_2024-01-10"
      }
    },
    {
      "type": "Feature",
      "geometry": {
        "type": "Point",
        "coordinates": [
          -2.0795581450072356,
          5.256068095125776
        ]
      },
      "properties": {
        "probability": 0.9808247685432434,
        "lat": 5.256068095125776,
        "lon": -2.0795581450072356,
        "region": "Tarkwa-Nsuaem",
        "detected_at": "2026-03-16T06:31:21.822020",
        "model_version": "48px_v3.7_2024-01-10"
      }
    },
    {
      "type": "Feature",
      "geometry": {
        "type": "Point",
        "coordinates": [
          -2.079558145007236,
          5.2538940513906685
        ]
      },
      "properties": {
        "probability": 0.9994255900382996,
        "lat": 5.2538940513906685,
        "lon": -2.079558145007236,
        "region": "Tarkwa-Nsuaem",
        "detected_at": "2026-03-16T06:31:21.822109",
        "model_version": "48px_v3.7_2024-01-10"
      }
    },
    {
      "type": "Feature",
      "geometry": {
        "type": "Point",
        "coordinates": [
          -1.789226809196233,
          5.322763669374419
        ]
      },
      "properties": {
        "probability": 0.9647561311721802,
        "lat": 5.322763669374419,
        "lon": -1.789226809196233,
        "region": "Tarkwa-Nsuaem",
        "detected_at": "2026-03-16T06:31:21.822199",
        "model_version": "48px_v3.7_2024-01-10"
      }
    },
    {
      "type": "Feature",
      "geometry": {
        "type": "Point",
        "coordinates": [
          -1.7870568479198141,
          5.322763669374419
        ]
      },
      "properties": {
        "probability": 0.9977068901062012,
        "lat": 5.322763669374419,
        "lon": -1.7870568479198141,
        "region": "Tarkwa-Nsuaem",
        "detected_at": "2026-03-16T06:31:21.822287",
        "model_version": "48px_v3.7_2024-01-10"
      }
    },
    {
      "type": "Feature",
      "geometry": {
        "type": "Point",
        "coordinates": [
          -1.7870568479198141,
          5.320588691901999
        ]
      },
      "properties": {
        "probability": 0.9901154041290283,
        "lat": 5.320588691901999,
        "lon": -1.7870568479198141,
        "region": "Tarkwa-Nsuaem",
        "detected_at": "2026-03-16T06:31:21.822377",
        "model_version": "48px_v3.7_2024-01-10"
      }
    },
    {
      "type": "Feature",
      "geometry": {
        "type": "Point",
        "coordinates": [
          -1.7848868866433951,
          5.335813534208939
        ]
      },
      "properties": {
        "probability": 0.9727191925048828,
        "lat": 5.335813534208939,
        "lon": -1.7848868866433951,
        "region": "Tarkwa-Nsuaem",
        "detected_at": "2026-03-16T06:31:21.822465",
        "model_version": "48px_v3.7_2024-01-10"
      }
    },
    {
      "type": "Feature",
      "geometry": {
        "type": "Point",
        "coordinates": [
          -1.7848868866433951,
          5.322763669374419
        ]
      },
      "properties": {
        "probability": 0.9386752843856812,
        "lat": 5.322763669374419,
        "lon": -1.7848868866433951,
        "region": "Tarkwa-Nsuaem",
        "detected_at": "2026-03-16T06:31:21.822553",
        "model_version": "48px_v3.7_2024-01-10"
      }
    },
    {
      "type": "Feature",
      "geometry": {
        "type": "Point",
        "coordinates": [
          -1.7827169253669768,
          5.335813534208939
        ]
      },
      "properties": {
        "probability": 0.9267650246620178,
        "lat": 5.335813534208939,
        "lon": -1.7827169253669768,
        "region": "Tarkwa-Nsuaem",
        "detected_at": "2026-03-16T06:31:21.822660",
        "model_version": "48px_v3.7_2024-01-10"
      }
    },
    {
      "type": "Feature",
      "geometry": {
        "type": "Point",
        "coordinates": [
          -1.7805469640905578,
          5.322763669374419
        ]
      },
      "properties": {
        "probability": 0.8048295378684998,
        "lat": 5.322763669374419,
        "lon": -1.7805469640905578,
        "region": "Tarkwa-Nsuaem",
        "detected_at": "2026-03-16T06:31:21.822754",
        "model_version": "48px_v3.7_2024-01-10"
      }
    },
    {
      "type": "Feature",
      "geometry": {
        "type": "Point",
        "coordinates": [
          -1.8866701666745485,
          5.316439847326378
        ]
      },
      "properties": {
        "probability": 0.9439973831176758,
        "lat": 5.316439847326378,
        "lon": -1.8866701666745485,
        "region": "Tarkwa-Nsuaem",
        "detected_at": "2026-03-16T06:31:21.822842",
        "model_version": "48px_v3.7_2024-01-10"
      }
    },
    {
      "type": "Feature",
      "geometry": {
        "type": "Point",
        "coordinates": [
          -1.7240138182986335,
          5.4529485814023895
        ]
      },
      "properties": {
        "probability": 0.997654139995575,
        "lat": 5.4529485814023895,
        "lon": -1.7240138182986335,
        "region": "Tarkwa-Nsuaem",
        "detected_at": "2026-03-16T06:31:21.822930",
        "model_version": "48px_v3.7_2024-01-10"
      }
    },
    {
      "type": "Feature",
      "geometry": {
        "type": "Point",
        "coordinates": [
          -1.721843259890413,
          5.4529485814023895
        ]
      },
      "properties": {
        "probability": 0.8050366044044495,
        "lat": 5.4529485814023895,
        "lon": -1.721843259890413,
        "region": "Tarkwa-Nsuaem",
        "detected_at": "2026-03-16T06:31:21.823020",
        "model_version": "48px_v3.7_2024-01-10"
      }
    },
    {
      "type": "Feature",
      "geometry": {
        "type": "Point",
        "coordinates": [
          -1.7023082342164277,
          5.446422987349048
        ]
      },
      "properties": {
        "probability": 0.8603786826133728,
        "lat": 5.446422987349048,
        "lon": -1.7023082342164277,
        "region": "Tarkwa-Nsuaem",
        "detected_at": "2026-03-16T06:31:21.823107",
        "model_version": "48px_v3.7_2024-01-10"
      }
    },
    {
      "type": "Feature",
      "geometry": {
        "type": "Point",
        "coordinates": [
          -1.7217325836695259,
          5.520270212346727
        ]
      },
      "properties": {
        "probability": 0.9033113718032837,
        "lat": 5.520270212346727,
        "lon": -1.7217325836695259,
        "region": "Tarkwa-Nsuaem",
        "detected_at": "2026-03-16T06:31:21.823195",
        "model_version": "48px_v3.7_2024-01-10"
      }
    },
    {
      "type": "Feature",
      "geometry": {
        "type": "Point",
        "coordinates": [
          -1.9211074938734711,
          5.429429210089964
        ]
      },
      "properties": {
        "probability": 0.8018430471420288,
        "lat": 5.429429210089964,
        "lon": -1.9211074938734711,
        "region": "Tarkwa-Nsuaem",
        "detected_at": "2026-03-16T06:31:21.823285",
        "model_version": "48px_v3.7_2024-01-10"
      }
    },
    {
      "type": "Feature",
      "geometry": {
        "type": "Point",
        "coordinates": [
          -1.9145975662594275,
          5.442476886621677
        ]
      },
      "properties": {
        "probability": 0.9188646078109741,
        "lat": 5.442476886621677,
        "lon": -1.9145975662594275,
        "region": "Tarkwa-Nsuaem",
        "detected_at": "2026-03-16T06:31:21.823386",
        "model_version": "48px_v3.7_2024-01-10"
      }
    },
    {
      "type": "Feature",
      "geometry": {
        "type": "Point",
        "coordinates": [
          -1.9145975662594275,
          5.440302273866391
        ]
      },
      "properties": {
        "probability": 0.8623326420783997,
        "lat": 5.440302273866391,
        "lon": -1.9145975662594275,
        "region": "Tarkwa-Nsuaem",
        "detected_at": "2026-03-16T06:31:21.823479",
        "model_version": "48px_v3.7_2024-01-10"
      }
    },
    {
      "type": "Feature",
      "geometry": {
        "type": "Point",
        "coordinates": [
          -1.9124275903880794,
          5.442476886621677
        ]
      },
      "properties": {
        "probability": 0.9235350489616394,
        "lat": 5.442476886621677,
        "lon": -1.9124275903880794,
        "region": "Tarkwa-Nsuaem",
        "detected_at": "2026-03-16T06:31:21.823575",
        "model_version": "48px_v3.7_2024-01-10"
      }
    },
    {
      "type": "Feature",
      "geometry": {
        "type": "Point",
        "coordinates": [
          -1.9124275903880794,
          5.440302273866392
        ]
      },
      "properties": {
        "probability": 0.9836905002593994,
        "lat": 5.440302273866392,
        "lon": -1.9124275903880794,
        "region": "Tarkwa-Nsuaem",
        "detected_at": "2026-03-16T06:31:21.823686",
        "model_version": "48px_v3.7_2024-01-10"
      }
    },
    {
      "type": "Feature",
      "geometry": {
        "type": "Point",
        "coordinates": [
          -1.9102576145167318,
          5.440302273866392
        ]
      },
      "properties": {
        "probability": 0.8642250895500183,
        "lat": 5.440302273866392,
        "lon": -1.9102576145167318,
        "region": "Tarkwa-Nsuaem",
        "detected_at": "2026-03-16T06:31:21.823778",
        "model_version": "48px_v3.7_2024-01-10"
      }
    },
    {
      "type": "Feature",
      "geometry": {
        "type": "Point",
        "coordinates": [
          -2.1553153541959205,
          5.293025115123283
        ]
      },
      "properties": {
        "probability": 0.9586690664291382,
        "lat": 5.293025115123283,
        "lon": -2.1553153541959205,
        "region": "Tarkwa-Nsuaem",
        "detected_at": "2026-03-16T06:31:21.823868",
        "model_version": "48px_v3.7_2024-01-10"
      }
    },
    {
      "type": "Feature",
      "geometry": {
        "type": "Point",
        "coordinates": [
          -2.1553153541959205,
          5.29085119449527
        ]
      },
      "properties": {
        "probability": 0.9720351696014404,
        "lat": 5.29085119449527,
        "lon": -2.1553153541959205,
        "region": "Tarkwa-Nsuaem",
        "detected_at": "2026-03-16T06:31:21.823956",
        "model_version": "48px_v3.7_2024-01-10"
      }
    },
    {
      "type": "Feature",
      "geometry": {
        "type": "Point",
        "coordinates": [
          -2.1553153541959205,
          5.288677273867257
        ]
      },
      "properties": {
        "probability": 0.8551322221755981,
        "lat": 5.288677273867257,
        "lon": -2.1553153541959205,
        "region": "Tarkwa-Nsuaem",
        "detected_at": "2026-03-16T06:31:21.824045",
        "model_version": "48px_v3.7_2024-01-10"
      }
    },
    {
      "type": "Feature",
      "geometry": {
        "type": "Point",
        "coordinates": [
          -2.1553153541959205,
          5.284329432611231
        ]
      },
      "properties": {
        "probability": 0.9753843545913696,
        "lat": 5.284329432611231,
        "lon": -2.1553153541959205,
        "region": "Tarkwa-Nsuaem",
        "detected_at": "2026-03-16T06:31:21.824136",
        "model_version": "48px_v3.7_2024-01-10"
      }
    },
    {
      "type": "Feature",
      "geometry": {
        "type": "Point",
        "coordinates": [
          -2.1553153541959205,
          5.282155511983217
        ]
      },
      "properties": {
        "probability": 0.901218593120575,
        "lat": 5.282155511983217,
        "lon": -2.1553153541959205,
        "region": "Tarkwa-Nsuaem",
        "detected_at": "2026-03-16T06:31:21.824226",
        "model_version": "48px_v3.7_2024-01-10"
      }
    },
    {
      "type": "Feature",
      "geometry": {
        "type": "Point",
        "coordinates": [
          -2.1553153541959205,
          5.271285908843152
        ]
      },
      "properties": {
        "probability": 0.8178693652153015,
        "lat": 5.271285908843152,
        "lon": -2.1553153541959205,
        "region": "Tarkwa-Nsuaem",
        "detected_at": "2026-03-16T06:31:21.824315",
        "model_version": "48px_v3.7_2024-01-10"
      }
    },
    {
      "type": "Feature",
      "geometry": {
        "type": "Point",
        "coordinates": [
          -2.1553153541959205,
          5.269111988215138
        ]
      },
      "properties": {
        "probability": 0.996228039264679,
        "lat": 5.269111988215138,
        "lon": -2.1553153541959205,
        "region": "Tarkwa-Nsuaem",
        "detected_at": "2026-03-16T06:31:21.824406",
        "model_version": "48px_v3.7_2024-01-10"
      }
    },
    {
      "type": "Feature",
      "geometry": {
        "type": "Point",
        "coordinates": [
          -2.153146631021291,
          5.293025115123283
        ]
      },
      "properties": {
        "probability": 0.9590603709220886,
        "lat": 5.293025115123283,
        "lon": -2.153146631021291,
        "region": "Tarkwa-Nsuaem",
        "detected_at": "2026-03-16T06:31:21.824495",
        "model_version": "48px_v3.7_2024-01-10"
      }
    },
    {
      "type": "Feature",
      "geometry": {
        "type": "Point",
        "coordinates": [
          -2.153146631021291,
          5.2908511944952705
        ]
      },
      "properties": {
        "probability": 0.9890772700309753,
        "lat": 5.2908511944952705,
        "lon": -2.153146631021291,
        "region": "Tarkwa-Nsuaem",
        "detected_at": "2026-03-16T06:31:21.824584",
        "model_version": "48px_v3.7_2024-01-10"
      }
    },
    {
      "type": "Feature",
      "geometry": {
        "type": "Point",
        "coordinates": [
          -2.153146631021291,
          5.288677273867257
        ]
      },
      "properties": {
        "probability": 0.9618136286735535,
        "lat": 5.288677273867257,
        "lon": -2.153146631021291,
        "region": "Tarkwa-Nsuaem",
        "detected_at": "2026-03-16T06:31:21.824693",
        "model_version": "48px_v3.7_2024-01-10"
      }
    },
    {
      "type": "Feature",
      "geometry": {
        "type": "Point",
        "coordinates": [
          -2.153146631021291,
          5.286503353239245
        ]
      },
      "properties": {
        "probability": 0.9265039563179016,
        "lat": 5.286503353239245,
        "lon": -2.153146631021291,
        "region": "Tarkwa-Nsuaem",
        "detected_at": "2026-03-16T06:31:21.824785",
        "model_version": "48px_v3.7_2024-01-10"
      }
    },
    {
      "type": "Feature",
      "geometry": {
        "type": "Point",
        "coordinates": [
          -2.153146631021291,
          5.28432943261123
        ]
      },
      "properties": {
        "probability": 0.9983358383178711,
        "lat": 5.28432943261123,
        "lon": -2.153146631021291,
        "region": "Tarkwa-Nsuaem",
        "detected_at": "2026-03-16T06:31:21.824882",
        "model_version": "48px_v3.7_2024-01-10"
      }
    },
    {
      "type": "Feature",
      "geometry": {
        "type": "Point",
        "coordinates": [
          -2.153146631021291,
          5.282155511983216
        ]
      },
      "properties": {
        "probability": 0.996405303478241,
        "lat": 5.282155511983216,
        "lon": -2.153146631021291,
        "region": "Tarkwa-Nsuaem",
        "detected_at": "2026-03-16T06:31:21.824971",
        "model_version": "48px_v3.7_2024-01-10"
      }
    },
    {
      "type": "Feature",
      "geometry": {
        "type": "Point",
        "coordinates": [
          -2.153146631021291,
          5.27128590884315
        ]
      },
      "properties": {
        "probability": 0.9966694116592407,
        "lat": 5.27128590884315,
        "lon": -2.153146631021291,
        "region": "Tarkwa-Nsuaem",
        "detected_at": "2026-03-16T06:31:21.825060",
        "model_version": "48px_v3.7_2024-01-10"
      }
    },
    {
      "type": "Feature",
      "geometry": {
        "type": "Point",
        "coordinates": [
          -2.153146631021291,
          5.269111988215138
        ]
      },
      "properties": {
        "probability": 0.9991506338119507,
        "lat": 5.269111988215138,
        "lon": -2.153146631021291,
        "region": "Tarkwa-Nsuaem",
        "detected_at": "2026-03-16T06:31:21.825156",
        "model_version": "48px_v3.7_2024-01-10"
      }
    },
    {
      "type": "Feature",
      "geometry": {
        "type": "Point",
        "coordinates": [
          -2.153146631021291,
          5.266938067587125
        ]
      },
      "properties": {
        "probability": 0.8740999102592468,
        "lat": 5.266938067587125,
        "lon": -2.153146631021291,
        "region": "Tarkwa-Nsuaem",
        "detected_at": "2026-03-16T06:31:21.825245",
        "model_version": "48px_v3.7_2024-01-10"
      }
    },
    {
      "type": "Feature",
      "geometry": {
        "type": "Point",
        "coordinates": [
          -2.150977907846662,
          5.293025115123283
        ]
      },
      "properties": {
        "probability": 0.9846462607383728,
        "lat": 5.293025115123283,
        "lon": -2.150977907846662,
        "region": "Tarkwa-Nsuaem",
        "detected_at": "2026-03-16T06:31:21.825333",
        "model_version": "48px_v3.7_2024-01-10"
      }
    },
    {
      "type": "Feature",
      "geometry": {
        "type": "Point",
        "coordinates": [
          -2.150977907846662,
          5.2908511944952705
        ]
      },
      "properties": {
        "probability": 0.9991592168807983,
        "lat": 5.2908511944952705,
        "lon": -2.150977907846662,
        "region": "Tarkwa-Nsuaem",
        "detected_at": "2026-03-16T06:31:21.825422",
        "model_version": "48px_v3.7_2024-01-10"
      }
    },
    {
      "type": "Feature",
      "geometry": {
        "type": "Point",
        "coordinates": [
          -2.150977907846662,
          5.288677273867257
        ]
      },
      "properties": {
        "probability": 0.9701030254364014,
        "lat": 5.288677273867257,
        "lon": -2.150977907846662,
        "region": "Tarkwa-Nsuaem",
        "detected_at": "2026-03-16T06:31:21.825510",
        "model_version": "48px_v3.7_2024-01-10"
      }
    },
    {
      "type": "Feature",
      "geometry": {
        "type": "Point",
        "coordinates": [
          -2.150977907846662,
          5.27128590884315
        ]
      },
      "properties": {
        "probability": 0.973706066608429,
        "lat": 5.27128590884315,
        "lon": -2.150977907846662,
        "region": "Tarkwa-Nsuaem",
        "detected_at": "2026-03-16T06:31:21.825598",
        "model_version": "48px_v3.7_2024-01-10"
      }
    },
    {
      "type": "Feature",
      "geometry": {
        "type": "Point",
        "coordinates": [
          -2.150977907846662,
          5.269111988215138
        ]
      },
      "properties": {
        "probability": 0.8483936190605164,
        "lat": 5.269111988215138,
        "lon": -2.150977907846662,
        "region": "Tarkwa-Nsuaem",
        "detected_at": "2026-03-16T06:31:21.825708",
        "model_version": "48px_v3.7_2024-01-10"
      }
    },
    {
      "type": "Feature",
      "geometry": {
        "type": "Point",
        "coordinates": [
          -2.150977907846662,
          5.266938067587125
        ]
      },
      "properties": {
        "probability": 0.9503680467605591,
        "lat": 5.266938067587125,
        "lon": -2.150977907846662,
        "region": "Tarkwa-Nsuaem",
        "detected_at": "2026-03-16T06:31:21.825798",
        "model_version": "48px_v3.7_2024-01-10"
      }
    },
    {
      "type": "Feature",
      "geometry": {
        "type": "Point",
        "coordinates": [
          -2.150977907846662,
          5.264764146959111
        ]
      },
      "properties": {
        "probability": 0.9792954325675964,
        "lat": 5.264764146959111,
        "lon": -2.150977907846662,
        "region": "Tarkwa-Nsuaem",
        "detected_at": "2026-03-16T06:31:21.825889",
        "model_version": "48px_v3.7_2024-01-10"
      }
    },
    {
      "type": "Feature",
      "geometry": {
        "type": "Point",
        "coordinates": [
          -2.1488091846720323,
          5.266938067587124
        ]
      },
      "properties": {
        "probability": 0.825232982635498,
        "lat": 5.266938067587124,
        "lon": -2.1488091846720323,
        "region": "Tarkwa-Nsuaem",
        "detected_at": "2026-03-16T06:31:21.825979",
        "model_version": "48px_v3.7_2024-01-10"
      }
    },
    {
      "type": "Feature",
      "geometry": {
        "type": "Point",
        "coordinates": [
          -2.1488091846720323,
          5.264764146959112
        ]
      },
      "properties": {
        "probability": 0.9554170370101929,
        "lat": 5.264764146959112,
        "lon": -2.1488091846720323,
        "region": "Tarkwa-Nsuaem",
        "detected_at": "2026-03-16T06:31:21.826070",
        "model_version": "48px_v3.7_2024-01-10"
      }
    },
    {
      "type": "Feature",
      "geometry": {
        "type": "Point",
        "coordinates": [
          -2.1336281224496263,
          5.310416480147388
        ]
      },
      "properties": {
        "probability": 0.8345040678977966,
        "lat": 5.310416480147388,
        "lon": -2.1336281224496263,
        "region": "Tarkwa-Nsuaem",
        "detected_at": "2026-03-16T06:31:21.826159",
        "model_version": "48px_v3.7_2024-01-10"
      }
    },
    {
      "type": "Feature",
      "geometry": {
        "type": "Point",
        "coordinates": [
          -2.1184470602272207,
          5.299546877007322
        ]
      },
      "properties": {
        "probability": 0.8096093535423279,
        "lat": 5.299546877007322,
        "lon": -2.1184470602272207,
        "region": "Tarkwa-Nsuaem",
        "detected_at": "2026-03-16T06:31:21.826256",
        "model_version": "48px_v3.7_2024-01-10"
      }
    },
    {
      "type": "Feature",
      "geometry": {
        "type": "Point",
        "coordinates": [
          -2.042525701327719,
          5.381854590457722
        ]
      },
      "properties": {
        "probability": 0.890529453754425,
        "lat": 5.381854590457722,
        "lon": -2.042525701327719,
        "region": "Tarkwa-Nsuaem",
        "detected_at": "2026-03-16T06:31:21.826351",
        "model_version": "48px_v3.7_2024-01-10"
      }
    },
    {
      "type": "Feature",
      "geometry": {
        "type": "Point",
        "coordinates": [
          -2.1464964080411777,
          5.375489712813414
        ]
      },
      "properties": {
        "probability": 0.9315125942230225,
        "lat": 5.375489712813414,
        "lon": -2.1464964080411777,
        "region": "Tarkwa-Nsuaem",
        "detected_at": "2026-03-16T06:31:21.826443",
        "model_version": "48px_v3.7_2024-01-10"
      }
    },
    {
      "type": "Feature",
      "geometry": {
        "type": "Point",
        "coordinates": [
          -2.1464964080411777,
          5.373315740258406
        ]
      },
      "properties": {
        "probability": 0.9146755337715149,
        "lat": 5.373315740258406,
        "lon": -2.1464964080411777,
        "region": "Tarkwa-Nsuaem",
        "detected_at": "2026-03-16T06:31:21.826532",
        "model_version": "48px_v3.7_2024-01-10"
      }
    },
    {
      "type": "Feature",
      "geometry": {
        "type": "Point",
        "coordinates": [
          -2.1399889621095953,
          5.408099301138507
        ]
      },
      "properties": {
        "probability": 0.8215570449829102,
        "lat": 5.408099301138507,
        "lon": -2.1399889621095953,
        "region": "Tarkwa-Nsuaem",
        "detected_at": "2026-03-16T06:31:21.826638",
        "model_version": "48px_v3.7_2024-01-10"
      }
    },
    {
      "type": "Feature",
      "geometry": {
        "type": "Point",
        "coordinates": [
          -2.137819813465735,
          5.408099301138507
        ]
      },
      "properties": {
        "probability": 0.93381267786026,
        "lat": 5.408099301138507,
        "lon": -2.137819813465735,
        "region": "Tarkwa-Nsuaem",
        "detected_at": "2026-03-16T06:31:21.826734",
        "model_version": "48px_v3.7_2024-01-10"
      }
    },
    {
      "type": "Feature",
      "geometry": {
        "type": "Point",
        "coordinates": [
          -2.133481516178013,
          5.373315740258406
        ]
      },
      "properties": {
        "probability": 0.9792272448539734,
        "lat": 5.373315740258406,
        "lon": -2.133481516178013,
        "region": "Tarkwa-Nsuaem",
        "detected_at": "2026-03-16T06:31:21.826824",
        "model_version": "48px_v3.7_2024-01-10"
      }
    },
    {
      "type": "Feature",
      "geometry": {
        "type": "Point",
        "coordinates": [
          -2.133481516178013,
          5.3711417677034
        ]
      },
      "properties": {
        "probability": 0.9750321507453918,
        "lat": 5.3711417677034,
        "lon": -2.133481516178013,
        "region": "Tarkwa-Nsuaem",
        "detected_at": "2026-03-16T06:31:21.826912",
        "model_version": "48px_v3.7_2024-01-10"
      }
    },
    {
      "type": "Feature",
      "geometry": {
        "type": "Point",
        "coordinates": [
          -2.1313123675341528,
          5.373315740258406
        ]
      },
      "properties": {
        "probability": 0.9234955906867981,
        "lat": 5.373315740258406,
        "lon": -2.1313123675341528,
        "region": "Tarkwa-Nsuaem",
        "detected_at": "2026-03-16T06:31:21.827008",
        "model_version": "48px_v3.7_2024-01-10"
      }
    },
    {
      "type": "Feature",
      "geometry": {
        "type": "Point",
        "coordinates": [
          -2.1313123675341528,
          5.3711417677034
        ]
      },
      "properties": {
        "probability": 0.9919664263725281,
        "lat": 5.3711417677034,
        "lon": -2.1313123675341528,
        "region": "Tarkwa-Nsuaem",
        "detected_at": "2026-03-16T06:31:21.827098",
        "model_version": "48px_v3.7_2024-01-10"
      }
    },
    {
      "type": "Feature",
      "geometry": {
        "type": "Point",
        "coordinates": [
          -2.1313123675341528,
          5.368967795148394
        ]
      },
      "properties": {
        "probability": 0.9323416352272034,
        "lat": 5.368967795148394,
        "lon": -2.1313123675341528,
        "region": "Tarkwa-Nsuaem",
        "detected_at": "2026-03-16T06:31:21.827186",
        "model_version": "48px_v3.7_2024-01-10"
      }
    },
    {
      "type": "Feature",
      "geometry": {
        "type": "Point",
        "coordinates": [
          -2.1248049216025704,
          5.401577383473489
        ]
      },
      "properties": {
        "probability": 0.9165707230567932,
        "lat": 5.401577383473489,
        "lon": -2.1248049216025704,
        "region": "Tarkwa-Nsuaem",
        "detected_at": "2026-03-16T06:31:21.827275",
        "model_version": "48px_v3.7_2024-01-10"
      }
    },
    {
      "type": "Feature",
      "geometry": {
        "type": "Point",
        "coordinates": [
          -2.1248049216025704,
          5.399403410918483
        ]
      },
      "properties": {
        "probability": 0.8911761045455933,
        "lat": 5.399403410918483,
        "lon": -2.1248049216025704,
        "region": "Tarkwa-Nsuaem",
        "detected_at": "2026-03-16T06:31:21.827364",
        "model_version": "48px_v3.7_2024-01-10"
      }
    },
    {
      "type": "Feature",
      "geometry": {
        "type": "Point",
        "coordinates": [
          -2.1226357729587093,
          5.4037513560284935
        ]
      },
      "properties": {
        "probability": 0.9727381467819214,
        "lat": 5.4037513560284935,
        "lon": -2.1226357729587093,
        "region": "Tarkwa-Nsuaem",
        "detected_at": "2026-03-16T06:31:21.827454",
        "model_version": "48px_v3.7_2024-01-10"
      }
    },
    {
      "type": "Feature",
      "geometry": {
        "type": "Point",
        "coordinates": [
          -2.1226357729587093,
          5.401577383473488
        ]
      },
      "properties": {
        "probability": 0.9511001110076904,
        "lat": 5.401577383473488,
        "lon": -2.1226357729587093,
        "region": "Tarkwa-Nsuaem",
        "detected_at": "2026-03-16T06:31:21.827544",
        "model_version": "48px_v3.7_2024-01-10"
      }
    },
    {
      "type": "Feature",
      "geometry": {
        "type": "Point",
        "coordinates": [
          -2.1204666243148482,
          5.403751356028494
        ]
      },
      "properties": {
        "probability": 0.9617660045623779,
        "lat": 5.403751356028494,
        "lon": -2.1204666243148482,
        "region": "Tarkwa-Nsuaem",
        "detected_at": "2026-03-16T06:31:21.827653",
        "model_version": "48px_v3.7_2024-01-10"
      }
    },
    {
      "type": "Feature",
      "geometry": {
        "type": "Point",
        "coordinates": [
          -2.144399856396249,
          5.364692840821582
        ]
      },
      "properties": {
        "probability": 0.8390856981277466,
        "lat": 5.364692840821582,
        "lon": -2.144399856396249,
        "region": "Tarkwa-Nsuaem",
        "detected_at": "2026-03-16T06:31:21.827752",
        "model_version": "48px_v3.7_2024-01-10"
      }
    },
    {
      "type": "Feature",
      "geometry": {
        "type": "Point",
        "coordinates": [
          -2.1335551814052662,
          5.338605481537266
        ]
      },
      "properties": {
        "probability": 0.8767551183700562,
        "lat": 5.338605481537266,
        "lon": -2.1335551814052662,
        "region": "Tarkwa-Nsuaem",
        "detected_at": "2026-03-16T06:31:21.827843",
        "model_version": "48px_v3.7_2024-01-10"
      }
    },
    {
      "type": "Feature",
      "geometry": {
        "type": "Point",
        "coordinates": [
          -2.1335551814052667,
          5.32990969510916
        ]
      },
      "properties": {
        "probability": 0.87350994348526,
        "lat": 5.32990969510916,
        "lon": -2.1335551814052667,
        "region": "Tarkwa-Nsuaem",
        "detected_at": "2026-03-16T06:31:21.827931",
        "model_version": "48px_v3.7_2024-01-10"
      }
    },
    {
      "type": "Feature",
      "geometry": {
        "type": "Point",
        "coordinates": [
          -2.1335551814052662,
          5.327735748502135
        ]
      },
      "properties": {
        "probability": 0.9978750348091125,
        "lat": 5.327735748502135,
        "lon": -2.1335551814052662,
        "region": "Tarkwa-Nsuaem",
        "detected_at": "2026-03-16T06:31:21.828021",
        "model_version": "48px_v3.7_2024-01-10"
      }
    },
    {
      "type": "Feature",
      "geometry": {
        "type": "Point",
        "coordinates": [
          -2.1335551814052662,
          5.325561801895107
        ]
      },
      "properties": {
        "probability": 0.8671255111694336,
        "lat": 5.325561801895107,
        "lon": -2.1335551814052662,
        "region": "Tarkwa-Nsuaem",
        "detected_at": "2026-03-16T06:31:21.828112",
        "model_version": "48px_v3.7_2024-01-10"
      }
    },
    {
      "type": "Feature",
      "geometry": {
        "type": "Point",
        "coordinates": [
          -2.1335551814052667,
          5.321213908681056
        ]
      },
      "properties": {
        "probability": 0.9949056506156921,
        "lat": 5.321213908681056,
        "lon": -2.1335551814052667,
        "region": "Tarkwa-Nsuaem",
        "detected_at": "2026-03-16T06:31:21.828202",
        "model_version": "48px_v3.7_2024-01-10"
      }
    },
    {
      "type": "Feature",
      "geometry": {
        "type": "Point",
        "coordinates": [
          -2.1335551814052667,
          5.319039962074029
        ]
      },
      "properties": {
        "probability": 0.9999396204948425,
        "lat": 5.319039962074029,
        "lon": -2.1335551814052667,
        "region": "Tarkwa-Nsuaem",
        "detected_at": "2026-03-16T06:31:21.828302",
        "model_version": "48px_v3.7_2024-01-10"
      }
    },
    {
      "type": "Feature",
      "geometry": {
        "type": "Point",
        "coordinates": [
          -2.1335551814052662,
          5.316866015467003
        ]
      },
      "properties": {
        "probability": 0.9998554587364197,
        "lat": 5.316866015467003,
        "lon": -2.1335551814052662,
        "region": "Tarkwa-Nsuaem",
        "detected_at": "2026-03-16T06:31:21.828391",
        "model_version": "48px_v3.7_2024-01-10"
      }
    },
    {
      "type": "Feature",
      "geometry": {
        "type": "Point",
        "coordinates": [
          -2.131386246407069,
          5.327735748502135
        ]
      },
      "properties": {
        "probability": 0.9068405032157898,
        "lat": 5.327735748502135,
        "lon": -2.131386246407069,
        "region": "Tarkwa-Nsuaem",
        "detected_at": "2026-03-16T06:31:21.828480",
        "model_version": "48px_v3.7_2024-01-10"
      }
    },
    {
      "type": "Feature",
      "geometry": {
        "type": "Point",
        "coordinates": [
          -2.131386246407069,
          5.325561801895107
        ]
      },
      "properties": {
        "probability": 0.915938675403595,
        "lat": 5.325561801895107,
        "lon": -2.131386246407069,
        "region": "Tarkwa-Nsuaem",
        "detected_at": "2026-03-16T06:31:21.828569",
        "model_version": "48px_v3.7_2024-01-10"
      }
    },
    {
      "type": "Feature",
      "geometry": {
        "type": "Point",
        "coordinates": [
          -2.131386246407069,
          5.323387855288082
        ]
      },
      "properties": {
        "probability": 0.8541957139968872,
        "lat": 5.323387855288082,
        "lon": -2.131386246407069,
        "region": "Tarkwa-Nsuaem",
        "detected_at": "2026-03-16T06:31:21.828677",
        "model_version": "48px_v3.7_2024-01-10"
      }
    },
    {
      "type": "Feature",
      "geometry": {
        "type": "Point",
        "coordinates": [
          -2.131386246407069,
          5.321213908681056
        ]
      },
      "properties": {
        "probability": 0.9998782277107239,
        "lat": 5.321213908681056,
        "lon": -2.131386246407069,
        "region": "Tarkwa-Nsuaem",
        "detected_at": "2026-03-16T06:31:21.828776",
        "model_version": "48px_v3.7_2024-01-10"
      }
    },
    {
      "type": "Feature",
      "geometry": {
        "type": "Point",
        "coordinates": [
          -2.131386246407069,
          5.319039962074029
        ]
      },
      "properties": {
        "probability": 0.9999727606773376,
        "lat": 5.319039962074029,
        "lon": -2.131386246407069,
        "region": "Tarkwa-Nsuaem",
        "detected_at": "2026-03-16T06:31:21.828866",
        "model_version": "48px_v3.7_2024-01-10"
      }
    },
    {
      "type": "Feature",
      "geometry": {
        "type": "Point",
        "coordinates": [
          -2.131386246407069,
          5.316866015467003
        ]
      },
      "properties": {
        "probability": 0.9994993209838867,
        "lat": 5.316866015467003,
        "lon": -2.131386246407069,
        "region": "Tarkwa-Nsuaem",
        "detected_at": "2026-03-16T06:31:21.828955",
        "model_version": "48px_v3.7_2024-01-10"
      }
    },
    {
      "type": "Feature",
      "geometry": {
        "type": "Point",
        "coordinates": [
          -2.0859111179245198,
          5.316789538467553
        ]
      },
      "properties": {
        "probability": 0.8730694055557251,
        "lat": 5.316789538467553,
        "lon": -2.0859111179245198,
        "region": "Tarkwa-Nsuaem",
        "detected_at": "2026-03-16T06:31:21.829043",
        "model_version": "48px_v3.7_2024-01-10"
      }
    },
    {
      "type": "Feature",
      "geometry": {
        "type": "Point",
        "coordinates": [
          -2.083742030843943,
          5.318963637777372
        ]
      },
      "properties": {
        "probability": 0.8095460534095764,
        "lat": 5.318963637777372,
        "lon": -2.083742030843943,
        "region": "Tarkwa-Nsuaem",
        "detected_at": "2026-03-16T06:31:21.829143",
        "model_version": "48px_v3.7_2024-01-10"
      }
    },
    {
      "type": "Feature",
      "geometry": {
        "type": "Point",
        "coordinates": [
          -2.083742030843943,
          5.316789538467553
        ]
      },
      "properties": {
        "probability": 0.945461630821228,
        "lat": 5.316789538467553,
        "lon": -2.083742030843943,
        "region": "Tarkwa-Nsuaem",
        "detected_at": "2026-03-16T06:31:21.829239",
        "model_version": "48px_v3.7_2024-01-10"
      }
    },
    {
      "type": "Feature",
      "geometry": {
        "type": "Point",
        "coordinates": [
          -2.1141833607733007,
          5.297299496556852
        ]
      },
      "properties": {
        "probability": 0.8633424043655396,
        "lat": 5.297299496556852,
        "lon": -2.1141833607733007,
        "region": "Tarkwa-Nsuaem",
        "detected_at": "2026-03-16T06:31:21.829347",
        "model_version": "48px_v3.7_2024-01-10"
      }
    },
    {
      "type": "Feature",
      "geometry": {
        "type": "Point",
        "coordinates": [
          -2.094663499628031,
          5.308169854246305
        ]
      },
      "properties": {
        "probability": 0.9247580170631409,
        "lat": 5.308169854246305,
        "lon": -2.094663499628031,
        "region": "Tarkwa-Nsuaem",
        "detected_at": "2026-03-16T06:31:21.829437",
        "model_version": "48px_v3.7_2024-01-10"
      }
    },
    {
      "type": "Feature",
      "geometry": {
        "type": "Point",
        "coordinates": [
          -2.0924946261674457,
          5.308169854246305
        ]
      },
      "properties": {
        "probability": 0.9895639419555664,
        "lat": 5.308169854246305,
        "lon": -2.0924946261674457,
        "region": "Tarkwa-Nsuaem",
        "detected_at": "2026-03-16T06:31:21.829527",
        "model_version": "48px_v3.7_2024-01-10"
      }
    },
    {
      "type": "Feature",
      "geometry": {
        "type": "Point",
        "coordinates": [
          -2.072974765022176,
          5.299473568094743
        ]
      },
      "properties": {
        "probability": 0.8322892189025879,
        "lat": 5.299473568094743,
        "lon": -2.072974765022176,
        "region": "Tarkwa-Nsuaem",
        "detected_at": "2026-03-16T06:31:21.829632",
        "model_version": "48px_v3.7_2024-01-10"
      }
    },
    {
      "type": "Feature",
      "geometry": {
        "type": "Point",
        "coordinates": [
          -2.072974765022176,
          5.297299496556852
        ]
      },
      "properties": {
        "probability": 0.9429906010627747,
        "lat": 5.297299496556852,
        "lon": -2.072974765022176,
        "region": "Tarkwa-Nsuaem",
        "detected_at": "2026-03-16T06:31:21.829726",
        "model_version": "48px_v3.7_2024-01-10"
      }
    },
    {
      "type": "Feature",
      "geometry": {
        "type": "Point",
        "coordinates": [
          -2.070805891561591,
          5.299473568094743
        ]
      },
      "properties": {
        "probability": 0.9987832903862,
        "lat": 5.299473568094743,
        "lon": -2.070805891561591,
        "region": "Tarkwa-Nsuaem",
        "detected_at": "2026-03-16T06:31:21.829823",
        "model_version": "48px_v3.7_2024-01-10"
      }
    },
    {
      "type": "Feature",
      "geometry": {
        "type": "Point",
        "coordinates": [
          -2.070805891561591,
          5.28860321040529
        ]
      },
      "properties": {
        "probability": 0.8308088183403015,
        "lat": 5.28860321040529,
        "lon": -2.070805891561591,
        "region": "Tarkwa-Nsuaem",
        "detected_at": "2026-03-16T06:31:21.829914",
        "model_version": "48px_v3.7_2024-01-10"
      }
    },
    {
      "type": "Feature",
      "geometry": {
        "type": "Point",
        "coordinates": [
          -2.070805891561591,
          5.2864291388673985
        ]
      },
      "properties": {
        "probability": 0.9622354507446289,
        "lat": 5.2864291388673985,
        "lon": -2.070805891561591,
        "region": "Tarkwa-Nsuaem",
        "detected_at": "2026-03-16T06:31:21.830002",
        "model_version": "48px_v3.7_2024-01-10"
      }
    },
    {
      "type": "Feature",
      "geometry": {
        "type": "Point",
        "coordinates": [
          -2.068637018101005,
          5.299473568094743
        ]
      },
      "properties": {
        "probability": 0.9281591773033142,
        "lat": 5.299473568094743,
        "lon": -2.068637018101005,
        "region": "Tarkwa-Nsuaem",
        "detected_at": "2026-03-16T06:31:21.830101",
        "model_version": "48px_v3.7_2024-01-10"
      }
    },
    {
      "type": "Feature",
      "geometry": {
        "type": "Point",
        "coordinates": [
          -2.068637018101005,
          5.286429138867399
        ]
      },
      "properties": {
        "probability": 0.8169846534729004,
        "lat": 5.286429138867399,
        "lon": -2.068637018101005,
        "region": "Tarkwa-Nsuaem",
        "detected_at": "2026-03-16T06:31:21.830196",
        "model_version": "48px_v3.7_2024-01-10"
      }
    },
    {
      "type": "Feature",
      "geometry": {
        "type": "Point",
        "coordinates": [
          -2.1118650963731183,
          5.4058507243651075
        ]
      },
      "properties": {
        "probability": 0.8249067664146423,
        "lat": 5.4058507243651075,
        "lon": -2.1118650963731183,
        "region": "Tarkwa-Nsuaem",
        "detected_at": "2026-03-16T06:31:21.830285",
        "model_version": "48px_v3.7_2024-01-10"
      }
    },
    {
      "type": "Feature",
      "geometry": {
        "type": "Point",
        "coordinates": [
          -2.1529314034762734,
          5.451505463751039
        ]
      },
      "properties": {
        "probability": 0.8923648595809937,
        "lat": 5.451505463751039,
        "lon": -2.1529314034762734,
        "region": "Tarkwa-Nsuaem",
        "detected_at": "2026-03-16T06:31:21.830375",
        "model_version": "48px_v3.7_2024-01-10"
      }
    },
    {
      "type": "Feature",
      "geometry": {
        "type": "Point",
        "coordinates": [
          -2.1442539470262574,
          5.46454945458312
        ]
      },
      "properties": {
        "probability": 0.8235488533973694,
        "lat": 5.46454945458312,
        "lon": -2.1442539470262574,
        "region": "Tarkwa-Nsuaem",
        "detected_at": "2026-03-16T06:31:21.830464",
        "model_version": "48px_v3.7_2024-01-10"
      }
    },
    {
      "type": "Feature",
      "geometry": {
        "type": "Point",
        "coordinates": [
          -2.1420845829137534,
          5.46454945458312
        ]
      },
      "properties": {
        "probability": 0.9970393776893616,
        "lat": 5.46454945458312,
        "lon": -2.1420845829137534,
        "region": "Tarkwa-Nsuaem",
        "detected_at": "2026-03-16T06:31:21.830553",
        "model_version": "48px_v3.7_2024-01-10"
      }
    },
    {
      "type": "Feature",
      "geometry": {
        "type": "Point",
        "coordinates": [
          -2.1420845829137534,
          5.462375456111107
        ]
      },
      "properties": {
        "probability": 0.8955548405647278,
        "lat": 5.462375456111107,
        "lon": -2.1420845829137534,
        "region": "Tarkwa-Nsuaem",
        "detected_at": "2026-03-16T06:31:21.830668",
        "model_version": "48px_v3.7_2024-01-10"
      }
    },
    {
      "type": "Feature",
      "geometry": {
        "type": "Point",
        "coordinates": [
          -2.1312377623512333,
          5.45802745916708
        ]
      },
      "properties": {
        "probability": 0.973490297794342,
        "lat": 5.45802745916708,
        "lon": -2.1312377623512333,
        "region": "Tarkwa-Nsuaem",
        "detected_at": "2026-03-16T06:31:21.830768",
        "model_version": "48px_v3.7_2024-01-10"
      }
    },
    {
      "type": "Feature",
      "geometry": {
        "type": "Point",
        "coordinates": [
          -2.1290683982387293,
          5.466723453055133
        ]
      },
      "properties": {
        "probability": 0.9763148427009583,
        "lat": 5.466723453055133,
        "lon": -2.1290683982387293,
        "region": "Tarkwa-Nsuaem",
        "detected_at": "2026-03-16T06:31:21.830859",
        "model_version": "48px_v3.7_2024-01-10"
      }
    },
    {
      "type": "Feature",
      "geometry": {
        "type": "Point",
        "coordinates": [
          -2.1290683982387293,
          5.46454945458312
        ]
      },
      "properties": {
        "probability": 0.9998331069946289,
        "lat": 5.46454945458312,
        "lon": -2.1290683982387293,
        "region": "Tarkwa-Nsuaem",
        "detected_at": "2026-03-16T06:31:21.830947",
        "model_version": "48px_v3.7_2024-01-10"
      }
    },
    {
      "type": "Feature",
      "geometry": {
        "type": "Point",
        "coordinates": [
          -2.1290683982387293,
          5.462375456111107
        ]
      },
      "properties": {
        "probability": 0.999667227268219,
        "lat": 5.462375456111107,
        "lon": -2.1290683982387293,
        "region": "Tarkwa-Nsuaem",
        "detected_at": "2026-03-16T06:31:21.831036",
        "model_version": "48px_v3.7_2024-01-10"
      }
    },
    {
      "type": "Feature",
      "geometry": {
        "type": "Point",
        "coordinates": [
          -2.1290683982387293,
          5.460201457639093
        ]
      },
      "properties": {
        "probability": 0.999459445476532,
        "lat": 5.460201457639093,
        "lon": -2.1290683982387293,
        "region": "Tarkwa-Nsuaem",
        "detected_at": "2026-03-16T06:31:21.831126",
        "model_version": "48px_v3.7_2024-01-10"
      }
    },
    {
      "type": "Feature",
      "geometry": {
        "type": "Point",
        "coordinates": [
          -2.1290683982387293,
          5.45802745916708
        ]
      },
      "properties": {
        "probability": 0.9999558329582214,
        "lat": 5.45802745916708,
        "lon": -2.1290683982387293,
        "region": "Tarkwa-Nsuaem",
        "detected_at": "2026-03-16T06:31:21.831217",
        "model_version": "48px_v3.7_2024-01-10"
      }
    },
    {
      "type": "Feature",
      "geometry": {
        "type": "Point",
        "coordinates": [
          -2.1268990341262253,
          5.4688974515271465
        ]
      },
      "properties": {
        "probability": 0.9972142577171326,
        "lat": 5.4688974515271465,
        "lon": -2.1268990341262253,
        "region": "Tarkwa-Nsuaem",
        "detected_at": "2026-03-16T06:31:21.831306",
        "model_version": "48px_v3.7_2024-01-10"
      }
    },
    {
      "type": "Feature",
      "geometry": {
        "type": "Point",
        "coordinates": [
          -2.1268990341262253,
          5.466723453055133
        ]
      },
      "properties": {
        "probability": 0.9963452219963074,
        "lat": 5.466723453055133,
        "lon": -2.1268990341262253,
        "region": "Tarkwa-Nsuaem",
        "detected_at": "2026-03-16T06:31:21.831395",
        "model_version": "48px_v3.7_2024-01-10"
      }
    },
    {
      "type": "Feature",
      "geometry": {
        "type": "Point",
        "coordinates": [
          -2.1268990341262253,
          5.46454945458312
        ]
      },
      "properties": {
        "probability": 0.9999971985816956,
        "lat": 5.46454945458312,
        "lon": -2.1268990341262253,
        "region": "Tarkwa-Nsuaem",
        "detected_at": "2026-03-16T06:31:21.831484",
        "model_version": "48px_v3.7_2024-01-10"
      }
    },
    {
      "type": "Feature",
      "geometry": {
        "type": "Point",
        "coordinates": [
          -2.1268990341262253,
          5.462375456111107
        ]
      },
      "properties": {
        "probability": 0.9999966025352478,
        "lat": 5.462375456111107,
        "lon": -2.1268990341262253,
        "region": "Tarkwa-Nsuaem",
        "detected_at": "2026-03-16T06:31:21.831573",
        "model_version": "48px_v3.7_2024-01-10"
      }
    },
    {
      "type": "Feature",
      "geometry": {
        "type": "Point",
        "coordinates": [
          -2.1268990341262253,
          5.460201457639093
        ]
      },
      "properties": {
        "probability": 0.999579906463623,
        "lat": 5.460201457639093,
        "lon": -2.1268990341262253,
        "region": "Tarkwa-Nsuaem",
        "detected_at": "2026-03-16T06:31:21.831682",
        "model_version": "48px_v3.7_2024-01-10"
      }
    },
    {
      "type": "Feature",
      "geometry": {
        "type": "Point",
        "coordinates": [
          -2.1268990341262253,
          5.45802745916708
        ]
      },
      "properties": {
        "probability": 0.9746164083480835,
        "lat": 5.45802745916708,
        "lon": -2.1268990341262253,
        "region": "Tarkwa-Nsuaem",
        "detected_at": "2026-03-16T06:31:21.831776",
        "model_version": "48px_v3.7_2024-01-10"
      }
    },
    {
      "type": "Feature",
      "geometry": {
        "type": "Point",
        "coordinates": [
          -2.1268990341262253,
          5.4558534606950655
        ]
      },
      "properties": {
        "probability": 0.8286914229393005,
        "lat": 5.4558534606950655,
        "lon": -2.1268990341262253,
        "region": "Tarkwa-Nsuaem",
        "detected_at": "2026-03-16T06:31:21.831867",
        "model_version": "48px_v3.7_2024-01-10"
      }
    },
    {
      "type": "Feature",
      "geometry": {
        "type": "Point",
        "coordinates": [
          -2.1247296700137213,
          5.4688974515271465
        ]
      },
      "properties": {
        "probability": 0.9990836381912231,
        "lat": 5.4688974515271465,
        "lon": -2.1247296700137213,
        "region": "Tarkwa-Nsuaem",
        "detected_at": "2026-03-16T06:31:21.831956",
        "model_version": "48px_v3.7_2024-01-10"
      }
    },
    {
      "type": "Feature",
      "geometry": {
        "type": "Point",
        "coordinates": [
          -2.1247296700137213,
          5.466723453055133
        ]
      },
      "properties": {
        "probability": 0.9944111108779907,
        "lat": 5.466723453055133,
        "lon": -2.1247296700137213,
        "region": "Tarkwa-Nsuaem",
        "detected_at": "2026-03-16T06:31:21.832045",
        "model_version": "48px_v3.7_2024-01-10"
      }
    },
    {
      "type": "Feature",
      "geometry": {
        "type": "Point",
        "coordinates": [
          -2.1247296700137213,
          5.46454945458312
        ]
      },
      "properties": {
        "probability": 0.9996428489685059,
        "lat": 5.46454945458312,
        "lon": -2.1247296700137213,
        "region": "Tarkwa-Nsuaem",
        "detected_at": "2026-03-16T06:31:21.832134",
        "model_version": "48px_v3.7_2024-01-10"
      }
    },
    {
      "type": "Feature",
      "geometry": {
        "type": "Point",
        "coordinates": [
          -2.1247296700137213,
          5.462375456111107
        ]
      },
      "properties": {
        "probability": 0.9999818801879883,
        "lat": 5.462375456111107,
        "lon": -2.1247296700137213,
        "region": "Tarkwa-Nsuaem",
        "detected_at": "2026-03-16T06:31:21.832232",
        "model_version": "48px_v3.7_2024-01-10"
      }
    },
    {
      "type": "Feature",
      "geometry": {
        "type": "Point",
        "coordinates": [
          -2.1247296700137213,
          5.460201457639093
        ]
      },
      "properties": {
        "probability": 0.9996480941772461,
        "lat": 5.460201457639093,
        "lon": -2.1247296700137213,
        "region": "Tarkwa-Nsuaem",
        "detected_at": "2026-03-16T06:31:21.832329",
        "model_version": "48px_v3.7_2024-01-10"
      }
    },
    {
      "type": "Feature",
      "geometry": {
        "type": "Point",
        "coordinates": [
          -2.1247296700137213,
          5.45802745916708
        ]
      },
      "properties": {
        "probability": 0.9967504739761353,
        "lat": 5.45802745916708,
        "lon": -2.1247296700137213,
        "region": "Tarkwa-Nsuaem",
        "detected_at": "2026-03-16T06:31:21.832424",
        "model_version": "48px_v3.7_2024-01-10"
      }
    },
    {
      "type": "Feature",
      "geometry": {
        "type": "Point",
        "coordinates": [
          -2.1247296700137213,
          5.4558534606950655
        ]
      },
      "properties": {
        "probability": 0.8236452341079712,
        "lat": 5.4558534606950655,
        "lon": -2.1247296700137213,
        "region": "Tarkwa-Nsuaem",
        "detected_at": "2026-03-16T06:31:21.832513",
        "model_version": "48px_v3.7_2024-01-10"
      }
    },
    {
      "type": "Feature",
      "geometry": {
        "type": "Point",
        "coordinates": [
          -2.1247296700137213,
          5.451505463751039
        ]
      },
      "properties": {
        "probability": 0.8058521747589111,
        "lat": 5.451505463751039,
        "lon": -2.1247296700137213,
        "region": "Tarkwa-Nsuaem",
        "detected_at": "2026-03-16T06:31:21.832617",
        "model_version": "48px_v3.7_2024-01-10"
      }
    },
    {
      "type": "Feature",
      "geometry": {
        "type": "Point",
        "coordinates": [
          -2.1225603059012172,
          5.4688974515271465
        ]
      },
      "properties": {
        "probability": 0.9069043397903442,
        "lat": 5.4688974515271465,
        "lon": -2.1225603059012172,
        "region": "Tarkwa-Nsuaem",
        "detected_at": "2026-03-16T06:31:21.832721",
        "model_version": "48px_v3.7_2024-01-10"
      }
    },
    {
      "type": "Feature",
      "geometry": {
        "type": "Point",
        "coordinates": [
          -2.1225603059012172,
          5.466723453055133
        ]
      },
      "properties": {
        "probability": 0.995400607585907,
        "lat": 5.466723453055133,
        "lon": -2.1225603059012172,
        "region": "Tarkwa-Nsuaem",
        "detected_at": "2026-03-16T06:31:21.832812",
        "model_version": "48px_v3.7_2024-01-10"
      }
    },
    {
      "type": "Feature",
      "geometry": {
        "type": "Point",
        "coordinates": [
          -2.1225603059012172,
          5.46454945458312
        ]
      },
      "properties": {
        "probability": 0.9999890327453613,
        "lat": 5.46454945458312,
        "lon": -2.1225603059012172,
        "region": "Tarkwa-Nsuaem",
        "detected_at": "2026-03-16T06:31:21.832900",
        "model_version": "48px_v3.7_2024-01-10"
      }
    },
    {
      "type": "Feature",
      "geometry": {
        "type": "Point",
        "coordinates": [
          -2.1225603059012172,
          5.462375456111107
        ]
      },
      "properties": {
        "probability": 0.9999977350234985,
        "lat": 5.462375456111107,
        "lon": -2.1225603059012172,
        "region": "Tarkwa-Nsuaem",
        "detected_at": "2026-03-16T06:31:21.832988",
        "model_version": "48px_v3.7_2024-01-10"
      }
    },
    {
      "type": "Feature",
      "geometry": {
        "type": "Point",
        "coordinates": [
          -2.1225603059012172,
          5.460201457639093
        ]
      },
      "properties": {
        "probability": 0.9998340010643005,
        "lat": 5.460201457639093,
        "lon": -2.1225603059012172,
        "region": "Tarkwa-Nsuaem",
        "detected_at": "2026-03-16T06:31:21.833077",
        "model_version": "48px_v3.7_2024-01-10"
      }
    },
    {
      "type": "Feature",
      "geometry": {
        "type": "Point",
        "coordinates": [
          -2.1225603059012172,
          5.45802745916708
        ]
      },
      "properties": {
        "probability": 0.9471787810325623,
        "lat": 5.45802745916708,
        "lon": -2.1225603059012172,
        "region": "Tarkwa-Nsuaem",
        "detected_at": "2026-03-16T06:31:21.833166",
        "model_version": "48px_v3.7_2024-01-10"
      }
    },
    {
      "type": "Feature",
      "geometry": {
        "type": "Point",
        "coordinates": [
          -2.1225603059012172,
          5.440635471390972
        ]
      },
      "properties": {
        "probability": 0.8865200877189636,
        "lat": 5.440635471390972,
        "lon": -2.1225603059012172,
        "region": "Tarkwa-Nsuaem",
        "detected_at": "2026-03-16T06:31:21.833254",
        "model_version": "48px_v3.7_2024-01-10"
      }
    },
    {
      "type": "Feature",
      "geometry": {
        "type": "Point",
        "coordinates": [
          -2.120390941788713,
          5.4688974515271465
        ]
      },
      "properties": {
        "probability": 0.843032956123352,
        "lat": 5.4688974515271465,
        "lon": -2.120390941788713,
        "region": "Tarkwa-Nsuaem",
        "detected_at": "2026-03-16T06:31:21.833343",
        "model_version": "48px_v3.7_2024-01-10"
      }
    },
    {
      "type": "Feature",
      "geometry": {
        "type": "Point",
        "coordinates": [
          -2.120390941788713,
          5.466723453055133
        ]
      },
      "properties": {
        "probability": 0.9999904036521912,
        "lat": 5.466723453055133,
        "lon": -2.120390941788713,
        "region": "Tarkwa-Nsuaem",
        "detected_at": "2026-03-16T06:31:21.833430",
        "model_version": "48px_v3.7_2024-01-10"
      }
    },
    {
      "type": "Feature",
      "geometry": {
        "type": "Point",
        "coordinates": [
          -2.120390941788713,
          5.46454945458312
        ]
      },
      "properties": {
        "probability": 0.9999883770942688,
        "lat": 5.46454945458312,
        "lon": -2.120390941788713,
        "region": "Tarkwa-Nsuaem",
        "detected_at": "2026-03-16T06:31:21.833518",
        "model_version": "48px_v3.7_2024-01-10"
      }
    },
    {
      "type": "Feature",
      "geometry": {
        "type": "Point",
        "coordinates": [
          -2.120390941788713,
          5.462375456111107
        ]
      },
      "properties": {
        "probability": 0.9867790341377258,
        "lat": 5.462375456111107,
        "lon": -2.120390941788713,
        "region": "Tarkwa-Nsuaem",
        "detected_at": "2026-03-16T06:31:21.833622",
        "model_version": "48px_v3.7_2024-01-10"
      }
    },
    {
      "type": "Feature",
      "geometry": {
        "type": "Point",
        "coordinates": [
          -2.120390941788713,
          5.440635471390972
        ]
      },
      "properties": {
        "probability": 0.9959642291069031,
        "lat": 5.440635471390972,
        "lon": -2.120390941788713,
        "region": "Tarkwa-Nsuaem",
        "detected_at": "2026-03-16T06:31:21.833725",
        "model_version": "48px_v3.7_2024-01-10"
      }
    },
    {
      "type": "Feature",
      "geometry": {
        "type": "Point",
        "coordinates": [
          -2.120390941788713,
          5.438461472918958
        ]
      },
      "properties": {
        "probability": 0.9970701336860657,
        "lat": 5.438461472918958,
        "lon": -2.120390941788713,
        "region": "Tarkwa-Nsuaem",
        "detected_at": "2026-03-16T06:31:21.833814",
        "model_version": "48px_v3.7_2024-01-10"
      }
    },
    {
      "type": "Feature",
      "geometry": {
        "type": "Point",
        "coordinates": [
          -2.118221577676209,
          5.4688974515271465
        ]
      },
      "properties": {
        "probability": 0.9441447257995605,
        "lat": 5.4688974515271465,
        "lon": -2.118221577676209,
        "region": "Tarkwa-Nsuaem",
        "detected_at": "2026-03-16T06:31:21.833902",
        "model_version": "48px_v3.7_2024-01-10"
      }
    },
    {
      "type": "Feature",
      "geometry": {
        "type": "Point",
        "coordinates": [
          -2.118221577676209,
          5.466723453055133
        ]
      },
      "properties": {
        "probability": 0.9918521642684937,
        "lat": 5.466723453055133,
        "lon": -2.118221577676209,
        "region": "Tarkwa-Nsuaem",
        "detected_at": "2026-03-16T06:31:21.833989",
        "model_version": "48px_v3.7_2024-01-10"
      }
    },
    {
      "type": "Feature",
      "geometry": {
        "type": "Point",
        "coordinates": [
          -2.118221577676209,
          5.46454945458312
        ]
      },
      "properties": {
        "probability": 0.9085977077484131,
        "lat": 5.46454945458312,
        "lon": -2.118221577676209,
        "region": "Tarkwa-Nsuaem",
        "detected_at": "2026-03-16T06:31:21.834077",
        "model_version": "48px_v3.7_2024-01-10"
      }
    },
    {
      "type": "Feature",
      "geometry": {
        "type": "Point",
        "coordinates": [
          -2.118221577676209,
          5.438461472918958
        ]
      },
      "properties": {
        "probability": 0.8694642186164856,
        "lat": 5.438461472918958,
        "lon": -2.118221577676209,
        "region": "Tarkwa-Nsuaem",
        "detected_at": "2026-03-16T06:31:21.834166",
        "model_version": "48px_v3.7_2024-01-10"
      }
    },
    {
      "type": "Feature",
      "geometry": {
        "type": "Point",
        "coordinates": [
          -2.1139588072375153,
          5.468822905470777
        ]
      },
      "properties": {
        "probability": 0.9361173510551453,
        "lat": 5.468822905470777,
        "lon": -2.1139588072375153,
        "region": "Tarkwa-Nsuaem",
        "detected_at": "2026-03-16T06:31:21.834263",
        "model_version": "48px_v3.7_2024-01-10"
      }
    },
    {
      "type": "Feature",
      "geometry": {
        "type": "Point",
        "coordinates": [
          -2.1139588072375153,
          5.466648750709415
        ]
      },
      "properties": {
        "probability": 0.8013595938682556,
        "lat": 5.466648750709415,
        "lon": -2.1139588072375153,
        "region": "Tarkwa-Nsuaem",
        "detected_at": "2026-03-16T06:31:21.834395",
        "model_version": "48px_v3.7_2024-01-10"
      }
    },
    {
      "type": "Feature",
      "geometry": {
        "type": "Point",
        "coordinates": [
          -2.1139588072375153,
          5.42099150072081
        ]
      },
      "properties": {
        "probability": 0.9777843952178955,
        "lat": 5.42099150072081,
        "lon": -2.1139588072375153,
        "region": "Tarkwa-Nsuaem",
        "detected_at": "2026-03-16T06:31:21.834485",
        "model_version": "48px_v3.7_2024-01-10"
      }
    },
    {
      "type": "Feature",
      "geometry": {
        "type": "Point",
        "coordinates": [
          -2.111789287447903,
          5.42316565548217
        ]
      },
      "properties": {
        "probability": 0.809908926486969,
        "lat": 5.42316565548217,
        "lon": -2.111789287447903,
        "region": "Tarkwa-Nsuaem",
        "detected_at": "2026-03-16T06:31:21.834574",
        "model_version": "48px_v3.7_2024-01-10"
      }
    },
    {
      "type": "Feature",
      "geometry": {
        "type": "Point",
        "coordinates": [
          -2.103111208289455,
          5.44273304833443
        ]
      },
      "properties": {
        "probability": 0.8994569778442383,
        "lat": 5.44273304833443,
        "lon": -2.103111208289455,
        "region": "Tarkwa-Nsuaem",
        "detected_at": "2026-03-16T06:31:21.834683",
        "model_version": "48px_v3.7_2024-01-10"
      }
    },
    {
      "type": "Feature",
      "geometry": {
        "type": "Point",
        "coordinates": [
          -2.0857550499725597,
          5.46230044118669
        ]
      },
      "properties": {
        "probability": 0.8777418732643127,
        "lat": 5.46230044118669,
        "lon": -2.0857550499725597,
        "region": "Tarkwa-Nsuaem",
        "detected_at": "2026-03-16T06:31:21.834774",
        "model_version": "48px_v3.7_2024-01-10"
      }
    },
    {
      "type": "Feature",
      "geometry": {
        "type": "Point",
        "coordinates": [
          -2.0857550499725592,
          5.460126286425329
        ]
      },
      "properties": {
        "probability": 0.998420000076294,
        "lat": 5.460126286425329,
        "lon": -2.0857550499725592,
        "region": "Tarkwa-Nsuaem",
        "detected_at": "2026-03-16T06:31:21.834863",
        "model_version": "48px_v3.7_2024-01-10"
      }
    },
    {
      "type": "Feature",
      "geometry": {
        "type": "Point",
        "coordinates": [
          -2.0857550499725592,
          5.4579521316639665
        ]
      },
      "properties": {
        "probability": 0.9155889749526978,
        "lat": 5.4579521316639665,
        "lon": -2.0857550499725592,
        "region": "Tarkwa-Nsuaem",
        "detected_at": "2026-03-16T06:31:21.834952",
        "model_version": "48px_v3.7_2024-01-10"
      }
    },
    {
      "type": "Feature",
      "geometry": {
        "type": "Point",
        "coordinates": [
          -2.081416010393336,
          5.46230044118669
        ]
      },
      "properties": {
        "probability": 0.8664698004722595,
        "lat": 5.46230044118669,
        "lon": -2.081416010393336,
        "region": "Tarkwa-Nsuaem",
        "detected_at": "2026-03-16T06:31:21.835042",
        "model_version": "48px_v3.7_2024-01-10"
      }
    },
    {
      "type": "Feature",
      "geometry": {
        "type": "Point",
        "coordinates": [
          -2.0770769708141117,
          5.460126286425328
        ]
      },
      "properties": {
        "probability": 0.9317495226860046,
        "lat": 5.460126286425328,
        "lon": -2.0770769708141117,
        "region": "Tarkwa-Nsuaem",
        "detected_at": "2026-03-16T06:31:21.835132",
        "model_version": "48px_v3.7_2024-01-10"
      }
    },
    {
      "type": "Feature",
      "geometry": {
        "type": "Point",
        "coordinates": [
          -2.1138824746832583,
          5.505705082888564
        ]
      },
      "properties": {
        "probability": 0.852624773979187,
        "lat": 5.505705082888564,
        "lon": -2.1138824746832583,
        "region": "Tarkwa-Nsuaem",
        "detected_at": "2026-03-16T06:31:21.835229",
        "model_version": "48px_v3.7_2024-01-10"
      }
    },
    {
      "type": "Feature",
      "geometry": {
        "type": "Point",
        "coordinates": [
          -2.1138824746832583,
          5.50353090044746
        ]
      },
      "properties": {
        "probability": 0.999408483505249,
        "lat": 5.50353090044746,
        "lon": -2.1138824746832583,
        "region": "Tarkwa-Nsuaem",
        "detected_at": "2026-03-16T06:31:21.835327",
        "model_version": "48px_v3.7_2024-01-10"
      }
    },
    {
      "type": "Feature",
      "geometry": {
        "type": "Point",
        "coordinates": [
          -2.1138824746832583,
          5.501356718006357
        ]
      },
      "properties": {
        "probability": 0.9903876781463623,
        "lat": 5.501356718006357,
        "lon": -2.1138824746832583,
        "region": "Tarkwa-Nsuaem",
        "detected_at": "2026-03-16T06:31:21.835417",
        "model_version": "48px_v3.7_2024-01-10"
      }
    },
    {
      "type": "Feature",
      "geometry": {
        "type": "Point",
        "coordinates": [
          -2.1138824746832583,
          5.499182535565255
        ]
      },
      "properties": {
        "probability": 0.9999997019767761,
        "lat": 5.499182535565255,
        "lon": -2.1138824746832583,
        "region": "Tarkwa-Nsuaem",
        "detected_at": "2026-03-16T06:31:21.835506",
        "model_version": "48px_v3.7_2024-01-10"
      }
    },
    {
      "type": "Feature",
      "geometry": {
        "type": "Point",
        "coordinates": [
          -2.1138824746832583,
          5.497008353124149
        ]
      },
      "properties": {
        "probability": 1.0,
        "lat": 5.497008353124149,
        "lon": -2.1138824746832583,
        "region": "Tarkwa-Nsuaem",
        "detected_at": "2026-03-16T06:31:21.835595",
        "model_version": "48px_v3.7_2024-01-10"
      }
    },
    {
      "type": "Feature",
      "geometry": {
        "type": "Point",
        "coordinates": [
          -2.1138824746832583,
          5.494834170683046
        ]
      },
      "properties": {
        "probability": 0.9999991655349731,
        "lat": 5.494834170683046,
        "lon": -2.1138824746832583,
        "region": "Tarkwa-Nsuaem",
        "detected_at": "2026-03-16T06:31:21.835707",
        "model_version": "48px_v3.7_2024-01-10"
      }
    },
    {
      "type": "Feature",
      "geometry": {
        "type": "Point",
        "coordinates": [
          -2.1138824746832583,
          5.492659988241943
        ]
      },
      "properties": {
        "probability": 0.9999368190765381,
        "lat": 5.492659988241943,
        "lon": -2.1138824746832583,
        "region": "Tarkwa-Nsuaem",
        "detected_at": "2026-03-16T06:31:21.835804",
        "model_version": "48px_v3.7_2024-01-10"
      }
    },
    {
      "type": "Feature",
      "geometry": {
        "type": "Point",
        "coordinates": [
          -2.1138824746832583,
          5.490485805800839
        ]
      },
      "properties": {
        "probability": 0.9996493458747864,
        "lat": 5.490485805800839,
        "lon": -2.1138824746832583,
        "region": "Tarkwa-Nsuaem",
        "detected_at": "2026-03-16T06:31:21.835896",
        "model_version": "48px_v3.7_2024-01-10"
      }
    },
    {
      "type": "Feature",
      "geometry": {
        "type": "Point",
        "coordinates": [
          -2.1138824746832583,
          5.488311623359736
        ]
      },
      "properties": {
        "probability": 0.9519273638725281,
        "lat": 5.488311623359736,
        "lon": -2.1138824746832583,
        "region": "Tarkwa-Nsuaem",
        "detected_at": "2026-03-16T06:31:21.835986",
        "model_version": "48px_v3.7_2024-01-10"
      }
    },
    {
      "type": "Feature",
      "geometry": {
        "type": "Point",
        "coordinates": [
          -2.1138824746832583,
          5.4861374409186325
        ]
      },
      "properties": {
        "probability": 0.9960327744483948,
        "lat": 5.4861374409186325,
        "lon": -2.1138824746832583,
        "region": "Tarkwa-Nsuaem",
        "detected_at": "2026-03-16T06:31:21.836082",
        "model_version": "48px_v3.7_2024-01-10"
      }
    },
    {
      "type": "Feature",
      "geometry": {
        "type": "Point",
        "coordinates": [
          -2.1138824746832583,
          5.483963258477528
        ]
      },
      "properties": {
        "probability": 0.999922513961792,
        "lat": 5.483963258477528,
        "lon": -2.1138824746832583,
        "region": "Tarkwa-Nsuaem",
        "detected_at": "2026-03-16T06:31:21.836171",
        "model_version": "48px_v3.7_2024-01-10"
      }
    },
    {
      "type": "Feature",
      "geometry": {
        "type": "Point",
        "coordinates": [
          -2.1138824746832583,
          5.481789076036426
        ]
      },
      "properties": {
        "probability": 0.9995044469833374,
        "lat": 5.481789076036426,
        "lon": -2.1138824746832583,
        "region": "Tarkwa-Nsuaem",
        "detected_at": "2026-03-16T06:31:21.836261",
        "model_version": "48px_v3.7_2024-01-10"
      }
    },
    {
      "type": "Feature",
      "geometry": {
        "type": "Point",
        "coordinates": [
          -2.1138824746832583,
          5.479614893595321
        ]
      },
      "properties": {
        "probability": 0.9006465673446655,
        "lat": 5.479614893595321,
        "lon": -2.1138824746832583,
        "region": "Tarkwa-Nsuaem",
        "detected_at": "2026-03-16T06:31:21.836349",
        "model_version": "48px_v3.7_2024-01-10"
      }
    },
    {
      "type": "Feature",
      "geometry": {
        "type": "Point",
        "coordinates": [
          -2.1117127358028114,
          5.501356718006357
        ]
      },
      "properties": {
        "probability": 0.995502769947052,
        "lat": 5.501356718006357,
        "lon": -2.1117127358028114,
        "region": "Tarkwa-Nsuaem",
        "detected_at": "2026-03-16T06:31:21.836439",
        "model_version": "48px_v3.7_2024-01-10"
      }
    },
    {
      "type": "Feature",
      "geometry": {
        "type": "Point",
        "coordinates": [
          -2.1117127358028114,
          5.499182535565255
        ]
      },
      "properties": {
        "probability": 0.9999998807907104,
        "lat": 5.499182535565255,
        "lon": -2.1117127358028114,
        "region": "Tarkwa-Nsuaem",
        "detected_at": "2026-03-16T06:31:21.836530",
        "model_version": "48px_v3.7_2024-01-10"
      }
    },
    {
      "type": "Feature",
      "geometry": {
        "type": "Point",
        "coordinates": [
          -2.1117127358028114,
          5.497008353124149
        ]
      },
      "properties": {
        "probability": 0.9999945163726807,
        "lat": 5.497008353124149,
        "lon": -2.1117127358028114,
        "region": "Tarkwa-Nsuaem",
        "detected_at": "2026-03-16T06:31:21.836637",
        "model_version": "48px_v3.7_2024-01-10"
      }
    },
    {
      "type": "Feature",
      "geometry": {
        "type": "Point",
        "coordinates": [
          -2.111712735802812,
          5.494834170683046
        ]
      },
      "properties": {
        "probability": 0.9999590516090393,
        "lat": 5.494834170683046,
        "lon": -2.111712735802812,
        "region": "Tarkwa-Nsuaem",
        "detected_at": "2026-03-16T06:31:21.836738",
        "model_version": "48px_v3.7_2024-01-10"
      }
    },
    {
      "type": "Feature",
      "geometry": {
        "type": "Point",
        "coordinates": [
          -2.1117127358028114,
          5.492659988241943
        ]
      },
      "properties": {
        "probability": 0.9999973773956299,
        "lat": 5.492659988241943,
        "lon": -2.1117127358028114,
        "region": "Tarkwa-Nsuaem",
        "detected_at": "2026-03-16T06:31:21.836828",
        "model_version": "48px_v3.7_2024-01-10"
      }
    },
    {
      "type": "Feature",
      "geometry": {
        "type": "Point",
        "coordinates": [
          -2.1117127358028114,
          5.490485805800839
        ]
      },
      "properties": {
        "probability": 0.9999995827674866,
        "lat": 5.490485805800839,
        "lon": -2.1117127358028114,
        "region": "Tarkwa-Nsuaem",
        "detected_at": "2026-03-16T06:31:21.836917",
        "model_version": "48px_v3.7_2024-01-10"
      }
    },
    {
      "type": "Feature",
      "geometry": {
        "type": "Point",
        "coordinates": [
          -2.111712735802812,
          5.488311623359736
        ]
      },
      "properties": {
        "probability": 0.9999991059303284,
        "lat": 5.488311623359736,
        "lon": -2.111712735802812,
        "region": "Tarkwa-Nsuaem",
        "detected_at": "2026-03-16T06:31:21.837005",
        "model_version": "48px_v3.7_2024-01-10"
      }
    },
    {
      "type": "Feature",
      "geometry": {
        "type": "Point",
        "coordinates": [
          -2.1117127358028114,
          5.4861374409186325
        ]
      },
      "properties": {
        "probability": 0.999999463558197,
        "lat": 5.4861374409186325,
        "lon": -2.1117127358028114,
        "region": "Tarkwa-Nsuaem",
        "detected_at": "2026-03-16T06:31:21.837102",
        "model_version": "48px_v3.7_2024-01-10"
      }
    },
    {
      "type": "Feature",
      "geometry": {
        "type": "Point",
        "coordinates": [
          -2.1117127358028114,
          5.483963258477528
        ]
      },
      "properties": {
        "probability": 0.9996805191040039,
        "lat": 5.483963258477528,
        "lon": -2.1117127358028114,
        "region": "Tarkwa-Nsuaem",
        "detected_at": "2026-03-16T06:31:21.837189",
        "model_version": "48px_v3.7_2024-01-10"
      }
    },
    {
      "type": "Feature",
      "geometry": {
        "type": "Point",
        "coordinates": [
          -2.1095429969223645,
          5.501356718006357
        ]
      },
      "properties": {
        "probability": 0.8591830134391785,
        "lat": 5.501356718006357,
        "lon": -2.1095429969223645,
        "region": "Tarkwa-Nsuaem",
        "detected_at": "2026-03-16T06:31:21.837276",
        "model_version": "48px_v3.7_2024-01-10"
      }
    },
    {
      "type": "Feature",
      "geometry": {
        "type": "Point",
        "coordinates": [
          -2.1095429969223645,
          5.499182535565255
        ]
      },
      "properties": {
        "probability": 0.9999906420707703,
        "lat": 5.499182535565255,
        "lon": -2.1095429969223645,
        "region": "Tarkwa-Nsuaem",
        "detected_at": "2026-03-16T06:31:21.837363",
        "model_version": "48px_v3.7_2024-01-10"
      }
    },
    {
      "type": "Feature",
      "geometry": {
        "type": "Point",
        "coordinates": [
          -2.1095429969223645,
          5.497008353124149
        ]
      },
      "properties": {
        "probability": 0.9999998807907104,
        "lat": 5.497008353124149,
        "lon": -2.1095429969223645,
        "region": "Tarkwa-Nsuaem",
        "detected_at": "2026-03-16T06:31:21.837451",
        "model_version": "48px_v3.7_2024-01-10"
      }
    },
    {
      "type": "Feature",
      "geometry": {
        "type": "Point",
        "coordinates": [
          -2.1095429969223645,
          5.494834170683046
        ]
      },
      "properties": {
        "probability": 0.9997519254684448,
        "lat": 5.494834170683046,
        "lon": -2.1095429969223645,
        "region": "Tarkwa-Nsuaem",
        "detected_at": "2026-03-16T06:31:21.837539",
        "model_version": "48px_v3.7_2024-01-10"
      }
    },
    {
      "type": "Feature",
      "geometry": {
        "type": "Point",
        "coordinates": [
          -2.1095429969223645,
          5.492659988241943
        ]
      },
      "properties": {
        "probability": 1.0,
        "lat": 5.492659988241943,
        "lon": -2.1095429969223645,
        "region": "Tarkwa-Nsuaem",
        "detected_at": "2026-03-16T06:31:21.837647",
        "model_version": "48px_v3.7_2024-01-10"
      }
    },
    {
      "type": "Feature",
      "geometry": {
        "type": "Point",
        "coordinates": [
          -2.1095429969223645,
          5.490485805800839
        ]
      },
      "properties": {
        "probability": 1.0,
        "lat": 5.490485805800839,
        "lon": -2.1095429969223645,
        "region": "Tarkwa-Nsuaem",
        "detected_at": "2026-03-16T06:31:21.837741",
        "model_version": "48px_v3.7_2024-01-10"
      }
    },
    {
      "type": "Feature",
      "geometry": {
        "type": "Point",
        "coordinates": [
          -2.1095429969223645,
          5.488311623359736
        ]
      },
      "properties": {
        "probability": 0.9999996423721313,
        "lat": 5.488311623359736,
        "lon": -2.1095429969223645,
        "region": "Tarkwa-Nsuaem",
        "detected_at": "2026-03-16T06:31:21.837830",
        "model_version": "48px_v3.7_2024-01-10"
      }
    },
    {
      "type": "Feature",
      "geometry": {
        "type": "Point",
        "coordinates": [
          -2.1095429969223645,
          5.4861374409186325
        ]
      },
      "properties": {
        "probability": 0.9999918937683105,
        "lat": 5.4861374409186325,
        "lon": -2.1095429969223645,
        "region": "Tarkwa-Nsuaem",
        "detected_at": "2026-03-16T06:31:21.837926",
        "model_version": "48px_v3.7_2024-01-10"
      }
    },
    {
      "type": "Feature",
      "geometry": {
        "type": "Point",
        "coordinates": [
          -2.1095429969223645,
          5.483963258477528
        ]
      },
      "properties": {
        "probability": 0.9761070013046265,
        "lat": 5.483963258477528,
        "lon": -2.1095429969223645,
        "region": "Tarkwa-Nsuaem",
        "detected_at": "2026-03-16T06:31:21.838015",
        "model_version": "48px_v3.7_2024-01-10"
      }
    },
    {
      "type": "Feature",
      "geometry": {
        "type": "Point",
        "coordinates": [
          -2.1073732580419176,
          5.497008353124149
        ]
      },
      "properties": {
        "probability": 0.9999110698699951,
        "lat": 5.497008353124149,
        "lon": -2.1073732580419176,
        "region": "Tarkwa-Nsuaem",
        "detected_at": "2026-03-16T06:31:21.838113",
        "model_version": "48px_v3.7_2024-01-10"
      }
    },
    {
      "type": "Feature",
      "geometry": {
        "type": "Point",
        "coordinates": [
          -2.1073732580419176,
          5.494834170683046
        ]
      },
      "properties": {
        "probability": 0.999965250492096,
        "lat": 5.494834170683046,
        "lon": -2.1073732580419176,
        "region": "Tarkwa-Nsuaem",
        "detected_at": "2026-03-16T06:31:21.838214",
        "model_version": "48px_v3.7_2024-01-10"
      }
    },
    {
      "type": "Feature",
      "geometry": {
        "type": "Point",
        "coordinates": [
          -2.1073732580419176,
          5.492659988241943
        ]
      },
      "properties": {
        "probability": 0.999998927116394,
        "lat": 5.492659988241943,
        "lon": -2.1073732580419176,
        "region": "Tarkwa-Nsuaem",
        "detected_at": "2026-03-16T06:31:21.838305",
        "model_version": "48px_v3.7_2024-01-10"
      }
    },
    {
      "type": "Feature",
      "geometry": {
        "type": "Point",
        "coordinates": [
          -2.1073732580419176,
          5.490485805800839
        ]
      },
      "properties": {
        "probability": 0.9999995827674866,
        "lat": 5.490485805800839,
        "lon": -2.1073732580419176,
        "region": "Tarkwa-Nsuaem",
        "detected_at": "2026-03-16T06:31:21.838395",
        "model_version": "48px_v3.7_2024-01-10"
      }
    },
    {
      "type": "Feature",
      "geometry": {
        "type": "Point",
        "coordinates": [
          -2.1073732580419176,
          5.488311623359736
        ]
      },
      "properties": {
        "probability": 0.9964947700500488,
        "lat": 5.488311623359736,
        "lon": -2.1073732580419176,
        "region": "Tarkwa-Nsuaem",
        "detected_at": "2026-03-16T06:31:21.838483",
        "model_version": "48px_v3.7_2024-01-10"
      }
    },
    {
      "type": "Feature",
      "geometry": {
        "type": "Point",
        "coordinates": [
          -2.1073732580419176,
          5.4861374409186325
        ]
      },
      "properties": {
        "probability": 0.9456064701080322,
        "lat": 5.4861374409186325,
        "lon": -2.1073732580419176,
        "region": "Tarkwa-Nsuaem",
        "detected_at": "2026-03-16T06:31:21.838572",
        "model_version": "48px_v3.7_2024-01-10"
      }
    },
    {
      "type": "Feature",
      "geometry": {
        "type": "Point",
        "coordinates": [
          -2.1052035191614706,
          5.494834170683046
        ]
      },
      "properties": {
        "probability": 0.9961183071136475,
        "lat": 5.494834170683046,
        "lon": -2.1052035191614706,
        "region": "Tarkwa-Nsuaem",
        "detected_at": "2026-03-16T06:31:21.838681",
        "model_version": "48px_v3.7_2024-01-10"
      }
    },
    {
      "type": "Feature",
      "geometry": {
        "type": "Point",
        "coordinates": [
          -2.1052035191614706,
          5.492659988241943
        ]
      },
      "properties": {
        "probability": 0.9996509552001953,
        "lat": 5.492659988241943,
        "lon": -2.1052035191614706,
        "region": "Tarkwa-Nsuaem",
        "detected_at": "2026-03-16T06:31:21.838774",
        "model_version": "48px_v3.7_2024-01-10"
      }
    },
    {
      "type": "Feature",
      "geometry": {
        "type": "Point",
        "coordinates": [
          -2.1052035191614706,
          5.490485805800839
        ]
      },
      "properties": {
        "probability": 0.9917933344841003,
        "lat": 5.490485805800839,
        "lon": -2.1052035191614706,
        "region": "Tarkwa-Nsuaem",
        "detected_at": "2026-03-16T06:31:21.838863",
        "model_version": "48px_v3.7_2024-01-10"
      }
    },
    {
      "type": "Feature",
      "geometry": {
        "type": "Point",
        "coordinates": [
          -2.1030337802810237,
          5.497008353124149
        ]
      },
      "properties": {
        "probability": 0.8676199316978455,
        "lat": 5.497008353124149,
        "lon": -2.1030337802810237,
        "region": "Tarkwa-Nsuaem",
        "detected_at": "2026-03-16T06:31:21.838951",
        "model_version": "48px_v3.7_2024-01-10"
      }
    },
    {
      "type": "Feature",
      "geometry": {
        "type": "Point",
        "coordinates": [
          -2.1030337802810237,
          5.494834170683046
        ]
      },
      "properties": {
        "probability": 0.985901415348053,
        "lat": 5.494834170683046,
        "lon": -2.1030337802810237,
        "region": "Tarkwa-Nsuaem",
        "detected_at": "2026-03-16T06:31:21.839039",
        "model_version": "48px_v3.7_2024-01-10"
      }
    },
    {
      "type": "Feature",
      "geometry": {
        "type": "Point",
        "coordinates": [
          -2.1030337802810237,
          5.492659988241943
        ]
      },
      "properties": {
        "probability": 0.996631920337677,
        "lat": 5.492659988241943,
        "lon": -2.1030337802810237,
        "region": "Tarkwa-Nsuaem",
        "detected_at": "2026-03-16T06:31:21.839128",
        "model_version": "48px_v3.7_2024-01-10"
      }
    },
    {
      "type": "Feature",
      "geometry": {
        "type": "Point",
        "coordinates": [
          -2.100864041400577,
          5.507879265329668
        ]
      },
      "properties": {
        "probability": 0.9855267405509949,
        "lat": 5.507879265329668,
        "lon": -2.100864041400577,
        "region": "Tarkwa-Nsuaem",
        "detected_at": "2026-03-16T06:31:21.839217",
        "model_version": "48px_v3.7_2024-01-10"
      }
    },
    {
      "type": "Feature",
      "geometry": {
        "type": "Point",
        "coordinates": [
          -2.100864041400577,
          5.505705082888564
        ]
      },
      "properties": {
        "probability": 0.9125651717185974,
        "lat": 5.505705082888564,
        "lon": -2.100864041400577,
        "region": "Tarkwa-Nsuaem",
        "detected_at": "2026-03-16T06:31:21.839305",
        "model_version": "48px_v3.7_2024-01-10"
      }
    },
    {
      "type": "Feature",
      "geometry": {
        "type": "Point",
        "coordinates": [
          -2.100864041400577,
          5.501356718006357
        ]
      },
      "properties": {
        "probability": 0.9973568320274353,
        "lat": 5.501356718006357,
        "lon": -2.100864041400577,
        "region": "Tarkwa-Nsuaem",
        "detected_at": "2026-03-16T06:31:21.839395",
        "model_version": "48px_v3.7_2024-01-10"
      }
    },
    {
      "type": "Feature",
      "geometry": {
        "type": "Point",
        "coordinates": [
          -2.100864041400577,
          5.499182535565255
        ]
      },
      "properties": {
        "probability": 0.9984362125396729,
        "lat": 5.499182535565255,
        "lon": -2.100864041400577,
        "region": "Tarkwa-Nsuaem",
        "detected_at": "2026-03-16T06:31:21.839483",
        "model_version": "48px_v3.7_2024-01-10"
      }
    },
    {
      "type": "Feature",
      "geometry": {
        "type": "Point",
        "coordinates": [
          -2.100864041400577,
          5.497008353124149
        ]
      },
      "properties": {
        "probability": 0.9978958368301392,
        "lat": 5.497008353124149,
        "lon": -2.100864041400577,
        "region": "Tarkwa-Nsuaem",
        "detected_at": "2026-03-16T06:31:21.839578",
        "model_version": "48px_v3.7_2024-01-10"
      }
    },
    {
      "type": "Feature",
      "geometry": {
        "type": "Point",
        "coordinates": [
          -2.100864041400577,
          5.494834170683046
        ]
      },
      "properties": {
        "probability": 0.9999908208847046,
        "lat": 5.494834170683046,
        "lon": -2.100864041400577,
        "region": "Tarkwa-Nsuaem",
        "detected_at": "2026-03-16T06:31:21.839693",
        "model_version": "48px_v3.7_2024-01-10"
      }
    },
    {
      "type": "Feature",
      "geometry": {
        "type": "Point",
        "coordinates": [
          -2.100864041400577,
          5.492659988241943
        ]
      },
      "properties": {
        "probability": 0.9999081492424011,
        "lat": 5.492659988241943,
        "lon": -2.100864041400577,
        "region": "Tarkwa-Nsuaem",
        "detected_at": "2026-03-16T06:31:21.839784",
        "model_version": "48px_v3.7_2024-01-10"
      }
    },
    {
      "type": "Feature",
      "geometry": {
        "type": "Point",
        "coordinates": [
          -2.09869430252013,
          5.512227630211875
        ]
      },
      "properties": {
        "probability": 0.9876462817192078,
        "lat": 5.512227630211875,
        "lon": -2.09869430252013,
        "region": "Tarkwa-Nsuaem",
        "detected_at": "2026-03-16T06:31:21.839879",
        "model_version": "48px_v3.7_2024-01-10"
      }
    },
    {
      "type": "Feature",
      "geometry": {
        "type": "Point",
        "coordinates": [
          -2.09869430252013,
          5.510053447770771
        ]
      },
      "properties": {
        "probability": 0.9178383350372314,
        "lat": 5.510053447770771,
        "lon": -2.09869430252013,
        "region": "Tarkwa-Nsuaem",
        "detected_at": "2026-03-16T06:31:21.839967",
        "model_version": "48px_v3.7_2024-01-10"
      }
    },
    {
      "type": "Feature",
      "geometry": {
        "type": "Point",
        "coordinates": [
          -2.09869430252013,
          5.507879265329668
        ]
      },
      "properties": {
        "probability": 0.9714123010635376,
        "lat": 5.507879265329668,
        "lon": -2.09869430252013,
        "region": "Tarkwa-Nsuaem",
        "detected_at": "2026-03-16T06:31:21.840056",
        "model_version": "48px_v3.7_2024-01-10"
      }
    },
    {
      "type": "Feature",
      "geometry": {
        "type": "Point",
        "coordinates": [
          -2.0986943025201295,
          5.505705082888564
        ]
      },
      "properties": {
        "probability": 0.9902575612068176,
        "lat": 5.505705082888564,
        "lon": -2.0986943025201295,
        "region": "Tarkwa-Nsuaem",
        "detected_at": "2026-03-16T06:31:21.840155",
        "model_version": "48px_v3.7_2024-01-10"
      }
    },
    {
      "type": "Feature",
      "geometry": {
        "type": "Point",
        "coordinates": [
          -2.09869430252013,
          5.50353090044746
        ]
      },
      "properties": {
        "probability": 0.9988741874694824,
        "lat": 5.50353090044746,
        "lon": -2.09869430252013,
        "region": "Tarkwa-Nsuaem",
        "detected_at": "2026-03-16T06:31:21.840243",
        "model_version": "48px_v3.7_2024-01-10"
      }
    },
    {
      "type": "Feature",
      "geometry": {
        "type": "Point",
        "coordinates": [
          -2.09869430252013,
          5.501356718006357
        ]
      },
      "properties": {
        "probability": 0.9932764768600464,
        "lat": 5.501356718006357,
        "lon": -2.09869430252013,
        "region": "Tarkwa-Nsuaem",
        "detected_at": "2026-03-16T06:31:21.840331",
        "model_version": "48px_v3.7_2024-01-10"
      }
    },
    {
      "type": "Feature",
      "geometry": {
        "type": "Point",
        "coordinates": [
          -2.09869430252013,
          5.499182535565255
        ]
      },
      "properties": {
        "probability": 0.9990516901016235,
        "lat": 5.499182535565255,
        "lon": -2.09869430252013,
        "region": "Tarkwa-Nsuaem",
        "detected_at": "2026-03-16T06:31:21.840419",
        "model_version": "48px_v3.7_2024-01-10"
      }
    },
    {
      "type": "Feature",
      "geometry": {
        "type": "Point",
        "coordinates": [
          -2.09869430252013,
          5.497008353124149
        ]
      },
      "properties": {
        "probability": 0.984876811504364,
        "lat": 5.497008353124149,
        "lon": -2.09869430252013,
        "region": "Tarkwa-Nsuaem",
        "detected_at": "2026-03-16T06:31:21.840514",
        "model_version": "48px_v3.7_2024-01-10"
      }
    },
    {
      "type": "Feature",
      "geometry": {
        "type": "Point",
        "coordinates": [
          -2.0986943025201295,
          5.494834170683046
        ]
      },
      "properties": {
        "probability": 0.9999635219573975,
        "lat": 5.494834170683046,
        "lon": -2.0986943025201295,
        "region": "Tarkwa-Nsuaem",
        "detected_at": "2026-03-16T06:31:21.840616",
        "model_version": "48px_v3.7_2024-01-10"
      }
    },
    {
      "type": "Feature",
      "geometry": {
        "type": "Point",
        "coordinates": [
          -2.09869430252013,
          5.492659988241943
        ]
      },
      "properties": {
        "probability": 0.999899685382843,
        "lat": 5.492659988241943,
        "lon": -2.09869430252013,
        "region": "Tarkwa-Nsuaem",
        "detected_at": "2026-03-16T06:31:21.840711",
        "model_version": "48px_v3.7_2024-01-10"
      }
    },
    {
      "type": "Feature",
      "geometry": {
        "type": "Point",
        "coordinates": [
          -2.096524563639683,
          5.512227630211875
        ]
      },
      "properties": {
        "probability": 0.9913418292999268,
        "lat": 5.512227630211875,
        "lon": -2.096524563639683,
        "region": "Tarkwa-Nsuaem",
        "detected_at": "2026-03-16T06:31:21.840801",
        "model_version": "48px_v3.7_2024-01-10"
      }
    },
    {
      "type": "Feature",
      "geometry": {
        "type": "Point",
        "coordinates": [
          -2.096524563639683,
          5.510053447770771
        ]
      },
      "properties": {
        "probability": 0.8146021366119385,
        "lat": 5.510053447770771,
        "lon": -2.096524563639683,
        "region": "Tarkwa-Nsuaem",
        "detected_at": "2026-03-16T06:31:21.840889",
        "model_version": "48px_v3.7_2024-01-10"
      }
    },
    {
      "type": "Feature",
      "geometry": {
        "type": "Point",
        "coordinates": [
          -2.096524563639683,
          5.505705082888564
        ]
      },
      "properties": {
        "probability": 0.8291541337966919,
        "lat": 5.505705082888564,
        "lon": -2.096524563639683,
        "region": "Tarkwa-Nsuaem",
        "detected_at": "2026-03-16T06:31:21.840978",
        "model_version": "48px_v3.7_2024-01-10"
      }
    },
    {
      "type": "Feature",
      "geometry": {
        "type": "Point",
        "coordinates": [
          -2.096524563639683,
          5.50353090044746
        ]
      },
      "properties": {
        "probability": 0.9961802363395691,
        "lat": 5.50353090044746,
        "lon": -2.096524563639683,
        "region": "Tarkwa-Nsuaem",
        "detected_at": "2026-03-16T06:31:21.841073",
        "model_version": "48px_v3.7_2024-01-10"
      }
    },
    {
      "type": "Feature",
      "geometry": {
        "type": "Point",
        "coordinates": [
          -2.096524563639683,
          5.501356718006357
        ]
      },
      "properties": {
        "probability": 0.8533327579498291,
        "lat": 5.501356718006357,
        "lon": -2.096524563639683,
        "region": "Tarkwa-Nsuaem",
        "detected_at": "2026-03-16T06:31:21.841167",
        "model_version": "48px_v3.7_2024-01-10"
      }
    },
    {
      "type": "Feature",
      "geometry": {
        "type": "Point",
        "coordinates": [
          -2.096524563639683,
          5.499182535565255
        ]
      },
      "properties": {
        "probability": 0.9565364718437195,
        "lat": 5.499182535565255,
        "lon": -2.096524563639683,
        "region": "Tarkwa-Nsuaem",
        "detected_at": "2026-03-16T06:31:21.841259",
        "model_version": "48px_v3.7_2024-01-10"
      }
    },
    {
      "type": "Feature",
      "geometry": {
        "type": "Point",
        "coordinates": [
          -2.096524563639683,
          5.494834170683046
        ]
      },
      "properties": {
        "probability": 0.8553740382194519,
        "lat": 5.494834170683046,
        "lon": -2.096524563639683,
        "region": "Tarkwa-Nsuaem",
        "detected_at": "2026-03-16T06:31:21.841347",
        "model_version": "48px_v3.7_2024-01-10"
      }
    },
    {
      "type": "Feature",
      "geometry": {
        "type": "Point",
        "coordinates": [
          -2.096524563639683,
          5.492659988241943
        ]
      },
      "properties": {
        "probability": 0.9763444066047668,
        "lat": 5.492659988241943,
        "lon": -2.096524563639683,
        "region": "Tarkwa-Nsuaem",
        "detected_at": "2026-03-16T06:31:21.841435",
        "model_version": "48px_v3.7_2024-01-10"
      }
    },
    {
      "type": "Feature",
      "geometry": {
        "type": "Point",
        "coordinates": [
          -2.094354824759236,
          5.514401812652979
        ]
      },
      "properties": {
        "probability": 0.9218491911888123,
        "lat": 5.514401812652979,
        "lon": -2.094354824759236,
        "region": "Tarkwa-Nsuaem",
        "detected_at": "2026-03-16T06:31:21.841530",
        "model_version": "48px_v3.7_2024-01-10"
      }
    },
    {
      "type": "Feature",
      "geometry": {
        "type": "Point",
        "coordinates": [
          -2.094354824759236,
          5.512227630211875
        ]
      },
      "properties": {
        "probability": 0.9346359372138977,
        "lat": 5.512227630211875,
        "lon": -2.094354824759236,
        "region": "Tarkwa-Nsuaem",
        "detected_at": "2026-03-16T06:31:21.841636",
        "model_version": "48px_v3.7_2024-01-10"
      }
    },
    {
      "type": "Feature",
      "geometry": {
        "type": "Point",
        "coordinates": [
          -2.092185085878789,
          5.516575995094081
        ]
      },
      "properties": {
        "probability": 0.9997975826263428,
        "lat": 5.516575995094081,
        "lon": -2.092185085878789,
        "region": "Tarkwa-Nsuaem",
        "detected_at": "2026-03-16T06:31:21.841730",
        "model_version": "48px_v3.7_2024-01-10"
      }
    },
    {
      "type": "Feature",
      "geometry": {
        "type": "Point",
        "coordinates": [
          -2.092185085878789,
          5.514401812652979
        ]
      },
      "properties": {
        "probability": 0.9998726844787598,
        "lat": 5.514401812652979,
        "lon": -2.092185085878789,
        "region": "Tarkwa-Nsuaem",
        "detected_at": "2026-03-16T06:31:21.841818",
        "model_version": "48px_v3.7_2024-01-10"
      }
    },
    {
      "type": "Feature",
      "geometry": {
        "type": "Point",
        "coordinates": [
          -2.092185085878789,
          5.512227630211875
        ]
      },
      "properties": {
        "probability": 0.9588805437088013,
        "lat": 5.512227630211875,
        "lon": -2.092185085878789,
        "region": "Tarkwa-Nsuaem",
        "detected_at": "2026-03-16T06:31:21.841907",
        "model_version": "48px_v3.7_2024-01-10"
      }
    },
    {
      "type": "Feature",
      "geometry": {
        "type": "Point",
        "coordinates": [
          -2.0900153469983422,
          5.518750177535186
        ]
      },
      "properties": {
        "probability": 0.9247825741767883,
        "lat": 5.518750177535186,
        "lon": -2.0900153469983422,
        "region": "Tarkwa-Nsuaem",
        "detected_at": "2026-03-16T06:31:21.841994",
        "model_version": "48px_v3.7_2024-01-10"
      }
    },
    {
      "type": "Feature",
      "geometry": {
        "type": "Point",
        "coordinates": [
          -2.0900153469983422,
          5.516575995094081
        ]
      },
      "properties": {
        "probability": 0.9999868273735046,
        "lat": 5.516575995094081,
        "lon": -2.0900153469983422,
        "region": "Tarkwa-Nsuaem",
        "detected_at": "2026-03-16T06:31:21.842082",
        "model_version": "48px_v3.7_2024-01-10"
      }
    },
    {
      "type": "Feature",
      "geometry": {
        "type": "Point",
        "coordinates": [
          -2.0900153469983422,
          5.514401812652979
        ]
      },
      "properties": {
        "probability": 0.995461642742157,
        "lat": 5.514401812652979,
        "lon": -2.0900153469983422,
        "region": "Tarkwa-Nsuaem",
        "detected_at": "2026-03-16T06:31:21.842170",
        "model_version": "48px_v3.7_2024-01-10"
      }
    },
    {
      "type": "Feature",
      "geometry": {
        "type": "Point",
        "coordinates": [
          -2.087845608117895,
          5.52092435997629
        ]
      },
      "properties": {
        "probability": 0.9917932152748108,
        "lat": 5.52092435997629,
        "lon": -2.087845608117895,
        "region": "Tarkwa-Nsuaem",
        "detected_at": "2026-03-16T06:31:21.842259",
        "model_version": "48px_v3.7_2024-01-10"
      }
    },
    {
      "type": "Feature",
      "geometry": {
        "type": "Point",
        "coordinates": [
          -2.087845608117895,
          5.518750177535186
        ]
      },
      "properties": {
        "probability": 0.9751985669136047,
        "lat": 5.518750177535186,
        "lon": -2.087845608117895,
        "region": "Tarkwa-Nsuaem",
        "detected_at": "2026-03-16T06:31:21.842346",
        "model_version": "48px_v3.7_2024-01-10"
      }
    },
    {
      "type": "Feature",
      "geometry": {
        "type": "Point",
        "coordinates": [
          -2.0878456081178953,
          5.516575995094081
        ]
      },
      "properties": {
        "probability": 0.90120530128479,
        "lat": 5.516575995094081,
        "lon": -2.0878456081178953,
        "region": "Tarkwa-Nsuaem",
        "detected_at": "2026-03-16T06:31:21.842433",
        "model_version": "48px_v3.7_2024-01-10"
      }
    },
    {
      "type": "Feature",
      "geometry": {
        "type": "Point",
        "coordinates": [
          -2.0856758692374484,
          5.52092435997629
        ]
      },
      "properties": {
        "probability": 0.999688446521759,
        "lat": 5.52092435997629,
        "lon": -2.0856758692374484,
        "region": "Tarkwa-Nsuaem",
        "detected_at": "2026-03-16T06:31:21.842527",
        "model_version": "48px_v3.7_2024-01-10"
      }
    },
    {
      "type": "Feature",
      "geometry": {
        "type": "Point",
        "coordinates": [
          -2.1658031801769817,
          5.566579546684407
        ]
      },
      "properties": {
        "probability": 0.9845069050788879,
        "lat": 5.566579546684407,
        "lon": -2.1658031801769817,
        "region": "Tarkwa-Nsuaem",
        "detected_at": "2026-03-16T06:31:21.842633",
        "model_version": "48px_v3.7_2024-01-10"
      }
    },
    {
      "type": "Feature",
      "geometry": {
        "type": "Point",
        "coordinates": [
          -2.1658031801769817,
          5.564405496471057
        ]
      },
      "properties": {
        "probability": 0.9987560510635376,
        "lat": 5.564405496471057,
        "lon": -2.1658031801769817,
        "region": "Tarkwa-Nsuaem",
        "detected_at": "2026-03-16T06:31:21.842727",
        "model_version": "48px_v3.7_2024-01-10"
      }
    },
    {
      "type": "Feature",
      "geometry": {
        "type": "Point",
        "coordinates": [
          -2.165803180176982,
          5.553535245404303
        ]
      },
      "properties": {
        "probability": 0.8810502886772156,
        "lat": 5.553535245404303,
        "lon": -2.165803180176982,
        "region": "Tarkwa-Nsuaem",
        "detected_at": "2026-03-16T06:31:21.842821",
        "model_version": "48px_v3.7_2024-01-10"
      }
    },
    {
      "type": "Feature",
      "geometry": {
        "type": "Point",
        "coordinates": [
          -2.1658031801769817,
          5.551361195190953
        ]
      },
      "properties": {
        "probability": 0.9996423721313477,
        "lat": 5.551361195190953,
        "lon": -2.1658031801769817,
        "region": "Tarkwa-Nsuaem",
        "detected_at": "2026-03-16T06:31:21.842910",
        "model_version": "48px_v3.7_2024-01-10"
      }
    },
    {
      "type": "Feature",
      "geometry": {
        "type": "Point",
        "coordinates": [
          -2.1658031801769817,
          5.549187144977601
        ]
      },
      "properties": {
        "probability": 0.9982491135597229,
        "lat": 5.549187144977601,
        "lon": -2.1658031801769817,
        "region": "Tarkwa-Nsuaem",
        "detected_at": "2026-03-16T06:31:21.842997",
        "model_version": "48px_v3.7_2024-01-10"
      }
    },
    {
      "type": "Feature",
      "geometry": {
        "type": "Point",
        "coordinates": [
          -2.165803180176982,
          5.527446642844094
        ]
      },
      "properties": {
        "probability": 0.9960576891899109,
        "lat": 5.527446642844094,
        "lon": -2.165803180176982,
        "region": "Tarkwa-Nsuaem",
        "detected_at": "2026-03-16T06:31:21.843085",
        "model_version": "48px_v3.7_2024-01-10"
      }
    },
    {
      "type": "Feature",
      "geometry": {
        "type": "Point",
        "coordinates": [
          -2.165803180176982,
          5.525272592630744
        ]
      },
      "properties": {
        "probability": 0.9889061450958252,
        "lat": 5.525272592630744,
        "lon": -2.165803180176982,
        "region": "Tarkwa-Nsuaem",
        "detected_at": "2026-03-16T06:31:21.843173",
        "model_version": "48px_v3.7_2024-01-10"
      }
    },
    {
      "type": "Feature",
      "geometry": {
        "type": "Point",
        "coordinates": [
          -2.1636333796546743,
          5.566579546684407
        ]
      },
      "properties": {
        "probability": 0.9084731340408325,
        "lat": 5.566579546684407,
        "lon": -2.1636333796546743,
        "region": "Tarkwa-Nsuaem",
        "detected_at": "2026-03-16T06:31:21.843269",
        "model_version": "48px_v3.7_2024-01-10"
      }
    },
    {
      "type": "Feature",
      "geometry": {
        "type": "Point",
        "coordinates": [
          -2.1636333796546743,
          5.564405496471057
        ]
      },
      "properties": {
        "probability": 0.9998370409011841,
        "lat": 5.564405496471057,
        "lon": -2.1636333796546743,
        "region": "Tarkwa-Nsuaem",
        "detected_at": "2026-03-16T06:31:21.843357",
        "model_version": "48px_v3.7_2024-01-10"
      }
    },
    {
      "type": "Feature",
      "geometry": {
        "type": "Point",
        "coordinates": [
          -2.163633379654674,
          5.562231446257706
        ]
      },
      "properties": {
        "probability": 0.9860992431640625,
        "lat": 5.562231446257706,
        "lon": -2.163633379654674,
        "region": "Tarkwa-Nsuaem",
        "detected_at": "2026-03-16T06:31:21.843444",
        "model_version": "48px_v3.7_2024-01-10"
      }
    },
    {
      "type": "Feature",
      "geometry": {
        "type": "Point",
        "coordinates": [
          -2.163633379654674,
          5.560057396044356
        ]
      },
      "properties": {
        "probability": 0.8327063918113708,
        "lat": 5.560057396044356,
        "lon": -2.163633379654674,
        "region": "Tarkwa-Nsuaem",
        "detected_at": "2026-03-16T06:31:21.843532",
        "model_version": "48px_v3.7_2024-01-10"
      }
    },
    {
      "type": "Feature",
      "geometry": {
        "type": "Point",
        "coordinates": [
          -2.1636333796546743,
          5.557883345831005
        ]
      },
      "properties": {
        "probability": 0.9744529724121094,
        "lat": 5.557883345831005,
        "lon": -2.1636333796546743,
        "region": "Tarkwa-Nsuaem",
        "detected_at": "2026-03-16T06:31:21.843662",
        "model_version": "48px_v3.7_2024-01-10"
      }
    },
    {
      "type": "Feature",
      "geometry": {
        "type": "Point",
        "coordinates": [
          -2.163633379654674,
          5.553535245404303
        ]
      },
      "properties": {
        "probability": 0.9869691729545593,
        "lat": 5.553535245404303,
        "lon": -2.163633379654674,
        "region": "Tarkwa-Nsuaem",
        "detected_at": "2026-03-16T06:31:21.843764",
        "model_version": "48px_v3.7_2024-01-10"
      }
    },
    {
      "type": "Feature",
      "geometry": {
        "type": "Point",
        "coordinates": [
          -2.1636333796546743,
          5.551361195190953
        ]
      },
      "properties": {
        "probability": 0.9999527335166931,
        "lat": 5.551361195190953,
        "lon": -2.1636333796546743,
        "region": "Tarkwa-Nsuaem",
        "detected_at": "2026-03-16T06:31:21.843866",
        "model_version": "48px_v3.7_2024-01-10"
      }
    },
    {
      "type": "Feature",
      "geometry": {
        "type": "Point",
        "coordinates": [
          -2.1636333796546743,
          5.549187144977601
        ]
      },
      "properties": {
        "probability": 0.9991966485977173,
        "lat": 5.549187144977601,
        "lon": -2.1636333796546743,
        "region": "Tarkwa-Nsuaem",
        "detected_at": "2026-03-16T06:31:21.843954",
        "model_version": "48px_v3.7_2024-01-10"
      }
    },
    {
      "type": "Feature",
      "geometry": {
        "type": "Point",
        "coordinates": [
          -2.163633379654674,
          5.538316893910848
        ]
      },
      "properties": {
        "probability": 0.9913267493247986,
        "lat": 5.538316893910848,
        "lon": -2.163633379654674,
        "region": "Tarkwa-Nsuaem",
        "detected_at": "2026-03-16T06:31:21.844050",
        "model_version": "48px_v3.7_2024-01-10"
      }
    },
    {
      "type": "Feature",
      "geometry": {
        "type": "Point",
        "coordinates": [
          -2.163633379654674,
          5.536142843697497
        ]
      },
      "properties": {
        "probability": 0.8171843886375427,
        "lat": 5.536142843697497,
        "lon": -2.163633379654674,
        "region": "Tarkwa-Nsuaem",
        "detected_at": "2026-03-16T06:31:21.844143",
        "model_version": "48px_v3.7_2024-01-10"
      }
    },
    {
      "type": "Feature",
      "geometry": {
        "type": "Point",
        "coordinates": [
          -2.163633379654674,
          5.527446642844094
        ]
      },
      "properties": {
        "probability": 0.8168538212776184,
        "lat": 5.527446642844094,
        "lon": -2.163633379654674,
        "region": "Tarkwa-Nsuaem",
        "detected_at": "2026-03-16T06:31:21.844234",
        "model_version": "48px_v3.7_2024-01-10"
      }
    },
    {
      "type": "Feature",
      "geometry": {
        "type": "Point",
        "coordinates": [
          -2.163633379654674,
          5.525272592630744
        ]
      },
      "properties": {
        "probability": 0.9933098554611206,
        "lat": 5.525272592630744,
        "lon": -2.163633379654674,
        "region": "Tarkwa-Nsuaem",
        "detected_at": "2026-03-16T06:31:21.844322",
        "model_version": "48px_v3.7_2024-01-10"
      }
    },
    {
      "type": "Feature",
      "geometry": {
        "type": "Point",
        "coordinates": [
          -2.1614635791323664,
          5.564405496471057
        ]
      },
      "properties": {
        "probability": 0.9999327063560486,
        "lat": 5.564405496471057,
        "lon": -2.1614635791323664,
        "region": "Tarkwa-Nsuaem",
        "detected_at": "2026-03-16T06:31:21.844410",
        "model_version": "48px_v3.7_2024-01-10"
      }
    },
    {
      "type": "Feature",
      "geometry": {
        "type": "Point",
        "coordinates": [
          -2.161463579132367,
          5.562231446257706
        ]
      },
      "properties": {
        "probability": 0.9999871850013733,
        "lat": 5.562231446257706,
        "lon": -2.161463579132367,
        "region": "Tarkwa-Nsuaem",
        "detected_at": "2026-03-16T06:31:21.844499",
        "model_version": "48px_v3.7_2024-01-10"
      }
    },
    {
      "type": "Feature",
      "geometry": {
        "type": "Point",
        "coordinates": [
          -2.161463579132367,
          5.560057396044355
        ]
      },
      "properties": {
        "probability": 0.9995059967041016,
        "lat": 5.560057396044355,
        "lon": -2.161463579132367,
        "region": "Tarkwa-Nsuaem",
        "detected_at": "2026-03-16T06:31:21.844587",
        "model_version": "48px_v3.7_2024-01-10"
      }
    },
    {
      "type": "Feature",
      "geometry": {
        "type": "Point",
        "coordinates": [
          -2.1614635791323664,
          5.557883345831005
        ]
      },
      "properties": {
        "probability": 0.9998334050178528,
        "lat": 5.557883345831005,
        "lon": -2.1614635791323664,
        "region": "Tarkwa-Nsuaem",
        "detected_at": "2026-03-16T06:31:21.844699",
        "model_version": "48px_v3.7_2024-01-10"
      }
    },
    {
      "type": "Feature",
      "geometry": {
        "type": "Point",
        "coordinates": [
          -2.161463579132367,
          5.555709295617653
        ]
      },
      "properties": {
        "probability": 0.9979648590087891,
        "lat": 5.555709295617653,
        "lon": -2.161463579132367,
        "region": "Tarkwa-Nsuaem",
        "detected_at": "2026-03-16T06:31:21.844790",
        "model_version": "48px_v3.7_2024-01-10"
      }
    },
    {
      "type": "Feature",
      "geometry": {
        "type": "Point",
        "coordinates": [
          -2.161463579132367,
          5.553535245404303
        ]
      },
      "properties": {
        "probability": 0.9687972068786621,
        "lat": 5.553535245404303,
        "lon": -2.161463579132367,
        "region": "Tarkwa-Nsuaem",
        "detected_at": "2026-03-16T06:31:21.844878",
        "model_version": "48px_v3.7_2024-01-10"
      }
    },
    {
      "type": "Feature",
      "geometry": {
        "type": "Point",
        "coordinates": [
          -2.1614635791323664,
          5.551361195190952
        ]
      },
      "properties": {
        "probability": 0.9151551723480225,
        "lat": 5.551361195190952,
        "lon": -2.1614635791323664,
        "region": "Tarkwa-Nsuaem",
        "detected_at": "2026-03-16T06:31:21.844965",
        "model_version": "48px_v3.7_2024-01-10"
      }
    },
    {
      "type": "Feature",
      "geometry": {
        "type": "Point",
        "coordinates": [
          -2.161463579132367,
          5.5383168939108485
        ]
      },
      "properties": {
        "probability": 0.9731929302215576,
        "lat": 5.5383168939108485,
        "lon": -2.161463579132367,
        "region": "Tarkwa-Nsuaem",
        "detected_at": "2026-03-16T06:31:21.845052",
        "model_version": "48px_v3.7_2024-01-10"
      }
    },
    {
      "type": "Feature",
      "geometry": {
        "type": "Point",
        "coordinates": [
          -2.161463579132367,
          5.536142843697497
        ]
      },
      "properties": {
        "probability": 0.985041081905365,
        "lat": 5.536142843697497,
        "lon": -2.161463579132367,
        "region": "Tarkwa-Nsuaem",
        "detected_at": "2026-03-16T06:31:21.845147",
        "model_version": "48px_v3.7_2024-01-10"
      }
    },
    {
      "type": "Feature",
      "geometry": {
        "type": "Point",
        "coordinates": [
          -2.159293778610059,
          5.564405496471057
        ]
      },
      "properties": {
        "probability": 0.8711251020431519,
        "lat": 5.564405496471057,
        "lon": -2.159293778610059,
        "region": "Tarkwa-Nsuaem",
        "detected_at": "2026-03-16T06:31:21.845242",
        "model_version": "48px_v3.7_2024-01-10"
      }
    },
    {
      "type": "Feature",
      "geometry": {
        "type": "Point",
        "coordinates": [
          -2.159293778610059,
          5.562231446257706
        ]
      },
      "properties": {
        "probability": 0.996013343334198,
        "lat": 5.562231446257706,
        "lon": -2.159293778610059,
        "region": "Tarkwa-Nsuaem",
        "detected_at": "2026-03-16T06:31:21.845331",
        "model_version": "48px_v3.7_2024-01-10"
      }
    },
    {
      "type": "Feature",
      "geometry": {
        "type": "Point",
        "coordinates": [
          -2.159293778610059,
          5.560057396044356
        ]
      },
      "properties": {
        "probability": 0.9978504180908203,
        "lat": 5.560057396044356,
        "lon": -2.159293778610059,
        "region": "Tarkwa-Nsuaem",
        "detected_at": "2026-03-16T06:31:21.845420",
        "model_version": "48px_v3.7_2024-01-10"
      }
    },
    {
      "type": "Feature",
      "geometry": {
        "type": "Point",
        "coordinates": [
          -2.159293778610059,
          5.557883345831005
        ]
      },
      "properties": {
        "probability": 0.9999675154685974,
        "lat": 5.557883345831005,
        "lon": -2.159293778610059,
        "region": "Tarkwa-Nsuaem",
        "detected_at": "2026-03-16T06:31:21.845514",
        "model_version": "48px_v3.7_2024-01-10"
      }
    },
    {
      "type": "Feature",
      "geometry": {
        "type": "Point",
        "coordinates": [
          -2.159293778610059,
          5.555709295617653
        ]
      },
      "properties": {
        "probability": 0.9999679327011108,
        "lat": 5.555709295617653,
        "lon": -2.159293778610059,
        "region": "Tarkwa-Nsuaem",
        "detected_at": "2026-03-16T06:31:21.845617",
        "model_version": "48px_v3.7_2024-01-10"
      }
    },
    {
      "type": "Feature",
      "geometry": {
        "type": "Point",
        "coordinates": [
          -2.159293778610059,
          5.553535245404303
        ]
      },
      "properties": {
        "probability": 0.8558475971221924,
        "lat": 5.553535245404303,
        "lon": -2.159293778610059,
        "region": "Tarkwa-Nsuaem",
        "detected_at": "2026-03-16T06:31:21.845712",
        "model_version": "48px_v3.7_2024-01-10"
      }
    },
    {
      "type": "Feature",
      "geometry": {
        "type": "Point",
        "coordinates": [
          -2.1571239780877507,
          5.560057396044356
        ]
      },
      "properties": {
        "probability": 0.8228164911270142,
        "lat": 5.560057396044356,
        "lon": -2.1571239780877507,
        "region": "Tarkwa-Nsuaem",
        "detected_at": "2026-03-16T06:31:21.845801",
        "model_version": "48px_v3.7_2024-01-10"
      }
    },
    {
      "type": "Feature",
      "geometry": {
        "type": "Point",
        "coordinates": [
          -2.157123978087751,
          5.557883345831005
        ]
      },
      "properties": {
        "probability": 0.9976806044578552,
        "lat": 5.557883345831005,
        "lon": -2.157123978087751,
        "region": "Tarkwa-Nsuaem",
        "detected_at": "2026-03-16T06:31:21.845888",
        "model_version": "48px_v3.7_2024-01-10"
      }
    },
    {
      "type": "Feature",
      "geometry": {
        "type": "Point",
        "coordinates": [
          -2.1571239780877507,
          5.555709295617653
        ]
      },
      "properties": {
        "probability": 0.9987953305244446,
        "lat": 5.555709295617653,
        "lon": -2.1571239780877507,
        "region": "Tarkwa-Nsuaem",
        "detected_at": "2026-03-16T06:31:21.845975",
        "model_version": "48px_v3.7_2024-01-10"
      }
    },
    {
      "type": "Feature",
      "geometry": {
        "type": "Point",
        "coordinates": [
          -2.1658757330305543,
          5.520999620468626
        ]
      },
      "properties": {
        "probability": 0.8494812846183777,
        "lat": 5.520999620468626,
        "lon": -2.1658757330305543,
        "region": "Tarkwa-Nsuaem",
        "detected_at": "2026-03-16T06:31:21.846063",
        "model_version": "48px_v3.7_2024-01-10"
      }
    },
    {
      "type": "Feature",
      "geometry": {
        "type": "Point",
        "coordinates": [
          -2.1658757330305543,
          5.514477547394301
        ]
      },
      "properties": {
        "probability": 0.8194792866706848,
        "lat": 5.514477547394301,
        "lon": -2.1658757330305543,
        "region": "Tarkwa-Nsuaem",
        "detected_at": "2026-03-16T06:31:21.846150",
        "model_version": "48px_v3.7_2024-01-10"
      }
    },
    {
      "type": "Feature",
      "geometry": {
        "type": "Point",
        "coordinates": [
          -2.1658757330305543,
          5.510129498678084
        ]
      },
      "properties": {
        "probability": 0.9454607367515564,
        "lat": 5.510129498678084,
        "lon": -2.1658757330305543,
        "region": "Tarkwa-Nsuaem",
        "detected_at": "2026-03-16T06:31:21.846237",
        "model_version": "48px_v3.7_2024-01-10"
      }
    },
    {
      "type": "Feature",
      "geometry": {
        "type": "Point",
        "coordinates": [
          -2.1658757330305543,
          5.507955474319976
        ]
      },
      "properties": {
        "probability": 0.85418701171875,
        "lat": 5.507955474319976,
        "lon": -2.1658757330305543,
        "region": "Tarkwa-Nsuaem",
        "detected_at": "2026-03-16T06:31:21.846324",
        "model_version": "48px_v3.7_2024-01-10"
      }
    },
    {
      "type": "Feature",
      "geometry": {
        "type": "Point",
        "coordinates": [
          -2.163706151625535,
          5.520999620468626
        ]
      },
      "properties": {
        "probability": 0.8332261443138123,
        "lat": 5.520999620468626,
        "lon": -2.163706151625535,
        "region": "Tarkwa-Nsuaem",
        "detected_at": "2026-03-16T06:31:21.846412",
        "model_version": "48px_v3.7_2024-01-10"
      }
    },
    {
      "type": "Feature",
      "geometry": {
        "type": "Point",
        "coordinates": [
          -2.163706151625535,
          5.518825596110516
        ]
      },
      "properties": {
        "probability": 0.9712437987327576,
        "lat": 5.518825596110516,
        "lon": -2.163706151625535,
        "region": "Tarkwa-Nsuaem",
        "detected_at": "2026-03-16T06:31:21.846499",
        "model_version": "48px_v3.7_2024-01-10"
      }
    },
    {
      "type": "Feature",
      "geometry": {
        "type": "Point",
        "coordinates": [
          -2.163706151625535,
          5.5166515717524085
        ]
      },
      "properties": {
        "probability": 0.9999611377716064,
        "lat": 5.5166515717524085,
        "lon": -2.163706151625535,
        "region": "Tarkwa-Nsuaem",
        "detected_at": "2026-03-16T06:31:21.846587",
        "model_version": "48px_v3.7_2024-01-10"
      }
    },
    {
      "type": "Feature",
      "geometry": {
        "type": "Point",
        "coordinates": [
          -2.163706151625535,
          5.514477547394301
        ]
      },
      "properties": {
        "probability": 0.9999127984046936,
        "lat": 5.514477547394301,
        "lon": -2.163706151625535,
        "region": "Tarkwa-Nsuaem",
        "detected_at": "2026-03-16T06:31:21.846697",
        "model_version": "48px_v3.7_2024-01-10"
      }
    },
    {
      "type": "Feature",
      "geometry": {
        "type": "Point",
        "coordinates": [
          -2.163706151625535,
          5.510129498678084
        ]
      },
      "properties": {
        "probability": 0.8439749479293823,
        "lat": 5.510129498678084,
        "lon": -2.163706151625535,
        "region": "Tarkwa-Nsuaem",
        "detected_at": "2026-03-16T06:31:21.846787",
        "model_version": "48px_v3.7_2024-01-10"
      }
    },
    {
      "type": "Feature",
      "geometry": {
        "type": "Point",
        "coordinates": [
          -2.163706151625535,
          5.507955474319976
        ]
      },
      "properties": {
        "probability": 0.9302612543106079,
        "lat": 5.507955474319976,
        "lon": -2.163706151625535,
        "region": "Tarkwa-Nsuaem",
        "detected_at": "2026-03-16T06:31:21.846883",
        "model_version": "48px_v3.7_2024-01-10"
      }
    },
    {
      "type": "Feature",
      "geometry": {
        "type": "Point",
        "coordinates": [
          -2.161536570220516,
          5.520999620468626
        ]
      },
      "properties": {
        "probability": 0.9995757937431335,
        "lat": 5.520999620468626,
        "lon": -2.161536570220516,
        "region": "Tarkwa-Nsuaem",
        "detected_at": "2026-03-16T06:31:21.846979",
        "model_version": "48px_v3.7_2024-01-10"
      }
    },
    {
      "type": "Feature",
      "geometry": {
        "type": "Point",
        "coordinates": [
          -2.1615365702205165,
          5.518825596110516
        ]
      },
      "properties": {
        "probability": 0.9999955892562866,
        "lat": 5.518825596110516,
        "lon": -2.1615365702205165,
        "region": "Tarkwa-Nsuaem",
        "detected_at": "2026-03-16T06:31:21.847072",
        "model_version": "48px_v3.7_2024-01-10"
      }
    },
    {
      "type": "Feature",
      "geometry": {
        "type": "Point",
        "coordinates": [
          -2.161536570220516,
          5.516651571752409
        ]
      },
      "properties": {
        "probability": 0.9999997615814209,
        "lat": 5.516651571752409,
        "lon": -2.161536570220516,
        "region": "Tarkwa-Nsuaem",
        "detected_at": "2026-03-16T06:31:21.847162",
        "model_version": "48px_v3.7_2024-01-10"
      }
    },
    {
      "type": "Feature",
      "geometry": {
        "type": "Point",
        "coordinates": [
          -2.161536570220516,
          5.514477547394301
        ]
      },
      "properties": {
        "probability": 0.9999826550483704,
        "lat": 5.514477547394301,
        "lon": -2.161536570220516,
        "region": "Tarkwa-Nsuaem",
        "detected_at": "2026-03-16T06:31:21.847249",
        "model_version": "48px_v3.7_2024-01-10"
      }
    },
    {
      "type": "Feature",
      "geometry": {
        "type": "Point",
        "coordinates": [
          -2.161536570220516,
          5.512303523036193
        ]
      },
      "properties": {
        "probability": 0.9673380851745605,
        "lat": 5.512303523036193,
        "lon": -2.161536570220516,
        "region": "Tarkwa-Nsuaem",
        "detected_at": "2026-03-16T06:31:21.847343",
        "model_version": "48px_v3.7_2024-01-10"
      }
    },
    {
      "type": "Feature",
      "geometry": {
        "type": "Point",
        "coordinates": [
          -2.1615365702205165,
          5.510129498678085
        ]
      },
      "properties": {
        "probability": 0.9609024524688721,
        "lat": 5.510129498678085,
        "lon": -2.1615365702205165,
        "region": "Tarkwa-Nsuaem",
        "detected_at": "2026-03-16T06:31:21.847433",
        "model_version": "48px_v3.7_2024-01-10"
      }
    },
    {
      "type": "Feature",
      "geometry": {
        "type": "Point",
        "coordinates": [
          -2.161536570220516,
          5.507955474319976
        ]
      },
      "properties": {
        "probability": 0.9392215609550476,
        "lat": 5.507955474319976,
        "lon": -2.161536570220516,
        "region": "Tarkwa-Nsuaem",
        "detected_at": "2026-03-16T06:31:21.847527",
        "model_version": "48px_v3.7_2024-01-10"
      }
    },
    {
      "type": "Feature",
      "geometry": {
        "type": "Point",
        "coordinates": [
          -2.1593669888154965,
          5.518825596110516
        ]
      },
      "properties": {
        "probability": 0.9890102744102478,
        "lat": 5.518825596110516,
        "lon": -2.1593669888154965,
        "region": "Tarkwa-Nsuaem",
        "detected_at": "2026-03-16T06:31:21.847642",
        "model_version": "48px_v3.7_2024-01-10"
      }
    },
    {
      "type": "Feature",
      "geometry": {
        "type": "Point",
        "coordinates": [
          -2.1593669888154965,
          5.5166515717524085
        ]
      },
      "properties": {
        "probability": 0.944825291633606,
        "lat": 5.5166515717524085,
        "lon": -2.1593669888154965,
        "region": "Tarkwa-Nsuaem",
        "detected_at": "2026-03-16T06:31:21.847737",
        "model_version": "48px_v3.7_2024-01-10"
      }
    },
    {
      "type": "Feature",
      "geometry": {
        "type": "Point",
        "coordinates": [
          -2.1593669888154965,
          5.514477547394301
        ]
      },
      "properties": {
        "probability": 0.8011670112609863,
        "lat": 5.514477547394301,
        "lon": -2.1593669888154965,
        "region": "Tarkwa-Nsuaem",
        "detected_at": "2026-03-16T06:31:21.847833",
        "model_version": "48px_v3.7_2024-01-10"
      }
    },
    {
      "type": "Feature",
      "geometry": {
        "type": "Point",
        "coordinates": [
          -2.1593669888154965,
          5.512303523036193
        ]
      },
      "properties": {
        "probability": 0.9203184247016907,
        "lat": 5.512303523036193,
        "lon": -2.1593669888154965,
        "region": "Tarkwa-Nsuaem",
        "detected_at": "2026-03-16T06:31:21.847923",
        "model_version": "48px_v3.7_2024-01-10"
      }
    },
    {
      "type": "Feature",
      "geometry": {
        "type": "Point",
        "coordinates": [
          -2.1593669888154965,
          5.510129498678084
        ]
      },
      "properties": {
        "probability": 0.9893014430999756,
        "lat": 5.510129498678084,
        "lon": -2.1593669888154965,
        "region": "Tarkwa-Nsuaem",
        "detected_at": "2026-03-16T06:31:21.848011",
        "model_version": "48px_v3.7_2024-01-10"
      }
    },
    {
      "type": "Feature",
      "geometry": {
        "type": "Point",
        "coordinates": [
          -2.1593669888154965,
          5.507955474319976
        ]
      },
      "properties": {
        "probability": 0.8303596377372742,
        "lat": 5.507955474319976,
        "lon": -2.1593669888154965,
        "region": "Tarkwa-Nsuaem",
        "detected_at": "2026-03-16T06:31:21.848099",
        "model_version": "48px_v3.7_2024-01-10"
      }
    },
    {
      "type": "Feature",
      "geometry": {
        "type": "Point",
        "coordinates": [
          -2.15068866319542,
          5.5166515717524085
        ]
      },
      "properties": {
        "probability": 0.8485168218612671,
        "lat": 5.5166515717524085,
        "lon": -2.15068866319542,
        "region": "Tarkwa-Nsuaem",
        "detected_at": "2026-03-16T06:31:21.848187",
        "model_version": "48px_v3.7_2024-01-10"
      }
    },
    {
      "type": "Feature",
      "geometry": {
        "type": "Point",
        "coordinates": [
          -2.1485190817904005,
          5.516651571752409
        ]
      },
      "properties": {
        "probability": 0.9738815426826477,
        "lat": 5.516651571752409,
        "lon": -2.1485190817904005,
        "region": "Tarkwa-Nsuaem",
        "detected_at": "2026-03-16T06:31:21.848275",
        "model_version": "48px_v3.7_2024-01-10"
      }
    },
    {
      "type": "Feature",
      "geometry": {
        "type": "Point",
        "coordinates": [
          -2.1485190817904005,
          5.514477547394301
        ]
      },
      "properties": {
        "probability": 0.9956311583518982,
        "lat": 5.514477547394301,
        "lon": -2.1485190817904005,
        "region": "Tarkwa-Nsuaem",
        "detected_at": "2026-03-16T06:31:21.848361",
        "model_version": "48px_v3.7_2024-01-10"
      }
    },
    {
      "type": "Feature",
      "geometry": {
        "type": "Point",
        "coordinates": [
          -2.1485190817904005,
          5.512303523036193
        ]
      },
      "properties": {
        "probability": 0.9065954089164734,
        "lat": 5.512303523036193,
        "lon": -2.1485190817904005,
        "region": "Tarkwa-Nsuaem",
        "detected_at": "2026-03-16T06:31:21.848457",
        "model_version": "48px_v3.7_2024-01-10"
      }
    },
    {
      "type": "Feature",
      "geometry": {
        "type": "Point",
        "coordinates": [
          -2.1485190817904005,
          5.510129498678085
        ]
      },
      "properties": {
        "probability": 0.9937134385108948,
        "lat": 5.510129498678085,
        "lon": -2.1485190817904005,
        "region": "Tarkwa-Nsuaem",
        "detected_at": "2026-03-16T06:31:21.848545",
        "model_version": "48px_v3.7_2024-01-10"
      }
    },
    {
      "type": "Feature",
      "geometry": {
        "type": "Point",
        "coordinates": [
          -2.146349500385381,
          5.514477547394301
        ]
      },
      "properties": {
        "probability": 0.9812619686126709,
        "lat": 5.514477547394301,
        "lon": -2.146349500385381,
        "region": "Tarkwa-Nsuaem",
        "detected_at": "2026-03-16T06:31:21.848651",
        "model_version": "48px_v3.7_2024-01-10"
      }
    },
    {
      "type": "Feature",
      "geometry": {
        "type": "Point",
        "coordinates": [
          -2.146349500385381,
          5.512303523036193
        ]
      },
      "properties": {
        "probability": 0.9721112251281738,
        "lat": 5.512303523036193,
        "lon": -2.146349500385381,
        "region": "Tarkwa-Nsuaem",
        "detected_at": "2026-03-16T06:31:21.848749",
        "model_version": "48px_v3.7_2024-01-10"
      }
    },
    {
      "type": "Feature",
      "geometry": {
        "type": "Point",
        "coordinates": [
          -2.146349500385381,
          5.510129498678084
        ]
      },
      "properties": {
        "probability": 0.9954501986503601,
        "lat": 5.510129498678084,
        "lon": -2.146349500385381,
        "region": "Tarkwa-Nsuaem",
        "detected_at": "2026-03-16T06:31:21.848838",
        "model_version": "48px_v3.7_2024-01-10"
      }
    },
    {
      "type": "Feature",
      "geometry": {
        "type": "Point",
        "coordinates": [
          -2.146349500385381,
          5.507955474319976
        ]
      },
      "properties": {
        "probability": 0.8524686098098755,
        "lat": 5.507955474319976,
        "lon": -2.146349500385381,
        "region": "Tarkwa-Nsuaem",
        "detected_at": "2026-03-16T06:31:21.848925",
        "model_version": "48px_v3.7_2024-01-10"
      }
    },
    {
      "type": "Feature",
      "geometry": {
        "type": "Point",
        "coordinates": [
          -2.1441799189803623,
          5.510129498678084
        ]
      },
      "properties": {
        "probability": 0.9967629909515381,
        "lat": 5.510129498678084,
        "lon": -2.1441799189803623,
        "region": "Tarkwa-Nsuaem",
        "detected_at": "2026-03-16T06:31:21.849012",
        "model_version": "48px_v3.7_2024-01-10"
      }
    },
    {
      "type": "Feature",
      "geometry": {
        "type": "Point",
        "coordinates": [
          -2.1441799189803623,
          5.507955474319976
        ]
      },
      "properties": {
        "probability": 0.9965778589248657,
        "lat": 5.507955474319976,
        "lon": -2.1441799189803623,
        "region": "Tarkwa-Nsuaem",
        "detected_at": "2026-03-16T06:31:21.849098",
        "model_version": "48px_v3.7_2024-01-10"
      }
    },
    {
      "type": "Feature",
      "geometry": {
        "type": "Point",
        "coordinates": [
          -2.1441799189803623,
          5.5057814499618685
        ]
      },
      "properties": {
        "probability": 0.8983324766159058,
        "lat": 5.5057814499618685,
        "lon": -2.1441799189803623,
        "region": "Tarkwa-Nsuaem",
        "detected_at": "2026-03-16T06:31:21.849184",
        "model_version": "48px_v3.7_2024-01-10"
      }
    },
    {
      "type": "Feature",
      "geometry": {
        "type": "Point",
        "coordinates": [
          -2.1420103375753428,
          5.507955474319976
        ]
      },
      "properties": {
        "probability": 0.8929714560508728,
        "lat": 5.507955474319976,
        "lon": -2.1420103375753428,
        "region": "Tarkwa-Nsuaem",
        "detected_at": "2026-03-16T06:31:21.849278",
        "model_version": "48px_v3.7_2024-01-10"
      }
    },
    {
      "type": "Feature",
      "geometry": {
        "type": "Point",
        "coordinates": [
          -2.1420103375753428,
          5.505781449961869
        ]
      },
      "properties": {
        "probability": 0.9999677538871765,
        "lat": 5.505781449961869,
        "lon": -2.1420103375753428,
        "region": "Tarkwa-Nsuaem",
        "detected_at": "2026-03-16T06:31:21.849366",
        "model_version": "48px_v3.7_2024-01-10"
      }
    },
    {
      "type": "Feature",
      "geometry": {
        "type": "Point",
        "coordinates": [
          -2.1420103375753428,
          5.50360742560376
        ]
      },
      "properties": {
        "probability": 0.9893622994422913,
        "lat": 5.50360742560376,
        "lon": -2.1420103375753428,
        "region": "Tarkwa-Nsuaem",
        "detected_at": "2026-03-16T06:31:21.849452",
        "model_version": "48px_v3.7_2024-01-10"
      }
    },
    {
      "type": "Feature",
      "geometry": {
        "type": "Point",
        "coordinates": [
          -2.139840756170323,
          5.5057814499618685
        ]
      },
      "properties": {
        "probability": 0.9999539852142334,
        "lat": 5.5057814499618685,
        "lon": -2.139840756170323,
        "region": "Tarkwa-Nsuaem",
        "detected_at": "2026-03-16T06:31:21.849540",
        "model_version": "48px_v3.7_2024-01-10"
      }
    },
    {
      "type": "Feature",
      "geometry": {
        "type": "Point",
        "coordinates": [
          -2.139840756170323,
          5.503607425603761
        ]
      },
      "properties": {
        "probability": 0.9989739060401917,
        "lat": 5.503607425603761,
        "lon": -2.139840756170323,
        "region": "Tarkwa-Nsuaem",
        "detected_at": "2026-03-16T06:31:21.849644",
        "model_version": "48px_v3.7_2024-01-10"
      }
    },
    {
      "type": "Feature",
      "geometry": {
        "type": "Point",
        "coordinates": [
          -2.1376711747653045,
          5.5057814499618685
        ]
      },
      "properties": {
        "probability": 0.9842111468315125,
        "lat": 5.5057814499618685,
        "lon": -2.1376711747653045,
        "region": "Tarkwa-Nsuaem",
        "detected_at": "2026-03-16T06:31:21.849737",
        "model_version": "48px_v3.7_2024-01-10"
      }
    },
    {
      "type": "Feature",
      "geometry": {
        "type": "Point",
        "coordinates": [
          -2.137671174765304,
          5.503607425603761
        ]
      },
      "properties": {
        "probability": 0.9758077263832092,
        "lat": 5.503607425603761,
        "lon": -2.137671174765304,
        "region": "Tarkwa-Nsuaem",
        "detected_at": "2026-03-16T06:31:21.849837",
        "model_version": "48px_v3.7_2024-01-10"
      }
    },
    {
      "type": "Feature",
      "geometry": {
        "type": "Point",
        "coordinates": [
          -2.135501593360285,
          5.505781449961869
        ]
      },
      "properties": {
        "probability": 0.8022065162658691,
        "lat": 5.505781449961869,
        "lon": -2.135501593360285,
        "region": "Tarkwa-Nsuaem",
        "detected_at": "2026-03-16T06:31:21.849933",
        "model_version": "48px_v3.7_2024-01-10"
      }
    },
    {
      "type": "Feature",
      "geometry": {
        "type": "Point",
        "coordinates": [
          -2.135501593360285,
          5.50360742560376
        ]
      },
      "properties": {
        "probability": 0.9244611263275146,
        "lat": 5.50360742560376,
        "lon": -2.135501593360285,
        "region": "Tarkwa-Nsuaem",
        "detected_at": "2026-03-16T06:31:21.850026",
        "model_version": "48px_v3.7_2024-01-10"
      }
    },
    {
      "type": "Feature",
      "geometry": {
        "type": "Point",
        "coordinates": [
          -2.135501593360285,
          5.501433401245651
        ]
      },
      "properties": {
        "probability": 0.8898938894271851,
        "lat": 5.501433401245651,
        "lon": -2.135501593360285,
        "region": "Tarkwa-Nsuaem",
        "detected_at": "2026-03-16T06:31:21.850113",
        "model_version": "48px_v3.7_2024-01-10"
      }
    },
    {
      "type": "Feature",
      "geometry": {
        "type": "Point",
        "coordinates": [
          -2.1333320119552655,
          5.5057814499618685
        ]
      },
      "properties": {
        "probability": 0.8445090055465698,
        "lat": 5.5057814499618685,
        "lon": -2.1333320119552655,
        "region": "Tarkwa-Nsuaem",
        "detected_at": "2026-03-16T06:31:21.850198",
        "model_version": "48px_v3.7_2024-01-10"
      }
    },
    {
      "type": "Feature",
      "geometry": {
        "type": "Point",
        "coordinates": [
          -2.1333320119552655,
          5.503607425603761
        ]
      },
      "properties": {
        "probability": 0.9976774454116821,
        "lat": 5.503607425603761,
        "lon": -2.1333320119552655,
        "region": "Tarkwa-Nsuaem",
        "detected_at": "2026-03-16T06:31:21.850321",
        "model_version": "48px_v3.7_2024-01-10"
      }
    },
    {
      "type": "Feature",
      "geometry": {
        "type": "Point",
        "coordinates": [
          -2.1333320119552655,
          5.501433401245651
        ]
      },
      "properties": {
        "probability": 0.9999417066574097,
        "lat": 5.501433401245651,
        "lon": -2.1333320119552655,
        "region": "Tarkwa-Nsuaem",
        "detected_at": "2026-03-16T06:31:21.850408",
        "model_version": "48px_v3.7_2024-01-10"
      }
    },
    {
      "type": "Feature",
      "geometry": {
        "type": "Point",
        "coordinates": [
          -2.1333320119552655,
          5.499259376887544
        ]
      },
      "properties": {
        "probability": 0.9996740221977234,
        "lat": 5.499259376887544,
        "lon": -2.1333320119552655,
        "region": "Tarkwa-Nsuaem",
        "detected_at": "2026-03-16T06:31:21.850501",
        "model_version": "48px_v3.7_2024-01-10"
      }
    },
    {
      "type": "Feature",
      "geometry": {
        "type": "Point",
        "coordinates": [
          -2.131162430550247,
          5.5057814499618685
        ]
      },
      "properties": {
        "probability": 0.8346689343452454,
        "lat": 5.5057814499618685,
        "lon": -2.131162430550247,
        "region": "Tarkwa-Nsuaem",
        "detected_at": "2026-03-16T06:31:21.850588",
        "model_version": "48px_v3.7_2024-01-10"
      }
    },
    {
      "type": "Feature",
      "geometry": {
        "type": "Point",
        "coordinates": [
          -2.1311624305502463,
          5.503607425603761
        ]
      },
      "properties": {
        "probability": 0.9958673119544983,
        "lat": 5.503607425603761,
        "lon": -2.1311624305502463,
        "region": "Tarkwa-Nsuaem",
        "detected_at": "2026-03-16T06:31:21.850697",
        "model_version": "48px_v3.7_2024-01-10"
      }
    },
    {
      "type": "Feature",
      "geometry": {
        "type": "Point",
        "coordinates": [
          -2.131162430550247,
          5.501433401245651
        ]
      },
      "properties": {
        "probability": 0.9988671541213989,
        "lat": 5.501433401245651,
        "lon": -2.131162430550247,
        "region": "Tarkwa-Nsuaem",
        "detected_at": "2026-03-16T06:31:21.850792",
        "model_version": "48px_v3.7_2024-01-10"
      }
    },
    {
      "type": "Feature",
      "geometry": {
        "type": "Point",
        "coordinates": [
          -2.1311624305502463,
          5.499259376887544
        ]
      },
      "properties": {
        "probability": 0.9881308078765869,
        "lat": 5.499259376887544,
        "lon": -2.1311624305502463,
        "region": "Tarkwa-Nsuaem",
        "detected_at": "2026-03-16T06:31:21.850881",
        "model_version": "48px_v3.7_2024-01-10"
      }
    },
    {
      "type": "Feature",
      "geometry": {
        "type": "Point",
        "coordinates": [
          -2.1289928491452272,
          5.505781449961869
        ]
      },
      "properties": {
        "probability": 0.9208390712738037,
        "lat": 5.505781449961869,
        "lon": -2.1289928491452272,
        "region": "Tarkwa-Nsuaem",
        "detected_at": "2026-03-16T06:31:21.850969",
        "model_version": "48px_v3.7_2024-01-10"
      }
    },
    {
      "type": "Feature",
      "geometry": {
        "type": "Point",
        "coordinates": [
          -2.1289928491452272,
          5.50360742560376
        ]
      },
      "properties": {
        "probability": 0.9964081048965454,
        "lat": 5.50360742560376,
        "lon": -2.1289928491452272,
        "region": "Tarkwa-Nsuaem",
        "detected_at": "2026-03-16T06:31:21.851057",
        "model_version": "48px_v3.7_2024-01-10"
      }
    },
    {
      "type": "Feature",
      "geometry": {
        "type": "Point",
        "coordinates": [
          -2.1268232677402077,
          5.5057814499618685
        ]
      },
      "properties": {
        "probability": 0.9286056160926819,
        "lat": 5.5057814499618685,
        "lon": -2.1268232677402077,
        "region": "Tarkwa-Nsuaem",
        "detected_at": "2026-03-16T06:31:21.851144",
        "model_version": "48px_v3.7_2024-01-10"
      }
    },
    {
      "type": "Feature",
      "geometry": {
        "type": "Point",
        "coordinates": [
          -2.1268232677402077,
          5.503607425603761
        ]
      },
      "properties": {
        "probability": 0.9955791234970093,
        "lat": 5.503607425603761,
        "lon": -2.1268232677402077,
        "region": "Tarkwa-Nsuaem",
        "detected_at": "2026-03-16T06:31:21.851231",
        "model_version": "48px_v3.7_2024-01-10"
      }
    },
    {
      "type": "Feature",
      "geometry": {
        "type": "Point",
        "coordinates": [
          -2.1268232677402077,
          5.475345108948354
        ]
      },
      "properties": {
        "probability": 0.9857541918754578,
        "lat": 5.475345108948354,
        "lon": -2.1268232677402077,
        "region": "Tarkwa-Nsuaem",
        "detected_at": "2026-03-16T06:31:21.851326",
        "model_version": "48px_v3.7_2024-01-10"
      }
    },
    {
      "type": "Feature",
      "geometry": {
        "type": "Point",
        "coordinates": [
          -2.1268232677402077,
          5.473171084590247
        ]
      },
      "properties": {
        "probability": 0.9999924898147583,
        "lat": 5.473171084590247,
        "lon": -2.1268232677402077,
        "region": "Tarkwa-Nsuaem",
        "detected_at": "2026-03-16T06:31:21.851415",
        "model_version": "48px_v3.7_2024-01-10"
      }
    },
    {
      "type": "Feature",
      "geometry": {
        "type": "Point",
        "coordinates": [
          -2.124653686335189,
          5.5057814499618685
        ]
      },
      "properties": {
        "probability": 0.8447741866111755,
        "lat": 5.5057814499618685,
        "lon": -2.124653686335189,
        "region": "Tarkwa-Nsuaem",
        "detected_at": "2026-03-16T06:31:21.851503",
        "model_version": "48px_v3.7_2024-01-10"
      }
    },
    {
      "type": "Feature",
      "geometry": {
        "type": "Point",
        "coordinates": [
          -2.124653686335189,
          5.503607425603761
        ]
      },
      "properties": {
        "probability": 0.9098214507102966,
        "lat": 5.503607425603761,
        "lon": -2.124653686335189,
        "region": "Tarkwa-Nsuaem",
        "detected_at": "2026-03-16T06:31:21.851590",
        "model_version": "48px_v3.7_2024-01-10"
      }
    },
    {
      "type": "Feature",
      "geometry": {
        "type": "Point",
        "coordinates": [
          -2.124653686335189,
          5.501433401245651
        ]
      },
      "properties": {
        "probability": 0.9819470047950745,
        "lat": 5.501433401245651,
        "lon": -2.124653686335189,
        "region": "Tarkwa-Nsuaem",
        "detected_at": "2026-03-16T06:31:21.851698",
        "model_version": "48px_v3.7_2024-01-10"
      }
    },
    {
      "type": "Feature",
      "geometry": {
        "type": "Point",
        "coordinates": [
          -2.124653686335189,
          5.479693157664572
        ]
      },
      "properties": {
        "probability": 0.987348735332489,
        "lat": 5.479693157664572,
        "lon": -2.124653686335189,
        "region": "Tarkwa-Nsuaem",
        "detected_at": "2026-03-16T06:31:21.851787",
        "model_version": "48px_v3.7_2024-01-10"
      }
    },
    {
      "type": "Feature",
      "geometry": {
        "type": "Point",
        "coordinates": [
          -2.124653686335189,
          5.477519133306464
        ]
      },
      "properties": {
        "probability": 0.9997892379760742,
        "lat": 5.477519133306464,
        "lon": -2.124653686335189,
        "region": "Tarkwa-Nsuaem",
        "detected_at": "2026-03-16T06:31:21.851873",
        "model_version": "48px_v3.7_2024-01-10"
      }
    },
    {
      "type": "Feature",
      "geometry": {
        "type": "Point",
        "coordinates": [
          -2.124653686335189,
          5.475345108948354
        ]
      },
      "properties": {
        "probability": 0.9998078346252441,
        "lat": 5.475345108948354,
        "lon": -2.124653686335189,
        "region": "Tarkwa-Nsuaem",
        "detected_at": "2026-03-16T06:31:21.851959",
        "model_version": "48px_v3.7_2024-01-10"
      }
    },
    {
      "type": "Feature",
      "geometry": {
        "type": "Point",
        "coordinates": [
          -2.124653686335189,
          5.473171084590247
        ]
      },
      "properties": {
        "probability": 0.9999992251396179,
        "lat": 5.473171084590247,
        "lon": -2.124653686335189,
        "region": "Tarkwa-Nsuaem",
        "detected_at": "2026-03-16T06:31:21.852047",
        "model_version": "48px_v3.7_2024-01-10"
      }
    },
    {
      "type": "Feature",
      "geometry": {
        "type": "Point",
        "coordinates": [
          -2.1224841049301695,
          5.507955474319976
        ]
      },
      "properties": {
        "probability": 0.8723593950271606,
        "lat": 5.507955474319976,
        "lon": -2.1224841049301695,
        "region": "Tarkwa-Nsuaem",
        "detected_at": "2026-03-16T06:31:21.852134",
        "model_version": "48px_v3.7_2024-01-10"
      }
    },
    {
      "type": "Feature",
      "geometry": {
        "type": "Point",
        "coordinates": [
          -2.1224841049301695,
          5.505781449961869
        ]
      },
      "properties": {
        "probability": 0.9837110638618469,
        "lat": 5.505781449961869,
        "lon": -2.1224841049301695,
        "region": "Tarkwa-Nsuaem",
        "detected_at": "2026-03-16T06:31:21.852239",
        "model_version": "48px_v3.7_2024-01-10"
      }
    },
    {
      "type": "Feature",
      "geometry": {
        "type": "Point",
        "coordinates": [
          -2.1224841049301695,
          5.50360742560376
        ]
      },
      "properties": {
        "probability": 0.9997221231460571,
        "lat": 5.50360742560376,
        "lon": -2.1224841049301695,
        "region": "Tarkwa-Nsuaem",
        "detected_at": "2026-03-16T06:31:21.852335",
        "model_version": "48px_v3.7_2024-01-10"
      }
    },
    {
      "type": "Feature",
      "geometry": {
        "type": "Point",
        "coordinates": [
          -2.1224841049301695,
          5.501433401245651
        ]
      },
      "properties": {
        "probability": 0.9957034587860107,
        "lat": 5.501433401245651,
        "lon": -2.1224841049301695,
        "region": "Tarkwa-Nsuaem",
        "detected_at": "2026-03-16T06:31:21.852425",
        "model_version": "48px_v3.7_2024-01-10"
      }
    },
    {
      "type": "Feature",
      "geometry": {
        "type": "Point",
        "coordinates": [
          -2.1224841049301695,
          5.484041206380787
        ]
      },
      "properties": {
        "probability": 0.9885636568069458,
        "lat": 5.484041206380787,
        "lon": -2.1224841049301695,
        "region": "Tarkwa-Nsuaem",
        "detected_at": "2026-03-16T06:31:21.852513",
        "model_version": "48px_v3.7_2024-01-10"
      }
    },
    {
      "type": "Feature",
      "geometry": {
        "type": "Point",
        "coordinates": [
          -2.1224841049301695,
          5.481867182022679
        ]
      },
      "properties": {
        "probability": 0.9193193912506104,
        "lat": 5.481867182022679,
        "lon": -2.1224841049301695,
        "region": "Tarkwa-Nsuaem",
        "detected_at": "2026-03-16T06:31:21.852618",
        "model_version": "48px_v3.7_2024-01-10"
      }
    },
    {
      "type": "Feature",
      "geometry": {
        "type": "Point",
        "coordinates": [
          -2.1224841049301695,
          5.479693157664571
        ]
      },
      "properties": {
        "probability": 0.9384335875511169,
        "lat": 5.479693157664571,
        "lon": -2.1224841049301695,
        "region": "Tarkwa-Nsuaem",
        "detected_at": "2026-03-16T06:31:21.852712",
        "model_version": "48px_v3.7_2024-01-10"
      }
    },
    {
      "type": "Feature",
      "geometry": {
        "type": "Point",
        "coordinates": [
          -2.1224841049301695,
          5.4731710845902475
        ]
      },
      "properties": {
        "probability": 0.9830002784729004,
        "lat": 5.4731710845902475,
        "lon": -2.1224841049301695,
        "region": "Tarkwa-Nsuaem",
        "detected_at": "2026-03-16T06:31:21.852808",
        "model_version": "48px_v3.7_2024-01-10"
      }
    },
    {
      "type": "Feature",
      "geometry": {
        "type": "Point",
        "coordinates": [
          -2.12031452352515,
          5.5057814499618685
        ]
      },
      "properties": {
        "probability": 0.9867395162582397,
        "lat": 5.5057814499618685,
        "lon": -2.12031452352515,
        "region": "Tarkwa-Nsuaem",
        "detected_at": "2026-03-16T06:31:21.852895",
        "model_version": "48px_v3.7_2024-01-10"
      }
    },
    {
      "type": "Feature",
      "geometry": {
        "type": "Point",
        "coordinates": [
          -2.12031452352515,
          5.503607425603761
        ]
      },
      "properties": {
        "probability": 0.9999819397926331,
        "lat": 5.503607425603761,
        "lon": -2.12031452352515,
        "region": "Tarkwa-Nsuaem",
        "detected_at": "2026-03-16T06:31:21.852988",
        "model_version": "48px_v3.7_2024-01-10"
      }
    },
    {
      "type": "Feature",
      "geometry": {
        "type": "Point",
        "coordinates": [
          -2.12031452352515,
          5.501433401245651
        ]
      },
      "properties": {
        "probability": 0.9864277243614197,
        "lat": 5.501433401245651,
        "lon": -2.12031452352515,
        "region": "Tarkwa-Nsuaem",
        "detected_at": "2026-03-16T06:31:21.853077",
        "model_version": "48px_v3.7_2024-01-10"
      }
    },
    {
      "type": "Feature",
      "geometry": {
        "type": "Point",
        "coordinates": [
          -2.12031452352515,
          5.486215230738897
        ]
      },
      "properties": {
        "probability": 0.9997903108596802,
        "lat": 5.486215230738897,
        "lon": -2.12031452352515,
        "region": "Tarkwa-Nsuaem",
        "detected_at": "2026-03-16T06:31:21.853165",
        "model_version": "48px_v3.7_2024-01-10"
      }
    },
    {
      "type": "Feature",
      "geometry": {
        "type": "Point",
        "coordinates": [
          -2.12031452352515,
          5.484041206380787
        ]
      },
      "properties": {
        "probability": 0.9999769330024719,
        "lat": 5.484041206380787,
        "lon": -2.12031452352515,
        "region": "Tarkwa-Nsuaem",
        "detected_at": "2026-03-16T06:31:21.853252",
        "model_version": "48px_v3.7_2024-01-10"
      }
    },
    {
      "type": "Feature",
      "geometry": {
        "type": "Point",
        "coordinates": [
          -2.12031452352515,
          5.481867182022679
        ]
      },
      "properties": {
        "probability": 0.9893380999565125,
        "lat": 5.481867182022679,
        "lon": -2.12031452352515,
        "region": "Tarkwa-Nsuaem",
        "detected_at": "2026-03-16T06:31:21.853339",
        "model_version": "48px_v3.7_2024-01-10"
      }
    },
    {
      "type": "Feature",
      "geometry": {
        "type": "Point",
        "coordinates": [
          -2.12031452352515,
          5.479693157664572
        ]
      },
      "properties": {
        "probability": 0.8655268549919128,
        "lat": 5.479693157664572,
        "lon": -2.12031452352515,
        "region": "Tarkwa-Nsuaem",
        "detected_at": "2026-03-16T06:31:21.853427",
        "model_version": "48px_v3.7_2024-01-10"
      }
    },
    {
      "type": "Feature",
      "geometry": {
        "type": "Point",
        "coordinates": [
          -2.1181449421201313,
          5.503607425603761
        ]
      },
      "properties": {
        "probability": 0.9878852367401123,
        "lat": 5.503607425603761,
        "lon": -2.1181449421201313,
        "region": "Tarkwa-Nsuaem",
        "detected_at": "2026-03-16T06:31:21.853514",
        "model_version": "48px_v3.7_2024-01-10"
      }
    },
    {
      "type": "Feature",
      "geometry": {
        "type": "Point",
        "coordinates": [
          -2.1181449421201313,
          5.501433401245651
        ]
      },
      "properties": {
        "probability": 0.9994606971740723,
        "lat": 5.501433401245651,
        "lon": -2.1181449421201313,
        "region": "Tarkwa-Nsuaem",
        "detected_at": "2026-03-16T06:31:21.853617",
        "model_version": "48px_v3.7_2024-01-10"
      }
    },
    {
      "type": "Feature",
      "geometry": {
        "type": "Point",
        "coordinates": [
          -2.1181449421201313,
          5.499259376887544
        ]
      },
      "properties": {
        "probability": 0.9879135489463806,
        "lat": 5.499259376887544,
        "lon": -2.1181449421201313,
        "region": "Tarkwa-Nsuaem",
        "detected_at": "2026-03-16T06:31:21.853716",
        "model_version": "48px_v3.7_2024-01-10"
      }
    },
    {
      "type": "Feature",
      "geometry": {
        "type": "Point",
        "coordinates": [
          -2.1181449421201313,
          5.488389255097005
        ]
      },
      "properties": {
        "probability": 0.9843266606330872,
        "lat": 5.488389255097005,
        "lon": -2.1181449421201313,
        "region": "Tarkwa-Nsuaem",
        "detected_at": "2026-03-16T06:31:21.853804",
        "model_version": "48px_v3.7_2024-01-10"
      }
    },
    {
      "type": "Feature",
      "geometry": {
        "type": "Point",
        "coordinates": [
          -2.1181449421201313,
          5.486215230738897
        ]
      },
      "properties": {
        "probability": 0.9999048113822937,
        "lat": 5.486215230738897,
        "lon": -2.1181449421201313,
        "region": "Tarkwa-Nsuaem",
        "detected_at": "2026-03-16T06:31:21.853891",
        "model_version": "48px_v3.7_2024-01-10"
      }
    },
    {
      "type": "Feature",
      "geometry": {
        "type": "Point",
        "coordinates": [
          -2.1181449421201313,
          5.484041206380787
        ]
      },
      "properties": {
        "probability": 0.9997597336769104,
        "lat": 5.484041206380787,
        "lon": -2.1181449421201313,
        "region": "Tarkwa-Nsuaem",
        "detected_at": "2026-03-16T06:31:21.853978",
        "model_version": "48px_v3.7_2024-01-10"
      }
    },
    {
      "type": "Feature",
      "geometry": {
        "type": "Point",
        "coordinates": [
          -2.1181449421201313,
          5.481867182022679
        ]
      },
      "properties": {
        "probability": 0.9999889731407166,
        "lat": 5.481867182022679,
        "lon": -2.1181449421201313,
        "region": "Tarkwa-Nsuaem",
        "detected_at": "2026-03-16T06:31:21.854072",
        "model_version": "48px_v3.7_2024-01-10"
      }
    },
    {
      "type": "Feature",
      "geometry": {
        "type": "Point",
        "coordinates": [
          -2.1181449421201313,
          5.479693157664572
        ]
      },
      "properties": {
        "probability": 0.9997169971466064,
        "lat": 5.479693157664572,
        "lon": -2.1181449421201313,
        "region": "Tarkwa-Nsuaem",
        "detected_at": "2026-03-16T06:31:21.854161",
        "model_version": "48px_v3.7_2024-01-10"
      }
    },
    {
      "type": "Feature",
      "geometry": {
        "type": "Point",
        "coordinates": [
          -2.1181449421201313,
          5.477519133306464
        ]
      },
      "properties": {
        "probability": 0.9161925911903381,
        "lat": 5.477519133306464,
        "lon": -2.1181449421201313,
        "region": "Tarkwa-Nsuaem",
        "detected_at": "2026-03-16T06:31:21.854254",
        "model_version": "48px_v3.7_2024-01-10"
      }
    },
    {
      "type": "Feature",
      "geometry": {
        "type": "Point",
        "coordinates": [
          -2.1138054009184097,
          5.553457831464577
        ]
      },
      "properties": {
        "probability": 0.9332476258277893,
        "lat": 5.553457831464577,
        "lon": -2.1138054009184097,
        "region": "Tarkwa-Nsuaem",
        "detected_at": "2026-03-16T06:31:21.854343",
        "model_version": "48px_v3.7_2024-01-10"
      }
    },
    {
      "type": "Feature",
      "geometry": {
        "type": "Point",
        "coordinates": [
          -2.1138054009184097,
          5.551283621374335
        ]
      },
      "properties": {
        "probability": 0.9851285219192505,
        "lat": 5.551283621374335,
        "lon": -2.1138054009184097,
        "region": "Tarkwa-Nsuaem",
        "detected_at": "2026-03-16T06:31:21.854432",
        "model_version": "48px_v3.7_2024-01-10"
      }
    },
    {
      "type": "Feature",
      "geometry": {
        "type": "Point",
        "coordinates": [
          -2.1007856421381996,
          5.57302572227676
        ]
      },
      "properties": {
        "probability": 0.9992475509643555,
        "lat": 5.57302572227676,
        "lon": -2.1007856421381996,
        "region": "Tarkwa-Nsuaem",
        "detected_at": "2026-03-16T06:31:21.854519",
        "model_version": "48px_v3.7_2024-01-10"
      }
    },
    {
      "type": "Feature",
      "geometry": {
        "type": "Point",
        "coordinates": [
          -2.1007856421381996,
          5.5708515121865165
        ]
      },
      "properties": {
        "probability": 0.9985787272453308,
        "lat": 5.5708515121865165,
        "lon": -2.1007856421381996,
        "region": "Tarkwa-Nsuaem",
        "detected_at": "2026-03-16T06:31:21.854629",
        "model_version": "48px_v3.7_2024-01-10"
      }
    },
    {
      "type": "Feature",
      "geometry": {
        "type": "Point",
        "coordinates": [
          -2.0986156823414985,
          5.57302572227676
        ]
      },
      "properties": {
        "probability": 0.9999951720237732,
        "lat": 5.57302572227676,
        "lon": -2.0986156823414985,
        "region": "Tarkwa-Nsuaem",
        "detected_at": "2026-03-16T06:31:21.854723",
        "model_version": "48px_v3.7_2024-01-10"
      }
    },
    {
      "type": "Feature",
      "geometry": {
        "type": "Point",
        "coordinates": [
          -2.0986156823414985,
          5.5708515121865165
        ]
      },
      "properties": {
        "probability": 0.9998859763145447,
        "lat": 5.5708515121865165,
        "lon": -2.0986156823414985,
        "region": "Tarkwa-Nsuaem",
        "detected_at": "2026-03-16T06:31:21.854811",
        "model_version": "48px_v3.7_2024-01-10"
      }
    },
    {
      "type": "Feature",
      "geometry": {
        "type": "Point",
        "coordinates": [
          -2.0986156823414985,
          5.568677302096273
        ]
      },
      "properties": {
        "probability": 0.9723967909812927,
        "lat": 5.568677302096273,
        "lon": -2.0986156823414985,
        "region": "Tarkwa-Nsuaem",
        "detected_at": "2026-03-16T06:31:21.854899",
        "model_version": "48px_v3.7_2024-01-10"
      }
    },
    {
      "type": "Feature",
      "geometry": {
        "type": "Point",
        "coordinates": [
          -2.0964457225447966,
          5.57302572227676
        ]
      },
      "properties": {
        "probability": 0.9971334934234619,
        "lat": 5.57302572227676,
        "lon": -2.0964457225447966,
        "region": "Tarkwa-Nsuaem",
        "detected_at": "2026-03-16T06:31:21.854987",
        "model_version": "48px_v3.7_2024-01-10"
      }
    },
    {
      "type": "Feature",
      "geometry": {
        "type": "Point",
        "coordinates": [
          -2.0964457225447966,
          5.570851512186516
        ]
      },
      "properties": {
        "probability": 0.9074723720550537,
        "lat": 5.570851512186516,
        "lon": -2.0964457225447966,
        "region": "Tarkwa-Nsuaem",
        "detected_at": "2026-03-16T06:31:21.855074",
        "model_version": "48px_v3.7_2024-01-10"
      }
    },
    {
      "type": "Feature",
      "geometry": {
        "type": "Point",
        "coordinates": [
          -2.0964457225447966,
          5.568677302096275
        ]
      },
      "properties": {
        "probability": 0.996353030204773,
        "lat": 5.568677302096275,
        "lon": -2.0964457225447966,
        "region": "Tarkwa-Nsuaem",
        "detected_at": "2026-03-16T06:31:21.855168",
        "model_version": "48px_v3.7_2024-01-10"
      }
    },
    {
      "type": "Feature",
      "geometry": {
        "type": "Point",
        "coordinates": [
          -2.0964457225447966,
          5.566503092006032
        ]
      },
      "properties": {
        "probability": 0.9435882568359375,
        "lat": 5.566503092006032,
        "lon": -2.0964457225447966,
        "region": "Tarkwa-Nsuaem",
        "detected_at": "2026-03-16T06:31:21.855256",
        "model_version": "48px_v3.7_2024-01-10"
      }
    },
    {
      "type": "Feature",
      "geometry": {
        "type": "Point",
        "coordinates": [
          -2.0964457225447966,
          5.53823836083288
        ]
      },
      "properties": {
        "probability": 0.9145918488502502,
        "lat": 5.53823836083288,
        "lon": -2.0964457225447966,
        "region": "Tarkwa-Nsuaem",
        "detected_at": "2026-03-16T06:31:21.855342",
        "model_version": "48px_v3.7_2024-01-10"
      }
    },
    {
      "type": "Feature",
      "geometry": {
        "type": "Point",
        "coordinates": [
          -2.0964457225447966,
          5.536064150742637
        ]
      },
      "properties": {
        "probability": 0.9996715784072876,
        "lat": 5.536064150742637,
        "lon": -2.0964457225447966,
        "region": "Tarkwa-Nsuaem",
        "detected_at": "2026-03-16T06:31:21.855430",
        "model_version": "48px_v3.7_2024-01-10"
      }
    },
    {
      "type": "Feature",
      "geometry": {
        "type": "Point",
        "coordinates": [
          -2.0942757627480946,
          5.568677302096273
        ]
      },
      "properties": {
        "probability": 0.9928358197212219,
        "lat": 5.568677302096273,
        "lon": -2.0942757627480946,
        "region": "Tarkwa-Nsuaem",
        "detected_at": "2026-03-16T06:31:21.855518",
        "model_version": "48px_v3.7_2024-01-10"
      }
    },
    {
      "type": "Feature",
      "geometry": {
        "type": "Point",
        "coordinates": [
          -2.0942757627480946,
          5.566503092006032
        ]
      },
      "properties": {
        "probability": 0.9992506504058838,
        "lat": 5.566503092006032,
        "lon": -2.0942757627480946,
        "region": "Tarkwa-Nsuaem",
        "detected_at": "2026-03-16T06:31:21.855620",
        "model_version": "48px_v3.7_2024-01-10"
      }
    },
    {
      "type": "Feature",
      "geometry": {
        "type": "Point",
        "coordinates": [
          -2.0942757627480946,
          5.564328881915788
        ]
      },
      "properties": {
        "probability": 0.8955702185630798,
        "lat": 5.564328881915788,
        "lon": -2.0942757627480946,
        "region": "Tarkwa-Nsuaem",
        "detected_at": "2026-03-16T06:31:21.855719",
        "model_version": "48px_v3.7_2024-01-10"
      }
    },
    {
      "type": "Feature",
      "geometry": {
        "type": "Point",
        "coordinates": [
          -2.0942757627480946,
          5.562154671825546
        ]
      },
      "properties": {
        "probability": 0.9826724529266357,
        "lat": 5.562154671825546,
        "lon": -2.0942757627480946,
        "region": "Tarkwa-Nsuaem",
        "detected_at": "2026-03-16T06:31:21.855808",
        "model_version": "48px_v3.7_2024-01-10"
      }
    },
    {
      "type": "Feature",
      "geometry": {
        "type": "Point",
        "coordinates": [
          -2.0942757627480946,
          5.559980461735304
        ]
      },
      "properties": {
        "probability": 0.9916117787361145,
        "lat": 5.559980461735304,
        "lon": -2.0942757627480946,
        "region": "Tarkwa-Nsuaem",
        "detected_at": "2026-03-16T06:31:21.855904",
        "model_version": "48px_v3.7_2024-01-10"
      }
    },
    {
      "type": "Feature",
      "geometry": {
        "type": "Point",
        "coordinates": [
          -2.0942757627480946,
          5.555632041554818
        ]
      },
      "properties": {
        "probability": 0.8835573792457581,
        "lat": 5.555632041554818,
        "lon": -2.0942757627480946,
        "region": "Tarkwa-Nsuaem",
        "detected_at": "2026-03-16T06:31:21.855992",
        "model_version": "48px_v3.7_2024-01-10"
      }
    },
    {
      "type": "Feature",
      "geometry": {
        "type": "Point",
        "coordinates": [
          -2.0942757627480946,
          5.553457831464577
        ]
      },
      "properties": {
        "probability": 0.9990025162696838,
        "lat": 5.553457831464577,
        "lon": -2.0942757627480946,
        "region": "Tarkwa-Nsuaem",
        "detected_at": "2026-03-16T06:31:21.856078",
        "model_version": "48px_v3.7_2024-01-10"
      }
    },
    {
      "type": "Feature",
      "geometry": {
        "type": "Point",
        "coordinates": [
          -2.0942757627480946,
          5.551283621374335
        ]
      },
      "properties": {
        "probability": 0.9958986043930054,
        "lat": 5.551283621374335,
        "lon": -2.0942757627480946,
        "region": "Tarkwa-Nsuaem",
        "detected_at": "2026-03-16T06:31:21.856177",
        "model_version": "48px_v3.7_2024-01-10"
      }
    },
    {
      "type": "Feature",
      "geometry": {
        "type": "Point",
        "coordinates": [
          -2.0942757627480946,
          5.538238360832879
        ]
      },
      "properties": {
        "probability": 0.9989191293716431,
        "lat": 5.538238360832879,
        "lon": -2.0942757627480946,
        "region": "Tarkwa-Nsuaem",
        "detected_at": "2026-03-16T06:31:21.856263",
        "model_version": "48px_v3.7_2024-01-10"
      }
    },
    {
      "type": "Feature",
      "geometry": {
        "type": "Point",
        "coordinates": [
          -2.0942757627480946,
          5.536064150742638
        ]
      },
      "properties": {
        "probability": 1.0,
        "lat": 5.536064150742638,
        "lon": -2.0942757627480946,
        "region": "Tarkwa-Nsuaem",
        "detected_at": "2026-03-16T06:31:21.856350",
        "model_version": "48px_v3.7_2024-01-10"
      }
    },
    {
      "type": "Feature",
      "geometry": {
        "type": "Point",
        "coordinates": [
          -2.0942757627480946,
          5.5338899406523945
        ]
      },
      "properties": {
        "probability": 0.996336817741394,
        "lat": 5.5338899406523945,
        "lon": -2.0942757627480946,
        "region": "Tarkwa-Nsuaem",
        "detected_at": "2026-03-16T06:31:21.856438",
        "model_version": "48px_v3.7_2024-01-10"
      }
    },
    {
      "type": "Feature",
      "geometry": {
        "type": "Point",
        "coordinates": [
          -2.0921058029513935,
          5.568677302096273
        ]
      },
      "properties": {
        "probability": 0.9555729031562805,
        "lat": 5.568677302096273,
        "lon": -2.0921058029513935,
        "region": "Tarkwa-Nsuaem",
        "detected_at": "2026-03-16T06:31:21.856524",
        "model_version": "48px_v3.7_2024-01-10"
      }
    },
    {
      "type": "Feature",
      "geometry": {
        "type": "Point",
        "coordinates": [
          -2.0921058029513935,
          5.566503092006032
        ]
      },
      "properties": {
        "probability": 0.9881086945533752,
        "lat": 5.566503092006032,
        "lon": -2.0921058029513935,
        "region": "Tarkwa-Nsuaem",
        "detected_at": "2026-03-16T06:31:21.856636",
        "model_version": "48px_v3.7_2024-01-10"
      }
    },
    {
      "type": "Feature",
      "geometry": {
        "type": "Point",
        "coordinates": [
          -2.0921058029513935,
          5.564328881915788
        ]
      },
      "properties": {
        "probability": 0.8277176022529602,
        "lat": 5.564328881915788,
        "lon": -2.0921058029513935,
        "region": "Tarkwa-Nsuaem",
        "detected_at": "2026-03-16T06:31:21.856731",
        "model_version": "48px_v3.7_2024-01-10"
      }
    },
    {
      "type": "Feature",
      "geometry": {
        "type": "Point",
        "coordinates": [
          -2.0921058029513935,
          5.559980461735304
        ]
      },
      "properties": {
        "probability": 0.990799069404602,
        "lat": 5.559980461735304,
        "lon": -2.0921058029513935,
        "region": "Tarkwa-Nsuaem",
        "detected_at": "2026-03-16T06:31:21.856820",
        "model_version": "48px_v3.7_2024-01-10"
      }
    },
    {
      "type": "Feature",
      "geometry": {
        "type": "Point",
        "coordinates": [
          -2.0921058029513935,
          5.555632041554818
        ]
      },
      "properties": {
        "probability": 0.8998675346374512,
        "lat": 5.555632041554818,
        "lon": -2.0921058029513935,
        "region": "Tarkwa-Nsuaem",
        "detected_at": "2026-03-16T06:31:21.856914",
        "model_version": "48px_v3.7_2024-01-10"
      }
    },
    {
      "type": "Feature",
      "geometry": {
        "type": "Point",
        "coordinates": [
          -2.0921058029513935,
          5.553457831464577
        ]
      },
      "properties": {
        "probability": 0.9999538660049438,
        "lat": 5.553457831464577,
        "lon": -2.0921058029513935,
        "region": "Tarkwa-Nsuaem",
        "detected_at": "2026-03-16T06:31:21.857003",
        "model_version": "48px_v3.7_2024-01-10"
      }
    },
    {
      "type": "Feature",
      "geometry": {
        "type": "Point",
        "coordinates": [
          -2.0921058029513935,
          5.551283621374335
        ]
      },
      "properties": {
        "probability": 0.9999476671218872,
        "lat": 5.551283621374335,
        "lon": -2.0921058029513935,
        "region": "Tarkwa-Nsuaem",
        "detected_at": "2026-03-16T06:31:21.857090",
        "model_version": "48px_v3.7_2024-01-10"
      }
    },
    {
      "type": "Feature",
      "geometry": {
        "type": "Point",
        "coordinates": [
          -2.0921058029513935,
          5.549109411284092
        ]
      },
      "properties": {
        "probability": 0.9993720054626465,
        "lat": 5.549109411284092,
        "lon": -2.0921058029513935,
        "region": "Tarkwa-Nsuaem",
        "detected_at": "2026-03-16T06:31:21.857184",
        "model_version": "48px_v3.7_2024-01-10"
      }
    },
    {
      "type": "Feature",
      "geometry": {
        "type": "Point",
        "coordinates": [
          -2.0921058029513935,
          5.540412570923123
        ]
      },
      "properties": {
        "probability": 0.9514837265014648,
        "lat": 5.540412570923123,
        "lon": -2.0921058029513935,
        "region": "Tarkwa-Nsuaem",
        "detected_at": "2026-03-16T06:31:21.857272",
        "model_version": "48px_v3.7_2024-01-10"
      }
    },
    {
      "type": "Feature",
      "geometry": {
        "type": "Point",
        "coordinates": [
          -2.0921058029513935,
          5.538238360832879
        ]
      },
      "properties": {
        "probability": 0.9999995827674866,
        "lat": 5.538238360832879,
        "lon": -2.0921058029513935,
        "region": "Tarkwa-Nsuaem",
        "detected_at": "2026-03-16T06:31:21.857359",
        "model_version": "48px_v3.7_2024-01-10"
      }
    },
    {
      "type": "Feature",
      "geometry": {
        "type": "Point",
        "coordinates": [
          -2.0921058029513935,
          5.536064150742638
        ]
      },
      "properties": {
        "probability": 1.0,
        "lat": 5.536064150742638,
        "lon": -2.0921058029513935,
        "region": "Tarkwa-Nsuaem",
        "detected_at": "2026-03-16T06:31:21.857447",
        "model_version": "48px_v3.7_2024-01-10"
      }
    },
    {
      "type": "Feature",
      "geometry": {
        "type": "Point",
        "coordinates": [
          -2.0921058029513935,
          5.5338899406523945
        ]
      },
      "properties": {
        "probability": 0.8740947246551514,
        "lat": 5.5338899406523945,
        "lon": -2.0921058029513935,
        "region": "Tarkwa-Nsuaem",
        "detected_at": "2026-03-16T06:31:21.857536",
        "model_version": "48px_v3.7_2024-01-10"
      }
    },
    {
      "type": "Feature",
      "geometry": {
        "type": "Point",
        "coordinates": [
          -2.0899358431546915,
          5.553457831464577
        ]
      },
      "properties": {
        "probability": 0.8302344679832458,
        "lat": 5.553457831464577,
        "lon": -2.0899358431546915,
        "region": "Tarkwa-Nsuaem",
        "detected_at": "2026-03-16T06:31:21.857648",
        "model_version": "48px_v3.7_2024-01-10"
      }
    },
    {
      "type": "Feature",
      "geometry": {
        "type": "Point",
        "coordinates": [
          -2.0899358431546915,
          5.551283621374335
        ]
      },
      "properties": {
        "probability": 0.8929257392883301,
        "lat": 5.551283621374335,
        "lon": -2.0899358431546915,
        "region": "Tarkwa-Nsuaem",
        "detected_at": "2026-03-16T06:31:21.857743",
        "model_version": "48px_v3.7_2024-01-10"
      }
    },
    {
      "type": "Feature",
      "geometry": {
        "type": "Point",
        "coordinates": [
          -2.0899358431546915,
          5.549109411284092
        ]
      },
      "properties": {
        "probability": 0.990081250667572,
        "lat": 5.549109411284092,
        "lon": -2.0899358431546915,
        "region": "Tarkwa-Nsuaem",
        "detected_at": "2026-03-16T06:31:21.857831",
        "model_version": "48px_v3.7_2024-01-10"
      }
    },
    {
      "type": "Feature",
      "geometry": {
        "type": "Point",
        "coordinates": [
          -2.0899358431546915,
          5.546935201193849
        ]
      },
      "properties": {
        "probability": 0.8123518228530884,
        "lat": 5.546935201193849,
        "lon": -2.0899358431546915,
        "region": "Tarkwa-Nsuaem",
        "detected_at": "2026-03-16T06:31:21.857919",
        "model_version": "48px_v3.7_2024-01-10"
      }
    },
    {
      "type": "Feature",
      "geometry": {
        "type": "Point",
        "coordinates": [
          -2.0899358431546915,
          5.544760991103607
        ]
      },
      "properties": {
        "probability": 0.8156049847602844,
        "lat": 5.544760991103607,
        "lon": -2.0899358431546915,
        "region": "Tarkwa-Nsuaem",
        "detected_at": "2026-03-16T06:31:21.858006",
        "model_version": "48px_v3.7_2024-01-10"
      }
    },
    {
      "type": "Feature",
      "geometry": {
        "type": "Point",
        "coordinates": [
          -2.0899358431546915,
          5.540412570923123
        ]
      },
      "properties": {
        "probability": 0.902741551399231,
        "lat": 5.540412570923123,
        "lon": -2.0899358431546915,
        "region": "Tarkwa-Nsuaem",
        "detected_at": "2026-03-16T06:31:21.858099",
        "model_version": "48px_v3.7_2024-01-10"
      }
    },
    {
      "type": "Feature",
      "geometry": {
        "type": "Point",
        "coordinates": [
          -2.0899358431546915,
          5.53823836083288
        ]
      },
      "properties": {
        "probability": 0.9998142719268799,
        "lat": 5.53823836083288,
        "lon": -2.0899358431546915,
        "region": "Tarkwa-Nsuaem",
        "detected_at": "2026-03-16T06:31:21.858188",
        "model_version": "48px_v3.7_2024-01-10"
      }
    },
    {
      "type": "Feature",
      "geometry": {
        "type": "Point",
        "coordinates": [
          -2.0899358431546915,
          5.536064150742637
        ]
      },
      "properties": {
        "probability": 0.999915361404419,
        "lat": 5.536064150742637,
        "lon": -2.0899358431546915,
        "region": "Tarkwa-Nsuaem",
        "detected_at": "2026-03-16T06:31:21.858275",
        "model_version": "48px_v3.7_2024-01-10"
      }
    },
    {
      "type": "Feature",
      "geometry": {
        "type": "Point",
        "coordinates": [
          -2.0899358431546915,
          5.529541520471908
        ]
      },
      "properties": {
        "probability": 0.824898362159729,
        "lat": 5.529541520471908,
        "lon": -2.0899358431546915,
        "region": "Tarkwa-Nsuaem",
        "detected_at": "2026-03-16T06:31:21.858363",
        "model_version": "48px_v3.7_2024-01-10"
      }
    },
    {
      "type": "Feature",
      "geometry": {
        "type": "Point",
        "coordinates": [
          -2.0877658833579895,
          5.549109411284092
        ]
      },
      "properties": {
        "probability": 0.8321223258972168,
        "lat": 5.549109411284092,
        "lon": -2.0877658833579895,
        "region": "Tarkwa-Nsuaem",
        "detected_at": "2026-03-16T06:31:21.858450",
        "model_version": "48px_v3.7_2024-01-10"
      }
    },
    {
      "type": "Feature",
      "geometry": {
        "type": "Point",
        "coordinates": [
          -2.0877658833579895,
          5.536064150742638
        ]
      },
      "properties": {
        "probability": 0.9996248483657837,
        "lat": 5.536064150742638,
        "lon": -2.0877658833579895,
        "region": "Tarkwa-Nsuaem",
        "detected_at": "2026-03-16T06:31:21.858538",
        "model_version": "48px_v3.7_2024-01-10"
      }
    },
    {
      "type": "Feature",
      "geometry": {
        "type": "Point",
        "coordinates": [
          -2.0877658833579895,
          5.5338899406523945
        ]
      },
      "properties": {
        "probability": 0.9858300685882568,
        "lat": 5.5338899406523945,
        "lon": -2.0877658833579895,
        "region": "Tarkwa-Nsuaem",
        "detected_at": "2026-03-16T06:31:21.858650",
        "model_version": "48px_v3.7_2024-01-10"
      }
    },
    {
      "type": "Feature",
      "geometry": {
        "type": "Point",
        "coordinates": [
          -2.0877658833579895,
          5.531715730562152
        ]
      },
      "properties": {
        "probability": 0.9960950613021851,
        "lat": 5.531715730562152,
        "lon": -2.0877658833579895,
        "region": "Tarkwa-Nsuaem",
        "detected_at": "2026-03-16T06:31:21.858743",
        "model_version": "48px_v3.7_2024-01-10"
      }
    },
    {
      "type": "Feature",
      "geometry": {
        "type": "Point",
        "coordinates": [
          -2.0877658833579895,
          5.52954152047191
        ]
      },
      "properties": {
        "probability": 0.9999785423278809,
        "lat": 5.52954152047191,
        "lon": -2.0877658833579895,
        "region": "Tarkwa-Nsuaem",
        "detected_at": "2026-03-16T06:31:21.858838",
        "model_version": "48px_v3.7_2024-01-10"
      }
    },
    {
      "type": "Feature",
      "geometry": {
        "type": "Point",
        "coordinates": [
          -2.0877658833579895,
          5.527367310381667
        ]
      },
      "properties": {
        "probability": 0.999950647354126,
        "lat": 5.527367310381667,
        "lon": -2.0877658833579895,
        "region": "Tarkwa-Nsuaem",
        "detected_at": "2026-03-16T06:31:21.858927",
        "model_version": "48px_v3.7_2024-01-10"
      }
    },
    {
      "type": "Feature",
      "geometry": {
        "type": "Point",
        "coordinates": [
          -2.0855959235612884,
          5.553457831464577
        ]
      },
      "properties": {
        "probability": 0.9011497497558594,
        "lat": 5.553457831464577,
        "lon": -2.0855959235612884,
        "region": "Tarkwa-Nsuaem",
        "detected_at": "2026-03-16T06:31:21.859015",
        "model_version": "48px_v3.7_2024-01-10"
      }
    },
    {
      "type": "Feature",
      "geometry": {
        "type": "Point",
        "coordinates": [
          -2.0855959235612884,
          5.551283621374335
        ]
      },
      "properties": {
        "probability": 0.9599096775054932,
        "lat": 5.551283621374335,
        "lon": -2.0855959235612884,
        "region": "Tarkwa-Nsuaem",
        "detected_at": "2026-03-16T06:31:21.859101",
        "model_version": "48px_v3.7_2024-01-10"
      }
    },
    {
      "type": "Feature",
      "geometry": {
        "type": "Point",
        "coordinates": [
          -2.0855959235612884,
          5.542586781013363
        ]
      },
      "properties": {
        "probability": 0.9814628958702087,
        "lat": 5.542586781013363,
        "lon": -2.0855959235612884,
        "region": "Tarkwa-Nsuaem",
        "detected_at": "2026-03-16T06:31:21.859188",
        "model_version": "48px_v3.7_2024-01-10"
      }
    },
    {
      "type": "Feature",
      "geometry": {
        "type": "Point",
        "coordinates": [
          -2.0855959235612884,
          5.540412570923123
        ]
      },
      "properties": {
        "probability": 0.9992807507514954,
        "lat": 5.540412570923123,
        "lon": -2.0855959235612884,
        "region": "Tarkwa-Nsuaem",
        "detected_at": "2026-03-16T06:31:21.859283",
        "model_version": "48px_v3.7_2024-01-10"
      }
    },
    {
      "type": "Feature",
      "geometry": {
        "type": "Point",
        "coordinates": [
          -2.0855959235612884,
          5.538238360832879
        ]
      },
      "properties": {
        "probability": 0.999499499797821,
        "lat": 5.538238360832879,
        "lon": -2.0855959235612884,
        "region": "Tarkwa-Nsuaem",
        "detected_at": "2026-03-16T06:31:21.859370",
        "model_version": "48px_v3.7_2024-01-10"
      }
    },
    {
      "type": "Feature",
      "geometry": {
        "type": "Point",
        "coordinates": [
          -2.0855959235612884,
          5.536064150742638
        ]
      },
      "properties": {
        "probability": 0.9999926090240479,
        "lat": 5.536064150742638,
        "lon": -2.0855959235612884,
        "region": "Tarkwa-Nsuaem",
        "detected_at": "2026-03-16T06:31:21.859467",
        "model_version": "48px_v3.7_2024-01-10"
      }
    },
    {
      "type": "Feature",
      "geometry": {
        "type": "Point",
        "coordinates": [
          -2.0855959235612884,
          5.5338899406523945
        ]
      },
      "properties": {
        "probability": 0.9999459385871887,
        "lat": 5.5338899406523945,
        "lon": -2.0855959235612884,
        "region": "Tarkwa-Nsuaem",
        "detected_at": "2026-03-16T06:31:21.859556",
        "model_version": "48px_v3.7_2024-01-10"
      }
    },
    {
      "type": "Feature",
      "geometry": {
        "type": "Point",
        "coordinates": [
          -2.0855959235612884,
          5.531715730562152
        ]
      },
      "properties": {
        "probability": 0.999985933303833,
        "lat": 5.531715730562152,
        "lon": -2.0855959235612884,
        "region": "Tarkwa-Nsuaem",
        "detected_at": "2026-03-16T06:31:21.859669",
        "model_version": "48px_v3.7_2024-01-10"
      }
    },
    {
      "type": "Feature",
      "geometry": {
        "type": "Point",
        "coordinates": [
          -2.0855959235612884,
          5.52954152047191
        ]
      },
      "properties": {
        "probability": 0.9999991655349731,
        "lat": 5.52954152047191,
        "lon": -2.0855959235612884,
        "region": "Tarkwa-Nsuaem",
        "detected_at": "2026-03-16T06:31:21.859762",
        "model_version": "48px_v3.7_2024-01-10"
      }
    },
    {
      "type": "Feature",
      "geometry": {
        "type": "Point",
        "coordinates": [
          -2.0855959235612884,
          5.527367310381667
        ]
      },
      "properties": {
        "probability": 0.9999862909317017,
        "lat": 5.527367310381667,
        "lon": -2.0855959235612884,
        "region": "Tarkwa-Nsuaem",
        "detected_at": "2026-03-16T06:31:21.859856",
        "model_version": "48px_v3.7_2024-01-10"
      }
    },
    {
      "type": "Feature",
      "geometry": {
        "type": "Point",
        "coordinates": [
          -2.0855959235612884,
          5.525193100291424
        ]
      },
      "properties": {
        "probability": 0.9980323314666748,
        "lat": 5.525193100291424,
        "lon": -2.0855959235612884,
        "region": "Tarkwa-Nsuaem",
        "detected_at": "2026-03-16T06:31:21.859944",
        "model_version": "48px_v3.7_2024-01-10"
      }
    },
    {
      "type": "Feature",
      "geometry": {
        "type": "Point",
        "coordinates": [
          -2.0834259637645864,
          5.553457831464577
        ]
      },
      "properties": {
        "probability": 0.991890549659729,
        "lat": 5.553457831464577,
        "lon": -2.0834259637645864,
        "region": "Tarkwa-Nsuaem",
        "detected_at": "2026-03-16T06:31:21.860032",
        "model_version": "48px_v3.7_2024-01-10"
      }
    },
    {
      "type": "Feature",
      "geometry": {
        "type": "Point",
        "coordinates": [
          -2.0834259637645864,
          5.551283621374335
        ]
      },
      "properties": {
        "probability": 0.9620652198791504,
        "lat": 5.551283621374335,
        "lon": -2.0834259637645864,
        "region": "Tarkwa-Nsuaem",
        "detected_at": "2026-03-16T06:31:21.860125",
        "model_version": "48px_v3.7_2024-01-10"
      }
    },
    {
      "type": "Feature",
      "geometry": {
        "type": "Point",
        "coordinates": [
          -2.0834259637645864,
          5.542586781013364
        ]
      },
      "properties": {
        "probability": 0.9980411529541016,
        "lat": 5.542586781013364,
        "lon": -2.0834259637645864,
        "region": "Tarkwa-Nsuaem",
        "detected_at": "2026-03-16T06:31:21.860212",
        "model_version": "48px_v3.7_2024-01-10"
      }
    },
    {
      "type": "Feature",
      "geometry": {
        "type": "Point",
        "coordinates": [
          -2.0834259637645864,
          5.540412570923123
        ]
      },
      "properties": {
        "probability": 0.9999999403953552,
        "lat": 5.540412570923123,
        "lon": -2.0834259637645864,
        "region": "Tarkwa-Nsuaem",
        "detected_at": "2026-03-16T06:31:21.860299",
        "model_version": "48px_v3.7_2024-01-10"
      }
    },
    {
      "type": "Feature",
      "geometry": {
        "type": "Point",
        "coordinates": [
          -2.0834259637645864,
          5.53823836083288
        ]
      },
      "properties": {
        "probability": 0.9999989867210388,
        "lat": 5.53823836083288,
        "lon": -2.0834259637645864,
        "region": "Tarkwa-Nsuaem",
        "detected_at": "2026-03-16T06:31:21.860384",
        "model_version": "48px_v3.7_2024-01-10"
      }
    },
    {
      "type": "Feature",
      "geometry": {
        "type": "Point",
        "coordinates": [
          -2.0834259637645864,
          5.536064150742637
        ]
      },
      "properties": {
        "probability": 0.9999998807907104,
        "lat": 5.536064150742637,
        "lon": -2.0834259637645864,
        "region": "Tarkwa-Nsuaem",
        "detected_at": "2026-03-16T06:31:21.860471",
        "model_version": "48px_v3.7_2024-01-10"
      }
    },
    {
      "type": "Feature",
      "geometry": {
        "type": "Point",
        "coordinates": [
          -2.0834259637645864,
          5.5338899406523945
        ]
      },
      "properties": {
        "probability": 0.9999611377716064,
        "lat": 5.5338899406523945,
        "lon": -2.0834259637645864,
        "region": "Tarkwa-Nsuaem",
        "detected_at": "2026-03-16T06:31:21.860558",
        "model_version": "48px_v3.7_2024-01-10"
      }
    },
    {
      "type": "Feature",
      "geometry": {
        "type": "Point",
        "coordinates": [
          -2.0834259637645864,
          5.531715730562153
        ]
      },
      "properties": {
        "probability": 0.9955660104751587,
        "lat": 5.531715730562153,
        "lon": -2.0834259637645864,
        "region": "Tarkwa-Nsuaem",
        "detected_at": "2026-03-16T06:31:21.860664",
        "model_version": "48px_v3.7_2024-01-10"
      }
    },
    {
      "type": "Feature",
      "geometry": {
        "type": "Point",
        "coordinates": [
          -2.0834259637645864,
          5.529541520471908
        ]
      },
      "properties": {
        "probability": 0.9938662648200989,
        "lat": 5.529541520471908,
        "lon": -2.0834259637645864,
        "region": "Tarkwa-Nsuaem",
        "detected_at": "2026-03-16T06:31:21.860755",
        "model_version": "48px_v3.7_2024-01-10"
      }
    },
    {
      "type": "Feature",
      "geometry": {
        "type": "Point",
        "coordinates": [
          -2.0834259637645864,
          5.527367310381667
        ]
      },
      "properties": {
        "probability": 0.912182092666626,
        "lat": 5.527367310381667,
        "lon": -2.0834259637645864,
        "region": "Tarkwa-Nsuaem",
        "detected_at": "2026-03-16T06:31:21.860842",
        "model_version": "48px_v3.7_2024-01-10"
      }
    },
    {
      "type": "Feature",
      "geometry": {
        "type": "Point",
        "coordinates": [
          -2.0834259637645864,
          5.525193100291426
        ]
      },
      "properties": {
        "probability": 0.9823470711708069,
        "lat": 5.525193100291426,
        "lon": -2.0834259637645864,
        "region": "Tarkwa-Nsuaem",
        "detected_at": "2026-03-16T06:31:21.860936",
        "model_version": "48px_v3.7_2024-01-10"
      }
    },
    {
      "type": "Feature",
      "geometry": {
        "type": "Point",
        "coordinates": [
          -2.0812560039678845,
          5.555632041554818
        ]
      },
      "properties": {
        "probability": 0.8542428016662598,
        "lat": 5.555632041554818,
        "lon": -2.0812560039678845,
        "region": "Tarkwa-Nsuaem",
        "detected_at": "2026-03-16T06:31:21.861025",
        "model_version": "48px_v3.7_2024-01-10"
      }
    },
    {
      "type": "Feature",
      "geometry": {
        "type": "Point",
        "coordinates": [
          -2.0812560039678845,
          5.542586781013363
        ]
      },
      "properties": {
        "probability": 0.8811922669410706,
        "lat": 5.542586781013363,
        "lon": -2.0812560039678845,
        "region": "Tarkwa-Nsuaem",
        "detected_at": "2026-03-16T06:31:21.861112",
        "model_version": "48px_v3.7_2024-01-10"
      }
    },
    {
      "type": "Feature",
      "geometry": {
        "type": "Point",
        "coordinates": [
          -2.0812560039678845,
          5.540412570923123
        ]
      },
      "properties": {
        "probability": 0.9999945759773254,
        "lat": 5.540412570923123,
        "lon": -2.0812560039678845,
        "region": "Tarkwa-Nsuaem",
        "detected_at": "2026-03-16T06:31:21.861205",
        "model_version": "48px_v3.7_2024-01-10"
      }
    },
    {
      "type": "Feature",
      "geometry": {
        "type": "Point",
        "coordinates": [
          -2.0812560039678845,
          5.538238360832879
        ]
      },
      "properties": {
        "probability": 0.9999593496322632,
        "lat": 5.538238360832879,
        "lon": -2.0812560039678845,
        "region": "Tarkwa-Nsuaem",
        "detected_at": "2026-03-16T06:31:21.861292",
        "model_version": "48px_v3.7_2024-01-10"
      }
    },
    {
      "type": "Feature",
      "geometry": {
        "type": "Point",
        "coordinates": [
          -2.081256003967884,
          5.536064150742638
        ]
      },
      "properties": {
        "probability": 0.9991950988769531,
        "lat": 5.536064150742638,
        "lon": -2.081256003967884,
        "region": "Tarkwa-Nsuaem",
        "detected_at": "2026-03-16T06:31:21.861380",
        "model_version": "48px_v3.7_2024-01-10"
      }
    },
    {
      "type": "Feature",
      "geometry": {
        "type": "Point",
        "coordinates": [
          -2.081256003967884,
          5.5338899406523945
        ]
      },
      "properties": {
        "probability": 0.9754297733306885,
        "lat": 5.5338899406523945,
        "lon": -2.081256003967884,
        "region": "Tarkwa-Nsuaem",
        "detected_at": "2026-03-16T06:31:21.861474",
        "model_version": "48px_v3.7_2024-01-10"
      }
    },
    {
      "type": "Feature",
      "geometry": {
        "type": "Point",
        "coordinates": [
          -2.079086044171183,
          5.542586781013363
        ]
      },
      "properties": {
        "probability": 0.957728922367096,
        "lat": 5.542586781013363,
        "lon": -2.079086044171183,
        "region": "Tarkwa-Nsuaem",
        "detected_at": "2026-03-16T06:31:21.861568",
        "model_version": "48px_v3.7_2024-01-10"
      }
    },
    {
      "type": "Feature",
      "geometry": {
        "type": "Point",
        "coordinates": [
          -2.079086044171183,
          5.540412570923123
        ]
      },
      "properties": {
        "probability": 0.9991906881332397,
        "lat": 5.540412570923123,
        "lon": -2.079086044171183,
        "region": "Tarkwa-Nsuaem",
        "detected_at": "2026-03-16T06:31:21.861680",
        "model_version": "48px_v3.7_2024-01-10"
      }
    },
    {
      "type": "Feature",
      "geometry": {
        "type": "Point",
        "coordinates": [
          -2.079086044171183,
          5.538238360832879
        ]
      },
      "properties": {
        "probability": 0.9857357144355774,
        "lat": 5.538238360832879,
        "lon": -2.079086044171183,
        "region": "Tarkwa-Nsuaem",
        "detected_at": "2026-03-16T06:31:21.861781",
        "model_version": "48px_v3.7_2024-01-10"
      }
    },
    {
      "type": "Feature",
      "geometry": {
        "type": "Point",
        "coordinates": [
          -2.076916084374482,
          5.542586781013364
        ]
      },
      "properties": {
        "probability": 0.9829939007759094,
        "lat": 5.542586781013364,
        "lon": -2.076916084374482,
        "region": "Tarkwa-Nsuaem",
        "detected_at": "2026-03-16T06:31:21.861869",
        "model_version": "48px_v3.7_2024-01-10"
      }
    },
    {
      "type": "Feature",
      "geometry": {
        "type": "Point",
        "coordinates": [
          -2.076916084374482,
          5.540412570923123
        ]
      },
      "properties": {
        "probability": 0.938667356967926,
        "lat": 5.540412570923123,
        "lon": -2.076916084374482,
        "region": "Tarkwa-Nsuaem",
        "detected_at": "2026-03-16T06:31:21.861955",
        "model_version": "48px_v3.7_2024-01-10"
      }
    },
    {
      "type": "Feature",
      "geometry": {
        "type": "Point",
        "coordinates": [
          -2.0725761647810783,
          5.564328881915788
        ]
      },
      "properties": {
        "probability": 0.8754523992538452,
        "lat": 5.564328881915788,
        "lon": -2.0725761647810783,
        "region": "Tarkwa-Nsuaem",
        "detected_at": "2026-03-16T06:31:21.862041",
        "model_version": "48px_v3.7_2024-01-10"
      }
    },
    {
      "type": "Feature",
      "geometry": {
        "type": "Point",
        "coordinates": [
          -1.6944876178815942,
          6.0931882570724945
        ]
      },
      "properties": {
        "probability": 0.8966866731643677,
        "lat": 6.0931882570724945,
        "lon": -1.6944876178815942,
        "region": "Obuasi",
        "detected_at": "2026-03-16T06:32:51.845999",
        "model_version": "48px_v3.7_2024-01-10"
      }
    },
    {
      "type": "Feature",
      "geometry": {
        "type": "Point",
        "coordinates": [
          -1.6923139960611415,
          6.093188257072495
        ]
      },
      "properties": {
        "probability": 0.9999619722366333,
        "lat": 6.093188257072495,
        "lon": -1.6923139960611415,
        "region": "Obuasi",
        "detected_at": "2026-03-16T06:32:51.846118",
        "model_version": "48px_v3.7_2024-01-10"
      }
    },
    {
      "type": "Feature",
      "geometry": {
        "type": "Point",
        "coordinates": [
          -1.6923139960611417,
          6.091012414999549
        ]
      },
      "properties": {
        "probability": 0.8064306378364563,
        "lat": 6.091012414999549,
        "lon": -1.6923139960611417,
        "region": "Obuasi",
        "detected_at": "2026-03-16T06:32:51.846219",
        "model_version": "48px_v3.7_2024-01-10"
      }
    },
    {
      "type": "Feature",
      "geometry": {
        "type": "Point",
        "coordinates": [
          -1.6923139960611417,
          6.088836572926602
        ]
      },
      "properties": {
        "probability": 0.9125610589981079,
        "lat": 6.088836572926602,
        "lon": -1.6923139960611417,
        "region": "Obuasi",
        "detected_at": "2026-03-16T06:32:51.846316",
        "model_version": "48px_v3.7_2024-01-10"
      }
    },
    {
      "type": "Feature",
      "geometry": {
        "type": "Point",
        "coordinates": [
          -1.6901403742406889,
          6.0931882570724945
        ]
      },
      "properties": {
        "probability": 0.9998613595962524,
        "lat": 6.0931882570724945,
        "lon": -1.6901403742406889,
        "region": "Obuasi",
        "detected_at": "2026-03-16T06:32:51.846411",
        "model_version": "48px_v3.7_2024-01-10"
      }
    },
    {
      "type": "Feature",
      "geometry": {
        "type": "Point",
        "coordinates": [
          -1.6597096687543524,
          6.093188257072495
        ]
      },
      "properties": {
        "probability": 0.9366406798362732,
        "lat": 6.093188257072495,
        "lon": -1.6597096687543524,
        "region": "Obuasi",
        "detected_at": "2026-03-16T06:32:51.846507",
        "model_version": "48px_v3.7_2024-01-10"
      }
    },
    {
      "type": "Feature",
      "geometry": {
        "type": "Point",
        "coordinates": [
          -1.6597096687543527,
          6.091012414999549
        ]
      },
      "properties": {
        "probability": 0.9955744743347168,
        "lat": 6.091012414999549,
        "lon": -1.6597096687543527,
        "region": "Obuasi",
        "detected_at": "2026-03-16T06:32:51.846630",
        "model_version": "48px_v3.7_2024-01-10"
      }
    },
    {
      "type": "Feature",
      "geometry": {
        "type": "Point",
        "coordinates": [
          -1.6575360469339002,
          6.0931882570724945
        ]
      },
      "properties": {
        "probability": 0.8531574606895447,
        "lat": 6.0931882570724945,
        "lon": -1.6575360469339002,
        "region": "Obuasi",
        "detected_at": "2026-03-16T06:32:51.846758",
        "model_version": "48px_v3.7_2024-01-10"
      }
    },
    {
      "type": "Feature",
      "geometry": {
        "type": "Point",
        "coordinates": [
          -1.6575360469339002,
          6.0910124149995495
        ]
      },
      "properties": {
        "probability": 0.9999552369117737,
        "lat": 6.0910124149995495,
        "lon": -1.6575360469339002,
        "region": "Obuasi",
        "detected_at": "2026-03-16T06:32:51.846857",
        "model_version": "48px_v3.7_2024-01-10"
      }
    },
    {
      "type": "Feature",
      "geometry": {
        "type": "Point",
        "coordinates": [
          -1.6575360469339002,
          6.088836572926604
        ]
      },
      "properties": {
        "probability": 0.988959014415741,
        "lat": 6.088836572926604,
        "lon": -1.6575360469339002,
        "region": "Obuasi",
        "detected_at": "2026-03-16T06:32:51.846952",
        "model_version": "48px_v3.7_2024-01-10"
      }
    },
    {
      "type": "Feature",
      "geometry": {
        "type": "Point",
        "coordinates": [
          -1.6575360469339002,
          6.07578152048893
        ]
      },
      "properties": {
        "probability": 0.9459769129753113,
        "lat": 6.07578152048893,
        "lon": -1.6575360469339002,
        "region": "Obuasi",
        "detected_at": "2026-03-16T06:32:51.847045",
        "model_version": "48px_v3.7_2024-01-10"
      }
    },
    {
      "type": "Feature",
      "geometry": {
        "type": "Point",
        "coordinates": [
          -1.6575360469339002,
          6.0736056784159835
        ]
      },
      "properties": {
        "probability": 0.8452935814857483,
        "lat": 6.0736056784159835,
        "lon": -1.6575360469339002,
        "region": "Obuasi",
        "detected_at": "2026-03-16T06:32:51.847137",
        "model_version": "48px_v3.7_2024-01-10"
      }
    },
    {
      "type": "Feature",
      "geometry": {
        "type": "Point",
        "coordinates": [
          -1.6553624251134471,
          6.07578152048893
        ]
      },
      "properties": {
        "probability": 0.9516641497612,
        "lat": 6.07578152048893,
        "lon": -1.6553624251134471,
        "region": "Obuasi",
        "detected_at": "2026-03-16T06:32:51.847228",
        "model_version": "48px_v3.7_2024-01-10"
      }
    },
    {
      "type": "Feature",
      "geometry": {
        "type": "Point",
        "coordinates": [
          -1.6553624251134471,
          6.0736056784159835
        ]
      },
      "properties": {
        "probability": 0.8472108244895935,
        "lat": 6.0736056784159835,
        "lon": -1.6553624251134471,
        "region": "Obuasi",
        "detected_at": "2026-03-16T06:32:51.847319",
        "model_version": "48px_v3.7_2024-01-10"
      }
    },
    {
      "type": "Feature",
      "geometry": {
        "type": "Point",
        "coordinates": [
          -1.6900143699711567,
          6.097411821279194
        ]
      },
      "properties": {
        "probability": 0.9950597286224365,
        "lat": 6.097411821279194,
        "lon": -1.6900143699711567,
        "region": "Obuasi",
        "detected_at": "2026-03-16T06:32:51.847411",
        "model_version": "48px_v3.7_2024-01-10"
      }
    },
    {
      "type": "Feature",
      "geometry": {
        "type": "Point",
        "coordinates": [
          -1.6878404926767472,
          6.097411821279194
        ]
      },
      "properties": {
        "probability": 0.9962252378463745,
        "lat": 6.097411821279194,
        "lon": -1.6878404926767472,
        "region": "Obuasi",
        "detected_at": "2026-03-16T06:32:51.847502",
        "model_version": "48px_v3.7_2024-01-10"
      }
    },
    {
      "type": "Feature",
      "geometry": {
        "type": "Point",
        "coordinates": [
          -1.6856666153823383,
          6.097411821279195
        ]
      },
      "properties": {
        "probability": 0.8464342355728149,
        "lat": 6.097411821279195,
        "lon": -1.6856666153823383,
        "region": "Obuasi",
        "detected_at": "2026-03-16T06:32:51.847593",
        "model_version": "48px_v3.7_2024-01-10"
      }
    },
    {
      "type": "Feature",
      "geometry": {
        "type": "Point",
        "coordinates": [
          -1.6682755970270642,
          6.127874193737311
        ]
      },
      "properties": {
        "probability": 0.9711382985115051,
        "lat": 6.127874193737311,
        "lon": -1.6682755970270642,
        "region": "Obuasi",
        "detected_at": "2026-03-16T06:32:51.847742",
        "model_version": "48px_v3.7_2024-01-10"
      }
    },
    {
      "type": "Feature",
      "geometry": {
        "type": "Point",
        "coordinates": [
          -1.6423198581426723,
          6.11903927159777
        ]
      },
      "properties": {
        "probability": 0.9472247958183289,
        "lat": 6.11903927159777,
        "lon": -1.6423198581426723,
        "region": "Obuasi",
        "detected_at": "2026-03-16T06:32:51.847839",
        "model_version": "48px_v3.7_2024-01-10"
      }
    },
    {
      "type": "Feature",
      "geometry": {
        "type": "Point",
        "coordinates": [
          -1.6423198581426723,
          6.1168632246089105
        ]
      },
      "properties": {
        "probability": 0.9935587644577026,
        "lat": 6.1168632246089105,
        "lon": -1.6423198581426723,
        "region": "Obuasi",
        "detected_at": "2026-03-16T06:32:51.847931",
        "model_version": "48px_v3.7_2024-01-10"
      }
    },
    {
      "type": "Feature",
      "geometry": {
        "type": "Point",
        "coordinates": [
          -1.6423198581426723,
          6.112511130631187
        ]
      },
      "properties": {
        "probability": 0.8279485702514648,
        "lat": 6.112511130631187,
        "lon": -1.6423198581426723,
        "region": "Obuasi",
        "detected_at": "2026-03-16T06:32:51.848022",
        "model_version": "48px_v3.7_2024-01-10"
      }
    },
    {
      "type": "Feature",
      "geometry": {
        "type": "Point",
        "coordinates": [
          -1.6423198581426723,
          6.110335083642326
        ]
      },
      "properties": {
        "probability": 0.9994641542434692,
        "lat": 6.110335083642326,
        "lon": -1.6423198581426723,
        "region": "Obuasi",
        "detected_at": "2026-03-16T06:32:51.848113",
        "model_version": "48px_v3.7_2024-01-10"
      }
    },
    {
      "type": "Feature",
      "geometry": {
        "type": "Point",
        "coordinates": [
          -1.6401458182981905,
          6.11686322460891
        ]
      },
      "properties": {
        "probability": 0.9670805931091309,
        "lat": 6.11686322460891,
        "lon": -1.6401458182981905,
        "region": "Obuasi",
        "detected_at": "2026-03-16T06:32:51.848204",
        "model_version": "48px_v3.7_2024-01-10"
      }
    },
    {
      "type": "Feature",
      "geometry": {
        "type": "Point",
        "coordinates": [
          -1.6401458182981905,
          6.108159036653465
        ]
      },
      "properties": {
        "probability": 0.9918887615203857,
        "lat": 6.108159036653465,
        "lon": -1.6401458182981905,
        "region": "Obuasi",
        "detected_at": "2026-03-16T06:32:51.848296",
        "model_version": "48px_v3.7_2024-01-10"
      }
    },
    {
      "type": "Feature",
      "geometry": {
        "type": "Point",
        "coordinates": [
          -1.6357977386092262,
          6.125567412564353
        ]
      },
      "properties": {
        "probability": 0.9295586943626404,
        "lat": 6.125567412564353,
        "lon": -1.6357977386092262,
        "region": "Obuasi",
        "detected_at": "2026-03-16T06:32:51.848387",
        "model_version": "48px_v3.7_2024-01-10"
      }
    },
    {
      "type": "Feature",
      "geometry": {
        "type": "Point",
        "coordinates": [
          -1.6292756190757791,
          6.13644764750866
        ]
      },
      "properties": {
        "probability": 0.9681060314178467,
        "lat": 6.13644764750866,
        "lon": -1.6292756190757791,
        "region": "Obuasi",
        "detected_at": "2026-03-16T06:32:51.848478",
        "model_version": "48px_v3.7_2024-01-10"
      }
    },
    {
      "type": "Feature",
      "geometry": {
        "type": "Point",
        "coordinates": [
          -1.6271015792312975,
          6.13862369449752
        ]
      },
      "properties": {
        "probability": 0.9675941467285156,
        "lat": 6.13862369449752,
        "lon": -1.6271015792312975,
        "region": "Obuasi",
        "detected_at": "2026-03-16T06:32:51.848568",
        "model_version": "48px_v3.7_2024-01-10"
      }
    },
    {
      "type": "Feature",
      "geometry": {
        "type": "Point",
        "coordinates": [
          -1.6271015792312975,
          6.13644764750866
        ]
      },
      "properties": {
        "probability": 0.903624951839447,
        "lat": 6.13644764750866,
        "lon": -1.6271015792312975,
        "region": "Obuasi",
        "detected_at": "2026-03-16T06:32:51.848716",
        "model_version": "48px_v3.7_2024-01-10"
      }
    },
    {
      "type": "Feature",
      "geometry": {
        "type": "Point",
        "coordinates": [
          -1.614057340164404,
          6.13862369449752
        ]
      },
      "properties": {
        "probability": 0.8347793221473694,
        "lat": 6.13862369449752,
        "lon": -1.614057340164404,
        "region": "Obuasi",
        "detected_at": "2026-03-16T06:32:51.848821",
        "model_version": "48px_v3.7_2024-01-10"
      }
    },
    {
      "type": "Feature",
      "geometry": {
        "type": "Point",
        "coordinates": [
          -1.611883300319922,
          6.140799741486381
        ]
      },
      "properties": {
        "probability": 0.9916238784790039,
        "lat": 6.140799741486381,
        "lon": -1.611883300319922,
        "region": "Obuasi",
        "detected_at": "2026-03-16T06:32:51.848913",
        "model_version": "48px_v3.7_2024-01-10"
      }
    },
    {
      "type": "Feature",
      "geometry": {
        "type": "Point",
        "coordinates": [
          -1.6118833003199222,
          6.138623694497519
        ]
      },
      "properties": {
        "probability": 0.9084824919700623,
        "lat": 6.138623694497519,
        "lon": -1.6118833003199222,
        "region": "Obuasi",
        "detected_at": "2026-03-16T06:32:51.849002",
        "model_version": "48px_v3.7_2024-01-10"
      }
    },
    {
      "type": "Feature",
      "geometry": {
        "type": "Point",
        "coordinates": [
          -1.6097092604754395,
          6.140799741486381
        ]
      },
      "properties": {
        "probability": 0.9324156045913696,
        "lat": 6.140799741486381,
        "lon": -1.6097092604754395,
        "region": "Obuasi",
        "detected_at": "2026-03-16T06:32:51.849091",
        "model_version": "48px_v3.7_2024-01-10"
      }
    },
    {
      "type": "Feature",
      "geometry": {
        "type": "Point",
        "coordinates": [
          -1.8007386936386867,
          6.09125432927689
        ]
      },
      "properties": {
        "probability": 0.8614331483840942,
        "lat": 6.09125432927689,
        "lon": -1.8007386936386867,
        "region": "Obuasi",
        "detected_at": "2026-03-16T06:32:51.849181",
        "model_version": "48px_v3.7_2024-01-10"
      }
    },
    {
      "type": "Feature",
      "geometry": {
        "type": "Point",
        "coordinates": [
          -1.8007386936386867,
          6.078201247039655
        ]
      },
      "properties": {
        "probability": 0.8579568862915039,
        "lat": 6.078201247039655,
        "lon": -1.8007386936386867,
        "region": "Obuasi",
        "detected_at": "2026-03-16T06:32:51.849271",
        "model_version": "48px_v3.7_2024-01-10"
      }
    },
    {
      "type": "Feature",
      "geometry": {
        "type": "Point",
        "coordinates": [
          -1.8007386936386867,
          6.0760257333334495
        ]
      },
      "properties": {
        "probability": 0.9999952912330627,
        "lat": 6.0760257333334495,
        "lon": -1.8007386936386867,
        "region": "Obuasi",
        "detected_at": "2026-03-16T06:32:51.849361",
        "model_version": "48px_v3.7_2024-01-10"
      }
    },
    {
      "type": "Feature",
      "geometry": {
        "type": "Point",
        "coordinates": [
          -1.8007386936386867,
          6.073850219627244
        ]
      },
      "properties": {
        "probability": 0.9999932646751404,
        "lat": 6.073850219627244,
        "lon": -1.8007386936386867,
        "region": "Obuasi",
        "detected_at": "2026-03-16T06:32:51.849450",
        "model_version": "48px_v3.7_2024-01-10"
      }
    },
    {
      "type": "Feature",
      "geometry": {
        "type": "Point",
        "coordinates": [
          -1.8007386936386867,
          6.071674705921038
        ]
      },
      "properties": {
        "probability": 0.9769783616065979,
        "lat": 6.071674705921038,
        "lon": -1.8007386936386867,
        "region": "Obuasi",
        "detected_at": "2026-03-16T06:32:51.849539",
        "model_version": "48px_v3.7_2024-01-10"
      }
    },
    {
      "type": "Feature",
      "geometry": {
        "type": "Point",
        "coordinates": [
          -1.8007386936386867,
          6.069499192214832
        ]
      },
      "properties": {
        "probability": 0.9548333287239075,
        "lat": 6.069499192214832,
        "lon": -1.8007386936386867,
        "region": "Obuasi",
        "detected_at": "2026-03-16T06:32:51.849647",
        "model_version": "48px_v3.7_2024-01-10"
      }
    },
    {
      "type": "Feature",
      "geometry": {
        "type": "Point",
        "coordinates": [
          -1.8007386936386867,
          6.067323678508626
        ]
      },
      "properties": {
        "probability": 0.9998146295547485,
        "lat": 6.067323678508626,
        "lon": -1.8007386936386867,
        "region": "Obuasi",
        "detected_at": "2026-03-16T06:32:51.849744",
        "model_version": "48px_v3.7_2024-01-10"
      }
    },
    {
      "type": "Feature",
      "geometry": {
        "type": "Point",
        "coordinates": [
          -1.8007386936386867,
          6.065148164802421
        ]
      },
      "properties": {
        "probability": 0.9749351739883423,
        "lat": 6.065148164802421,
        "lon": -1.8007386936386867,
        "region": "Obuasi",
        "detected_at": "2026-03-16T06:32:51.849836",
        "model_version": "48px_v3.7_2024-01-10"
      }
    },
    {
      "type": "Feature",
      "geometry": {
        "type": "Point",
        "coordinates": [
          -1.8007386936386867,
          6.054270596271391
        ]
      },
      "properties": {
        "probability": 0.9064733982086182,
        "lat": 6.054270596271391,
        "lon": -1.8007386936386867,
        "region": "Obuasi",
        "detected_at": "2026-03-16T06:32:51.849928",
        "model_version": "48px_v3.7_2024-01-10"
      }
    },
    {
      "type": "Feature",
      "geometry": {
        "type": "Point",
        "coordinates": [
          -1.8007386936386867,
          6.052095082565185
        ]
      },
      "properties": {
        "probability": 0.8693130016326904,
        "lat": 6.052095082565185,
        "lon": -1.8007386936386867,
        "region": "Obuasi",
        "detected_at": "2026-03-16T06:32:51.850021",
        "model_version": "48px_v3.7_2024-01-10"
      }
    },
    {
      "type": "Feature",
      "geometry": {
        "type": "Point",
        "coordinates": [
          -1.7985653988475172,
          6.0760257333334495
        ]
      },
      "properties": {
        "probability": 0.9997566938400269,
        "lat": 6.0760257333334495,
        "lon": -1.7985653988475172,
        "region": "Obuasi",
        "detected_at": "2026-03-16T06:32:51.850113",
        "model_version": "48px_v3.7_2024-01-10"
      }
    },
    {
      "type": "Feature",
      "geometry": {
        "type": "Point",
        "coordinates": [
          -1.7985653988475172,
          6.073850219627244
        ]
      },
      "properties": {
        "probability": 0.9999340176582336,
        "lat": 6.073850219627244,
        "lon": -1.7985653988475172,
        "region": "Obuasi",
        "detected_at": "2026-03-16T06:32:51.850203",
        "model_version": "48px_v3.7_2024-01-10"
      }
    },
    {
      "type": "Feature",
      "geometry": {
        "type": "Point",
        "coordinates": [
          -1.7985653988475172,
          6.071674705921038
        ]
      },
      "properties": {
        "probability": 0.8933215141296387,
        "lat": 6.071674705921038,
        "lon": -1.7985653988475172,
        "region": "Obuasi",
        "detected_at": "2026-03-16T06:32:51.850293",
        "model_version": "48px_v3.7_2024-01-10"
      }
    },
    {
      "type": "Feature",
      "geometry": {
        "type": "Point",
        "coordinates": [
          -1.7985653988475172,
          6.069499192214832
        ]
      },
      "properties": {
        "probability": 0.9991637468338013,
        "lat": 6.069499192214832,
        "lon": -1.7985653988475172,
        "region": "Obuasi",
        "detected_at": "2026-03-16T06:32:51.850385",
        "model_version": "48px_v3.7_2024-01-10"
      }
    },
    {
      "type": "Feature",
      "geometry": {
        "type": "Point",
        "coordinates": [
          -1.7985653988475172,
          6.067323678508626
        ]
      },
      "properties": {
        "probability": 0.9997415542602539,
        "lat": 6.067323678508626,
        "lon": -1.7985653988475172,
        "region": "Obuasi",
        "detected_at": "2026-03-16T06:32:51.850476",
        "model_version": "48px_v3.7_2024-01-10"
      }
    },
    {
      "type": "Feature",
      "geometry": {
        "type": "Point",
        "coordinates": [
          -1.7985653988475172,
          6.065148164802421
        ]
      },
      "properties": {
        "probability": 0.8244470357894897,
        "lat": 6.065148164802421,
        "lon": -1.7985653988475172,
        "region": "Obuasi",
        "detected_at": "2026-03-16T06:32:51.850566",
        "model_version": "48px_v3.7_2024-01-10"
      }
    },
    {
      "type": "Feature",
      "geometry": {
        "type": "Point",
        "coordinates": [
          -1.7985653988475172,
          6.054270596271391
        ]
      },
      "properties": {
        "probability": 0.8629949688911438,
        "lat": 6.054270596271391,
        "lon": -1.7985653988475172,
        "region": "Obuasi",
        "detected_at": "2026-03-16T06:32:51.850676",
        "model_version": "48px_v3.7_2024-01-10"
      }
    },
    {
      "type": "Feature",
      "geometry": {
        "type": "Point",
        "coordinates": [
          -1.7963921040563482,
          6.073850219627244
        ]
      },
      "properties": {
        "probability": 0.9894073605537415,
        "lat": 6.073850219627244,
        "lon": -1.7963921040563482,
        "region": "Obuasi",
        "detected_at": "2026-03-16T06:32:51.850769",
        "model_version": "48px_v3.7_2024-01-10"
      }
    },
    {
      "type": "Feature",
      "geometry": {
        "type": "Point",
        "coordinates": [
          -1.7920455144740106,
          6.078201247039655
        ]
      },
      "properties": {
        "probability": 0.9466453790664673,
        "lat": 6.078201247039655,
        "lon": -1.7920455144740106,
        "region": "Obuasi",
        "detected_at": "2026-03-16T06:32:51.850859",
        "model_version": "48px_v3.7_2024-01-10"
      }
    },
    {
      "type": "Feature",
      "geometry": {
        "type": "Point",
        "coordinates": [
          -1.7898722196828414,
          6.080376760745861
        ]
      },
      "properties": {
        "probability": 0.8226357102394104,
        "lat": 6.080376760745861,
        "lon": -1.7898722196828414,
        "region": "Obuasi",
        "detected_at": "2026-03-16T06:32:51.850955",
        "model_version": "48px_v3.7_2024-01-10"
      }
    },
    {
      "type": "Feature",
      "geometry": {
        "type": "Point",
        "coordinates": [
          -1.7898722196828414,
          6.078201247039655
        ]
      },
      "properties": {
        "probability": 0.9952216148376465,
        "lat": 6.078201247039655,
        "lon": -1.7898722196828414,
        "region": "Obuasi",
        "detected_at": "2026-03-16T06:32:51.851048",
        "model_version": "48px_v3.7_2024-01-10"
      }
    },
    {
      "type": "Feature",
      "geometry": {
        "type": "Point",
        "coordinates": [
          -1.7876989248916728,
          6.078201247039655
        ]
      },
      "properties": {
        "probability": 0.8465959429740906,
        "lat": 6.078201247039655,
        "lon": -1.7876989248916728,
        "region": "Obuasi",
        "detected_at": "2026-03-16T06:32:51.851139",
        "model_version": "48px_v3.7_2024-01-10"
      }
    },
    {
      "type": "Feature",
      "geometry": {
        "type": "Point",
        "coordinates": [
          -1.783352335309335,
          6.0499195688589795
        ]
      },
      "properties": {
        "probability": 0.8864474296569824,
        "lat": 6.0499195688589795,
        "lon": -1.783352335309335,
        "region": "Obuasi",
        "detected_at": "2026-03-16T06:32:51.851229",
        "model_version": "48px_v3.7_2024-01-10"
      }
    },
    {
      "type": "Feature",
      "geometry": {
        "type": "Point",
        "coordinates": [
          -1.7724858613534902,
          6.0760257333334495
        ]
      },
      "properties": {
        "probability": 0.9775144457817078,
        "lat": 6.0760257333334495,
        "lon": -1.7724858613534902,
        "region": "Obuasi",
        "detected_at": "2026-03-16T06:32:51.851319",
        "model_version": "48px_v3.7_2024-01-10"
      }
    },
    {
      "type": "Feature",
      "geometry": {
        "type": "Point",
        "coordinates": [
          -1.7724858613534902,
          6.073850219627244
        ]
      },
      "properties": {
        "probability": 0.9909946322441101,
        "lat": 6.073850219627244,
        "lon": -1.7724858613534902,
        "region": "Obuasi",
        "detected_at": "2026-03-16T06:32:51.851408",
        "model_version": "48px_v3.7_2024-01-10"
      }
    },
    {
      "type": "Feature",
      "geometry": {
        "type": "Point",
        "coordinates": [
          -1.7703125665623212,
          6.0760257333334495
        ]
      },
      "properties": {
        "probability": 0.9868806004524231,
        "lat": 6.0760257333334495,
        "lon": -1.7703125665623212,
        "region": "Obuasi",
        "detected_at": "2026-03-16T06:32:51.851497",
        "model_version": "48px_v3.7_2024-01-10"
      }
    },
    {
      "type": "Feature",
      "geometry": {
        "type": "Point",
        "coordinates": [
          -1.7703125665623212,
          6.073850219627244
        ]
      },
      "properties": {
        "probability": 0.9908669590950012,
        "lat": 6.073850219627244,
        "lon": -1.7703125665623212,
        "region": "Obuasi",
        "detected_at": "2026-03-16T06:32:51.851586",
        "model_version": "48px_v3.7_2024-01-10"
      }
    },
    {
      "type": "Feature",
      "geometry": {
        "type": "Point",
        "coordinates": [
          -1.7443525228992274,
          6.045446626618157
        ]
      },
      "properties": {
        "probability": 0.8041871786117554,
        "lat": 6.045446626618157,
        "lon": -1.7443525228992274,
        "region": "Obuasi",
        "detected_at": "2026-03-16T06:32:51.851698",
        "model_version": "48px_v3.7_2024-01-10"
      }
    },
    {
      "type": "Feature",
      "geometry": {
        "type": "Point",
        "coordinates": [
          -1.7421790636730161,
          6.049797984219466
        ]
      },
      "properties": {
        "probability": 0.8563636541366577,
        "lat": 6.049797984219466,
        "lon": -1.7421790636730161,
        "region": "Obuasi",
        "detected_at": "2026-03-16T06:32:51.851789",
        "model_version": "48px_v3.7_2024-01-10"
      }
    },
    {
      "type": "Feature",
      "geometry": {
        "type": "Point",
        "coordinates": [
          -1.7421790636730161,
          6.047622305418812
        ]
      },
      "properties": {
        "probability": 0.9893991947174072,
        "lat": 6.047622305418812,
        "lon": -1.7421790636730161,
        "region": "Obuasi",
        "detected_at": "2026-03-16T06:32:51.851878",
        "model_version": "48px_v3.7_2024-01-10"
      }
    },
    {
      "type": "Feature",
      "geometry": {
        "type": "Point",
        "coordinates": [
          -1.7421790636730161,
          6.0454466266181575
        ]
      },
      "properties": {
        "probability": 0.9502700567245483,
        "lat": 6.0454466266181575,
        "lon": -1.7421790636730161,
        "region": "Obuasi",
        "detected_at": "2026-03-16T06:32:51.851967",
        "model_version": "48px_v3.7_2024-01-10"
      }
    },
    {
      "type": "Feature",
      "geometry": {
        "type": "Point",
        "coordinates": [
          -1.7269648490895386,
          6.082433166229291
        ]
      },
      "properties": {
        "probability": 0.8826192021369934,
        "lat": 6.082433166229291,
        "lon": -1.7269648490895386,
        "region": "Obuasi",
        "detected_at": "2026-03-16T06:32:51.852056",
        "model_version": "48px_v3.7_2024-01-10"
      }
    },
    {
      "type": "Feature",
      "geometry": {
        "type": "Point",
        "coordinates": [
          -1.7269648490895386,
          6.065027735824052
        ]
      },
      "properties": {
        "probability": 0.8535116314888,
        "lat": 6.065027735824052,
        "lon": -1.7269648490895386,
        "region": "Obuasi",
        "detected_at": "2026-03-16T06:32:51.852147",
        "model_version": "48px_v3.7_2024-01-10"
      }
    },
    {
      "type": "Feature",
      "geometry": {
        "type": "Point",
        "coordinates": [
          -1.7247913898633271,
          6.0802574874286375
        ]
      },
      "properties": {
        "probability": 0.8721752166748047,
        "lat": 6.0802574874286375,
        "lon": -1.7247913898633271,
        "region": "Obuasi",
        "detected_at": "2026-03-16T06:32:51.852237",
        "model_version": "48px_v3.7_2024-01-10"
      }
    },
    {
      "type": "Feature",
      "geometry": {
        "type": "Point",
        "coordinates": [
          -1.7139240937322715,
          6.051973663020121
        ]
      },
      "properties": {
        "probability": 0.8038766384124756,
        "lat": 6.051973663020121,
        "lon": -1.7139240937322715,
        "region": "Obuasi",
        "detected_at": "2026-03-16T06:32:51.852327",
        "model_version": "48px_v3.7_2024-01-10"
      }
    },
    {
      "type": "Feature",
      "geometry": {
        "type": "Point",
        "coordinates": [
          -1.8527789528960785,
          6.069614290144796
        ]
      },
      "properties": {
        "probability": 0.998088002204895,
        "lat": 6.069614290144796,
        "lon": -1.8527789528960785,
        "region": "Obuasi",
        "detected_at": "2026-03-16T06:32:51.852417",
        "model_version": "48px_v3.7_2024-01-10"
      }
    },
    {
      "type": "Feature",
      "geometry": {
        "type": "Point",
        "coordinates": [
          -1.852778952896079,
          6.067438943354521
        ]
      },
      "properties": {
        "probability": 0.9765941500663757,
        "lat": 6.067438943354521,
        "lon": -1.852778952896079,
        "region": "Obuasi",
        "detected_at": "2026-03-16T06:32:51.852506",
        "model_version": "48px_v3.7_2024-01-10"
      }
    },
    {
      "type": "Feature",
      "geometry": {
        "type": "Point",
        "coordinates": [
          -1.8506058243800771,
          6.067438943354521
        ]
      },
      "properties": {
        "probability": 0.9992687106132507,
        "lat": 6.067438943354521,
        "lon": -1.8506058243800771,
        "region": "Obuasi",
        "detected_at": "2026-03-16T06:32:51.852595",
        "model_version": "48px_v3.7_2024-01-10"
      }
    },
    {
      "type": "Feature",
      "geometry": {
        "type": "Point",
        "coordinates": [
          -1.8506058243800771,
          6.065263596564248
        ]
      },
      "properties": {
        "probability": 0.9940049648284912,
        "lat": 6.065263596564248,
        "lon": -1.8506058243800771,
        "region": "Obuasi",
        "detected_at": "2026-03-16T06:32:51.852706",
        "model_version": "48px_v3.7_2024-01-10"
      }
    },
    {
      "type": "Feature",
      "geometry": {
        "type": "Point",
        "coordinates": [
          -1.8506058243800771,
          6.063088249773974
        ]
      },
      "properties": {
        "probability": 0.8106700778007507,
        "lat": 6.063088249773974,
        "lon": -1.8506058243800771,
        "region": "Obuasi",
        "detected_at": "2026-03-16T06:32:51.852798",
        "model_version": "48px_v3.7_2024-01-10"
      }
    },
    {
      "type": "Feature",
      "geometry": {
        "type": "Point",
        "coordinates": [
          -1.8484326958640762,
          6.076140330515617
        ]
      },
      "properties": {
        "probability": 0.8552533388137817,
        "lat": 6.076140330515617,
        "lon": -1.8484326958640762,
        "region": "Obuasi",
        "detected_at": "2026-03-16T06:32:51.852889",
        "model_version": "48px_v3.7_2024-01-10"
      }
    },
    {
      "type": "Feature",
      "geometry": {
        "type": "Point",
        "coordinates": [
          -1.8484326958640764,
          6.067438943354521
        ]
      },
      "properties": {
        "probability": 0.9961843490600586,
        "lat": 6.067438943354521,
        "lon": -1.8484326958640764,
        "region": "Obuasi",
        "detected_at": "2026-03-16T06:32:51.852979",
        "model_version": "48px_v3.7_2024-01-10"
      }
    },
    {
      "type": "Feature",
      "geometry": {
        "type": "Point",
        "coordinates": [
          -1.8484326958640764,
          6.065263596564248
        ]
      },
      "properties": {
        "probability": 0.9990026354789734,
        "lat": 6.065263596564248,
        "lon": -1.8484326958640764,
        "region": "Obuasi",
        "detected_at": "2026-03-16T06:32:51.853068",
        "model_version": "48px_v3.7_2024-01-10"
      }
    },
    {
      "type": "Feature",
      "geometry": {
        "type": "Point",
        "coordinates": [
          -1.8484326958640762,
          6.063088249773974
        ]
      },
      "properties": {
        "probability": 0.9950584173202515,
        "lat": 6.063088249773974,
        "lon": -1.8484326958640762,
        "region": "Obuasi",
        "detected_at": "2026-03-16T06:32:51.853157",
        "model_version": "48px_v3.7_2024-01-10"
      }
    },
    {
      "type": "Feature",
      "geometry": {
        "type": "Point",
        "coordinates": [
          -1.8484326958640762,
          6.0609129029836994
        ]
      },
      "properties": {
        "probability": 0.9919779300689697,
        "lat": 6.0609129029836994,
        "lon": -1.8484326958640762,
        "region": "Obuasi",
        "detected_at": "2026-03-16T06:32:51.853247",
        "model_version": "48px_v3.7_2024-01-10"
      }
    },
    {
      "type": "Feature",
      "geometry": {
        "type": "Point",
        "coordinates": [
          -1.8462595673480755,
          6.076140330515616
        ]
      },
      "properties": {
        "probability": 0.8124845027923584,
        "lat": 6.076140330515616,
        "lon": -1.8462595673480755,
        "region": "Obuasi",
        "detected_at": "2026-03-16T06:32:51.853338",
        "model_version": "48px_v3.7_2024-01-10"
      }
    },
    {
      "type": "Feature",
      "geometry": {
        "type": "Point",
        "coordinates": [
          -1.8462595673480755,
          6.052211515822604
        ]
      },
      "properties": {
        "probability": 0.9982362389564514,
        "lat": 6.052211515822604,
        "lon": -1.8462595673480755,
        "region": "Obuasi",
        "detected_at": "2026-03-16T06:32:51.853429",
        "model_version": "48px_v3.7_2024-01-10"
      }
    },
    {
      "type": "Feature",
      "geometry": {
        "type": "Point",
        "coordinates": [
          -1.8462595673480755,
          6.0500361690323325
        ]
      },
      "properties": {
        "probability": 0.9921491146087646,
        "lat": 6.0500361690323325,
        "lon": -1.8462595673480755,
        "region": "Obuasi",
        "detected_at": "2026-03-16T06:32:51.853520",
        "model_version": "48px_v3.7_2024-01-10"
      }
    },
    {
      "type": "Feature",
      "geometry": {
        "type": "Point",
        "coordinates": [
          -1.8440864388320741,
          6.052211515822604
        ]
      },
      "properties": {
        "probability": 0.9978867769241333,
        "lat": 6.052211515822604,
        "lon": -1.8440864388320741,
        "region": "Obuasi",
        "detected_at": "2026-03-16T06:32:51.853627",
        "model_version": "48px_v3.7_2024-01-10"
      }
    },
    {
      "type": "Feature",
      "geometry": {
        "type": "Point",
        "coordinates": [
          -1.8440864388320743,
          6.0500361690323325
        ]
      },
      "properties": {
        "probability": 0.9999013543128967,
        "lat": 6.0500361690323325,
        "lon": -1.8440864388320743,
        "region": "Obuasi",
        "detected_at": "2026-03-16T06:32:51.853722",
        "model_version": "48px_v3.7_2024-01-10"
      }
    },
    {
      "type": "Feature",
      "geometry": {
        "type": "Point",
        "coordinates": [
          -1.8440864388320743,
          6.0478608222420585
        ]
      },
      "properties": {
        "probability": 0.9978006482124329,
        "lat": 6.0478608222420585,
        "lon": -1.8440864388320743,
        "region": "Obuasi",
        "detected_at": "2026-03-16T06:32:51.853813",
        "model_version": "48px_v3.7_2024-01-10"
      }
    },
    {
      "type": "Feature",
      "geometry": {
        "type": "Point",
        "coordinates": [
          -1.8419133103160732,
          6.050036169032331
        ]
      },
      "properties": {
        "probability": 0.9980009198188782,
        "lat": 6.050036169032331,
        "lon": -1.8419133103160732,
        "region": "Obuasi",
        "detected_at": "2026-03-16T06:32:51.853904",
        "model_version": "48px_v3.7_2024-01-10"
      }
    },
    {
      "type": "Feature",
      "geometry": {
        "type": "Point",
        "coordinates": [
          -1.8419133103160732,
          6.047860822242057
        ]
      },
      "properties": {
        "probability": 0.9999989867210388,
        "lat": 6.047860822242057,
        "lon": -1.8419133103160732,
        "region": "Obuasi",
        "detected_at": "2026-03-16T06:32:51.853995",
        "model_version": "48px_v3.7_2024-01-10"
      }
    },
    {
      "type": "Feature",
      "geometry": {
        "type": "Point",
        "coordinates": [
          -1.8419133103160734,
          6.0456854754517835
        ]
      },
      "properties": {
        "probability": 0.9999909400939941,
        "lat": 6.0456854754517835,
        "lon": -1.8419133103160734,
        "region": "Obuasi",
        "detected_at": "2026-03-16T06:32:51.854084",
        "model_version": "48px_v3.7_2024-01-10"
      }
    },
    {
      "type": "Feature",
      "geometry": {
        "type": "Point",
        "coordinates": [
          -1.8397401818000723,
          6.0478608222420585
        ]
      },
      "properties": {
        "probability": 0.9995794892311096,
        "lat": 6.0478608222420585,
        "lon": -1.8397401818000723,
        "region": "Obuasi",
        "detected_at": "2026-03-16T06:32:51.854174",
        "model_version": "48px_v3.7_2024-01-10"
      }
    },
    {
      "type": "Feature",
      "geometry": {
        "type": "Point",
        "coordinates": [
          -1.8397401818000723,
          6.045685475451783
        ]
      },
      "properties": {
        "probability": 0.9999300837516785,
        "lat": 6.045685475451783,
        "lon": -1.8397401818000723,
        "region": "Obuasi",
        "detected_at": "2026-03-16T06:32:51.854264",
        "model_version": "48px_v3.7_2024-01-10"
      }
    },
    {
      "type": "Feature",
      "geometry": {
        "type": "Point",
        "coordinates": [
          -1.8267014107040658,
          6.080491024096165
        ]
      },
      "properties": {
        "probability": 0.957308828830719,
        "lat": 6.080491024096165,
        "lon": -1.8267014107040658,
        "region": "Obuasi",
        "detected_at": "2026-03-16T06:32:51.854354",
        "model_version": "48px_v3.7_2024-01-10"
      }
    },
    {
      "type": "Feature",
      "geometry": {
        "type": "Point",
        "coordinates": [
          -1.8267014107040658,
          6.078315677305892
        ]
      },
      "properties": {
        "probability": 0.911181628704071,
        "lat": 6.078315677305892,
        "lon": -1.8267014107040658,
        "region": "Obuasi",
        "detected_at": "2026-03-16T06:32:51.854445",
        "model_version": "48px_v3.7_2024-01-10"
      }
    },
    {
      "type": "Feature",
      "geometry": {
        "type": "Point",
        "coordinates": [
          -1.8223551536720637,
          6.067438943354521
        ]
      },
      "properties": {
        "probability": 0.9978601336479187,
        "lat": 6.067438943354521,
        "lon": -1.8223551536720637,
        "region": "Obuasi",
        "detected_at": "2026-03-16T06:32:51.854535",
        "model_version": "48px_v3.7_2024-01-10"
      }
    },
    {
      "type": "Feature",
      "geometry": {
        "type": "Point",
        "coordinates": [
          -1.8223551536720637,
          6.065263596564248
        ]
      },
      "properties": {
        "probability": 0.9891063570976257,
        "lat": 6.065263596564248,
        "lon": -1.8223551536720637,
        "region": "Obuasi",
        "detected_at": "2026-03-16T06:32:51.854644",
        "model_version": "48px_v3.7_2024-01-10"
      }
    },
    {
      "type": "Feature",
      "geometry": {
        "type": "Point",
        "coordinates": [
          -1.8201820251560625,
          6.0500361690323325
        ]
      },
      "properties": {
        "probability": 0.8747394680976868,
        "lat": 6.0500361690323325,
        "lon": -1.8201820251560625,
        "region": "Obuasi",
        "detected_at": "2026-03-16T06:32:51.854740",
        "model_version": "48px_v3.7_2024-01-10"
      }
    },
    {
      "type": "Feature",
      "geometry": {
        "type": "Point",
        "coordinates": [
          -1.818008896640061,
          6.0478608222420585
        ]
      },
      "properties": {
        "probability": 0.8623836636543274,
        "lat": 6.0478608222420585,
        "lon": -1.818008896640061,
        "region": "Obuasi",
        "detected_at": "2026-03-16T06:32:51.854831",
        "model_version": "48px_v3.7_2024-01-10"
      }
    },
    {
      "type": "Feature",
      "geometry": {
        "type": "Point",
        "coordinates": [
          -1.8180088966400612,
          6.045685475451783
        ]
      },
      "properties": {
        "probability": 0.8771008253097534,
        "lat": 6.045685475451783,
        "lon": -1.8180088966400612,
        "region": "Obuasi",
        "detected_at": "2026-03-16T06:32:51.854921",
        "model_version": "48px_v3.7_2024-01-10"
      }
    },
    {
      "type": "Feature",
      "geometry": {
        "type": "Point",
        "coordinates": [
          -1.8158357681240602,
          6.0456854754517835
        ]
      },
      "properties": {
        "probability": 0.9909706711769104,
        "lat": 6.0456854754517835,
        "lon": -1.8158357681240602,
        "region": "Obuasi",
        "detected_at": "2026-03-16T06:32:51.855010",
        "model_version": "48px_v3.7_2024-01-10"
      }
    },
    {
      "type": "Feature",
      "geometry": {
        "type": "Point",
        "coordinates": [
          -1.8136626396080593,
          6.09354310483781
        ]
      },
      "properties": {
        "probability": 0.9427608251571655,
        "lat": 6.09354310483781,
        "lon": -1.8136626396080593,
        "region": "Obuasi",
        "detected_at": "2026-03-16T06:32:51.855100",
        "model_version": "48px_v3.7_2024-01-10"
      }
    },
    {
      "type": "Feature",
      "geometry": {
        "type": "Point",
        "coordinates": [
          -1.8049701255440547,
          6.056562209403152
        ]
      },
      "properties": {
        "probability": 0.9859992861747742,
        "lat": 6.056562209403152,
        "lon": -1.8049701255440547,
        "region": "Obuasi",
        "detected_at": "2026-03-16T06:32:51.855189",
        "model_version": "48px_v3.7_2024-01-10"
      }
    },
    {
      "type": "Feature",
      "geometry": {
        "type": "Point",
        "coordinates": [
          -1.8049701255440547,
          6.054386862612879
        ]
      },
      "properties": {
        "probability": 0.9999750852584839,
        "lat": 6.054386862612879,
        "lon": -1.8049701255440547,
        "region": "Obuasi",
        "detected_at": "2026-03-16T06:32:51.855277",
        "model_version": "48px_v3.7_2024-01-10"
      }
    },
    {
      "type": "Feature",
      "geometry": {
        "type": "Point",
        "coordinates": [
          -1.8049701255440547,
          6.052211515822604
        ]
      },
      "properties": {
        "probability": 0.9991723299026489,
        "lat": 6.052211515822604,
        "lon": -1.8049701255440547,
        "region": "Obuasi",
        "detected_at": "2026-03-16T06:32:51.855366",
        "model_version": "48px_v3.7_2024-01-10"
      }
    },
    {
      "type": "Feature",
      "geometry": {
        "type": "Point",
        "coordinates": [
          -1.8049701255440547,
          6.0500361690323325
        ]
      },
      "properties": {
        "probability": 0.9938375353813171,
        "lat": 6.0500361690323325,
        "lon": -1.8049701255440547,
        "region": "Obuasi",
        "detected_at": "2026-03-16T06:32:51.855456",
        "model_version": "48px_v3.7_2024-01-10"
      }
    },
    {
      "type": "Feature",
      "geometry": {
        "type": "Point",
        "coordinates": [
          -1.8006234503607068,
          6.121593860560376
        ]
      },
      "properties": {
        "probability": 0.897698700428009,
        "lat": 6.121593860560376,
        "lon": -1.8006234503607068,
        "region": "Obuasi",
        "detected_at": "2026-03-16T06:32:51.855552",
        "model_version": "48px_v3.7_2024-01-10"
      }
    },
    {
      "type": "Feature",
      "geometry": {
        "type": "Point",
        "coordinates": [
          -1.800623450360707,
          6.106364998002869
        ]
      },
      "properties": {
        "probability": 0.9975746273994446,
        "lat": 6.106364998002869,
        "lon": -1.800623450360707,
        "region": "Obuasi",
        "detected_at": "2026-03-16T06:32:51.855662",
        "model_version": "48px_v3.7_2024-01-10"
      }
    },
    {
      "type": "Feature",
      "geometry": {
        "type": "Point",
        "coordinates": [
          -1.8006234503607068,
          6.104189446208941
        ]
      },
      "properties": {
        "probability": 0.9999886751174927,
        "lat": 6.104189446208941,
        "lon": -1.8006234503607068,
        "region": "Obuasi",
        "detected_at": "2026-03-16T06:32:51.855756",
        "model_version": "48px_v3.7_2024-01-10"
      }
    },
    {
      "type": "Feature",
      "geometry": {
        "type": "Point",
        "coordinates": [
          -1.800623450360707,
          6.10201389441501
        ]
      },
      "properties": {
        "probability": 0.9790107607841492,
        "lat": 6.10201389441501,
        "lon": -1.800623450360707,
        "region": "Obuasi",
        "detected_at": "2026-03-16T06:32:51.855846",
        "model_version": "48px_v3.7_2024-01-10"
      }
    },
    {
      "type": "Feature",
      "geometry": {
        "type": "Point",
        "coordinates": [
          -1.79844990369336,
          6.123769412354305
        ]
      },
      "properties": {
        "probability": 0.9314247965812683,
        "lat": 6.123769412354305,
        "lon": -1.79844990369336,
        "region": "Obuasi",
        "detected_at": "2026-03-16T06:32:51.855935",
        "model_version": "48px_v3.7_2024-01-10"
      }
    },
    {
      "type": "Feature",
      "geometry": {
        "type": "Point",
        "coordinates": [
          -1.79844990369336,
          6.106364998002869
        ]
      },
      "properties": {
        "probability": 0.9798046350479126,
        "lat": 6.106364998002869,
        "lon": -1.79844990369336,
        "region": "Obuasi",
        "detected_at": "2026-03-16T06:32:51.856025",
        "model_version": "48px_v3.7_2024-01-10"
      }
    },
    {
      "type": "Feature",
      "geometry": {
        "type": "Point",
        "coordinates": [
          -1.79844990369336,
          6.104189446208941
        ]
      },
      "properties": {
        "probability": 0.9999479055404663,
        "lat": 6.104189446208941,
        "lon": -1.79844990369336,
        "region": "Obuasi",
        "detected_at": "2026-03-16T06:32:51.856114",
        "model_version": "48px_v3.7_2024-01-10"
      }
    },
    {
      "type": "Feature",
      "geometry": {
        "type": "Point",
        "coordinates": [
          -1.79844990369336,
          6.10201389441501
        ]
      },
      "properties": {
        "probability": 0.9892302751541138,
        "lat": 6.10201389441501,
        "lon": -1.79844990369336,
        "region": "Obuasi",
        "detected_at": "2026-03-16T06:32:51.856203",
        "model_version": "48px_v3.7_2024-01-10"
      }
    },
    {
      "type": "Feature",
      "geometry": {
        "type": "Point",
        "coordinates": [
          -1.79844990369336,
          6.097662790827151
        ]
      },
      "properties": {
        "probability": 0.9439792633056641,
        "lat": 6.097662790827151,
        "lon": -1.79844990369336,
        "region": "Obuasi",
        "detected_at": "2026-03-16T06:32:51.856294",
        "model_version": "48px_v3.7_2024-01-10"
      }
    },
    {
      "type": "Feature",
      "geometry": {
        "type": "Point",
        "coordinates": [
          -1.796276357026013,
          6.117242756972517
        ]
      },
      "properties": {
        "probability": 0.9187507033348083,
        "lat": 6.117242756972517,
        "lon": -1.796276357026013,
        "region": "Obuasi",
        "detected_at": "2026-03-16T06:32:51.856384",
        "model_version": "48px_v3.7_2024-01-10"
      }
    },
    {
      "type": "Feature",
      "geometry": {
        "type": "Point",
        "coordinates": [
          -1.7962763570260132,
          6.115067205178587
        ]
      },
      "properties": {
        "probability": 0.8606656789779663,
        "lat": 6.115067205178587,
        "lon": -1.7962763570260132,
        "region": "Obuasi",
        "detected_at": "2026-03-16T06:32:51.856472",
        "model_version": "48px_v3.7_2024-01-10"
      }
    },
    {
      "type": "Feature",
      "geometry": {
        "type": "Point",
        "coordinates": [
          -1.7962763570260132,
          6.097662790827151
        ]
      },
      "properties": {
        "probability": 0.9774836897850037,
        "lat": 6.097662790827151,
        "lon": -1.7962763570260132,
        "region": "Obuasi",
        "detected_at": "2026-03-16T06:32:51.856561",
        "model_version": "48px_v3.7_2024-01-10"
      }
    },
    {
      "type": "Feature",
      "geometry": {
        "type": "Point",
        "coordinates": [
          -1.794102810358666,
          6.117242756972517
        ]
      },
      "properties": {
        "probability": 0.983576238155365,
        "lat": 6.117242756972517,
        "lon": -1.794102810358666,
        "region": "Obuasi",
        "detected_at": "2026-03-16T06:32:51.856671",
        "model_version": "48px_v3.7_2024-01-10"
      }
    },
    {
      "type": "Feature",
      "geometry": {
        "type": "Point",
        "coordinates": [
          -1.794102810358666,
          6.115067205178587
        ]
      },
      "properties": {
        "probability": 0.990273654460907,
        "lat": 6.115067205178587,
        "lon": -1.794102810358666,
        "region": "Obuasi",
        "detected_at": "2026-03-16T06:32:51.856763",
        "model_version": "48px_v3.7_2024-01-10"
      }
    },
    {
      "type": "Feature",
      "geometry": {
        "type": "Point",
        "coordinates": [
          -1.7941028103586663,
          6.112891653384658
        ]
      },
      "properties": {
        "probability": 0.9406394362449646,
        "lat": 6.112891653384658,
        "lon": -1.7941028103586663,
        "region": "Obuasi",
        "detected_at": "2026-03-16T06:32:51.856853",
        "model_version": "48px_v3.7_2024-01-10"
      }
    },
    {
      "type": "Feature",
      "geometry": {
        "type": "Point",
        "coordinates": [
          -1.794102810358666,
          6.097662790827151
        ]
      },
      "properties": {
        "probability": 0.9689960479736328,
        "lat": 6.097662790827151,
        "lon": -1.794102810358666,
        "region": "Obuasi",
        "detected_at": "2026-03-16T06:32:51.856942",
        "model_version": "48px_v3.7_2024-01-10"
      }
    },
    {
      "type": "Feature",
      "geometry": {
        "type": "Point",
        "coordinates": [
          -1.7897557170239724,
          6.104189446208941
        ]
      },
      "properties": {
        "probability": 0.9619350433349609,
        "lat": 6.104189446208941,
        "lon": -1.7897557170239724,
        "region": "Obuasi",
        "detected_at": "2026-03-16T06:32:51.857031",
        "model_version": "48px_v3.7_2024-01-10"
      }
    },
    {
      "type": "Feature",
      "geometry": {
        "type": "Point",
        "coordinates": [
          -1.7875821703566255,
          6.121593860560376
        ]
      },
      "properties": {
        "probability": 0.9824166893959045,
        "lat": 6.121593860560376,
        "lon": -1.7875821703566255,
        "region": "Obuasi",
        "detected_at": "2026-03-16T06:32:51.857119",
        "model_version": "48px_v3.7_2024-01-10"
      }
    },
    {
      "type": "Feature",
      "geometry": {
        "type": "Point",
        "coordinates": [
          -1.787582170356625,
          6.119418308766446
        ]
      },
      "properties": {
        "probability": 0.9366637468338013,
        "lat": 6.119418308766446,
        "lon": -1.787582170356625,
        "region": "Obuasi",
        "detected_at": "2026-03-16T06:32:51.857207",
        "model_version": "48px_v3.7_2024-01-10"
      }
    },
    {
      "type": "Feature",
      "geometry": {
        "type": "Point",
        "coordinates": [
          -1.7875821703566255,
          6.112891653384658
        ]
      },
      "properties": {
        "probability": 0.9725717902183533,
        "lat": 6.112891653384658,
        "lon": -1.7875821703566255,
        "region": "Obuasi",
        "detected_at": "2026-03-16T06:32:51.857296",
        "model_version": "48px_v3.7_2024-01-10"
      }
    },
    {
      "type": "Feature",
      "geometry": {
        "type": "Point",
        "coordinates": [
          -1.787582170356625,
          6.110716101590729
        ]
      },
      "properties": {
        "probability": 0.9994369149208069,
        "lat": 6.110716101590729,
        "lon": -1.787582170356625,
        "region": "Obuasi",
        "detected_at": "2026-03-16T06:32:51.857385",
        "model_version": "48px_v3.7_2024-01-10"
      }
    },
    {
      "type": "Feature",
      "geometry": {
        "type": "Point",
        "coordinates": [
          -1.7875821703566255,
          6.104189446208941
        ]
      },
      "properties": {
        "probability": 0.9992839694023132,
        "lat": 6.104189446208941,
        "lon": -1.7875821703566255,
        "region": "Obuasi",
        "detected_at": "2026-03-16T06:32:51.857473",
        "model_version": "48px_v3.7_2024-01-10"
      }
    },
    {
      "type": "Feature",
      "geometry": {
        "type": "Point",
        "coordinates": [
          -1.787582170356625,
          6.097662790827151
        ]
      },
      "properties": {
        "probability": 0.9281216859817505,
        "lat": 6.097662790827151,
        "lon": -1.787582170356625,
        "region": "Obuasi",
        "detected_at": "2026-03-16T06:32:51.857562",
        "model_version": "48px_v3.7_2024-01-10"
      }
    },
    {
      "type": "Feature",
      "geometry": {
        "type": "Point",
        "coordinates": [
          -1.7854086236892783,
          6.121593860560376
        ]
      },
      "properties": {
        "probability": 0.9976160526275635,
        "lat": 6.121593860560376,
        "lon": -1.7854086236892783,
        "region": "Obuasi",
        "detected_at": "2026-03-16T06:32:51.857669",
        "model_version": "48px_v3.7_2024-01-10"
      }
    },
    {
      "type": "Feature",
      "geometry": {
        "type": "Point",
        "coordinates": [
          -1.785408623689278,
          6.119418308766446
        ]
      },
      "properties": {
        "probability": 0.9966694712638855,
        "lat": 6.119418308766446,
        "lon": -1.785408623689278,
        "region": "Obuasi",
        "detected_at": "2026-03-16T06:32:51.857761",
        "model_version": "48px_v3.7_2024-01-10"
      }
    },
    {
      "type": "Feature",
      "geometry": {
        "type": "Point",
        "coordinates": [
          -1.7854086236892783,
          6.112891653384658
        ]
      },
      "properties": {
        "probability": 0.9909286499023438,
        "lat": 6.112891653384658,
        "lon": -1.7854086236892783,
        "region": "Obuasi",
        "detected_at": "2026-03-16T06:32:51.857851",
        "model_version": "48px_v3.7_2024-01-10"
      }
    },
    {
      "type": "Feature",
      "geometry": {
        "type": "Point",
        "coordinates": [
          -1.785408623689278,
          6.110716101590729
        ]
      },
      "properties": {
        "probability": 0.9998653531074524,
        "lat": 6.110716101590729,
        "lon": -1.785408623689278,
        "region": "Obuasi",
        "detected_at": "2026-03-16T06:32:51.857939",
        "model_version": "48px_v3.7_2024-01-10"
      }
    },
    {
      "type": "Feature",
      "geometry": {
        "type": "Point",
        "coordinates": [
          -1.7832350770219314,
          6.121593860560376
        ]
      },
      "properties": {
        "probability": 0.9606721997261047,
        "lat": 6.121593860560376,
        "lon": -1.7832350770219314,
        "region": "Obuasi",
        "detected_at": "2026-03-16T06:32:51.858027",
        "model_version": "48px_v3.7_2024-01-10"
      }
    },
    {
      "type": "Feature",
      "geometry": {
        "type": "Point",
        "coordinates": [
          -1.7832350770219314,
          6.119418308766446
        ]
      },
      "properties": {
        "probability": 0.999620795249939,
        "lat": 6.119418308766446,
        "lon": -1.7832350770219314,
        "region": "Obuasi",
        "detected_at": "2026-03-16T06:32:51.858117",
        "model_version": "48px_v3.7_2024-01-10"
      }
    },
    {
      "type": "Feature",
      "geometry": {
        "type": "Point",
        "coordinates": [
          -1.7832350770219314,
          6.110716101590729
        ]
      },
      "properties": {
        "probability": 0.956993818283081,
        "lat": 6.110716101590729,
        "lon": -1.7832350770219314,
        "region": "Obuasi",
        "detected_at": "2026-03-16T06:32:51.858219",
        "model_version": "48px_v3.7_2024-01-10"
      }
    },
    {
      "type": "Feature",
      "geometry": {
        "type": "Point",
        "coordinates": [
          -1.7832350770219314,
          6.108540549796799
        ]
      },
      "properties": {
        "probability": 0.8785203695297241,
        "lat": 6.108540549796799,
        "lon": -1.7832350770219314,
        "region": "Obuasi",
        "detected_at": "2026-03-16T06:32:51.858307",
        "model_version": "48px_v3.7_2024-01-10"
      }
    },
    {
      "type": "Feature",
      "geometry": {
        "type": "Point",
        "coordinates": [
          -1.7810615303545845,
          6.138998274911812
        ]
      },
      "properties": {
        "probability": 0.8048522472381592,
        "lat": 6.138998274911812,
        "lon": -1.7810615303545845,
        "region": "Obuasi",
        "detected_at": "2026-03-16T06:32:51.858396",
        "model_version": "48px_v3.7_2024-01-10"
      }
    },
    {
      "type": "Feature",
      "geometry": {
        "type": "Point",
        "coordinates": [
          -1.7810615303545847,
          6.136822723117882
        ]
      },
      "properties": {
        "probability": 0.8612696528434753,
        "lat": 6.136822723117882,
        "lon": -1.7810615303545847,
        "region": "Obuasi",
        "detected_at": "2026-03-16T06:32:51.858484",
        "model_version": "48px_v3.7_2024-01-10"
      }
    },
    {
      "type": "Feature",
      "geometry": {
        "type": "Point",
        "coordinates": [
          -1.7810615303545847,
          6.128120515942165
        ]
      },
      "properties": {
        "probability": 0.8257938623428345,
        "lat": 6.128120515942165,
        "lon": -1.7810615303545847,
        "region": "Obuasi",
        "detected_at": "2026-03-16T06:32:51.858572",
        "model_version": "48px_v3.7_2024-01-10"
      }
    },
    {
      "type": "Feature",
      "geometry": {
        "type": "Point",
        "coordinates": [
          -1.7810615303545847,
          6.123769412354305
        ]
      },
      "properties": {
        "probability": 0.9776710271835327,
        "lat": 6.123769412354305,
        "lon": -1.7810615303545847,
        "region": "Obuasi",
        "detected_at": "2026-03-16T06:32:51.858687",
        "model_version": "48px_v3.7_2024-01-10"
      }
    },
    {
      "type": "Feature",
      "geometry": {
        "type": "Point",
        "coordinates": [
          -1.7810615303545845,
          6.121593860560376
        ]
      },
      "properties": {
        "probability": 0.9569944739341736,
        "lat": 6.121593860560376,
        "lon": -1.7810615303545845,
        "region": "Obuasi",
        "detected_at": "2026-03-16T06:32:51.858781",
        "model_version": "48px_v3.7_2024-01-10"
      }
    },
    {
      "type": "Feature",
      "geometry": {
        "type": "Point",
        "coordinates": [
          -1.7810615303545847,
          6.110716101590729
        ]
      },
      "properties": {
        "probability": 0.8285293579101562,
        "lat": 6.110716101590729,
        "lon": -1.7810615303545847,
        "region": "Obuasi",
        "detected_at": "2026-03-16T06:32:51.858870",
        "model_version": "48px_v3.7_2024-01-10"
      }
    },
    {
      "type": "Feature",
      "geometry": {
        "type": "Point",
        "coordinates": [
          -1.7788879836872376,
          6.1411738267057405
        ]
      },
      "properties": {
        "probability": 0.8163235783576965,
        "lat": 6.1411738267057405,
        "lon": -1.7788879836872376,
        "region": "Obuasi",
        "detected_at": "2026-03-16T06:32:51.858959",
        "model_version": "48px_v3.7_2024-01-10"
      }
    },
    {
      "type": "Feature",
      "geometry": {
        "type": "Point",
        "coordinates": [
          -1.7788879836872376,
          6.138998274911812
        ]
      },
      "properties": {
        "probability": 0.9953824281692505,
        "lat": 6.138998274911812,
        "lon": -1.7788879836872376,
        "region": "Obuasi",
        "detected_at": "2026-03-16T06:32:51.859048",
        "model_version": "48px_v3.7_2024-01-10"
      }
    },
    {
      "type": "Feature",
      "geometry": {
        "type": "Point",
        "coordinates": [
          -1.7788879836872376,
          6.136822723117882
        ]
      },
      "properties": {
        "probability": 0.99971604347229,
        "lat": 6.136822723117882,
        "lon": -1.7788879836872376,
        "region": "Obuasi",
        "detected_at": "2026-03-16T06:32:51.859136",
        "model_version": "48px_v3.7_2024-01-10"
      }
    },
    {
      "type": "Feature",
      "geometry": {
        "type": "Point",
        "coordinates": [
          -1.7788879836872376,
          6.1346471713239525
        ]
      },
      "properties": {
        "probability": 0.9572432637214661,
        "lat": 6.1346471713239525,
        "lon": -1.7788879836872376,
        "region": "Obuasi",
        "detected_at": "2026-03-16T06:32:51.859224",
        "model_version": "48px_v3.7_2024-01-10"
      }
    },
    {
      "type": "Feature",
      "geometry": {
        "type": "Point",
        "coordinates": [
          -1.7788879836872376,
          6.128120515942165
        ]
      },
      "properties": {
        "probability": 0.8747037649154663,
        "lat": 6.128120515942165,
        "lon": -1.7788879836872376,
        "region": "Obuasi",
        "detected_at": "2026-03-16T06:32:51.859311",
        "model_version": "48px_v3.7_2024-01-10"
      }
    },
    {
      "type": "Feature",
      "geometry": {
        "type": "Point",
        "coordinates": [
          -1.7788879836872376,
          6.123769412354305
        ]
      },
      "properties": {
        "probability": 0.8965679407119751,
        "lat": 6.123769412354305,
        "lon": -1.7788879836872376,
        "region": "Obuasi",
        "detected_at": "2026-03-16T06:32:51.859399",
        "model_version": "48px_v3.7_2024-01-10"
      }
    },
    {
      "type": "Feature",
      "geometry": {
        "type": "Point",
        "coordinates": [
          -1.7788879836872376,
          6.121593860560376
        ]
      },
      "properties": {
        "probability": 0.8564985990524292,
        "lat": 6.121593860560376,
        "lon": -1.7788879836872376,
        "region": "Obuasi",
        "detected_at": "2026-03-16T06:32:51.859486",
        "model_version": "48px_v3.7_2024-01-10"
      }
    },
    {
      "type": "Feature",
      "geometry": {
        "type": "Point",
        "coordinates": [
          -1.7788879836872376,
          6.108540549796799
        ]
      },
      "properties": {
        "probability": 0.8545681834220886,
        "lat": 6.108540549796799,
        "lon": -1.7788879836872376,
        "region": "Obuasi",
        "detected_at": "2026-03-16T06:32:51.859574",
        "model_version": "48px_v3.7_2024-01-10"
      }
    },
    {
      "type": "Feature",
      "geometry": {
        "type": "Point",
        "coordinates": [
          -1.7767144370198906,
          6.138998274911812
        ]
      },
      "properties": {
        "probability": 0.9895839691162109,
        "lat": 6.138998274911812,
        "lon": -1.7767144370198906,
        "region": "Obuasi",
        "detected_at": "2026-03-16T06:32:51.859682",
        "model_version": "48px_v3.7_2024-01-10"
      }
    },
    {
      "type": "Feature",
      "geometry": {
        "type": "Point",
        "coordinates": [
          -1.7767144370198906,
          6.136822723117882
        ]
      },
      "properties": {
        "probability": 0.9993623495101929,
        "lat": 6.136822723117882,
        "lon": -1.7767144370198906,
        "region": "Obuasi",
        "detected_at": "2026-03-16T06:32:51.859774",
        "model_version": "48px_v3.7_2024-01-10"
      }
    },
    {
      "type": "Feature",
      "geometry": {
        "type": "Point",
        "coordinates": [
          -1.774540890352544,
          6.1411738267057405
        ]
      },
      "properties": {
        "probability": 0.8034119009971619,
        "lat": 6.1411738267057405,
        "lon": -1.774540890352544,
        "region": "Obuasi",
        "detected_at": "2026-03-16T06:32:51.859862",
        "model_version": "48px_v3.7_2024-01-10"
      }
    },
    {
      "type": "Feature",
      "geometry": {
        "type": "Point",
        "coordinates": [
          -1.7745408903525437,
          6.138998274911812
        ]
      },
      "properties": {
        "probability": 0.9945208430290222,
        "lat": 6.138998274911812,
        "lon": -1.7745408903525437,
        "region": "Obuasi",
        "detected_at": "2026-03-16T06:32:51.859951",
        "model_version": "48px_v3.7_2024-01-10"
      }
    },
    {
      "type": "Feature",
      "geometry": {
        "type": "Point",
        "coordinates": [
          -1.774540890352544,
          6.136822723117882
        ]
      },
      "properties": {
        "probability": 0.8166391849517822,
        "lat": 6.136822723117882,
        "lon": -1.774540890352544,
        "region": "Obuasi",
        "detected_at": "2026-03-16T06:32:51.860039",
        "model_version": "48px_v3.7_2024-01-10"
      }
    },
    {
      "type": "Feature",
      "geometry": {
        "type": "Point",
        "coordinates": [
          -1.7723673436851966,
          6.1411738267057405
        ]
      },
      "properties": {
        "probability": 0.9810389280319214,
        "lat": 6.1411738267057405,
        "lon": -1.7723673436851966,
        "region": "Obuasi",
        "detected_at": "2026-03-16T06:32:51.860128",
        "model_version": "48px_v3.7_2024-01-10"
      }
    },
    {
      "type": "Feature",
      "geometry": {
        "type": "Point",
        "coordinates": [
          -1.7701937970178498,
          6.1455249302936
        ]
      },
      "properties": {
        "probability": 0.9758126735687256,
        "lat": 6.1455249302936,
        "lon": -1.7701937970178498,
        "region": "Obuasi",
        "detected_at": "2026-03-16T06:32:51.860216",
        "model_version": "48px_v3.7_2024-01-10"
      }
    },
    {
      "type": "Feature",
      "geometry": {
        "type": "Point",
        "coordinates": [
          -1.7701937970178498,
          6.14334937849967
        ]
      },
      "properties": {
        "probability": 0.9923178553581238,
        "lat": 6.14334937849967,
        "lon": -1.7701937970178498,
        "region": "Obuasi",
        "detected_at": "2026-03-16T06:32:51.860305",
        "model_version": "48px_v3.7_2024-01-10"
      }
    },
    {
      "type": "Feature",
      "geometry": {
        "type": "Point",
        "coordinates": [
          -1.7701937970178498,
          6.1411738267057405
        ]
      },
      "properties": {
        "probability": 0.9668161869049072,
        "lat": 6.1411738267057405,
        "lon": -1.7701937970178498,
        "region": "Obuasi",
        "detected_at": "2026-03-16T06:32:51.860394",
        "model_version": "48px_v3.7_2024-01-10"
      }
    },
    {
      "type": "Feature",
      "geometry": {
        "type": "Point",
        "coordinates": [
          -1.768020250350503,
          6.1455249302936
        ]
      },
      "properties": {
        "probability": 0.9972450137138367,
        "lat": 6.1455249302936,
        "lon": -1.768020250350503,
        "region": "Obuasi",
        "detected_at": "2026-03-16T06:32:51.860484",
        "model_version": "48px_v3.7_2024-01-10"
      }
    },
    {
      "type": "Feature",
      "geometry": {
        "type": "Point",
        "coordinates": [
          -1.768020250350503,
          6.14334937849967
        ]
      },
      "properties": {
        "probability": 0.9110546112060547,
        "lat": 6.14334937849967,
        "lon": -1.768020250350503,
        "region": "Obuasi",
        "detected_at": "2026-03-16T06:32:51.860572",
        "model_version": "48px_v3.7_2024-01-10"
      }
    },
    {
      "type": "Feature",
      "geometry": {
        "type": "Point",
        "coordinates": [
          -1.7464054876381874,
          6.141054191463368
        ]
      },
      "properties": {
        "probability": 0.8184037804603577,
        "lat": 6.141054191463368,
        "lon": -1.7464054876381874,
        "region": "Obuasi",
        "detected_at": "2026-03-16T06:32:51.860680",
        "model_version": "48px_v3.7_2024-01-10"
      }
    },
    {
      "type": "Feature",
      "geometry": {
        "type": "Point",
        "coordinates": [
          -1.7464054876381874,
          6.099715536509052
        ]
      },
      "properties": {
        "probability": 0.9896337985992432,
        "lat": 6.099715536509052,
        "lon": -1.7464054876381874,
        "region": "Obuasi",
        "detected_at": "2026-03-16T06:32:51.860771",
        "model_version": "48px_v3.7_2024-01-10"
      }
    },
    {
      "type": "Feature",
      "geometry": {
        "type": "Point",
        "coordinates": [
          -1.8005071996346336,
          6.17586401560383
        ]
      },
      "properties": {
        "probability": 0.9402023553848267,
        "lat": 6.17586401560383,
        "lon": -1.8005071996346336,
        "region": "Obuasi",
        "detected_at": "2026-03-16T06:32:51.860860",
        "model_version": "48px_v3.7_2024-01-10"
      }
    },
    {
      "type": "Feature",
      "geometry": {
        "type": "Point",
        "coordinates": [
          -1.8005071996346336,
          6.173688425750365
        ]
      },
      "properties": {
        "probability": 0.9998642802238464,
        "lat": 6.173688425750365,
        "lon": -1.8005071996346336,
        "region": "Obuasi",
        "detected_at": "2026-03-16T06:32:51.860948",
        "model_version": "48px_v3.7_2024-01-10"
      }
    },
    {
      "type": "Feature",
      "geometry": {
        "type": "Point",
        "coordinates": [
          -1.8005071996346336,
          6.1715128358969
        ]
      },
      "properties": {
        "probability": 0.9990440011024475,
        "lat": 6.1715128358969,
        "lon": -1.8005071996346336,
        "region": "Obuasi",
        "detected_at": "2026-03-16T06:32:51.861036",
        "model_version": "48px_v3.7_2024-01-10"
      }
    },
    {
      "type": "Feature",
      "geometry": {
        "type": "Point",
        "coordinates": [
          -1.8005071996346336,
          6.169337246043435
        ]
      },
      "properties": {
        "probability": 0.9788984060287476,
        "lat": 6.169337246043435,
        "lon": -1.8005071996346336,
        "region": "Obuasi",
        "detected_at": "2026-03-16T06:32:51.861124",
        "model_version": "48px_v3.7_2024-01-10"
      }
    },
    {
      "type": "Feature",
      "geometry": {
        "type": "Point",
        "coordinates": [
          -1.8005071996346336,
          6.16716165618997
        ]
      },
      "properties": {
        "probability": 0.9823641777038574,
        "lat": 6.16716165618997,
        "lon": -1.8005071996346336,
        "region": "Obuasi",
        "detected_at": "2026-03-16T06:32:51.861212",
        "model_version": "48px_v3.7_2024-01-10"
      }
    },
    {
      "type": "Feature",
      "geometry": {
        "type": "Point",
        "coordinates": [
          -1.8005071996346336,
          6.164986066336505
        ]
      },
      "properties": {
        "probability": 0.920387864112854,
        "lat": 6.164986066336505,
        "lon": -1.8005071996346336,
        "region": "Obuasi",
        "detected_at": "2026-03-16T06:32:51.861301",
        "model_version": "48px_v3.7_2024-01-10"
      }
    },
    {
      "type": "Feature",
      "geometry": {
        "type": "Point",
        "coordinates": [
          -1.798333399249934,
          6.18891755472462
        ]
      },
      "properties": {
        "probability": 0.8190549612045288,
        "lat": 6.18891755472462,
        "lon": -1.798333399249934,
        "region": "Obuasi",
        "detected_at": "2026-03-16T06:32:51.861389",
        "model_version": "48px_v3.7_2024-01-10"
      }
    },
    {
      "type": "Feature",
      "geometry": {
        "type": "Point",
        "coordinates": [
          -1.798333399249934,
          6.18021519531076
        ]
      },
      "properties": {
        "probability": 0.990425169467926,
        "lat": 6.18021519531076,
        "lon": -1.798333399249934,
        "region": "Obuasi",
        "detected_at": "2026-03-16T06:32:51.861479",
        "model_version": "48px_v3.7_2024-01-10"
      }
    },
    {
      "type": "Feature",
      "geometry": {
        "type": "Point",
        "coordinates": [
          -1.798333399249934,
          6.178039605457295
        ]
      },
      "properties": {
        "probability": 0.9791116714477539,
        "lat": 6.178039605457295,
        "lon": -1.798333399249934,
        "region": "Obuasi",
        "detected_at": "2026-03-16T06:32:51.861567",
        "model_version": "48px_v3.7_2024-01-10"
      }
    },
    {
      "type": "Feature",
      "geometry": {
        "type": "Point",
        "coordinates": [
          -1.798333399249934,
          6.17586401560383
        ]
      },
      "properties": {
        "probability": 0.9981807470321655,
        "lat": 6.17586401560383,
        "lon": -1.798333399249934,
        "region": "Obuasi",
        "detected_at": "2026-03-16T06:32:51.861676",
        "model_version": "48px_v3.7_2024-01-10"
      }
    },
    {
      "type": "Feature",
      "geometry": {
        "type": "Point",
        "coordinates": [
          -1.798333399249934,
          6.173688425750365
        ]
      },
      "properties": {
        "probability": 0.9999997019767761,
        "lat": 6.173688425750365,
        "lon": -1.798333399249934,
        "region": "Obuasi",
        "detected_at": "2026-03-16T06:32:51.861769",
        "model_version": "48px_v3.7_2024-01-10"
      }
    },
    {
      "type": "Feature",
      "geometry": {
        "type": "Point",
        "coordinates": [
          -1.798333399249934,
          6.1715128358969
        ]
      },
      "properties": {
        "probability": 0.9996362924575806,
        "lat": 6.1715128358969,
        "lon": -1.798333399249934,
        "region": "Obuasi",
        "detected_at": "2026-03-16T06:32:51.861859",
        "model_version": "48px_v3.7_2024-01-10"
      }
    },
    {
      "type": "Feature",
      "geometry": {
        "type": "Point",
        "coordinates": [
          -1.7961595988652341,
          6.18891755472462
        ]
      },
      "properties": {
        "probability": 0.9498283267021179,
        "lat": 6.18891755472462,
        "lon": -1.7961595988652341,
        "region": "Obuasi",
        "detected_at": "2026-03-16T06:32:51.861949",
        "model_version": "48px_v3.7_2024-01-10"
      }
    },
    {
      "type": "Feature",
      "geometry": {
        "type": "Point",
        "coordinates": [
          -1.7961595988652341,
          6.186741964871156
        ]
      },
      "properties": {
        "probability": 0.9933602213859558,
        "lat": 6.186741964871156,
        "lon": -1.7961595988652341,
        "region": "Obuasi",
        "detected_at": "2026-03-16T06:32:51.862038",
        "model_version": "48px_v3.7_2024-01-10"
      }
    },
    {
      "type": "Feature",
      "geometry": {
        "type": "Point",
        "coordinates": [
          -1.7961595988652341,
          6.184566375017691
        ]
      },
      "properties": {
        "probability": 0.9992419481277466,
        "lat": 6.184566375017691,
        "lon": -1.7961595988652341,
        "region": "Obuasi",
        "detected_at": "2026-03-16T06:32:51.862128",
        "model_version": "48px_v3.7_2024-01-10"
      }
    },
    {
      "type": "Feature",
      "geometry": {
        "type": "Point",
        "coordinates": [
          -1.7961595988652341,
          6.182390785164225
        ]
      },
      "properties": {
        "probability": 0.9999894499778748,
        "lat": 6.182390785164225,
        "lon": -1.7961595988652341,
        "region": "Obuasi",
        "detected_at": "2026-03-16T06:32:51.862217",
        "model_version": "48px_v3.7_2024-01-10"
      }
    },
    {
      "type": "Feature",
      "geometry": {
        "type": "Point",
        "coordinates": [
          -1.7961595988652341,
          6.18021519531076
        ]
      },
      "properties": {
        "probability": 0.9999997615814209,
        "lat": 6.18021519531076,
        "lon": -1.7961595988652341,
        "region": "Obuasi",
        "detected_at": "2026-03-16T06:32:51.862306",
        "model_version": "48px_v3.7_2024-01-10"
      }
    },
    {
      "type": "Feature",
      "geometry": {
        "type": "Point",
        "coordinates": [
          -1.7961595988652341,
          6.178039605457295
        ]
      },
      "properties": {
        "probability": 0.9999945759773254,
        "lat": 6.178039605457295,
        "lon": -1.7961595988652341,
        "region": "Obuasi",
        "detected_at": "2026-03-16T06:32:51.862396",
        "model_version": "48px_v3.7_2024-01-10"
      }
    },
    {
      "type": "Feature",
      "geometry": {
        "type": "Point",
        "coordinates": [
          -1.7961595988652341,
          6.17586401560383
        ]
      },
      "properties": {
        "probability": 0.8968597650527954,
        "lat": 6.17586401560383,
        "lon": -1.7961595988652341,
        "region": "Obuasi",
        "detected_at": "2026-03-16T06:32:51.862484",
        "model_version": "48px_v3.7_2024-01-10"
      }
    },
    {
      "type": "Feature",
      "geometry": {
        "type": "Point",
        "coordinates": [
          -1.7939857984805345,
          6.184566375017691
        ]
      },
      "properties": {
        "probability": 0.9998077750205994,
        "lat": 6.184566375017691,
        "lon": -1.7939857984805345,
        "region": "Obuasi",
        "detected_at": "2026-03-16T06:32:51.862573",
        "model_version": "48px_v3.7_2024-01-10"
      }
    },
    {
      "type": "Feature",
      "geometry": {
        "type": "Point",
        "coordinates": [
          -1.7939857984805343,
          6.182390785164225
        ]
      },
      "properties": {
        "probability": 0.999994158744812,
        "lat": 6.182390785164225,
        "lon": -1.7939857984805343,
        "region": "Obuasi",
        "detected_at": "2026-03-16T06:32:51.862683",
        "model_version": "48px_v3.7_2024-01-10"
      }
    },
    {
      "type": "Feature",
      "geometry": {
        "type": "Point",
        "coordinates": [
          -1.7939857984805343,
          6.18021519531076
        ]
      },
      "properties": {
        "probability": 0.9999832510948181,
        "lat": 6.18021519531076,
        "lon": -1.7939857984805343,
        "region": "Obuasi",
        "detected_at": "2026-03-16T06:32:51.862776",
        "model_version": "48px_v3.7_2024-01-10"
      }
    },
    {
      "type": "Feature",
      "geometry": {
        "type": "Point",
        "coordinates": [
          -1.7939857984805343,
          6.178039605457295
        ]
      },
      "properties": {
        "probability": 0.9912682175636292,
        "lat": 6.178039605457295,
        "lon": -1.7939857984805343,
        "region": "Obuasi",
        "detected_at": "2026-03-16T06:32:51.862866",
        "model_version": "48px_v3.7_2024-01-10"
      }
    },
    {
      "type": "Feature",
      "geometry": {
        "type": "Point",
        "coordinates": [
          -1.7918119980958345,
          6.184566375017691
        ]
      },
      "properties": {
        "probability": 0.9978653192520142,
        "lat": 6.184566375017691,
        "lon": -1.7918119980958345,
        "region": "Obuasi",
        "detected_at": "2026-03-16T06:32:51.862956",
        "model_version": "48px_v3.7_2024-01-10"
      }
    },
    {
      "type": "Feature",
      "geometry": {
        "type": "Point",
        "coordinates": [
          -1.7918119980958347,
          6.182390785164225
        ]
      },
      "properties": {
        "probability": 0.9437153935432434,
        "lat": 6.182390785164225,
        "lon": -1.7918119980958347,
        "region": "Obuasi",
        "detected_at": "2026-03-16T06:32:51.863046",
        "model_version": "48px_v3.7_2024-01-10"
      }
    },
    {
      "type": "Feature",
      "geometry": {
        "type": "Point",
        "coordinates": [
          -1.7896381977111344,
          6.18891755472462
        ]
      },
      "properties": {
        "probability": 0.9391741156578064,
        "lat": 6.18891755472462,
        "lon": -1.7896381977111344,
        "region": "Obuasi",
        "detected_at": "2026-03-16T06:32:51.863135",
        "model_version": "48px_v3.7_2024-01-10"
      }
    },
    {
      "type": "Feature",
      "geometry": {
        "type": "Point",
        "coordinates": [
          -1.7896381977111344,
          6.186741964871156
        ]
      },
      "properties": {
        "probability": 0.9936509132385254,
        "lat": 6.186741964871156,
        "lon": -1.7896381977111344,
        "region": "Obuasi",
        "detected_at": "2026-03-16T06:32:51.863225",
        "model_version": "48px_v3.7_2024-01-10"
      }
    },
    {
      "type": "Feature",
      "geometry": {
        "type": "Point",
        "coordinates": [
          -1.7896381977111344,
          6.184566375017691
        ]
      },
      "properties": {
        "probability": 0.9814702272415161,
        "lat": 6.184566375017691,
        "lon": -1.7896381977111344,
        "region": "Obuasi",
        "detected_at": "2026-03-16T06:32:51.863315",
        "model_version": "48px_v3.7_2024-01-10"
      }
    },
    {
      "type": "Feature",
      "geometry": {
        "type": "Point",
        "coordinates": [
          -1.7874643973264348,
          6.197619914138481
        ]
      },
      "properties": {
        "probability": 0.867154061794281,
        "lat": 6.197619914138481,
        "lon": -1.7874643973264348,
        "region": "Obuasi",
        "detected_at": "2026-03-16T06:32:51.863404",
        "model_version": "48px_v3.7_2024-01-10"
      }
    },
    {
      "type": "Feature",
      "geometry": {
        "type": "Point",
        "coordinates": [
          -1.7874643973264348,
          6.195444324285015
        ]
      },
      "properties": {
        "probability": 0.9987502098083496,
        "lat": 6.195444324285015,
        "lon": -1.7874643973264348,
        "region": "Obuasi",
        "detected_at": "2026-03-16T06:32:51.863494",
        "model_version": "48px_v3.7_2024-01-10"
      }
    },
    {
      "type": "Feature",
      "geometry": {
        "type": "Point",
        "coordinates": [
          -1.7874643973264348,
          6.19326873443155
        ]
      },
      "properties": {
        "probability": 0.9892281889915466,
        "lat": 6.19326873443155,
        "lon": -1.7874643973264348,
        "region": "Obuasi",
        "detected_at": "2026-03-16T06:32:51.863585",
        "model_version": "48px_v3.7_2024-01-10"
      }
    },
    {
      "type": "Feature",
      "geometry": {
        "type": "Point",
        "coordinates": [
          -1.7874643973264348,
          6.191093144578085
        ]
      },
      "properties": {
        "probability": 0.9999632239341736,
        "lat": 6.191093144578085,
        "lon": -1.7874643973264348,
        "region": "Obuasi",
        "detected_at": "2026-03-16T06:32:51.863717",
        "model_version": "48px_v3.7_2024-01-10"
      }
    },
    {
      "type": "Feature",
      "geometry": {
        "type": "Point",
        "coordinates": [
          -1.7874643973264348,
          6.18891755472462
        ]
      },
      "properties": {
        "probability": 0.9997739195823669,
        "lat": 6.18891755472462,
        "lon": -1.7874643973264348,
        "region": "Obuasi",
        "detected_at": "2026-03-16T06:32:51.863812",
        "model_version": "48px_v3.7_2024-01-10"
      }
    },
    {
      "type": "Feature",
      "geometry": {
        "type": "Point",
        "coordinates": [
          -1.7874643973264348,
          6.186741964871156
        ]
      },
      "properties": {
        "probability": 0.9866682887077332,
        "lat": 6.186741964871156,
        "lon": -1.7874643973264348,
        "region": "Obuasi",
        "detected_at": "2026-03-16T06:32:51.863901",
        "model_version": "48px_v3.7_2024-01-10"
      }
    },
    {
      "type": "Feature",
      "geometry": {
        "type": "Point",
        "coordinates": [
          -1.7874643973264348,
          6.173688425750365
        ]
      },
      "properties": {
        "probability": 0.8092381954193115,
        "lat": 6.173688425750365,
        "lon": -1.7874643973264348,
        "region": "Obuasi",
        "detected_at": "2026-03-16T06:32:51.863990",
        "model_version": "48px_v3.7_2024-01-10"
      }
    },
    {
      "type": "Feature",
      "geometry": {
        "type": "Point",
        "coordinates": [
          -1.7874643973264348,
          6.1715128358969
        ]
      },
      "properties": {
        "probability": 0.906368613243103,
        "lat": 6.1715128358969,
        "lon": -1.7874643973264348,
        "region": "Obuasi",
        "detected_at": "2026-03-16T06:32:51.864079",
        "model_version": "48px_v3.7_2024-01-10"
      }
    },
    {
      "type": "Feature",
      "geometry": {
        "type": "Point",
        "coordinates": [
          -1.785290596941735,
          6.197619914138481
        ]
      },
      "properties": {
        "probability": 0.9998679757118225,
        "lat": 6.197619914138481,
        "lon": -1.785290596941735,
        "region": "Obuasi",
        "detected_at": "2026-03-16T06:32:51.864168",
        "model_version": "48px_v3.7_2024-01-10"
      }
    },
    {
      "type": "Feature",
      "geometry": {
        "type": "Point",
        "coordinates": [
          -1.785290596941735,
          6.195444324285015
        ]
      },
      "properties": {
        "probability": 0.9999746084213257,
        "lat": 6.195444324285015,
        "lon": -1.785290596941735,
        "region": "Obuasi",
        "detected_at": "2026-03-16T06:32:51.864258",
        "model_version": "48px_v3.7_2024-01-10"
      }
    },
    {
      "type": "Feature",
      "geometry": {
        "type": "Point",
        "coordinates": [
          -1.785290596941735,
          6.19326873443155
        ]
      },
      "properties": {
        "probability": 0.9993826746940613,
        "lat": 6.19326873443155,
        "lon": -1.785290596941735,
        "region": "Obuasi",
        "detected_at": "2026-03-16T06:32:51.864347",
        "model_version": "48px_v3.7_2024-01-10"
      }
    },
    {
      "type": "Feature",
      "geometry": {
        "type": "Point",
        "coordinates": [
          -1.785290596941735,
          6.191093144578085
        ]
      },
      "properties": {
        "probability": 0.9999886155128479,
        "lat": 6.191093144578085,
        "lon": -1.785290596941735,
        "region": "Obuasi",
        "detected_at": "2026-03-16T06:32:51.864435",
        "model_version": "48px_v3.7_2024-01-10"
      }
    },
    {
      "type": "Feature",
      "geometry": {
        "type": "Point",
        "coordinates": [
          -1.785290596941735,
          6.18891755472462
        ]
      },
      "properties": {
        "probability": 0.9999876618385315,
        "lat": 6.18891755472462,
        "lon": -1.785290596941735,
        "region": "Obuasi",
        "detected_at": "2026-03-16T06:32:51.864525",
        "model_version": "48px_v3.7_2024-01-10"
      }
    },
    {
      "type": "Feature",
      "geometry": {
        "type": "Point",
        "coordinates": [
          -1.7852905969417352,
          6.186741964871156
        ]
      },
      "properties": {
        "probability": 0.8786147832870483,
        "lat": 6.186741964871156,
        "lon": -1.7852905969417352,
        "region": "Obuasi",
        "detected_at": "2026-03-16T06:32:51.864633",
        "model_version": "48px_v3.7_2024-01-10"
      }
    },
    {
      "type": "Feature",
      "geometry": {
        "type": "Point",
        "coordinates": [
          -1.785290596941735,
          6.1715128358969
        ]
      },
      "properties": {
        "probability": 0.9249346256256104,
        "lat": 6.1715128358969,
        "lon": -1.785290596941735,
        "region": "Obuasi",
        "detected_at": "2026-03-16T06:32:51.864730",
        "model_version": "48px_v3.7_2024-01-10"
      }
    },
    {
      "type": "Feature",
      "geometry": {
        "type": "Point",
        "coordinates": [
          -1.7831167965570351,
          6.197619914138481
        ]
      },
      "properties": {
        "probability": 0.9999992847442627,
        "lat": 6.197619914138481,
        "lon": -1.7831167965570351,
        "region": "Obuasi",
        "detected_at": "2026-03-16T06:32:51.864822",
        "model_version": "48px_v3.7_2024-01-10"
      }
    },
    {
      "type": "Feature",
      "geometry": {
        "type": "Point",
        "coordinates": [
          -1.7831167965570351,
          6.195444324285015
        ]
      },
      "properties": {
        "probability": 0.999932050704956,
        "lat": 6.195444324285015,
        "lon": -1.7831167965570351,
        "region": "Obuasi",
        "detected_at": "2026-03-16T06:32:51.864913",
        "model_version": "48px_v3.7_2024-01-10"
      }
    },
    {
      "type": "Feature",
      "geometry": {
        "type": "Point",
        "coordinates": [
          -1.7831167965570351,
          6.19326873443155
        ]
      },
      "properties": {
        "probability": 0.9999538660049438,
        "lat": 6.19326873443155,
        "lon": -1.7831167965570351,
        "region": "Obuasi",
        "detected_at": "2026-03-16T06:32:51.865096",
        "model_version": "48px_v3.7_2024-01-10"
      }
    },
    {
      "type": "Feature",
      "geometry": {
        "type": "Point",
        "coordinates": [
          -1.7831167965570351,
          6.191093144578085
        ]
      },
      "properties": {
        "probability": 0.9999282956123352,
        "lat": 6.191093144578085,
        "lon": -1.7831167965570351,
        "region": "Obuasi",
        "detected_at": "2026-03-16T06:32:51.865189",
        "model_version": "48px_v3.7_2024-01-10"
      }
    },
    {
      "type": "Feature",
      "geometry": {
        "type": "Point",
        "coordinates": [
          -1.7831167965570351,
          6.18891755472462
        ]
      },
      "properties": {
        "probability": 0.9987606406211853,
        "lat": 6.18891755472462,
        "lon": -1.7831167965570351,
        "region": "Obuasi",
        "detected_at": "2026-03-16T06:32:51.865280",
        "model_version": "48px_v3.7_2024-01-10"
      }
    },
    {
      "type": "Feature",
      "geometry": {
        "type": "Point",
        "coordinates": [
          -1.7831167965570351,
          6.1715128358969
        ]
      },
      "properties": {
        "probability": 0.9533586502075195,
        "lat": 6.1715128358969,
        "lon": -1.7831167965570351,
        "region": "Obuasi",
        "detected_at": "2026-03-16T06:32:51.865371",
        "model_version": "48px_v3.7_2024-01-10"
      }
    },
    {
      "type": "Feature",
      "geometry": {
        "type": "Point",
        "coordinates": [
          -1.7831167965570351,
          6.169337246043435
        ]
      },
      "properties": {
        "probability": 0.9927005767822266,
        "lat": 6.169337246043435,
        "lon": -1.7831167965570351,
        "region": "Obuasi",
        "detected_at": "2026-03-16T06:32:51.865461",
        "model_version": "48px_v3.7_2024-01-10"
      }
    },
    {
      "type": "Feature",
      "geometry": {
        "type": "Point",
        "coordinates": [
          -1.7831167965570351,
          6.149756937362252
        ]
      },
      "properties": {
        "probability": 0.9717633724212646,
        "lat": 6.149756937362252,
        "lon": -1.7831167965570351,
        "region": "Obuasi",
        "detected_at": "2026-03-16T06:32:51.865557",
        "model_version": "48px_v3.7_2024-01-10"
      }
    },
    {
      "type": "Feature",
      "geometry": {
        "type": "Point",
        "coordinates": [
          -1.7809429961723355,
          6.197619914138481
        ]
      },
      "properties": {
        "probability": 0.9999991655349731,
        "lat": 6.197619914138481,
        "lon": -1.7809429961723355,
        "region": "Obuasi",
        "detected_at": "2026-03-16T06:32:51.865669",
        "model_version": "48px_v3.7_2024-01-10"
      }
    },
    {
      "type": "Feature",
      "geometry": {
        "type": "Point",
        "coordinates": [
          -1.7809429961723355,
          6.195444324285015
        ]
      },
      "properties": {
        "probability": 0.9999661445617676,
        "lat": 6.195444324285015,
        "lon": -1.7809429961723355,
        "region": "Obuasi",
        "detected_at": "2026-03-16T06:32:51.865771",
        "model_version": "48px_v3.7_2024-01-10"
      }
    },
    {
      "type": "Feature",
      "geometry": {
        "type": "Point",
        "coordinates": [
          -1.7809429961723355,
          6.19326873443155
        ]
      },
      "properties": {
        "probability": 0.9943277835845947,
        "lat": 6.19326873443155,
        "lon": -1.7809429961723355,
        "region": "Obuasi",
        "detected_at": "2026-03-16T06:32:51.865863",
        "model_version": "48px_v3.7_2024-01-10"
      }
    },
    {
      "type": "Feature",
      "geometry": {
        "type": "Point",
        "coordinates": [
          -1.7809429961723355,
          6.191093144578085
        ]
      },
      "properties": {
        "probability": 0.9247530698776245,
        "lat": 6.191093144578085,
        "lon": -1.7809429961723355,
        "region": "Obuasi",
        "detected_at": "2026-03-16T06:32:51.865953",
        "model_version": "48px_v3.7_2024-01-10"
      }
    },
    {
      "type": "Feature",
      "geometry": {
        "type": "Point",
        "coordinates": [
          -1.7809429961723355,
          6.18891755472462
        ]
      },
      "properties": {
        "probability": 0.8775807023048401,
        "lat": 6.18891755472462,
        "lon": -1.7809429961723355,
        "region": "Obuasi",
        "detected_at": "2026-03-16T06:32:51.866041",
        "model_version": "48px_v3.7_2024-01-10"
      }
    },
    {
      "type": "Feature",
      "geometry": {
        "type": "Point",
        "coordinates": [
          -1.7809429961723355,
          6.1715128358969
        ]
      },
      "properties": {
        "probability": 0.9639455676078796,
        "lat": 6.1715128358969,
        "lon": -1.7809429961723355,
        "region": "Obuasi",
        "detected_at": "2026-03-16T06:32:51.866130",
        "model_version": "48px_v3.7_2024-01-10"
      }
    },
    {
      "type": "Feature",
      "geometry": {
        "type": "Point",
        "coordinates": [
          -1.7809429961723355,
          6.169337246043435
        ]
      },
      "properties": {
        "probability": 0.9890115261077881,
        "lat": 6.169337246043435,
        "lon": -1.7809429961723355,
        "region": "Obuasi",
        "detected_at": "2026-03-16T06:32:51.866219",
        "model_version": "48px_v3.7_2024-01-10"
      }
    },
    {
      "type": "Feature",
      "geometry": {
        "type": "Point",
        "coordinates": [
          -1.7809429961723355,
          6.154108117069182
        ]
      },
      "properties": {
        "probability": 0.8875043988227844,
        "lat": 6.154108117069182,
        "lon": -1.7809429961723355,
        "region": "Obuasi",
        "detected_at": "2026-03-16T06:32:51.866309",
        "model_version": "48px_v3.7_2024-01-10"
      }
    },
    {
      "type": "Feature",
      "geometry": {
        "type": "Point",
        "coordinates": [
          -1.7787691957876353,
          6.197619914138481
        ]
      },
      "properties": {
        "probability": 0.990946352481842,
        "lat": 6.197619914138481,
        "lon": -1.7787691957876353,
        "region": "Obuasi",
        "detected_at": "2026-03-16T06:32:51.866398",
        "model_version": "48px_v3.7_2024-01-10"
      }
    },
    {
      "type": "Feature",
      "geometry": {
        "type": "Point",
        "coordinates": [
          -1.7787691957876353,
          6.195444324285015
        ]
      },
      "properties": {
        "probability": 0.8815134167671204,
        "lat": 6.195444324285015,
        "lon": -1.7787691957876353,
        "region": "Obuasi",
        "detected_at": "2026-03-16T06:32:51.866487",
        "model_version": "48px_v3.7_2024-01-10"
      }
    },
    {
      "type": "Feature",
      "geometry": {
        "type": "Point",
        "coordinates": [
          -1.7787691957876353,
          6.18891755472462
        ]
      },
      "properties": {
        "probability": 0.8131694197654724,
        "lat": 6.18891755472462,
        "lon": -1.7787691957876353,
        "region": "Obuasi",
        "detected_at": "2026-03-16T06:32:51.866576",
        "model_version": "48px_v3.7_2024-01-10"
      }
    },
    {
      "type": "Feature",
      "geometry": {
        "type": "Point",
        "coordinates": [
          -1.7787691957876353,
          6.186741964871156
        ]
      },
      "properties": {
        "probability": 0.8147425651550293,
        "lat": 6.186741964871156,
        "lon": -1.7787691957876353,
        "region": "Obuasi",
        "detected_at": "2026-03-16T06:32:51.866687",
        "model_version": "48px_v3.7_2024-01-10"
      }
    },
    {
      "type": "Feature",
      "geometry": {
        "type": "Point",
        "coordinates": [
          -1.7765953954029354,
          6.197619914138481
        ]
      },
      "properties": {
        "probability": 0.9166865348815918,
        "lat": 6.197619914138481,
        "lon": -1.7765953954029354,
        "region": "Obuasi",
        "detected_at": "2026-03-16T06:32:51.866780",
        "model_version": "48px_v3.7_2024-01-10"
      }
    },
    {
      "type": "Feature",
      "geometry": {
        "type": "Point",
        "coordinates": [
          -1.7744215950182358,
          6.195444324285015
        ]
      },
      "properties": {
        "probability": 0.870466411113739,
        "lat": 6.195444324285015,
        "lon": -1.7744215950182358,
        "region": "Obuasi",
        "detected_at": "2026-03-16T06:32:51.866878",
        "model_version": "48px_v3.7_2024-01-10"
      }
    },
    {
      "type": "Feature",
      "geometry": {
        "type": "Point",
        "coordinates": [
          -1.772247794633536,
          6.195444324285015
        ]
      },
      "properties": {
        "probability": 0.8997934460639954,
        "lat": 6.195444324285015,
        "lon": -1.772247794633536,
        "region": "Obuasi",
        "detected_at": "2026-03-16T06:32:51.866968",
        "model_version": "48px_v3.7_2024-01-10"
      }
    },
    {
      "type": "Feature",
      "geometry": {
        "type": "Point",
        "coordinates": [
          -1.772247794633536,
          6.173688425750365
        ]
      },
      "properties": {
        "probability": 0.9426870346069336,
        "lat": 6.173688425750365,
        "lon": -1.772247794633536,
        "region": "Obuasi",
        "detected_at": "2026-03-16T06:32:51.867057",
        "model_version": "48px_v3.7_2024-01-10"
      }
    },
    {
      "type": "Feature",
      "geometry": {
        "type": "Point",
        "coordinates": [
          -1.7700739942488364,
          6.16716165618997
        ]
      },
      "properties": {
        "probability": 0.9974384307861328,
        "lat": 6.16716165618997,
        "lon": -1.7700739942488364,
        "region": "Obuasi",
        "detected_at": "2026-03-16T06:32:51.867146",
        "model_version": "48px_v3.7_2024-01-10"
      }
    },
    {
      "type": "Feature",
      "geometry": {
        "type": "Point",
        "coordinates": [
          -1.7700739942488364,
          6.149756937362252
        ]
      },
      "properties": {
        "probability": 0.9986166954040527,
        "lat": 6.149756937362252,
        "lon": -1.7700739942488364,
        "region": "Obuasi",
        "detected_at": "2026-03-16T06:32:51.867235",
        "model_version": "48px_v3.7_2024-01-10"
      }
    },
    {
      "type": "Feature",
      "geometry": {
        "type": "Point",
        "coordinates": [
          -1.7679001938641363,
          6.191093144578085
        ]
      },
      "properties": {
        "probability": 0.9803133010864258,
        "lat": 6.191093144578085,
        "lon": -1.7679001938641363,
        "region": "Obuasi",
        "detected_at": "2026-03-16T06:32:51.867325",
        "model_version": "48px_v3.7_2024-01-10"
      }
    },
    {
      "type": "Feature",
      "geometry": {
        "type": "Point",
        "coordinates": [
          -1.7679001938641363,
          6.18891755472462
        ]
      },
      "properties": {
        "probability": 0.8133518099784851,
        "lat": 6.18891755472462,
        "lon": -1.7679001938641363,
        "region": "Obuasi",
        "detected_at": "2026-03-16T06:32:51.867413",
        "model_version": "48px_v3.7_2024-01-10"
      }
    },
    {
      "type": "Feature",
      "geometry": {
        "type": "Point",
        "coordinates": [
          -1.7679001938641363,
          6.16716165618997
        ]
      },
      "properties": {
        "probability": 0.9999697208404541,
        "lat": 6.16716165618997,
        "lon": -1.7679001938641363,
        "region": "Obuasi",
        "detected_at": "2026-03-16T06:32:51.867501",
        "model_version": "48px_v3.7_2024-01-10"
      }
    },
    {
      "type": "Feature",
      "geometry": {
        "type": "Point",
        "coordinates": [
          -1.7679001938641363,
          6.164986066336505
        ]
      },
      "properties": {
        "probability": 0.9870700836181641,
        "lat": 6.164986066336505,
        "lon": -1.7679001938641363,
        "region": "Obuasi",
        "detected_at": "2026-03-16T06:32:51.867588",
        "model_version": "48px_v3.7_2024-01-10"
      }
    },
    {
      "type": "Feature",
      "geometry": {
        "type": "Point",
        "coordinates": [
          -1.767900193864136,
          6.162810476483042
        ]
      },
      "properties": {
        "probability": 0.9990522861480713,
        "lat": 6.162810476483042,
        "lon": -1.767900193864136,
        "region": "Obuasi",
        "detected_at": "2026-03-16T06:32:51.867699",
        "model_version": "48px_v3.7_2024-01-10"
      }
    },
    {
      "type": "Feature",
      "geometry": {
        "type": "Point",
        "coordinates": [
          -1.767900193864136,
          6.160634886629577
        ]
      },
      "properties": {
        "probability": 0.9981932044029236,
        "lat": 6.160634886629577,
        "lon": -1.767900193864136,
        "region": "Obuasi",
        "detected_at": "2026-03-16T06:32:51.867792",
        "model_version": "48px_v3.7_2024-01-10"
      }
    },
    {
      "type": "Feature",
      "geometry": {
        "type": "Point",
        "coordinates": [
          -1.7679001938641363,
          6.154108117069182
        ]
      },
      "properties": {
        "probability": 0.8836316466331482,
        "lat": 6.154108117069182,
        "lon": -1.7679001938641363,
        "region": "Obuasi",
        "detected_at": "2026-03-16T06:32:51.867881",
        "model_version": "48px_v3.7_2024-01-10"
      }
    },
    {
      "type": "Feature",
      "geometry": {
        "type": "Point",
        "coordinates": [
          -1.7679001938641363,
          6.151932527215717
        ]
      },
      "properties": {
        "probability": 0.9986226558685303,
        "lat": 6.151932527215717,
        "lon": -1.7679001938641363,
        "region": "Obuasi",
        "detected_at": "2026-03-16T06:32:51.867970",
        "model_version": "48px_v3.7_2024-01-10"
      }
    },
    {
      "type": "Feature",
      "geometry": {
        "type": "Point",
        "coordinates": [
          -1.7679001938641363,
          6.149756937362252
        ]
      },
      "properties": {
        "probability": 0.9999878406524658,
        "lat": 6.149756937362252,
        "lon": -1.7679001938641363,
        "region": "Obuasi",
        "detected_at": "2026-03-16T06:32:51.868060",
        "model_version": "48px_v3.7_2024-01-10"
      }
    },
    {
      "type": "Feature",
      "geometry": {
        "type": "Point",
        "coordinates": [
          -1.7657263934794363,
          6.19326873443155
        ]
      },
      "properties": {
        "probability": 0.81184321641922,
        "lat": 6.19326873443155,
        "lon": -1.7657263934794363,
        "region": "Obuasi",
        "detected_at": "2026-03-16T06:32:51.868150",
        "model_version": "48px_v3.7_2024-01-10"
      }
    },
    {
      "type": "Feature",
      "geometry": {
        "type": "Point",
        "coordinates": [
          -1.7657263934794363,
          6.191093144578085
        ]
      },
      "properties": {
        "probability": 0.9974707961082458,
        "lat": 6.191093144578085,
        "lon": -1.7657263934794363,
        "region": "Obuasi",
        "detected_at": "2026-03-16T06:32:51.868239",
        "model_version": "48px_v3.7_2024-01-10"
      }
    },
    {
      "type": "Feature",
      "geometry": {
        "type": "Point",
        "coordinates": [
          -1.7657263934794363,
          6.16716165618997
        ]
      },
      "properties": {
        "probability": 0.9051745533943176,
        "lat": 6.16716165618997,
        "lon": -1.7657263934794363,
        "region": "Obuasi",
        "detected_at": "2026-03-16T06:32:51.868329",
        "model_version": "48px_v3.7_2024-01-10"
      }
    },
    {
      "type": "Feature",
      "geometry": {
        "type": "Point",
        "coordinates": [
          -1.7657263934794363,
          6.164986066336505
        ]
      },
      "properties": {
        "probability": 0.9814023971557617,
        "lat": 6.164986066336505,
        "lon": -1.7657263934794363,
        "region": "Obuasi",
        "detected_at": "2026-03-16T06:32:51.868418",
        "model_version": "48px_v3.7_2024-01-10"
      }
    },
    {
      "type": "Feature",
      "geometry": {
        "type": "Point",
        "coordinates": [
          -1.7657263934794365,
          6.162810476483042
        ]
      },
      "properties": {
        "probability": 0.9986905455589294,
        "lat": 6.162810476483042,
        "lon": -1.7657263934794365,
        "region": "Obuasi",
        "detected_at": "2026-03-16T06:32:51.868506",
        "model_version": "48px_v3.7_2024-01-10"
      }
    },
    {
      "type": "Feature",
      "geometry": {
        "type": "Point",
        "coordinates": [
          -1.7657263934794365,
          6.160634886629577
        ]
      },
      "properties": {
        "probability": 0.9603659510612488,
        "lat": 6.160634886629577,
        "lon": -1.7657263934794365,
        "region": "Obuasi",
        "detected_at": "2026-03-16T06:32:51.868614",
        "model_version": "48px_v3.7_2024-01-10"
      }
    },
    {
      "type": "Feature",
      "geometry": {
        "type": "Point",
        "coordinates": [
          -1.7635525930947369,
          6.191093144578085
        ]
      },
      "properties": {
        "probability": 0.963548481464386,
        "lat": 6.191093144578085,
        "lon": -1.7635525930947369,
        "region": "Obuasi",
        "detected_at": "2026-03-16T06:32:51.868716",
        "model_version": "48px_v3.7_2024-01-10"
      }
    },
    {
      "type": "Feature",
      "geometry": {
        "type": "Point",
        "coordinates": [
          -1.7635525930947369,
          6.164986066336505
        ]
      },
      "properties": {
        "probability": 0.9868202805519104,
        "lat": 6.164986066336505,
        "lon": -1.7635525930947369,
        "region": "Obuasi",
        "detected_at": "2026-03-16T06:32:51.868806",
        "model_version": "48px_v3.7_2024-01-10"
      }
    },
    {
      "type": "Feature",
      "geometry": {
        "type": "Point",
        "coordinates": [
          -1.7635525930947369,
          6.162810476483042
        ]
      },
      "properties": {
        "probability": 0.9880420565605164,
        "lat": 6.162810476483042,
        "lon": -1.7635525930947369,
        "region": "Obuasi",
        "detected_at": "2026-03-16T06:32:51.868896",
        "model_version": "48px_v3.7_2024-01-10"
      }
    },
    {
      "type": "Feature",
      "geometry": {
        "type": "Point",
        "coordinates": [
          -1.7613787927100368,
          6.1715128358969
        ]
      },
      "properties": {
        "probability": 0.8459842801094055,
        "lat": 6.1715128358969,
        "lon": -1.7613787927100368,
        "region": "Obuasi",
        "detected_at": "2026-03-16T06:32:51.868984",
        "model_version": "48px_v3.7_2024-01-10"
      }
    },
    {
      "type": "Feature",
      "geometry": {
        "type": "Point",
        "coordinates": [
          -1.7613787927100368,
          6.164986066336505
        ]
      },
      "properties": {
        "probability": 0.83363276720047,
        "lat": 6.164986066336505,
        "lon": -1.7613787927100368,
        "region": "Obuasi",
        "detected_at": "2026-03-16T06:32:51.869073",
        "model_version": "48px_v3.7_2024-01-10"
      }
    },
    {
      "type": "Feature",
      "geometry": {
        "type": "Point",
        "coordinates": [
          -1.7592049923253368,
          6.191093144578085
        ]
      },
      "properties": {
        "probability": 0.9470707178115845,
        "lat": 6.191093144578085,
        "lon": -1.7592049923253368,
        "region": "Obuasi",
        "detected_at": "2026-03-16T06:32:51.869163",
        "model_version": "48px_v3.7_2024-01-10"
      }
    },
    {
      "type": "Feature",
      "geometry": {
        "type": "Point",
        "coordinates": [
          -1.7592049923253368,
          6.18891755472462
        ]
      },
      "properties": {
        "probability": 0.9972431659698486,
        "lat": 6.18891755472462,
        "lon": -1.7592049923253368,
        "region": "Obuasi",
        "detected_at": "2026-03-16T06:32:51.869253",
        "model_version": "48px_v3.7_2024-01-10"
      }
    },
    {
      "type": "Feature",
      "geometry": {
        "type": "Point",
        "coordinates": [
          -1.7592049923253368,
          6.1715128358969
        ]
      },
      "properties": {
        "probability": 0.9760572910308838,
        "lat": 6.1715128358969,
        "lon": -1.7592049923253368,
        "region": "Obuasi",
        "detected_at": "2026-03-16T06:32:51.869342",
        "model_version": "48px_v3.7_2024-01-10"
      }
    },
    {
      "type": "Feature",
      "geometry": {
        "type": "Point",
        "coordinates": [
          -1.7570311919406372,
          6.18891755472462
        ]
      },
      "properties": {
        "probability": 0.94380784034729,
        "lat": 6.18891755472462,
        "lon": -1.7570311919406372,
        "region": "Obuasi",
        "detected_at": "2026-03-16T06:32:51.869431",
        "model_version": "48px_v3.7_2024-01-10"
      }
    },
    {
      "type": "Feature",
      "geometry": {
        "type": "Point",
        "coordinates": [
          -1.8526687076287716,
          6.108657655193671
        ]
      },
      "properties": {
        "probability": 0.942189633846283,
        "lat": 6.108657655193671,
        "lon": -1.8526687076287716,
        "region": "Obuasi",
        "detected_at": "2026-03-16T06:32:51.869519",
        "model_version": "48px_v3.7_2024-01-10"
      }
    },
    {
      "type": "Feature",
      "geometry": {
        "type": "Point",
        "coordinates": [
          -1.8504953290370572,
          6.141288401454592
        ]
      },
      "properties": {
        "probability": 0.823606550693512,
        "lat": 6.141288401454592,
        "lon": -1.8504953290370572,
        "region": "Obuasi",
        "detected_at": "2026-03-16T06:32:51.869625",
        "model_version": "48px_v3.7_2024-01-10"
      }
    },
    {
      "type": "Feature",
      "geometry": {
        "type": "Point",
        "coordinates": [
          -1.8483219504453423,
          6.13911301837053
        ]
      },
      "properties": {
        "probability": 0.8421071767807007,
        "lat": 6.13911301837053,
        "lon": -1.8483219504453423,
        "region": "Obuasi",
        "detected_at": "2026-03-16T06:32:51.869721",
        "model_version": "48px_v3.7_2024-01-10"
      }
    },
    {
      "type": "Feature",
      "geometry": {
        "type": "Point",
        "coordinates": [
          -1.8461485718536275,
          6.139113018370531
        ]
      },
      "properties": {
        "probability": 0.8497727513313293,
        "lat": 6.139113018370531,
        "lon": -1.8461485718536275,
        "region": "Obuasi",
        "detected_at": "2026-03-16T06:32:51.869810",
        "model_version": "48px_v3.7_2024-01-10"
      }
    },
    {
      "type": "Feature",
      "geometry": {
        "type": "Point",
        "coordinates": [
          -1.8439751932619128,
          6.139113018370531
        ]
      },
      "properties": {
        "probability": 0.9829009771347046,
        "lat": 6.139113018370531,
        "lon": -1.8439751932619128,
        "region": "Obuasi",
        "detected_at": "2026-03-16T06:32:51.869899",
        "model_version": "48px_v3.7_2024-01-10"
      }
    },
    {
      "type": "Feature",
      "geometry": {
        "type": "Point",
        "coordinates": [
          -1.843975193261913,
          6.136937635286469
        ]
      },
      "properties": {
        "probability": 0.8484538793563843,
        "lat": 6.136937635286469,
        "lon": -1.843975193261913,
        "region": "Obuasi",
        "detected_at": "2026-03-16T06:32:51.869988",
        "model_version": "48px_v3.7_2024-01-10"
      }
    },
    {
      "type": "Feature",
      "geometry": {
        "type": "Point",
        "coordinates": [
          -1.8352816788950543,
          6.143463784538652
        ]
      },
      "properties": {
        "probability": 0.8212408423423767,
        "lat": 6.143463784538652,
        "lon": -1.8352816788950543,
        "region": "Obuasi",
        "detected_at": "2026-03-16T06:32:51.870077",
        "model_version": "48px_v3.7_2024-01-10"
      }
    },
    {
      "type": "Feature",
      "geometry": {
        "type": "Point",
        "coordinates": [
          -1.8352816788950543,
          6.141288401454592
        ]
      },
      "properties": {
        "probability": 0.9926484823226929,
        "lat": 6.141288401454592,
        "lon": -1.8352816788950543,
        "region": "Obuasi",
        "detected_at": "2026-03-16T06:32:51.870166",
        "model_version": "48px_v3.7_2024-01-10"
      }
    },
    {
      "type": "Feature",
      "geometry": {
        "type": "Point",
        "coordinates": [
          -1.8331083003033395,
          6.141288401454592
        ]
      },
      "properties": {
        "probability": 0.9532501101493835,
        "lat": 6.141288401454592,
        "lon": -1.8331083003033395,
        "region": "Obuasi",
        "detected_at": "2026-03-16T06:32:51.870256",
        "model_version": "48px_v3.7_2024-01-10"
      }
    },
    {
      "type": "Feature",
      "geometry": {
        "type": "Point",
        "coordinates": [
          -1.8331083003033395,
          6.139113018370531
        ]
      },
      "properties": {
        "probability": 0.994317352771759,
        "lat": 6.139113018370531,
        "lon": -1.8331083003033395,
        "region": "Obuasi",
        "detected_at": "2026-03-16T06:32:51.870346",
        "model_version": "48px_v3.7_2024-01-10"
      }
    },
    {
      "type": "Feature",
      "geometry": {
        "type": "Point",
        "coordinates": [
          -1.8309349217116249,
          6.139113018370531
        ]
      },
      "properties": {
        "probability": 0.9646809697151184,
        "lat": 6.139113018370531,
        "lon": -1.8309349217116249,
        "region": "Obuasi",
        "detected_at": "2026-03-16T06:32:51.870441",
        "model_version": "48px_v3.7_2024-01-10"
      }
    },
    {
      "type": "Feature",
      "geometry": {
        "type": "Point",
        "coordinates": [
          -1.8309349217116246,
          6.136937635286469
        ]
      },
      "properties": {
        "probability": 0.983870267868042,
        "lat": 6.136937635286469,
        "lon": -1.8309349217116246,
        "region": "Obuasi",
        "detected_at": "2026-03-16T06:32:51.870530",
        "model_version": "48px_v3.7_2024-01-10"
      }
    },
    {
      "type": "Feature",
      "geometry": {
        "type": "Point",
        "coordinates": [
          -1.8309349217116246,
          6.130411486034285
        ]
      },
      "properties": {
        "probability": 0.8716332316398621,
        "lat": 6.130411486034285,
        "lon": -1.8309349217116246,
        "region": "Obuasi",
        "detected_at": "2026-03-16T06:32:51.870637",
        "model_version": "48px_v3.7_2024-01-10"
      }
    },
    {
      "type": "Feature",
      "geometry": {
        "type": "Point",
        "coordinates": [
          -1.8309349217116246,
          6.128236102950224
        ]
      },
      "properties": {
        "probability": 0.8518027663230896,
        "lat": 6.128236102950224,
        "lon": -1.8309349217116246,
        "region": "Obuasi",
        "detected_at": "2026-03-16T06:32:51.870733",
        "model_version": "48px_v3.7_2024-01-10"
      }
    },
    {
      "type": "Feature",
      "geometry": {
        "type": "Point",
        "coordinates": [
          -1.8287615431199098,
          6.145639167622715
        ]
      },
      "properties": {
        "probability": 0.9992092847824097,
        "lat": 6.145639167622715,
        "lon": -1.8287615431199098,
        "region": "Obuasi",
        "detected_at": "2026-03-16T06:32:51.870823",
        "model_version": "48px_v3.7_2024-01-10"
      }
    },
    {
      "type": "Feature",
      "geometry": {
        "type": "Point",
        "coordinates": [
          -1.8287615431199098,
          6.134762252202407
        ]
      },
      "properties": {
        "probability": 0.8438056111335754,
        "lat": 6.134762252202407,
        "lon": -1.8287615431199098,
        "region": "Obuasi",
        "detected_at": "2026-03-16T06:32:51.870912",
        "model_version": "48px_v3.7_2024-01-10"
      }
    },
    {
      "type": "Feature",
      "geometry": {
        "type": "Point",
        "coordinates": [
          -1.8287615431199098,
          6.119534570613977
        ]
      },
      "properties": {
        "probability": 0.997518002986908,
        "lat": 6.119534570613977,
        "lon": -1.8287615431199098,
        "region": "Obuasi",
        "detected_at": "2026-03-16T06:32:51.871000",
        "model_version": "48px_v3.7_2024-01-10"
      }
    },
    {
      "type": "Feature",
      "geometry": {
        "type": "Point",
        "coordinates": [
          -1.82876154311991,
          6.1173591875299165
        ]
      },
      "properties": {
        "probability": 0.8504627346992493,
        "lat": 6.1173591875299165,
        "lon": -1.82876154311991,
        "region": "Obuasi",
        "detected_at": "2026-03-16T06:32:51.871090",
        "model_version": "48px_v3.7_2024-01-10"
      }
    },
    {
      "type": "Feature",
      "geometry": {
        "type": "Point",
        "coordinates": [
          -1.8265881645281952,
          6.145639167622716
        ]
      },
      "properties": {
        "probability": 0.965720534324646,
        "lat": 6.145639167622716,
        "lon": -1.8265881645281952,
        "region": "Obuasi",
        "detected_at": "2026-03-16T06:32:51.871179",
        "model_version": "48px_v3.7_2024-01-10"
      }
    },
    {
      "type": "Feature",
      "geometry": {
        "type": "Point",
        "coordinates": [
          -1.8265881645281952,
          6.143463784538653
        ]
      },
      "properties": {
        "probability": 0.9309117197990417,
        "lat": 6.143463784538653,
        "lon": -1.8265881645281952,
        "region": "Obuasi",
        "detected_at": "2026-03-16T06:32:51.871267",
        "model_version": "48px_v3.7_2024-01-10"
      }
    },
    {
      "type": "Feature",
      "geometry": {
        "type": "Point",
        "coordinates": [
          -1.8265881645281952,
          6.121709953698039
        ]
      },
      "properties": {
        "probability": 0.9479401707649231,
        "lat": 6.121709953698039,
        "lon": -1.8265881645281952,
        "region": "Obuasi",
        "detected_at": "2026-03-16T06:32:51.871355",
        "model_version": "48px_v3.7_2024-01-10"
      }
    },
    {
      "type": "Feature",
      "geometry": {
        "type": "Point",
        "coordinates": [
          -1.8265881645281952,
          6.119534570613978
        ]
      },
      "properties": {
        "probability": 0.9999998807907104,
        "lat": 6.119534570613978,
        "lon": -1.8265881645281952,
        "region": "Obuasi",
        "detected_at": "2026-03-16T06:32:51.871444",
        "model_version": "48px_v3.7_2024-01-10"
      }
    },
    {
      "type": "Feature",
      "geometry": {
        "type": "Point",
        "coordinates": [
          -1.8265881645281952,
          6.1173591875299165
        ]
      },
      "properties": {
        "probability": 0.9765340685844421,
        "lat": 6.1173591875299165,
        "lon": -1.8265881645281952,
        "region": "Obuasi",
        "detected_at": "2026-03-16T06:32:51.871537",
        "model_version": "48px_v3.7_2024-01-10"
      }
    },
    {
      "type": "Feature",
      "geometry": {
        "type": "Point",
        "coordinates": [
          -1.8244147859364805,
          6.143463784538653
        ]
      },
      "properties": {
        "probability": 0.922173261642456,
        "lat": 6.143463784538653,
        "lon": -1.8244147859364805,
        "region": "Obuasi",
        "detected_at": "2026-03-16T06:32:51.871647",
        "model_version": "48px_v3.7_2024-01-10"
      }
    },
    {
      "type": "Feature",
      "geometry": {
        "type": "Point",
        "coordinates": [
          -1.824414785936481,
          6.141288401454592
        ]
      },
      "properties": {
        "probability": 0.9109746217727661,
        "lat": 6.141288401454592,
        "lon": -1.824414785936481,
        "region": "Obuasi",
        "detected_at": "2026-03-16T06:32:51.871742",
        "model_version": "48px_v3.7_2024-01-10"
      }
    },
    {
      "type": "Feature",
      "geometry": {
        "type": "Point",
        "coordinates": [
          -1.824414785936481,
          6.139113018370531
        ]
      },
      "properties": {
        "probability": 0.8181203007698059,
        "lat": 6.139113018370531,
        "lon": -1.824414785936481,
        "region": "Obuasi",
        "detected_at": "2026-03-16T06:32:51.871831",
        "model_version": "48px_v3.7_2024-01-10"
      }
    },
    {
      "type": "Feature",
      "geometry": {
        "type": "Point",
        "coordinates": [
          -1.8244147859364805,
          6.121709953698039
        ]
      },
      "properties": {
        "probability": 0.8572136163711548,
        "lat": 6.121709953698039,
        "lon": -1.8244147859364805,
        "region": "Obuasi",
        "detected_at": "2026-03-16T06:32:51.871920",
        "model_version": "48px_v3.7_2024-01-10"
      }
    },
    {
      "type": "Feature",
      "geometry": {
        "type": "Point",
        "coordinates": [
          -1.8244147859364805,
          6.119534570613978
        ]
      },
      "properties": {
        "probability": 0.9614033102989197,
        "lat": 6.119534570613978,
        "lon": -1.8244147859364805,
        "region": "Obuasi",
        "detected_at": "2026-03-16T06:32:51.872008",
        "model_version": "48px_v3.7_2024-01-10"
      }
    },
    {
      "type": "Feature",
      "geometry": {
        "type": "Point",
        "coordinates": [
          -1.8200680287530508,
          6.123885336782101
        ]
      },
      "properties": {
        "probability": 0.9397158622741699,
        "lat": 6.123885336782101,
        "lon": -1.8200680287530508,
        "region": "Obuasi",
        "detected_at": "2026-03-16T06:32:51.872098",
        "model_version": "48px_v3.7_2024-01-10"
      }
    },
    {
      "type": "Feature",
      "geometry": {
        "type": "Point",
        "coordinates": [
          -1.820068028753051,
          6.121709953698039
        ]
      },
      "properties": {
        "probability": 0.999308705329895,
        "lat": 6.121709953698039,
        "lon": -1.820068028753051,
        "region": "Obuasi",
        "detected_at": "2026-03-16T06:32:51.872190",
        "model_version": "48px_v3.7_2024-01-10"
      }
    },
    {
      "type": "Feature",
      "geometry": {
        "type": "Point",
        "coordinates": [
          -1.820068028753051,
          6.119534570613978
        ]
      },
      "properties": {
        "probability": 0.9499192833900452,
        "lat": 6.119534570613978,
        "lon": -1.820068028753051,
        "region": "Obuasi",
        "detected_at": "2026-03-16T06:32:51.872286",
        "model_version": "48px_v3.7_2024-01-10"
      }
    },
    {
      "type": "Feature",
      "geometry": {
        "type": "Point",
        "coordinates": [
          -1.8178946501613367,
          6.123885336782101
        ]
      },
      "properties": {
        "probability": 0.9977083206176758,
        "lat": 6.123885336782101,
        "lon": -1.8178946501613367,
        "region": "Obuasi",
        "detected_at": "2026-03-16T06:32:51.872376",
        "model_version": "48px_v3.7_2024-01-10"
      }
    },
    {
      "type": "Feature",
      "geometry": {
        "type": "Point",
        "coordinates": [
          -1.8178946501613364,
          6.121709953698039
        ]
      },
      "properties": {
        "probability": 0.9996738433837891,
        "lat": 6.121709953698039,
        "lon": -1.8178946501613364,
        "region": "Obuasi",
        "detected_at": "2026-03-16T06:32:51.872466",
        "model_version": "48px_v3.7_2024-01-10"
      }
    },
    {
      "type": "Feature",
      "geometry": {
        "type": "Point",
        "coordinates": [
          -1.8178946501613364,
          6.119534570613978
        ]
      },
      "properties": {
        "probability": 0.9539007544517517,
        "lat": 6.119534570613978,
        "lon": -1.8178946501613364,
        "region": "Obuasi",
        "detected_at": "2026-03-16T06:32:51.872554",
        "model_version": "48px_v3.7_2024-01-10"
      }
    },
    {
      "type": "Feature",
      "geometry": {
        "type": "Point",
        "coordinates": [
          -1.815721271569622,
          6.121709953698039
        ]
      },
      "properties": {
        "probability": 0.9710157513618469,
        "lat": 6.121709953698039,
        "lon": -1.815721271569622,
        "region": "Obuasi",
        "detected_at": "2026-03-16T06:32:51.872663",
        "model_version": "48px_v3.7_2024-01-10"
      }
    },
    {
      "type": "Feature",
      "geometry": {
        "type": "Point",
        "coordinates": [
          -1.815721271569622,
          6.119534570613977
        ]
      },
      "properties": {
        "probability": 0.821958601474762,
        "lat": 6.119534570613977,
        "lon": -1.815721271569622,
        "region": "Obuasi",
        "detected_at": "2026-03-16T06:32:51.872757",
        "model_version": "48px_v3.7_2024-01-10"
      }
    },
    {
      "type": "Feature",
      "geometry": {
        "type": "Point",
        "coordinates": [
          -1.813547892977907,
          6.141288401454592
        ]
      },
      "properties": {
        "probability": 0.9613380432128906,
        "lat": 6.141288401454592,
        "lon": -1.813547892977907,
        "region": "Obuasi",
        "detected_at": "2026-03-16T06:32:51.872845",
        "model_version": "48px_v3.7_2024-01-10"
      }
    },
    {
      "type": "Feature",
      "geometry": {
        "type": "Point",
        "coordinates": [
          -1.813547892977907,
          6.119534570613978
        ]
      },
      "properties": {
        "probability": 0.9906008839607239,
        "lat": 6.119534570613978,
        "lon": -1.813547892977907,
        "region": "Obuasi",
        "detected_at": "2026-03-16T06:32:51.872933",
        "model_version": "48px_v3.7_2024-01-10"
      }
    },
    {
      "type": "Feature",
      "geometry": {
        "type": "Point",
        "coordinates": [
          -1.813547892977907,
          6.1173591875299165
        ]
      },
      "properties": {
        "probability": 0.8832146525382996,
        "lat": 6.1173591875299165,
        "lon": -1.813547892977907,
        "region": "Obuasi",
        "detected_at": "2026-03-16T06:32:51.873023",
        "model_version": "48px_v3.7_2024-01-10"
      }
    },
    {
      "type": "Feature",
      "geometry": {
        "type": "Point",
        "coordinates": [
          -1.8113745143861926,
          6.145639167622716
        ]
      },
      "properties": {
        "probability": 0.9639131426811218,
        "lat": 6.145639167622716,
        "lon": -1.8113745143861926,
        "region": "Obuasi",
        "detected_at": "2026-03-16T06:32:51.873112",
        "model_version": "48px_v3.7_2024-01-10"
      }
    },
    {
      "type": "Feature",
      "geometry": {
        "type": "Point",
        "coordinates": [
          -1.8113745143861926,
          6.143463784538653
        ]
      },
      "properties": {
        "probability": 0.9997540712356567,
        "lat": 6.143463784538653,
        "lon": -1.8113745143861926,
        "region": "Obuasi",
        "detected_at": "2026-03-16T06:32:51.873199",
        "model_version": "48px_v3.7_2024-01-10"
      }
    },
    {
      "type": "Feature",
      "geometry": {
        "type": "Point",
        "coordinates": [
          -1.8113745143861923,
          6.141288401454592
        ]
      },
      "properties": {
        "probability": 0.9999868273735046,
        "lat": 6.141288401454592,
        "lon": -1.8113745143861923,
        "region": "Obuasi",
        "detected_at": "2026-03-16T06:32:51.873287",
        "model_version": "48px_v3.7_2024-01-10"
      }
    },
    {
      "type": "Feature",
      "geometry": {
        "type": "Point",
        "coordinates": [
          -1.8113745143861923,
          6.139113018370531
        ]
      },
      "properties": {
        "probability": 0.9999998807907104,
        "lat": 6.139113018370531,
        "lon": -1.8113745143861923,
        "region": "Obuasi",
        "detected_at": "2026-03-16T06:32:51.873376",
        "model_version": "48px_v3.7_2024-01-10"
      }
    },
    {
      "type": "Feature",
      "geometry": {
        "type": "Point",
        "coordinates": [
          -1.8113745143861926,
          6.136937635286469
        ]
      },
      "properties": {
        "probability": 0.9939138889312744,
        "lat": 6.136937635286469,
        "lon": -1.8113745143861926,
        "region": "Obuasi",
        "detected_at": "2026-03-16T06:32:51.873464",
        "model_version": "48px_v3.7_2024-01-10"
      }
    },
    {
      "type": "Feature",
      "geometry": {
        "type": "Point",
        "coordinates": [
          -1.8113745143861923,
          6.132586869118346
        ]
      },
      "properties": {
        "probability": 0.948809027671814,
        "lat": 6.132586869118346,
        "lon": -1.8113745143861923,
        "region": "Obuasi",
        "detected_at": "2026-03-16T06:32:51.873553",
        "model_version": "48px_v3.7_2024-01-10"
      }
    },
    {
      "type": "Feature",
      "geometry": {
        "type": "Point",
        "coordinates": [
          -1.8113745143861923,
          6.1173591875299165
        ]
      },
      "properties": {
        "probability": 0.8701926469802856,
        "lat": 6.1173591875299165,
        "lon": -1.8113745143861923,
        "region": "Obuasi",
        "detected_at": "2026-03-16T06:32:51.873660",
        "model_version": "48px_v3.7_2024-01-10"
      }
    },
    {
      "type": "Feature",
      "geometry": {
        "type": "Point",
        "coordinates": [
          -1.8092011357944777,
          6.145639167622715
        ]
      },
      "properties": {
        "probability": 0.9999798536300659,
        "lat": 6.145639167622715,
        "lon": -1.8092011357944777,
        "region": "Obuasi",
        "detected_at": "2026-03-16T06:32:51.873755",
        "model_version": "48px_v3.7_2024-01-10"
      }
    },
    {
      "type": "Feature",
      "geometry": {
        "type": "Point",
        "coordinates": [
          -1.8092011357944777,
          6.143463784538652
        ]
      },
      "properties": {
        "probability": 0.9999999403953552,
        "lat": 6.143463784538652,
        "lon": -1.8092011357944777,
        "region": "Obuasi",
        "detected_at": "2026-03-16T06:32:51.873844",
        "model_version": "48px_v3.7_2024-01-10"
      }
    },
    {
      "type": "Feature",
      "geometry": {
        "type": "Point",
        "coordinates": [
          -1.8092011357944777,
          6.141288401454592
        ]
      },
      "properties": {
        "probability": 0.9999936819076538,
        "lat": 6.141288401454592,
        "lon": -1.8092011357944777,
        "region": "Obuasi",
        "detected_at": "2026-03-16T06:32:51.873933",
        "model_version": "48px_v3.7_2024-01-10"
      }
    },
    {
      "type": "Feature",
      "geometry": {
        "type": "Point",
        "coordinates": [
          -1.8092011357944777,
          6.13911301837053
        ]
      },
      "properties": {
        "probability": 0.9998434782028198,
        "lat": 6.13911301837053,
        "lon": -1.8092011357944777,
        "region": "Obuasi",
        "detected_at": "2026-03-16T06:32:51.874029",
        "model_version": "48px_v3.7_2024-01-10"
      }
    },
    {
      "type": "Feature",
      "geometry": {
        "type": "Point",
        "coordinates": [
          -1.8092011357944777,
          6.136937635286469
        ]
      },
      "properties": {
        "probability": 0.9864381551742554,
        "lat": 6.136937635286469,
        "lon": -1.8092011357944777,
        "region": "Obuasi",
        "detected_at": "2026-03-16T06:32:51.874119",
        "model_version": "48px_v3.7_2024-01-10"
      }
    },
    {
      "type": "Feature",
      "geometry": {
        "type": "Point",
        "coordinates": [
          -1.8092011357944777,
          6.132586869118346
        ]
      },
      "properties": {
        "probability": 0.9981438517570496,
        "lat": 6.132586869118346,
        "lon": -1.8092011357944777,
        "region": "Obuasi",
        "detected_at": "2026-03-16T06:32:51.874209",
        "model_version": "48px_v3.7_2024-01-10"
      }
    },
    {
      "type": "Feature",
      "geometry": {
        "type": "Point",
        "coordinates": [
          -1.8092011357944777,
          6.130411486034284
        ]
      },
      "properties": {
        "probability": 0.9999746084213257,
        "lat": 6.130411486034284,
        "lon": -1.8092011357944777,
        "region": "Obuasi",
        "detected_at": "2026-03-16T06:32:51.874298",
        "model_version": "48px_v3.7_2024-01-10"
      }
    },
    {
      "type": "Feature",
      "geometry": {
        "type": "Point",
        "coordinates": [
          -1.8092011357944777,
          6.128236102950225
        ]
      },
      "properties": {
        "probability": 0.9999822378158569,
        "lat": 6.128236102950225,
        "lon": -1.8092011357944777,
        "region": "Obuasi",
        "detected_at": "2026-03-16T06:32:51.874386",
        "model_version": "48px_v3.7_2024-01-10"
      }
    },
    {
      "type": "Feature",
      "geometry": {
        "type": "Point",
        "coordinates": [
          -1.8092011357944777,
          6.126060719866161
        ]
      },
      "properties": {
        "probability": 0.9999344348907471,
        "lat": 6.126060719866161,
        "lon": -1.8092011357944777,
        "region": "Obuasi",
        "detected_at": "2026-03-16T06:32:51.874479",
        "model_version": "48px_v3.7_2024-01-10"
      }
    },
    {
      "type": "Feature",
      "geometry": {
        "type": "Point",
        "coordinates": [
          -1.8092011357944777,
          6.1238853367821005
        ]
      },
      "properties": {
        "probability": 0.9993687272071838,
        "lat": 6.1238853367821005,
        "lon": -1.8092011357944777,
        "region": "Obuasi",
        "detected_at": "2026-03-16T06:32:51.874570",
        "model_version": "48px_v3.7_2024-01-10"
      }
    },
    {
      "type": "Feature",
      "geometry": {
        "type": "Point",
        "coordinates": [
          -1.8092011357944777,
          6.121709953698039
        ]
      },
      "properties": {
        "probability": 0.8527305722236633,
        "lat": 6.121709953698039,
        "lon": -1.8092011357944777,
        "region": "Obuasi",
        "detected_at": "2026-03-16T06:32:51.874679",
        "model_version": "48px_v3.7_2024-01-10"
      }
    },
    {
      "type": "Feature",
      "geometry": {
        "type": "Point",
        "coordinates": [
          -1.8092011357944777,
          6.1173591875299165
        ]
      },
      "properties": {
        "probability": 0.9802206754684448,
        "lat": 6.1173591875299165,
        "lon": -1.8092011357944777,
        "region": "Obuasi",
        "detected_at": "2026-03-16T06:32:51.874772",
        "model_version": "48px_v3.7_2024-01-10"
      }
    },
    {
      "type": "Feature",
      "geometry": {
        "type": "Point",
        "coordinates": [
          -1.8092011357944777,
          6.115183804445856
        ]
      },
      "properties": {
        "probability": 0.9854530692100525,
        "lat": 6.115183804445856,
        "lon": -1.8092011357944777,
        "region": "Obuasi",
        "detected_at": "2026-03-16T06:32:51.874861",
        "model_version": "48px_v3.7_2024-01-10"
      }
    },
    {
      "type": "Feature",
      "geometry": {
        "type": "Point",
        "coordinates": [
          -1.8070277572027629,
          6.145639167622716
        ]
      },
      "properties": {
        "probability": 0.8615424036979675,
        "lat": 6.145639167622716,
        "lon": -1.8070277572027629,
        "region": "Obuasi",
        "detected_at": "2026-03-16T06:32:51.874950",
        "model_version": "48px_v3.7_2024-01-10"
      }
    },
    {
      "type": "Feature",
      "geometry": {
        "type": "Point",
        "coordinates": [
          -1.8070277572027629,
          6.143463784538653
        ]
      },
      "properties": {
        "probability": 0.9933203458786011,
        "lat": 6.143463784538653,
        "lon": -1.8070277572027629,
        "region": "Obuasi",
        "detected_at": "2026-03-16T06:32:51.875039",
        "model_version": "48px_v3.7_2024-01-10"
      }
    },
    {
      "type": "Feature",
      "geometry": {
        "type": "Point",
        "coordinates": [
          -1.807027757202763,
          6.141288401454592
        ]
      },
      "properties": {
        "probability": 0.894263505935669,
        "lat": 6.141288401454592,
        "lon": -1.807027757202763,
        "region": "Obuasi",
        "detected_at": "2026-03-16T06:32:51.875127",
        "model_version": "48px_v3.7_2024-01-10"
      }
    },
    {
      "type": "Feature",
      "geometry": {
        "type": "Point",
        "coordinates": [
          -1.807027757202763,
          6.132586869118346
        ]
      },
      "properties": {
        "probability": 0.9997580051422119,
        "lat": 6.132586869118346,
        "lon": -1.807027757202763,
        "region": "Obuasi",
        "detected_at": "2026-03-16T06:32:51.875215",
        "model_version": "48px_v3.7_2024-01-10"
      }
    },
    {
      "type": "Feature",
      "geometry": {
        "type": "Point",
        "coordinates": [
          -1.8070277572027629,
          6.130411486034285
        ]
      },
      "properties": {
        "probability": 0.9999999403953552,
        "lat": 6.130411486034285,
        "lon": -1.8070277572027629,
        "region": "Obuasi",
        "detected_at": "2026-03-16T06:32:51.875303",
        "model_version": "48px_v3.7_2024-01-10"
      }
    },
    {
      "type": "Feature",
      "geometry": {
        "type": "Point",
        "coordinates": [
          -1.8070277572027629,
          6.128236102950224
        ]
      },
      "properties": {
        "probability": 1.0,
        "lat": 6.128236102950224,
        "lon": -1.8070277572027629,
        "region": "Obuasi",
        "detected_at": "2026-03-16T06:32:51.875392",
        "model_version": "48px_v3.7_2024-01-10"
      }
    },
    {
      "type": "Feature",
      "geometry": {
        "type": "Point",
        "coordinates": [
          -1.807027757202763,
          6.126060719866162
        ]
      },
      "properties": {
        "probability": 0.9999999403953552,
        "lat": 6.126060719866162,
        "lon": -1.807027757202763,
        "region": "Obuasi",
        "detected_at": "2026-03-16T06:32:51.875481",
        "model_version": "48px_v3.7_2024-01-10"
      }
    },
    {
      "type": "Feature",
      "geometry": {
        "type": "Point",
        "coordinates": [
          -1.807027757202763,
          6.123885336782101
        ]
      },
      "properties": {
        "probability": 0.9999894499778748,
        "lat": 6.123885336782101,
        "lon": -1.807027757202763,
        "region": "Obuasi",
        "detected_at": "2026-03-16T06:32:51.875575",
        "model_version": "48px_v3.7_2024-01-10"
      }
    },
    {
      "type": "Feature",
      "geometry": {
        "type": "Point",
        "coordinates": [
          -1.8070277572027629,
          6.121709953698039
        ]
      },
      "properties": {
        "probability": 0.9740528464317322,
        "lat": 6.121709953698039,
        "lon": -1.8070277572027629,
        "region": "Obuasi",
        "detected_at": "2026-03-16T06:32:51.875684",
        "model_version": "48px_v3.7_2024-01-10"
      }
    },
    {
      "type": "Feature",
      "geometry": {
        "type": "Point",
        "coordinates": [
          -1.807027757202763,
          6.1173591875299165
        ]
      },
      "properties": {
        "probability": 0.9694375991821289,
        "lat": 6.1173591875299165,
        "lon": -1.807027757202763,
        "region": "Obuasi",
        "detected_at": "2026-03-16T06:32:51.875776",
        "model_version": "48px_v3.7_2024-01-10"
      }
    },
    {
      "type": "Feature",
      "geometry": {
        "type": "Point",
        "coordinates": [
          -1.8070277572027629,
          6.115183804445855
        ]
      },
      "properties": {
        "probability": 0.9999727010726929,
        "lat": 6.115183804445855,
        "lon": -1.8070277572027629,
        "region": "Obuasi",
        "detected_at": "2026-03-16T06:32:51.875872",
        "model_version": "48px_v3.7_2024-01-10"
      }
    },
    {
      "type": "Feature",
      "geometry": {
        "type": "Point",
        "coordinates": [
          -1.8070277572027629,
          6.113008421361795
        ]
      },
      "properties": {
        "probability": 0.9996691942214966,
        "lat": 6.113008421361795,
        "lon": -1.8070277572027629,
        "region": "Obuasi",
        "detected_at": "2026-03-16T06:32:51.875968",
        "model_version": "48px_v3.7_2024-01-10"
      }
    },
    {
      "type": "Feature",
      "geometry": {
        "type": "Point",
        "coordinates": [
          -1.807027757202763,
          6.1108330382777325
        ]
      },
      "properties": {
        "probability": 0.8765230178833008,
        "lat": 6.1108330382777325,
        "lon": -1.807027757202763,
        "region": "Obuasi",
        "detected_at": "2026-03-16T06:32:51.876057",
        "model_version": "48px_v3.7_2024-01-10"
      }
    },
    {
      "type": "Feature",
      "geometry": {
        "type": "Point",
        "coordinates": [
          -1.8048543786110485,
          6.134762252202407
        ]
      },
      "properties": {
        "probability": 0.8865029811859131,
        "lat": 6.134762252202407,
        "lon": -1.8048543786110485,
        "region": "Obuasi",
        "detected_at": "2026-03-16T06:32:51.876146",
        "model_version": "48px_v3.7_2024-01-10"
      }
    },
    {
      "type": "Feature",
      "geometry": {
        "type": "Point",
        "coordinates": [
          -1.8048543786110485,
          6.132586869118346
        ]
      },
      "properties": {
        "probability": 0.9995604157447815,
        "lat": 6.132586869118346,
        "lon": -1.8048543786110485,
        "region": "Obuasi",
        "detected_at": "2026-03-16T06:32:51.876234",
        "model_version": "48px_v3.7_2024-01-10"
      }
    },
    {
      "type": "Feature",
      "geometry": {
        "type": "Point",
        "coordinates": [
          -1.8048543786110485,
          6.130411486034285
        ]
      },
      "properties": {
        "probability": 0.999851644039154,
        "lat": 6.130411486034285,
        "lon": -1.8048543786110485,
        "region": "Obuasi",
        "detected_at": "2026-03-16T06:32:51.876321",
        "model_version": "48px_v3.7_2024-01-10"
      }
    },
    {
      "type": "Feature",
      "geometry": {
        "type": "Point",
        "coordinates": [
          -1.8048543786110485,
          6.128236102950224
        ]
      },
      "properties": {
        "probability": 0.9999460577964783,
        "lat": 6.128236102950224,
        "lon": -1.8048543786110485,
        "region": "Obuasi",
        "detected_at": "2026-03-16T06:32:51.876408",
        "model_version": "48px_v3.7_2024-01-10"
      }
    },
    {
      "type": "Feature",
      "geometry": {
        "type": "Point",
        "coordinates": [
          -1.8048543786110485,
          6.126060719866162
        ]
      },
      "properties": {
        "probability": 0.9991205930709839,
        "lat": 6.126060719866162,
        "lon": -1.8048543786110485,
        "region": "Obuasi",
        "detected_at": "2026-03-16T06:32:51.876495",
        "model_version": "48px_v3.7_2024-01-10"
      }
    },
    {
      "type": "Feature",
      "geometry": {
        "type": "Point",
        "coordinates": [
          -1.8048543786110485,
          6.123885336782101
        ]
      },
      "properties": {
        "probability": 0.9924691319465637,
        "lat": 6.123885336782101,
        "lon": -1.8048543786110485,
        "region": "Obuasi",
        "detected_at": "2026-03-16T06:32:51.876583",
        "model_version": "48px_v3.7_2024-01-10"
      }
    },
    {
      "type": "Feature",
      "geometry": {
        "type": "Point",
        "coordinates": [
          -1.8048543786110485,
          6.115183804445855
        ]
      },
      "properties": {
        "probability": 0.9855465292930603,
        "lat": 6.115183804445855,
        "lon": -1.8048543786110485,
        "region": "Obuasi",
        "detected_at": "2026-03-16T06:32:51.876693",
        "model_version": "48px_v3.7_2024-01-10"
      }
    },
    {
      "type": "Feature",
      "geometry": {
        "type": "Point",
        "coordinates": [
          -1.8048543786110485,
          6.113008421361795
        ]
      },
      "properties": {
        "probability": 0.9975163340568542,
        "lat": 6.113008421361795,
        "lon": -1.8048543786110485,
        "region": "Obuasi",
        "detected_at": "2026-03-16T06:32:51.876783",
        "model_version": "48px_v3.7_2024-01-10"
      }
    },
    {
      "type": "Feature",
      "geometry": {
        "type": "Point",
        "coordinates": [
          -1.8048543786110485,
          6.1108330382777325
        ]
      },
      "properties": {
        "probability": 0.9903388023376465,
        "lat": 6.1108330382777325,
        "lon": -1.8048543786110485,
        "region": "Obuasi",
        "detected_at": "2026-03-16T06:32:51.876871",
        "model_version": "48px_v3.7_2024-01-10"
      }
    },
    {
      "type": "Feature",
      "geometry": {
        "type": "Point",
        "coordinates": [
          -1.5401290197848365,
          6.235997828042646
        ]
      },
      "properties": {
        "probability": 0.8366846442222595,
        "lat": 6.235997828042646,
        "lon": -1.5401290197848365,
        "region": "Obuasi",
        "detected_at": "2026-03-16T06:32:51.876960",
        "model_version": "48px_v3.7_2024-01-10"
      }
    },
    {
      "type": "Feature",
      "geometry": {
        "type": "Point",
        "coordinates": [
          -1.5249048130648173,
          6.233821366024148
        ]
      },
      "properties": {
        "probability": 0.9495757222175598,
        "lat": 6.233821366024148,
        "lon": -1.5249048130648173,
        "region": "Obuasi",
        "detected_at": "2026-03-16T06:32:51.877048",
        "model_version": "48px_v3.7_2024-01-10"
      }
    },
    {
      "type": "Feature",
      "geometry": {
        "type": "Point",
        "coordinates": [
          -1.5227299263905287,
          6.233821366024148
        ]
      },
      "properties": {
        "probability": 0.9893220067024231,
        "lat": 6.233821366024148,
        "lon": -1.5227299263905287,
        "region": "Obuasi",
        "detected_at": "2026-03-16T06:32:51.877137",
        "model_version": "48px_v3.7_2024-01-10"
      }
    },
    {
      "type": "Feature",
      "geometry": {
        "type": "Point",
        "coordinates": [
          -1.5227299263905287,
          6.231644904005648
        ]
      },
      "properties": {
        "probability": 0.9110357761383057,
        "lat": 6.231644904005648,
        "lon": -1.5227299263905287,
        "region": "Obuasi",
        "detected_at": "2026-03-16T06:32:51.877225",
        "model_version": "48px_v3.7_2024-01-10"
      }
    },
    {
      "type": "Feature",
      "geometry": {
        "type": "Point",
        "coordinates": [
          -1.5031559463219324,
          6.235997828042648
        ]
      },
      "properties": {
        "probability": 0.9318105578422546,
        "lat": 6.235997828042648,
        "lon": -1.5031559463219324,
        "region": "Obuasi",
        "detected_at": "2026-03-16T06:32:51.877321",
        "model_version": "48px_v3.7_2024-01-10"
      }
    },
    {
      "type": "Feature",
      "geometry": {
        "type": "Point",
        "coordinates": [
          -1.5009810596476443,
          6.235997828042646
        ]
      },
      "properties": {
        "probability": 0.8285720944404602,
        "lat": 6.235997828042646,
        "lon": -1.5009810596476443,
        "region": "Obuasi",
        "detected_at": "2026-03-16T06:32:51.877414",
        "model_version": "48px_v3.7_2024-01-10"
      }
    },
    {
      "type": "Feature",
      "geometry": {
        "type": "Point",
        "coordinates": [
          -1.8416893460659052,
          6.149875901436924
        ]
      },
      "properties": {
        "probability": 0.8545152544975281,
        "lat": 6.149875901436924,
        "lon": -1.8416893460659052,
        "region": "Obuasi",
        "detected_at": "2026-03-16T06:32:51.877505",
        "model_version": "48px_v3.7_2024-01-10"
      }
    },
    {
      "type": "Feature",
      "geometry": {
        "type": "Point",
        "coordinates": [
          -1.8373420850500775,
          6.165103836882685
        ]
      },
      "properties": {
        "probability": 0.8210957646369934,
        "lat": 6.165103836882685,
        "lon": -1.8373420850500775,
        "region": "Obuasi",
        "detected_at": "2026-03-16T06:32:51.877616",
        "model_version": "48px_v3.7_2024-01-10"
      }
    },
    {
      "type": "Feature",
      "geometry": {
        "type": "Point",
        "coordinates": [
          -1.8351684545421634,
          6.180331772328448
        ]
      },
      "properties": {
        "probability": 0.8066574931144714,
        "lat": 6.180331772328448,
        "lon": -1.8351684545421634,
        "region": "Obuasi",
        "detected_at": "2026-03-16T06:32:51.877712",
        "model_version": "48px_v3.7_2024-01-10"
      }
    },
    {
      "type": "Feature",
      "geometry": {
        "type": "Point",
        "coordinates": [
          -1.8351684545421634,
          6.165103836882686
        ]
      },
      "properties": {
        "probability": 0.9060406684875488,
        "lat": 6.165103836882686,
        "lon": -1.8351684545421634,
        "region": "Obuasi",
        "detected_at": "2026-03-16T06:32:51.877808",
        "model_version": "48px_v3.7_2024-01-10"
      }
    },
    {
      "type": "Feature",
      "geometry": {
        "type": "Point",
        "coordinates": [
          -1.830821193526335,
          6.180331772328448
        ]
      },
      "properties": {
        "probability": 0.8300575017929077,
        "lat": 6.180331772328448,
        "lon": -1.830821193526335,
        "region": "Obuasi",
        "detected_at": "2026-03-16T06:32:51.877897",
        "model_version": "48px_v3.7_2024-01-10"
      }
    },
    {
      "type": "Feature",
      "geometry": {
        "type": "Point",
        "coordinates": [
          -1.830821193526335,
          6.178156352979053
        ]
      },
      "properties": {
        "probability": 0.9273424744606018,
        "lat": 6.178156352979053,
        "lon": -1.830821193526335,
        "region": "Obuasi",
        "detected_at": "2026-03-16T06:32:51.877986",
        "model_version": "48px_v3.7_2024-01-10"
      }
    },
    {
      "type": "Feature",
      "geometry": {
        "type": "Point",
        "coordinates": [
          -1.8264739325105073,
          6.197735127123603
        ]
      },
      "properties": {
        "probability": 0.8785557150840759,
        "lat": 6.197735127123603,
        "lon": -1.8264739325105073,
        "region": "Obuasi",
        "detected_at": "2026-03-16T06:32:51.878076",
        "model_version": "48px_v3.7_2024-01-10"
      }
    },
    {
      "type": "Feature",
      "geometry": {
        "type": "Point",
        "coordinates": [
          -1.8264739325105073,
          6.19555970777421
        ]
      },
      "properties": {
        "probability": 0.9807335734367371,
        "lat": 6.19555970777421,
        "lon": -1.8264739325105073,
        "region": "Obuasi",
        "detected_at": "2026-03-16T06:32:51.878166",
        "model_version": "48px_v3.7_2024-01-10"
      }
    },
    {
      "type": "Feature",
      "geometry": {
        "type": "Point",
        "coordinates": [
          -1.8264739325105073,
          6.193384288424815
        ]
      },
      "properties": {
        "probability": 0.9818800091743469,
        "lat": 6.193384288424815,
        "lon": -1.8264739325105073,
        "region": "Obuasi",
        "detected_at": "2026-03-16T06:32:51.878256",
        "model_version": "48px_v3.7_2024-01-10"
      }
    },
    {
      "type": "Feature",
      "geometry": {
        "type": "Point",
        "coordinates": [
          -1.8264739325105073,
          6.160752998183897
        ]
      },
      "properties": {
        "probability": 0.9225108027458191,
        "lat": 6.160752998183897,
        "lon": -1.8264739325105073,
        "region": "Obuasi",
        "detected_at": "2026-03-16T06:32:51.878346",
        "model_version": "48px_v3.7_2024-01-10"
      }
    },
    {
      "type": "Feature",
      "geometry": {
        "type": "Point",
        "coordinates": [
          -1.824300302002593,
          6.175980933629657
        ]
      },
      "properties": {
        "probability": 0.9882934093475342,
        "lat": 6.175980933629657,
        "lon": -1.824300302002593,
        "region": "Obuasi",
        "detected_at": "2026-03-16T06:32:51.878436",
        "model_version": "48px_v3.7_2024-01-10"
      }
    },
    {
      "type": "Feature",
      "geometry": {
        "type": "Point",
        "coordinates": [
          -1.824300302002593,
          6.1738055142802635
        ]
      },
      "properties": {
        "probability": 0.9206711053848267,
        "lat": 6.1738055142802635,
        "lon": -1.824300302002593,
        "region": "Obuasi",
        "detected_at": "2026-03-16T06:32:51.878525",
        "model_version": "48px_v3.7_2024-01-10"
      }
    },
    {
      "type": "Feature",
      "geometry": {
        "type": "Point",
        "coordinates": [
          -1.824300302002593,
          6.160752998183897
        ]
      },
      "properties": {
        "probability": 0.8554800152778625,
        "lat": 6.160752998183897,
        "lon": -1.824300302002593,
        "region": "Obuasi",
        "detected_at": "2026-03-16T06:32:51.878699",
        "model_version": "48px_v3.7_2024-01-10"
      }
    },
    {
      "type": "Feature",
      "geometry": {
        "type": "Point",
        "coordinates": [
          -1.824300302002593,
          6.158577578834501
        ]
      },
      "properties": {
        "probability": 0.9980571269989014,
        "lat": 6.158577578834501,
        "lon": -1.824300302002593,
        "region": "Obuasi",
        "detected_at": "2026-03-16T06:32:51.878827",
        "model_version": "48px_v3.7_2024-01-10"
      }
    },
    {
      "type": "Feature",
      "geometry": {
        "type": "Point",
        "coordinates": [
          -1.8221266714946796,
          6.173805514280264
        ]
      },
      "properties": {
        "probability": 0.9933667182922363,
        "lat": 6.173805514280264,
        "lon": -1.8221266714946796,
        "region": "Obuasi",
        "detected_at": "2026-03-16T06:32:51.878945",
        "model_version": "48px_v3.7_2024-01-10"
      }
    },
    {
      "type": "Feature",
      "geometry": {
        "type": "Point",
        "coordinates": [
          -1.8221266714946793,
          6.158577578834502
        ]
      },
      "properties": {
        "probability": 0.994606077671051,
        "lat": 6.158577578834502,
        "lon": -1.8221266714946793,
        "region": "Obuasi",
        "detected_at": "2026-03-16T06:32:51.879040",
        "model_version": "48px_v3.7_2024-01-10"
      }
    },
    {
      "type": "Feature",
      "geometry": {
        "type": "Point",
        "coordinates": [
          -1.8221266714946793,
          6.156402159485108
        ]
      },
      "properties": {
        "probability": 0.9995613098144531,
        "lat": 6.156402159485108,
        "lon": -1.8221266714946793,
        "region": "Obuasi",
        "detected_at": "2026-03-16T06:32:51.879131",
        "model_version": "48px_v3.7_2024-01-10"
      }
    },
    {
      "type": "Feature",
      "geometry": {
        "type": "Point",
        "coordinates": [
          -1.8199530409867657,
          6.156402159485109
        ]
      },
      "properties": {
        "probability": 0.9607099890708923,
        "lat": 6.156402159485109,
        "lon": -1.8199530409867657,
        "region": "Obuasi",
        "detected_at": "2026-03-16T06:32:51.879232",
        "model_version": "48px_v3.7_2024-01-10"
      }
    },
    {
      "type": "Feature",
      "geometry": {
        "type": "Point",
        "coordinates": [
          -1.8199530409867657,
          6.154226740135713
        ]
      },
      "properties": {
        "probability": 0.9041013717651367,
        "lat": 6.154226740135713,
        "lon": -1.8199530409867657,
        "region": "Obuasi",
        "detected_at": "2026-03-16T06:32:51.879323",
        "model_version": "48px_v3.7_2024-01-10"
      }
    },
    {
      "type": "Feature",
      "geometry": {
        "type": "Point",
        "coordinates": [
          -1.8156057799709373,
          6.195559707774209
        ]
      },
      "properties": {
        "probability": 0.923998236656189,
        "lat": 6.195559707774209,
        "lon": -1.8156057799709373,
        "region": "Obuasi",
        "detected_at": "2026-03-16T06:32:51.879412",
        "model_version": "48px_v3.7_2024-01-10"
      }
    },
    {
      "type": "Feature",
      "geometry": {
        "type": "Point",
        "coordinates": [
          -1.8156057799709373,
          6.167279256232081
        ]
      },
      "properties": {
        "probability": 0.9971871972084045,
        "lat": 6.167279256232081,
        "lon": -1.8156057799709373,
        "region": "Obuasi",
        "detected_at": "2026-03-16T06:32:51.879504",
        "model_version": "48px_v3.7_2024-01-10"
      }
    },
    {
      "type": "Feature",
      "geometry": {
        "type": "Point",
        "coordinates": [
          -1.8156057799709373,
          6.165103836882686
        ]
      },
      "properties": {
        "probability": 0.9987537264823914,
        "lat": 6.165103836882686,
        "lon": -1.8156057799709373,
        "region": "Obuasi",
        "detected_at": "2026-03-16T06:32:51.879620",
        "model_version": "48px_v3.7_2024-01-10"
      }
    },
    {
      "type": "Feature",
      "geometry": {
        "type": "Point",
        "coordinates": [
          -1.8134321494630232,
          6.167279256232081
        ]
      },
      "properties": {
        "probability": 0.9472693204879761,
        "lat": 6.167279256232081,
        "lon": -1.8134321494630232,
        "region": "Obuasi",
        "detected_at": "2026-03-16T06:32:51.879717",
        "model_version": "48px_v3.7_2024-01-10"
      }
    },
    {
      "type": "Feature",
      "geometry": {
        "type": "Point",
        "coordinates": [
          -1.8134321494630232,
          6.165103836882685
        ]
      },
      "properties": {
        "probability": 0.9998142719268799,
        "lat": 6.165103836882685,
        "lon": -1.8134321494630232,
        "region": "Obuasi",
        "detected_at": "2026-03-16T06:32:51.879808",
        "model_version": "48px_v3.7_2024-01-10"
      }
    },
    {
      "type": "Feature",
      "geometry": {
        "type": "Point",
        "coordinates": [
          -1.8134321494630232,
          6.1629284175332915
        ]
      },
      "properties": {
        "probability": 0.8915954828262329,
        "lat": 6.1629284175332915,
        "lon": -1.8134321494630232,
        "region": "Obuasi",
        "detected_at": "2026-03-16T06:32:51.879896",
        "model_version": "48px_v3.7_2024-01-10"
      }
    },
    {
      "type": "Feature",
      "geometry": {
        "type": "Point",
        "coordinates": [
          -1.8112585189551094,
          6.154226740135713
        ]
      },
      "properties": {
        "probability": 0.8659579157829285,
        "lat": 6.154226740135713,
        "lon": -1.8112585189551094,
        "region": "Obuasi",
        "detected_at": "2026-03-16T06:32:51.879983",
        "model_version": "48px_v3.7_2024-01-10"
      }
    },
    {
      "type": "Feature",
      "geometry": {
        "type": "Point",
        "coordinates": [
          -1.8112585189551094,
          6.149875901436925
        ]
      },
      "properties": {
        "probability": 0.9389764070510864,
        "lat": 6.149875901436925,
        "lon": -1.8112585189551094,
        "region": "Obuasi",
        "detected_at": "2026-03-16T06:32:51.880083",
        "model_version": "48px_v3.7_2024-01-10"
      }
    },
    {
      "type": "Feature",
      "geometry": {
        "type": "Point",
        "coordinates": [
          -1.8090848884471953,
          6.156402159485108
        ]
      },
      "properties": {
        "probability": 0.9312050938606262,
        "lat": 6.156402159485108,
        "lon": -1.8090848884471953,
        "region": "Obuasi",
        "detected_at": "2026-03-16T06:32:51.880171",
        "model_version": "48px_v3.7_2024-01-10"
      }
    },
    {
      "type": "Feature",
      "geometry": {
        "type": "Point",
        "coordinates": [
          -1.8090848884471953,
          6.154226740135714
        ]
      },
      "properties": {
        "probability": 0.9999955296516418,
        "lat": 6.154226740135714,
        "lon": -1.8090848884471953,
        "region": "Obuasi",
        "detected_at": "2026-03-16T06:32:51.880258",
        "model_version": "48px_v3.7_2024-01-10"
      }
    },
    {
      "type": "Feature",
      "geometry": {
        "type": "Point",
        "coordinates": [
          -1.8090848884471953,
          6.152051320786319
        ]
      },
      "properties": {
        "probability": 0.9997850656509399,
        "lat": 6.152051320786319,
        "lon": -1.8090848884471953,
        "region": "Obuasi",
        "detected_at": "2026-03-16T06:32:51.880347",
        "model_version": "48px_v3.7_2024-01-10"
      }
    },
    {
      "type": "Feature",
      "geometry": {
        "type": "Point",
        "coordinates": [
          -1.8090848884471953,
          6.149875901436924
        ]
      },
      "properties": {
        "probability": 0.9985998272895813,
        "lat": 6.149875901436924,
        "lon": -1.8090848884471953,
        "region": "Obuasi",
        "detected_at": "2026-03-16T06:32:51.880441",
        "model_version": "48px_v3.7_2024-01-10"
      }
    },
    {
      "type": "Feature",
      "geometry": {
        "type": "Point",
        "coordinates": [
          -1.8069112579392816,
          6.175980933629657
        ]
      },
      "properties": {
        "probability": 0.8927860260009766,
        "lat": 6.175980933629657,
        "lon": -1.8069112579392816,
        "region": "Obuasi",
        "detected_at": "2026-03-16T06:32:51.880536",
        "model_version": "48px_v3.7_2024-01-10"
      }
    },
    {
      "type": "Feature",
      "geometry": {
        "type": "Point",
        "coordinates": [
          -1.8069112579392816,
          6.1738055142802635
        ]
      },
      "properties": {
        "probability": 0.999278724193573,
        "lat": 6.1738055142802635,
        "lon": -1.8069112579392816,
        "region": "Obuasi",
        "detected_at": "2026-03-16T06:32:51.880643",
        "model_version": "48px_v3.7_2024-01-10"
      }
    },
    {
      "type": "Feature",
      "geometry": {
        "type": "Point",
        "coordinates": [
          -1.8069112579392816,
          6.171630094930871
        ]
      },
      "properties": {
        "probability": 0.975627601146698,
        "lat": 6.171630094930871,
        "lon": -1.8069112579392816,
        "region": "Obuasi",
        "detected_at": "2026-03-16T06:32:51.880735",
        "model_version": "48px_v3.7_2024-01-10"
      }
    },
    {
      "type": "Feature",
      "geometry": {
        "type": "Point",
        "coordinates": [
          -1.8069112579392816,
          6.1629284175332915
        ]
      },
      "properties": {
        "probability": 0.98201584815979,
        "lat": 6.1629284175332915,
        "lon": -1.8069112579392816,
        "region": "Obuasi",
        "detected_at": "2026-03-16T06:32:51.880823",
        "model_version": "48px_v3.7_2024-01-10"
      }
    },
    {
      "type": "Feature",
      "geometry": {
        "type": "Point",
        "coordinates": [
          -1.8069112579392816,
          6.160752998183897
        ]
      },
      "properties": {
        "probability": 0.9595043659210205,
        "lat": 6.160752998183897,
        "lon": -1.8069112579392816,
        "region": "Obuasi",
        "detected_at": "2026-03-16T06:32:51.880912",
        "model_version": "48px_v3.7_2024-01-10"
      }
    },
    {
      "type": "Feature",
      "geometry": {
        "type": "Point",
        "coordinates": [
          -1.8069112579392816,
          6.158577578834501
        ]
      },
      "properties": {
        "probability": 0.9534494280815125,
        "lat": 6.158577578834501,
        "lon": -1.8069112579392816,
        "region": "Obuasi",
        "detected_at": "2026-03-16T06:32:51.881001",
        "model_version": "48px_v3.7_2024-01-10"
      }
    },
    {
      "type": "Feature",
      "geometry": {
        "type": "Point",
        "coordinates": [
          -1.8069112579392816,
          6.156402159485109
        ]
      },
      "properties": {
        "probability": 0.9965590238571167,
        "lat": 6.156402159485109,
        "lon": -1.8069112579392816,
        "region": "Obuasi",
        "detected_at": "2026-03-16T06:32:51.881129",
        "model_version": "48px_v3.7_2024-01-10"
      }
    },
    {
      "type": "Feature",
      "geometry": {
        "type": "Point",
        "coordinates": [
          -1.8069112579392816,
          6.154226740135713
        ]
      },
      "properties": {
        "probability": 0.9999886155128479,
        "lat": 6.154226740135713,
        "lon": -1.8069112579392816,
        "region": "Obuasi",
        "detected_at": "2026-03-16T06:32:51.881219",
        "model_version": "48px_v3.7_2024-01-10"
      }
    },
    {
      "type": "Feature",
      "geometry": {
        "type": "Point",
        "coordinates": [
          -1.8069112579392816,
          6.152051320786318
        ]
      },
      "properties": {
        "probability": 0.9998202323913574,
        "lat": 6.152051320786318,
        "lon": -1.8069112579392816,
        "region": "Obuasi",
        "detected_at": "2026-03-16T06:32:51.881308",
        "model_version": "48px_v3.7_2024-01-10"
      }
    },
    {
      "type": "Feature",
      "geometry": {
        "type": "Point",
        "coordinates": [
          -1.8069112579392816,
          6.149875901436925
        ]
      },
      "properties": {
        "probability": 0.9756187796592712,
        "lat": 6.149875901436925,
        "lon": -1.8069112579392816,
        "region": "Obuasi",
        "detected_at": "2026-03-16T06:32:51.881409",
        "model_version": "48px_v3.7_2024-01-10"
      }
    },
    {
      "type": "Feature",
      "geometry": {
        "type": "Point",
        "coordinates": [
          -1.8047376274313673,
          6.175980933629657
        ]
      },
      "properties": {
        "probability": 0.8379751443862915,
        "lat": 6.175980933629657,
        "lon": -1.8047376274313673,
        "region": "Obuasi",
        "detected_at": "2026-03-16T06:32:51.881495",
        "model_version": "48px_v3.7_2024-01-10"
      }
    },
    {
      "type": "Feature",
      "geometry": {
        "type": "Point",
        "coordinates": [
          -1.8047376274313673,
          6.1738055142802635
        ]
      },
      "properties": {
        "probability": 0.9979370832443237,
        "lat": 6.1738055142802635,
        "lon": -1.8047376274313673,
        "region": "Obuasi",
        "detected_at": "2026-03-16T06:32:51.881583",
        "model_version": "48px_v3.7_2024-01-10"
      }
    },
    {
      "type": "Feature",
      "geometry": {
        "type": "Point",
        "coordinates": [
          -1.804737627431367,
          6.171630094930871
        ]
      },
      "properties": {
        "probability": 0.9991183280944824,
        "lat": 6.171630094930871,
        "lon": -1.804737627431367,
        "region": "Obuasi",
        "detected_at": "2026-03-16T06:32:51.881692",
        "model_version": "48px_v3.7_2024-01-10"
      }
    },
    {
      "type": "Feature",
      "geometry": {
        "type": "Point",
        "coordinates": [
          -1.804737627431367,
          6.169454675581475
        ]
      },
      "properties": {
        "probability": 0.9801104068756104,
        "lat": 6.169454675581475,
        "lon": -1.804737627431367,
        "region": "Obuasi",
        "detected_at": "2026-03-16T06:32:51.881782",
        "model_version": "48px_v3.7_2024-01-10"
      }
    },
    {
      "type": "Feature",
      "geometry": {
        "type": "Point",
        "coordinates": [
          -1.804737627431367,
          6.167279256232081
        ]
      },
      "properties": {
        "probability": 0.9902557134628296,
        "lat": 6.167279256232081,
        "lon": -1.804737627431367,
        "region": "Obuasi",
        "detected_at": "2026-03-16T06:32:51.881868",
        "model_version": "48px_v3.7_2024-01-10"
      }
    },
    {
      "type": "Feature",
      "geometry": {
        "type": "Point",
        "coordinates": [
          -1.804737627431367,
          6.165103836882685
        ]
      },
      "properties": {
        "probability": 0.9863556623458862,
        "lat": 6.165103836882685,
        "lon": -1.804737627431367,
        "region": "Obuasi",
        "detected_at": "2026-03-16T06:32:51.881963",
        "model_version": "48px_v3.7_2024-01-10"
      }
    },
    {
      "type": "Feature",
      "geometry": {
        "type": "Point",
        "coordinates": [
          -1.804737627431367,
          6.1629284175332915
        ]
      },
      "properties": {
        "probability": 0.9629070162773132,
        "lat": 6.1629284175332915,
        "lon": -1.804737627431367,
        "region": "Obuasi",
        "detected_at": "2026-03-16T06:32:51.882053",
        "model_version": "48px_v3.7_2024-01-10"
      }
    },
    {
      "type": "Feature",
      "geometry": {
        "type": "Point",
        "coordinates": [
          -1.804737627431367,
          6.160752998183897
        ]
      },
      "properties": {
        "probability": 0.9675677418708801,
        "lat": 6.160752998183897,
        "lon": -1.804737627431367,
        "region": "Obuasi",
        "detected_at": "2026-03-16T06:32:51.882140",
        "model_version": "48px_v3.7_2024-01-10"
      }
    },
    {
      "type": "Feature",
      "geometry": {
        "type": "Point",
        "coordinates": [
          -1.804737627431367,
          6.149875901436925
        ]
      },
      "properties": {
        "probability": 0.8283357620239258,
        "lat": 6.149875901436925,
        "lon": -1.804737627431367,
        "region": "Obuasi",
        "detected_at": "2026-03-16T06:32:51.882227",
        "model_version": "48px_v3.7_2024-01-10"
      }
    },
    {
      "type": "Feature",
      "geometry": {
        "type": "Point",
        "coordinates": [
          -1.485905294453128,
          6.201023801257412
        ]
      },
      "properties": {
        "probability": 0.9952266812324524,
        "lat": 6.201023801257412,
        "lon": -1.485905294453128,
        "region": "Obuasi",
        "detected_at": "2026-03-16T06:32:51.882315",
        "model_version": "48px_v3.7_2024-01-10"
      }
    },
    {
      "type": "Feature",
      "geometry": {
        "type": "Point",
        "coordinates": [
          -1.483730247170243,
          6.201023801257412
        ]
      },
      "properties": {
        "probability": 0.999998927116394,
        "lat": 6.201023801257412,
        "lon": -1.483730247170243,
        "region": "Obuasi",
        "detected_at": "2026-03-16T06:32:51.882402",
        "model_version": "48px_v3.7_2024-01-10"
      }
    },
    {
      "type": "Feature",
      "geometry": {
        "type": "Point",
        "coordinates": [
          -1.4815551998873582,
          6.201023801257412
        ]
      },
      "properties": {
        "probability": 0.9425267577171326,
        "lat": 6.201023801257412,
        "lon": -1.4815551998873582,
        "region": "Obuasi",
        "detected_at": "2026-03-16T06:32:51.882489",
        "model_version": "48px_v3.7_2024-01-10"
      }
    },
    {
      "type": "Feature",
      "geometry": {
        "type": "Point",
        "coordinates": [
          -1.5463653810438296,
          6.277349190401038
        ]
      },
      "properties": {
        "probability": 0.9181745052337646,
        "lat": 6.277349190401038,
        "lon": -1.5463653810438296,
        "region": "Obuasi",
        "detected_at": "2026-03-16T06:32:51.882577",
        "model_version": "48px_v3.7_2024-01-10"
      }
    },
    {
      "type": "Feature",
      "geometry": {
        "type": "Point",
        "coordinates": [
          -1.5463653810438296,
          6.275172846381965
        ]
      },
      "properties": {
        "probability": 0.9838215708732605,
        "lat": 6.275172846381965,
        "lon": -1.5463653810438296,
        "region": "Obuasi",
        "detected_at": "2026-03-16T06:32:51.882684",
        "model_version": "48px_v3.7_2024-01-10"
      }
    },
    {
      "type": "Feature",
      "geometry": {
        "type": "Point",
        "coordinates": [
          -1.5441903922225122,
          6.275172846381965
        ]
      },
      "properties": {
        "probability": 0.9428125619888306,
        "lat": 6.275172846381965,
        "lon": -1.5441903922225122,
        "region": "Obuasi",
        "detected_at": "2026-03-16T06:32:51.882774",
        "model_version": "48px_v3.7_2024-01-10"
      }
    },
    {
      "type": "Feature",
      "geometry": {
        "type": "Point",
        "coordinates": [
          -1.4618275250575237,
          6.272700787432173
        ]
      },
      "properties": {
        "probability": 0.932263970375061,
        "lat": 6.272700787432173,
        "lon": -1.4618275250575237,
        "region": "Obuasi",
        "detected_at": "2026-03-16T06:32:51.882864",
        "model_version": "48px_v3.7_2024-01-10"
      }
    },
    {
      "type": "Feature",
      "geometry": {
        "type": "Point",
        "coordinates": [
          -1.4596522095791638,
          6.281407475949616
        ]
      },
      "properties": {
        "probability": 0.9713740348815918,
        "lat": 6.281407475949616,
        "lon": -1.4596522095791638,
        "region": "Obuasi",
        "detected_at": "2026-03-16T06:32:51.882952",
        "model_version": "48px_v3.7_2024-01-10"
      }
    },
    {
      "type": "Feature",
      "geometry": {
        "type": "Point",
        "coordinates": [
          -1.4596522095791633,
          6.279230803820255
        ]
      },
      "properties": {
        "probability": 0.8687552213668823,
        "lat": 6.279230803820255,
        "lon": -1.4596522095791633,
        "region": "Obuasi",
        "detected_at": "2026-03-16T06:32:51.883039",
        "model_version": "48px_v3.7_2024-01-10"
      }
    },
    {
      "type": "Feature",
      "geometry": {
        "type": "Point",
        "coordinates": [
          -1.518233584001397,
          6.301145845453088
        ]
      },
      "properties": {
        "probability": 0.9538392424583435,
        "lat": 6.301145845453088,
        "lon": -1.518233584001397,
        "region": "Obuasi",
        "detected_at": "2026-03-16T06:32:51.883126",
        "model_version": "48px_v3.7_2024-01-10"
      }
    },
    {
      "type": "Feature",
      "geometry": {
        "type": "Point",
        "coordinates": [
          -1.5657971206035328,
          6.349026526996784
        ]
      },
      "properties": {
        "probability": 0.8647278547286987,
        "lat": 6.349026526996784,
        "lon": -1.5657971206035328,
        "region": "Obuasi",
        "detected_at": "2026-03-16T06:32:51.883222",
        "model_version": "48px_v3.7_2024-01-10"
      }
    },
    {
      "type": "Feature",
      "geometry": {
        "type": "Point",
        "coordinates": [
          -1.5636218653327607,
          6.351202916166118
        ]
      },
      "properties": {
        "probability": 0.8213261365890503,
        "lat": 6.351202916166118,
        "lon": -1.5636218653327607,
        "region": "Obuasi",
        "detected_at": "2026-03-16T06:32:51.883310",
        "model_version": "48px_v3.7_2024-01-10"
      }
    },
    {
      "type": "Feature",
      "geometry": {
        "type": "Point",
        "coordinates": [
          -1.5636218653327607,
          6.349026526996784
        ]
      },
      "properties": {
        "probability": 0.9988255500793457,
        "lat": 6.349026526996784,
        "lon": -1.5636218653327607,
        "region": "Obuasi",
        "detected_at": "2026-03-16T06:32:51.883406",
        "model_version": "48px_v3.7_2024-01-10"
      }
    },
    {
      "type": "Feature",
      "geometry": {
        "type": "Point",
        "coordinates": [
          -1.5636218653327607,
          6.346850137827452
        ]
      },
      "properties": {
        "probability": 0.8762742280960083,
        "lat": 6.346850137827452,
        "lon": -1.5636218653327607,
        "region": "Obuasi",
        "detected_at": "2026-03-16T06:32:51.883502",
        "model_version": "48px_v3.7_2024-01-10"
      }
    },
    {
      "type": "Feature",
      "geometry": {
        "type": "Point",
        "coordinates": [
          -1.5614466100619886,
          6.349026526996785
        ]
      },
      "properties": {
        "probability": 0.9853585958480835,
        "lat": 6.349026526996785,
        "lon": -1.5614466100619886,
        "region": "Obuasi",
        "detected_at": "2026-03-16T06:32:51.883591",
        "model_version": "48px_v3.7_2024-01-10"
      }
    },
    {
      "type": "Feature",
      "geometry": {
        "type": "Point",
        "coordinates": [
          -1.5614466100619886,
          6.346850137827452
        ]
      },
      "properties": {
        "probability": 0.999947726726532,
        "lat": 6.346850137827452,
        "lon": -1.5614466100619886,
        "region": "Obuasi",
        "detected_at": "2026-03-16T06:32:51.883701",
        "model_version": "48px_v3.7_2024-01-10"
      }
    },
    {
      "type": "Feature",
      "geometry": {
        "type": "Point",
        "coordinates": [
          -1.5614466100619886,
          6.34467374865812
        ]
      },
      "properties": {
        "probability": 0.9998580813407898,
        "lat": 6.34467374865812,
        "lon": -1.5614466100619886,
        "region": "Obuasi",
        "detected_at": "2026-03-16T06:32:51.883791",
        "model_version": "48px_v3.7_2024-01-10"
      }
    },
    {
      "type": "Feature",
      "geometry": {
        "type": "Point",
        "coordinates": [
          -1.5614466100619886,
          6.342497359488786
        ]
      },
      "properties": {
        "probability": 0.9962370991706848,
        "lat": 6.342497359488786,
        "lon": -1.5614466100619886,
        "region": "Obuasi",
        "detected_at": "2026-03-16T06:32:51.883879",
        "model_version": "48px_v3.7_2024-01-10"
      }
    },
    {
      "type": "Feature",
      "geometry": {
        "type": "Point",
        "coordinates": [
          -1.5592713547912165,
          6.346850137827452
        ]
      },
      "properties": {
        "probability": 0.9801390171051025,
        "lat": 6.346850137827452,
        "lon": -1.5592713547912165,
        "region": "Obuasi",
        "detected_at": "2026-03-16T06:32:51.883968",
        "model_version": "48px_v3.7_2024-01-10"
      }
    },
    {
      "type": "Feature",
      "geometry": {
        "type": "Point",
        "coordinates": [
          -1.5592713547912165,
          6.34467374865812
        ]
      },
      "properties": {
        "probability": 0.9995958805084229,
        "lat": 6.34467374865812,
        "lon": -1.5592713547912165,
        "region": "Obuasi",
        "detected_at": "2026-03-16T06:32:51.884056",
        "model_version": "48px_v3.7_2024-01-10"
      }
    },
    {
      "type": "Feature",
      "geometry": {
        "type": "Point",
        "coordinates": [
          -1.5592713547912163,
          6.342497359488787
        ]
      },
      "properties": {
        "probability": 0.9999972581863403,
        "lat": 6.342497359488787,
        "lon": -1.5592713547912163,
        "region": "Obuasi",
        "detected_at": "2026-03-16T06:32:51.884143",
        "model_version": "48px_v3.7_2024-01-10"
      }
    },
    {
      "type": "Feature",
      "geometry": {
        "type": "Point",
        "coordinates": [
          -1.5570960995204444,
          6.342497359488787
        ]
      },
      "properties": {
        "probability": 0.9999907612800598,
        "lat": 6.342497359488787,
        "lon": -1.5570960995204444,
        "region": "Obuasi",
        "detected_at": "2026-03-16T06:32:51.884232",
        "model_version": "48px_v3.7_2024-01-10"
      }
    },
    {
      "type": "Feature",
      "geometry": {
        "type": "Point",
        "coordinates": [
          -1.5570960995204444,
          6.340320970319454
        ]
      },
      "properties": {
        "probability": 0.9819158911705017,
        "lat": 6.340320970319454,
        "lon": -1.5570960995204444,
        "region": "Obuasi",
        "detected_at": "2026-03-16T06:32:51.884319",
        "model_version": "48px_v3.7_2024-01-10"
      }
    },
    {
      "type": "Feature",
      "geometry": {
        "type": "Point",
        "coordinates": [
          -1.5549208442496723,
          6.342497359488786
        ]
      },
      "properties": {
        "probability": 0.9974147081375122,
        "lat": 6.342497359488786,
        "lon": -1.5549208442496723,
        "region": "Obuasi",
        "detected_at": "2026-03-16T06:32:51.884406",
        "model_version": "48px_v3.7_2024-01-10"
      }
    },
    {
      "type": "Feature",
      "geometry": {
        "type": "Point",
        "coordinates": [
          -1.5549208442496723,
          6.340320970319454
        ]
      },
      "properties": {
        "probability": 0.9590651988983154,
        "lat": 6.340320970319454,
        "lon": -1.5549208442496723,
        "region": "Obuasi",
        "detected_at": "2026-03-16T06:32:51.884494",
        "model_version": "48px_v3.7_2024-01-10"
      }
    },
    {
      "type": "Feature",
      "geometry": {
        "type": "Point",
        "coordinates": [
          -1.6137861743718458,
          6.216693317733093
        ]
      },
      "properties": {
        "probability": 0.8536179661750793,
        "lat": 6.216693317733093,
        "lon": -1.6137861743718458,
        "region": "Obuasi",
        "detected_at": "2026-03-16T06:32:51.884580",
        "model_version": "48px_v3.7_2024-01-10"
      }
    },
    {
      "type": "Feature",
      "geometry": {
        "type": "Point",
        "coordinates": [
          -1.6116116144541763,
          6.223221719251983
        ]
      },
      "properties": {
        "probability": 0.8963371515274048,
        "lat": 6.223221719251983,
        "lon": -1.6116116144541763,
        "region": "Obuasi",
        "detected_at": "2026-03-16T06:32:51.884686",
        "model_version": "48px_v3.7_2024-01-10"
      }
    },
    {
      "type": "Feature",
      "geometry": {
        "type": "Point",
        "coordinates": [
          -1.6094370545365067,
          6.225397853091612
        ]
      },
      "properties": {
        "probability": 0.8315524458885193,
        "lat": 6.225397853091612,
        "lon": -1.6094370545365067,
        "region": "Obuasi",
        "detected_at": "2026-03-16T06:32:51.884778",
        "model_version": "48px_v3.7_2024-01-10"
      }
    },
    {
      "type": "Feature",
      "geometry": {
        "type": "Point",
        "coordinates": [
          -1.6094370545365067,
          6.223221719251983
        ]
      },
      "properties": {
        "probability": 0.9140157699584961,
        "lat": 6.223221719251983,
        "lon": -1.6094370545365067,
        "region": "Obuasi",
        "detected_at": "2026-03-16T06:32:51.884873",
        "model_version": "48px_v3.7_2024-01-10"
      }
    },
    {
      "type": "Feature",
      "geometry": {
        "type": "Point",
        "coordinates": [
          -1.6072624946188372,
          6.225397853091612
        ]
      },
      "properties": {
        "probability": 0.8373828530311584,
        "lat": 6.225397853091612,
        "lon": -1.6072624946188372,
        "region": "Obuasi",
        "detected_at": "2026-03-16T06:32:51.884967",
        "model_version": "48px_v3.7_2024-01-10"
      }
    },
    {
      "type": "Feature",
      "geometry": {
        "type": "Point",
        "coordinates": [
          -1.5115595049072112,
          6.309703865034142
        ]
      },
      "properties": {
        "probability": 0.8638903498649597,
        "lat": 6.309703865034142,
        "lon": -1.5115595049072112,
        "region": "Obuasi",
        "detected_at": "2026-03-16T06:32:51.885056",
        "model_version": "48px_v3.7_2024-01-10"
      }
    },
    {
      "type": "Feature",
      "geometry": {
        "type": "Point",
        "coordinates": [
          -1.491980713018222,
          6.318410088755373
        ]
      },
      "properties": {
        "probability": 0.8106917142868042,
        "lat": 6.318410088755373,
        "lon": -1.491980713018222,
        "region": "Obuasi",
        "detected_at": "2026-03-16T06:32:51.885144",
        "model_version": "48px_v3.7_2024-01-10"
      }
    },
    {
      "type": "Feature",
      "geometry": {
        "type": "Point",
        "coordinates": [
          -1.537517929790679,
          6.390087793918497
        ]
      },
      "properties": {
        "probability": 0.8419696092605591,
        "lat": 6.390087793918497,
        "lon": -1.537517929790679,
        "region": "Obuasi",
        "detected_at": "2026-03-16T06:32:51.885232",
        "model_version": "48px_v3.7_2024-01-10"
      }
    },
    {
      "type": "Feature",
      "geometry": {
        "type": "Point",
        "coordinates": [
          -1.5375179297906787,
          6.387911191072103
        ]
      },
      "properties": {
        "probability": 0.9235469698905945,
        "lat": 6.387911191072103,
        "lon": -1.5375179297906787,
        "region": "Obuasi",
        "detected_at": "2026-03-16T06:32:51.885319",
        "model_version": "48px_v3.7_2024-01-10"
      }
    },
    {
      "type": "Feature",
      "geometry": {
        "type": "Point",
        "coordinates": [
          -1.5353422383734987,
          6.387911191072103
        ]
      },
      "properties": {
        "probability": 0.9636660814285278,
        "lat": 6.387911191072103,
        "lon": -1.5353422383734987,
        "region": "Obuasi",
        "detected_at": "2026-03-16T06:32:51.885407",
        "model_version": "48px_v3.7_2024-01-10"
      }
    },
    {
      "type": "Feature",
      "geometry": {
        "type": "Point",
        "coordinates": [
          -1.5353422383734987,
          6.385734588225711
        ]
      },
      "properties": {
        "probability": 0.8849091529846191,
        "lat": 6.385734588225711,
        "lon": -1.5353422383734987,
        "region": "Obuasi",
        "detected_at": "2026-03-16T06:32:51.885494",
        "model_version": "48px_v3.7_2024-01-10"
      }
    },
    {
      "type": "Feature",
      "geometry": {
        "type": "Point",
        "coordinates": [
          -1.5288151641219585,
          6.383557985379319
        ]
      },
      "properties": {
        "probability": 0.9867795705795288,
        "lat": 6.383557985379319,
        "lon": -1.5288151641219585,
        "region": "Obuasi",
        "detected_at": "2026-03-16T06:32:51.885589",
        "model_version": "48px_v3.7_2024-01-10"
      }
    },
    {
      "type": "Feature",
      "geometry": {
        "type": "Point",
        "coordinates": [
          -1.4462881433803005,
          6.392112604257765
        ]
      },
      "properties": {
        "probability": 0.8530328273773193,
        "lat": 6.392112604257765,
        "lon": -1.4462881433803005,
        "region": "Obuasi",
        "detected_at": "2026-03-16T06:32:51.885699",
        "model_version": "48px_v3.7_2024-01-10"
      }
    },
    {
      "type": "Feature",
      "geometry": {
        "type": "Point",
        "coordinates": [
          -1.572034561569341,
          6.42708893119617
        ]
      },
      "properties": {
        "probability": 0.839340090751648,
        "lat": 6.42708893119617,
        "lon": -1.572034561569341,
        "region": "Obuasi",
        "detected_at": "2026-03-16T06:32:51.885789",
        "model_version": "48px_v3.7_2024-01-10"
      }
    },
    {
      "type": "Feature",
      "geometry": {
        "type": "Point",
        "coordinates": [
          -1.5698587678538174,
          6.429265410585785
        ]
      },
      "properties": {
        "probability": 0.8609269857406616,
        "lat": 6.429265410585785,
        "lon": -1.5698587678538174,
        "region": "Obuasi",
        "detected_at": "2026-03-16T06:32:51.885877",
        "model_version": "48px_v3.7_2024-01-10"
      }
    },
    {
      "type": "Feature",
      "geometry": {
        "type": "Point",
        "coordinates": [
          -1.5698587678538174,
          6.42708893119617
        ]
      },
      "properties": {
        "probability": 0.9663856625556946,
        "lat": 6.42708893119617,
        "lon": -1.5698587678538174,
        "region": "Obuasi",
        "detected_at": "2026-03-16T06:32:51.885965",
        "model_version": "48px_v3.7_2024-01-10"
      }
    },
    {
      "type": "Feature",
      "geometry": {
        "type": "Point",
        "coordinates": [
          -1.5676829741382934,
          6.427088931196169
        ]
      },
      "properties": {
        "probability": 0.834019660949707,
        "lat": 6.427088931196169,
        "lon": -1.5676829741382934,
        "region": "Obuasi",
        "detected_at": "2026-03-16T06:32:51.886052",
        "model_version": "48px_v3.7_2024-01-10"
      }
    },
    {
      "type": "Feature",
      "geometry": {
        "type": "Point",
        "coordinates": [
          -1.565507180422769,
          6.424912451806556
        ]
      },
      "properties": {
        "probability": 0.8608744144439697,
        "lat": 6.424912451806556,
        "lon": -1.565507180422769,
        "region": "Obuasi",
        "detected_at": "2026-03-16T06:32:51.886140",
        "model_version": "48px_v3.7_2024-01-10"
      }
    },
    {
      "type": "Feature",
      "geometry": {
        "type": "Point",
        "coordinates": [
          -1.5633313867072451,
          6.42708893119617
        ]
      },
      "properties": {
        "probability": 0.8196585774421692,
        "lat": 6.42708893119617,
        "lon": -1.5633313867072451,
        "region": "Obuasi",
        "detected_at": "2026-03-16T06:32:51.886228",
        "model_version": "48px_v3.7_2024-01-10"
      }
    },
    {
      "type": "Feature",
      "geometry": {
        "type": "Point",
        "coordinates": [
          -1.5633313867072454,
          6.424912451806556
        ]
      },
      "properties": {
        "probability": 0.9566358923912048,
        "lat": 6.424912451806556,
        "lon": -1.5633313867072454,
        "region": "Obuasi",
        "detected_at": "2026-03-16T06:32:51.886322",
        "model_version": "48px_v3.7_2024-01-10"
      }
    },
    {
      "type": "Feature",
      "geometry": {
        "type": "Point",
        "coordinates": [
          -1.561155592991721,
          6.418383013637709
        ]
      },
      "properties": {
        "probability": 0.9783903360366821,
        "lat": 6.418383013637709,
        "lon": -1.561155592991721,
        "region": "Obuasi",
        "detected_at": "2026-03-16T06:32:51.886416",
        "model_version": "48px_v3.7_2024-01-10"
      }
    },
    {
      "type": "Feature",
      "geometry": {
        "type": "Point",
        "coordinates": [
          -1.561155592991721,
          6.416206534248094
        ]
      },
      "properties": {
        "probability": 0.9897682070732117,
        "lat": 6.416206534248094,
        "lon": -1.561155592991721,
        "region": "Obuasi",
        "detected_at": "2026-03-16T06:32:51.886504",
        "model_version": "48px_v3.7_2024-01-10"
      }
    },
    {
      "type": "Feature",
      "geometry": {
        "type": "Point",
        "coordinates": [
          -1.561155592991721,
          6.414030054858479
        ]
      },
      "properties": {
        "probability": 0.96951824426651,
        "lat": 6.414030054858479,
        "lon": -1.561155592991721,
        "region": "Obuasi",
        "detected_at": "2026-03-16T06:32:51.886592",
        "model_version": "48px_v3.7_2024-01-10"
      }
    },
    {
      "type": "Feature",
      "geometry": {
        "type": "Point",
        "coordinates": [
          -1.576530371974305,
          6.388058053962821
        ]
      },
      "properties": {
        "probability": 0.9009758830070496,
        "lat": 6.388058053962821,
        "lon": -1.576530371974305,
        "region": "Obuasi",
        "detected_at": "2026-03-16T06:32:51.886702",
        "model_version": "48px_v3.7_2024-01-10"
      }
    },
    {
      "type": "Feature",
      "geometry": {
        "type": "Point",
        "coordinates": [
          -1.5743548484058356,
          6.388058053962821
        ]
      },
      "properties": {
        "probability": 0.980567216873169,
        "lat": 6.388058053962821,
        "lon": -1.5743548484058356,
        "region": "Obuasi",
        "detected_at": "2026-03-16T06:32:51.886798",
        "model_version": "48px_v3.7_2024-01-10"
      }
    },
    {
      "type": "Feature",
      "geometry": {
        "type": "Point",
        "coordinates": [
          -1.5743548484058356,
          6.385881619670007
        ]
      },
      "properties": {
        "probability": 0.9998067021369934,
        "lat": 6.385881619670007,
        "lon": -1.5743548484058356,
        "region": "Obuasi",
        "detected_at": "2026-03-16T06:32:51.886897",
        "model_version": "48px_v3.7_2024-01-10"
      }
    },
    {
      "type": "Feature",
      "geometry": {
        "type": "Point",
        "coordinates": [
          -1.574354848405836,
          6.383705185377191
        ]
      },
      "properties": {
        "probability": 0.956490159034729,
        "lat": 6.383705185377191,
        "lon": -1.574354848405836,
        "region": "Obuasi",
        "detected_at": "2026-03-16T06:32:51.886985",
        "model_version": "48px_v3.7_2024-01-10"
      }
    },
    {
      "type": "Feature",
      "geometry": {
        "type": "Point",
        "coordinates": [
          -1.5721793248373663,
          6.383705185377191
        ]
      },
      "properties": {
        "probability": 0.9956727027893066,
        "lat": 6.383705185377191,
        "lon": -1.5721793248373663,
        "region": "Obuasi",
        "detected_at": "2026-03-16T06:32:51.887072",
        "model_version": "48px_v3.7_2024-01-10"
      }
    },
    {
      "type": "Feature",
      "geometry": {
        "type": "Point",
        "coordinates": [
          -1.5721793248373663,
          6.381528751084376
        ]
      },
      "properties": {
        "probability": 0.9877563118934631,
        "lat": 6.381528751084376,
        "lon": -1.5721793248373663,
        "region": "Obuasi",
        "detected_at": "2026-03-16T06:32:51.887159",
        "model_version": "48px_v3.7_2024-01-10"
      }
    },
    {
      "type": "Feature",
      "geometry": {
        "type": "Point",
        "coordinates": [
          -1.570003801268898,
          6.379352316791562
        ]
      },
      "properties": {
        "probability": 0.8266797661781311,
        "lat": 6.379352316791562,
        "lon": -1.570003801268898,
        "region": "Obuasi",
        "detected_at": "2026-03-16T06:32:51.887246",
        "model_version": "48px_v3.7_2024-01-10"
      }
    },
    {
      "type": "Feature",
      "geometry": {
        "type": "Point",
        "coordinates": [
          -1.5678282777004284,
          6.377175882498747
        ]
      },
      "properties": {
        "probability": 0.9864028692245483,
        "lat": 6.377175882498747,
        "lon": -1.5678282777004284,
        "region": "Obuasi",
        "detected_at": "2026-03-16T06:32:51.887332",
        "model_version": "48px_v3.7_2024-01-10"
      }
    },
    {
      "type": "Feature",
      "geometry": {
        "type": "Point",
        "coordinates": [
          -1.5678282777004284,
          6.374999448205934
        ]
      },
      "properties": {
        "probability": 0.8953732252120972,
        "lat": 6.374999448205934,
        "lon": -1.5678282777004284,
        "region": "Obuasi",
        "detected_at": "2026-03-16T06:32:51.887418",
        "model_version": "48px_v3.7_2024-01-10"
      }
    },
    {
      "type": "Feature",
      "geometry": {
        "type": "Point",
        "coordinates": [
          -1.5678282777004284,
          6.372823013913118
        ]
      },
      "properties": {
        "probability": 0.9664456844329834,
        "lat": 6.372823013913118,
        "lon": -1.5678282777004284,
        "region": "Obuasi",
        "detected_at": "2026-03-16T06:32:51.887504",
        "model_version": "48px_v3.7_2024-01-10"
      }
    },
    {
      "type": "Feature",
      "geometry": {
        "type": "Point",
        "coordinates": [
          -1.5656527541319591,
          6.3706465796203045
        ]
      },
      "properties": {
        "probability": 0.8514180779457092,
        "lat": 6.3706465796203045,
        "lon": -1.5656527541319591,
        "region": "Obuasi",
        "detected_at": "2026-03-16T06:32:51.887592",
        "model_version": "48px_v3.7_2024-01-10"
      }
    },
    {
      "type": "Feature",
      "geometry": {
        "type": "Point",
        "coordinates": [
          -1.56347723056349,
          6.3619408424490445
        ]
      },
      "properties": {
        "probability": 0.8273157477378845,
        "lat": 6.3619408424490445,
        "lon": -1.56347723056349,
        "region": "Obuasi",
        "detected_at": "2026-03-16T06:32:51.887700",
        "model_version": "48px_v3.7_2024-01-10"
      }
    },
    {
      "type": "Feature",
      "geometry": {
        "type": "Point",
        "coordinates": [
          -1.5134344711545182,
          6.439999737301756
        ]
      },
      "properties": {
        "probability": 0.8361003398895264,
        "lat": 6.439999737301756,
        "lon": -1.5134344711545182,
        "region": "Obuasi",
        "detected_at": "2026-03-16T06:32:51.887797",
        "model_version": "48px_v3.7_2024-01-10"
      }
    },
    {
      "type": "Feature",
      "geometry": {
        "type": "Point",
        "coordinates": [
          -1.6568755797456434,
          6.349300142740109
        ]
      },
      "properties": {
        "probability": 0.8247514367103577,
        "lat": 6.349300142740109,
        "lon": -1.6568755797456434,
        "region": "Obuasi",
        "detected_at": "2026-03-16T06:32:51.887886",
        "model_version": "48px_v3.7_2024-01-10"
      }
    },
    {
      "type": "Feature",
      "geometry": {
        "type": "Point",
        "coordinates": [
          -1.6850174681803483,
          6.399216446668256
        ]
      },
      "properties": {
        "probability": 0.8295398354530334,
        "lat": 6.399216446668256,
        "lon": -1.6850174681803483,
        "region": "Obuasi",
        "detected_at": "2026-03-16T06:32:51.887974",
        "model_version": "48px_v3.7_2024-01-10"
      }
    },
    {
      "type": "Feature",
      "geometry": {
        "type": "Point",
        "coordinates": [
          -1.6828422858566747,
          6.368751162810607
        ]
      },
      "properties": {
        "probability": 0.9694604277610779,
        "lat": 6.368751162810607,
        "lon": -1.6828422858566747,
        "region": "Obuasi",
        "detected_at": "2026-03-16T06:32:51.888061",
        "model_version": "48px_v3.7_2024-01-10"
      }
    },
    {
      "type": "Feature",
      "geometry": {
        "type": "Point",
        "coordinates": [
          -1.6806671035330019,
          6.370927254514725
        ]
      },
      "properties": {
        "probability": 0.8434069752693176,
        "lat": 6.370927254514725,
        "lon": -1.6806671035330019,
        "region": "Obuasi",
        "detected_at": "2026-03-16T06:32:51.888149",
        "model_version": "48px_v3.7_2024-01-10"
      }
    },
    {
      "type": "Feature",
      "geometry": {
        "type": "Point",
        "coordinates": [
          -1.680667103533002,
          6.368751162810607
        ]
      },
      "properties": {
        "probability": 0.9825987219810486,
        "lat": 6.368751162810607,
        "lon": -1.680667103533002,
        "region": "Obuasi",
        "detected_at": "2026-03-16T06:32:51.888236",
        "model_version": "48px_v3.7_2024-01-10"
      }
    },
    {
      "type": "Feature",
      "geometry": {
        "type": "Point",
        "coordinates": [
          -1.6784919212093286,
          6.370927254514725
        ]
      },
      "properties": {
        "probability": 0.9812769293785095,
        "lat": 6.370927254514725,
        "lon": -1.6784919212093286,
        "region": "Obuasi",
        "detected_at": "2026-03-16T06:32:51.888325",
        "model_version": "48px_v3.7_2024-01-10"
      }
    },
    {
      "type": "Feature",
      "geometry": {
        "type": "Point",
        "coordinates": [
          -1.6784919212093283,
          6.3687511628106055
        ]
      },
      "properties": {
        "probability": 0.9259185194969177,
        "lat": 6.3687511628106055,
        "lon": -1.6784919212093283,
        "region": "Obuasi",
        "detected_at": "2026-03-16T06:32:51.888413",
        "model_version": "48px_v3.7_2024-01-10"
      }
    },
    {
      "type": "Feature",
      "geometry": {
        "type": "Point",
        "coordinates": [
          -1.6654408272672896,
          6.397040354964137
        ]
      },
      "properties": {
        "probability": 0.9052696228027344,
        "lat": 6.397040354964137,
        "lon": -1.6654408272672896,
        "region": "Obuasi",
        "detected_at": "2026-03-16T06:32:51.888509",
        "model_version": "48px_v3.7_2024-01-10"
      }
    },
    {
      "type": "Feature",
      "geometry": {
        "type": "Point",
        "coordinates": [
          -1.6523897333252506,
          6.364398979402372
        ]
      },
      "properties": {
        "probability": 0.8236234784126282,
        "lat": 6.364398979402372,
        "lon": -1.6523897333252506,
        "region": "Obuasi",
        "detected_at": "2026-03-16T06:32:51.888597",
        "model_version": "48px_v3.7_2024-01-10"
      }
    },
    {
      "type": "Feature",
      "geometry": {
        "type": "Point",
        "coordinates": [
          -1.6416502838734126,
          6.357731958416608
        ]
      },
      "properties": {
        "probability": 0.9397605657577515,
        "lat": 6.357731958416608,
        "lon": -1.6416502838734126,
        "region": "Obuasi",
        "detected_at": "2026-03-16T06:32:51.888709",
        "model_version": "48px_v3.7_2024-01-10"
      }
    },
    {
      "type": "Feature",
      "geometry": {
        "type": "Point",
        "coordinates": [
          -1.6394749300030114,
          6.357731958416608
        ]
      },
      "properties": {
        "probability": 0.9990204572677612,
        "lat": 6.357731958416608,
        "lon": -1.6394749300030114,
        "region": "Obuasi",
        "detected_at": "2026-03-16T06:32:51.888797",
        "model_version": "48px_v3.7_2024-01-10"
      }
    },
    {
      "type": "Feature",
      "geometry": {
        "type": "Point",
        "coordinates": [
          -1.6372995761326101,
          6.357731958416608
        ]
      },
      "properties": {
        "probability": 0.8992329239845276,
        "lat": 6.357731958416608,
        "lon": -1.6372995761326101,
        "region": "Obuasi",
        "detected_at": "2026-03-16T06:32:51.888885",
        "model_version": "48px_v3.7_2024-01-10"
      }
    },
    {
      "type": "Feature",
      "geometry": {
        "type": "Point",
        "coordinates": [
          -1.8003899409791744,
          6.238836654229263
        ]
      },
      "properties": {
        "probability": 0.9140658974647522,
        "lat": 6.238836654229263,
        "lon": -1.8003899409791744,
        "region": "Obuasi",
        "detected_at": "2026-03-16T06:32:51.888973",
        "model_version": "48px_v3.7_2024-01-10"
      }
    },
    {
      "type": "Feature",
      "geometry": {
        "type": "Point",
        "coordinates": [
          -1.7938677731463364,
          6.247539165768845
        ]
      },
      "properties": {
        "probability": 0.9136145114898682,
        "lat": 6.247539165768845,
        "lon": -1.7938677731463364,
        "region": "Obuasi",
        "detected_at": "2026-03-16T06:32:51.889062",
        "model_version": "48px_v3.7_2024-01-10"
      }
    },
    {
      "type": "Feature",
      "geometry": {
        "type": "Point",
        "coordinates": [
          -1.7938677731463364,
          6.223607259034998
        ]
      },
      "properties": {
        "probability": 0.9667814373970032,
        "lat": 6.223607259034998,
        "lon": -1.7938677731463364,
        "region": "Obuasi",
        "detected_at": "2026-03-16T06:32:51.889157",
        "model_version": "48px_v3.7_2024-01-10"
      }
    },
    {
      "type": "Feature",
      "geometry": {
        "type": "Point",
        "coordinates": [
          -1.7916937172020566,
          6.247539165768845
        ]
      },
      "properties": {
        "probability": 0.9704583287239075,
        "lat": 6.247539165768845,
        "lon": -1.7916937172020566,
        "region": "Obuasi",
        "detected_at": "2026-03-16T06:32:51.889246",
        "model_version": "48px_v3.7_2024-01-10"
      }
    },
    {
      "type": "Feature",
      "geometry": {
        "type": "Point",
        "coordinates": [
          -1.7916937172020566,
          6.223607259034998
        ]
      },
      "properties": {
        "probability": 0.9835934638977051,
        "lat": 6.223607259034998,
        "lon": -1.7916937172020566,
        "region": "Obuasi",
        "detected_at": "2026-03-16T06:32:51.889352",
        "model_version": "48px_v3.7_2024-01-10"
      }
    },
    {
      "type": "Feature",
      "geometry": {
        "type": "Point",
        "coordinates": [
          -1.785171549369219,
          6.232309770574579
        ]
      },
      "properties": {
        "probability": 0.8110190629959106,
        "lat": 6.232309770574579,
        "lon": -1.785171549369219,
        "region": "Obuasi",
        "detected_at": "2026-03-16T06:32:51.889442",
        "model_version": "48px_v3.7_2024-01-10"
      }
    },
    {
      "type": "Feature",
      "geometry": {
        "type": "Point",
        "coordinates": [
          -1.78299749342494,
          6.243187909999054
        ]
      },
      "properties": {
        "probability": 0.8908857703208923,
        "lat": 6.243187909999054,
        "lon": -1.78299749342494,
        "region": "Obuasi",
        "detected_at": "2026-03-16T06:32:51.889530",
        "model_version": "48px_v3.7_2024-01-10"
      }
    },
    {
      "type": "Feature",
      "geometry": {
        "type": "Point",
        "coordinates": [
          -1.7808234374806606,
          6.243187909999054
        ]
      },
      "properties": {
        "probability": 0.8217158913612366,
        "lat": 6.243187909999054,
        "lon": -1.7808234374806606,
        "region": "Obuasi",
        "detected_at": "2026-03-16T06:32:51.889637",
        "model_version": "48px_v3.7_2024-01-10"
      }
    },
    {
      "type": "Feature",
      "geometry": {
        "type": "Point",
        "coordinates": [
          -1.7764753255921022,
          6.241012282114159
        ]
      },
      "properties": {
        "probability": 0.9582936763763428,
        "lat": 6.241012282114159,
        "lon": -1.7764753255921022,
        "region": "Obuasi",
        "detected_at": "2026-03-16T06:32:51.889731",
        "model_version": "48px_v3.7_2024-01-10"
      }
    },
    {
      "type": "Feature",
      "geometry": {
        "type": "Point",
        "coordinates": [
          -1.7764753255921022,
          6.20185098018605
        ]
      },
      "properties": {
        "probability": 0.8127180933952332,
        "lat": 6.20185098018605,
        "lon": -1.7764753255921022,
        "region": "Obuasi",
        "detected_at": "2026-03-16T06:32:51.889820",
        "model_version": "48px_v3.7_2024-01-10"
      }
    },
    {
      "type": "Feature",
      "geometry": {
        "type": "Point",
        "coordinates": [
          -1.7721272137035438,
          6.210553491725631
        ]
      },
      "properties": {
        "probability": 0.9981071949005127,
        "lat": 6.210553491725631,
        "lon": -1.7721272137035438,
        "region": "Obuasi",
        "detected_at": "2026-03-16T06:32:51.889908",
        "model_version": "48px_v3.7_2024-01-10"
      }
    },
    {
      "type": "Feature",
      "geometry": {
        "type": "Point",
        "coordinates": [
          -1.7721272137035438,
          6.208377863840735
        ]
      },
      "properties": {
        "probability": 0.8699155449867249,
        "lat": 6.208377863840735,
        "lon": -1.7721272137035438,
        "region": "Obuasi",
        "detected_at": "2026-03-16T06:32:51.889999",
        "model_version": "48px_v3.7_2024-01-10"
      }
    },
    {
      "type": "Feature",
      "geometry": {
        "type": "Point",
        "coordinates": [
          -1.7699531577592647,
          6.221431631150104
        ]
      },
      "properties": {
        "probability": 0.999286949634552,
        "lat": 6.221431631150104,
        "lon": -1.7699531577592647,
        "region": "Obuasi",
        "detected_at": "2026-03-16T06:32:51.890088",
        "model_version": "48px_v3.7_2024-01-10"
      }
    },
    {
      "type": "Feature",
      "geometry": {
        "type": "Point",
        "coordinates": [
          -1.7699531577592647,
          6.219256003265209
        ]
      },
      "properties": {
        "probability": 0.9989994764328003,
        "lat": 6.219256003265209,
        "lon": -1.7699531577592647,
        "region": "Obuasi",
        "detected_at": "2026-03-16T06:32:51.890175",
        "model_version": "48px_v3.7_2024-01-10"
      }
    },
    {
      "type": "Feature",
      "geometry": {
        "type": "Point",
        "coordinates": [
          -1.7699531577592647,
          6.2170803753803145
        ]
      },
      "properties": {
        "probability": 0.9982481002807617,
        "lat": 6.2170803753803145,
        "lon": -1.7699531577592647,
        "region": "Obuasi",
        "detected_at": "2026-03-16T06:32:51.890264",
        "model_version": "48px_v3.7_2024-01-10"
      }
    },
    {
      "type": "Feature",
      "geometry": {
        "type": "Point",
        "coordinates": [
          -1.7699531577592647,
          6.214904747495419
        ]
      },
      "properties": {
        "probability": 0.9375715851783752,
        "lat": 6.214904747495419,
        "lon": -1.7699531577592647,
        "region": "Obuasi",
        "detected_at": "2026-03-16T06:32:51.890358",
        "model_version": "48px_v3.7_2024-01-10"
      }
    },
    {
      "type": "Feature",
      "geometry": {
        "type": "Point",
        "coordinates": [
          -1.7699531577592647,
          6.212729119610524
        ]
      },
      "properties": {
        "probability": 0.9940522909164429,
        "lat": 6.212729119610524,
        "lon": -1.7699531577592647,
        "region": "Obuasi",
        "detected_at": "2026-03-16T06:32:51.890447",
        "model_version": "48px_v3.7_2024-01-10"
      }
    },
    {
      "type": "Feature",
      "geometry": {
        "type": "Point",
        "coordinates": [
          -1.7699531577592647,
          6.210553491725631
        ]
      },
      "properties": {
        "probability": 0.9909237027168274,
        "lat": 6.210553491725631,
        "lon": -1.7699531577592647,
        "region": "Obuasi",
        "detected_at": "2026-03-16T06:32:51.890533",
        "model_version": "48px_v3.7_2024-01-10"
      }
    },
    {
      "type": "Feature",
      "geometry": {
        "type": "Point",
        "coordinates": [
          -1.7699531577592647,
          6.2083778638407345
        ]
      },
      "properties": {
        "probability": 0.8231754899024963,
        "lat": 6.2083778638407345,
        "lon": -1.7699531577592647,
        "region": "Obuasi",
        "detected_at": "2026-03-16T06:32:51.890644",
        "model_version": "48px_v3.7_2024-01-10"
      }
    },
    {
      "type": "Feature",
      "geometry": {
        "type": "Point",
        "coordinates": [
          -1.7699531577592647,
          6.206202235955838
        ]
      },
      "properties": {
        "probability": 0.8778467178344727,
        "lat": 6.206202235955838,
        "lon": -1.7699531577592647,
        "region": "Obuasi",
        "detected_at": "2026-03-16T06:32:51.890739",
        "model_version": "48px_v3.7_2024-01-10"
      }
    },
    {
      "type": "Feature",
      "geometry": {
        "type": "Point",
        "coordinates": [
          -1.7699531577592647,
          6.204026608070944
        ]
      },
      "properties": {
        "probability": 0.8495508432388306,
        "lat": 6.204026608070944,
        "lon": -1.7699531577592647,
        "region": "Obuasi",
        "detected_at": "2026-03-16T06:32:51.890828",
        "model_version": "48px_v3.7_2024-01-10"
      }
    },
    {
      "type": "Feature",
      "geometry": {
        "type": "Point",
        "coordinates": [
          -1.7677791018149855,
          6.243187909999054
        ]
      },
      "properties": {
        "probability": 0.8529057502746582,
        "lat": 6.243187909999054,
        "lon": -1.7677791018149855,
        "region": "Obuasi",
        "detected_at": "2026-03-16T06:32:51.890917",
        "model_version": "48px_v3.7_2024-01-10"
      }
    },
    {
      "type": "Feature",
      "geometry": {
        "type": "Point",
        "coordinates": [
          -1.7677791018149855,
          6.230134142689685
        ]
      },
      "properties": {
        "probability": 0.9263274073600769,
        "lat": 6.230134142689685,
        "lon": -1.7677791018149855,
        "region": "Obuasi",
        "detected_at": "2026-03-16T06:32:51.891005",
        "model_version": "48px_v3.7_2024-01-10"
      }
    },
    {
      "type": "Feature",
      "geometry": {
        "type": "Point",
        "coordinates": [
          -1.7677791018149853,
          6.22795851480479
        ]
      },
      "properties": {
        "probability": 0.8254246115684509,
        "lat": 6.22795851480479,
        "lon": -1.7677791018149853,
        "region": "Obuasi",
        "detected_at": "2026-03-16T06:32:51.891092",
        "model_version": "48px_v3.7_2024-01-10"
      }
    },
    {
      "type": "Feature",
      "geometry": {
        "type": "Point",
        "coordinates": [
          -1.7677791018149855,
          6.225782886919895
        ]
      },
      "properties": {
        "probability": 0.8966642022132874,
        "lat": 6.225782886919895,
        "lon": -1.7677791018149855,
        "region": "Obuasi",
        "detected_at": "2026-03-16T06:32:51.891180",
        "model_version": "48px_v3.7_2024-01-10"
      }
    },
    {
      "type": "Feature",
      "geometry": {
        "type": "Point",
        "coordinates": [
          -1.7677791018149855,
          6.223607259034998
        ]
      },
      "properties": {
        "probability": 0.8695624470710754,
        "lat": 6.223607259034998,
        "lon": -1.7677791018149855,
        "region": "Obuasi",
        "detected_at": "2026-03-16T06:32:51.891269",
        "model_version": "48px_v3.7_2024-01-10"
      }
    },
    {
      "type": "Feature",
      "geometry": {
        "type": "Point",
        "coordinates": [
          -1.7677791018149855,
          6.221431631150103
        ]
      },
      "properties": {
        "probability": 0.9855282306671143,
        "lat": 6.221431631150103,
        "lon": -1.7677791018149855,
        "region": "Obuasi",
        "detected_at": "2026-03-16T06:32:51.891357",
        "model_version": "48px_v3.7_2024-01-10"
      }
    },
    {
      "type": "Feature",
      "geometry": {
        "type": "Point",
        "coordinates": [
          -1.7677791018149855,
          6.21925600326521
        ]
      },
      "properties": {
        "probability": 0.9890578389167786,
        "lat": 6.21925600326521,
        "lon": -1.7677791018149855,
        "region": "Obuasi",
        "detected_at": "2026-03-16T06:32:51.891445",
        "model_version": "48px_v3.7_2024-01-10"
      }
    },
    {
      "type": "Feature",
      "geometry": {
        "type": "Point",
        "coordinates": [
          -1.7677791018149855,
          6.2170803753803145
        ]
      },
      "properties": {
        "probability": 0.9999619722366333,
        "lat": 6.2170803753803145,
        "lon": -1.7677791018149855,
        "region": "Obuasi",
        "detected_at": "2026-03-16T06:32:51.891533",
        "model_version": "48px_v3.7_2024-01-10"
      }
    },
    {
      "type": "Feature",
      "geometry": {
        "type": "Point",
        "coordinates": [
          -1.7677791018149855,
          6.214904747495419
        ]
      },
      "properties": {
        "probability": 0.9999597668647766,
        "lat": 6.214904747495419,
        "lon": -1.7677791018149855,
        "region": "Obuasi",
        "detected_at": "2026-03-16T06:32:51.891639",
        "model_version": "48px_v3.7_2024-01-10"
      }
    },
    {
      "type": "Feature",
      "geometry": {
        "type": "Point",
        "coordinates": [
          -1.7677791018149855,
          6.2127291196105245
        ]
      },
      "properties": {
        "probability": 0.9772644639015198,
        "lat": 6.2127291196105245,
        "lon": -1.7677791018149855,
        "region": "Obuasi",
        "detected_at": "2026-03-16T06:32:51.891733",
        "model_version": "48px_v3.7_2024-01-10"
      }
    },
    {
      "type": "Feature",
      "geometry": {
        "type": "Point",
        "coordinates": [
          -1.7677791018149855,
          6.206202235955839
        ]
      },
      "properties": {
        "probability": 0.8898280262947083,
        "lat": 6.206202235955839,
        "lon": -1.7677791018149855,
        "region": "Obuasi",
        "detected_at": "2026-03-16T06:32:51.891821",
        "model_version": "48px_v3.7_2024-01-10"
      }
    },
    {
      "type": "Feature",
      "geometry": {
        "type": "Point",
        "coordinates": [
          -1.7656050458707058,
          6.241012282114159
        ]
      },
      "properties": {
        "probability": 0.8265175223350525,
        "lat": 6.241012282114159,
        "lon": -1.7656050458707058,
        "region": "Obuasi",
        "detected_at": "2026-03-16T06:32:51.891909",
        "model_version": "48px_v3.7_2024-01-10"
      }
    },
    {
      "type": "Feature",
      "geometry": {
        "type": "Point",
        "coordinates": [
          -1.7656050458707058,
          6.238836654229263
        ]
      },
      "properties": {
        "probability": 0.8749517202377319,
        "lat": 6.238836654229263,
        "lon": -1.7656050458707058,
        "region": "Obuasi",
        "detected_at": "2026-03-16T06:32:51.892001",
        "model_version": "48px_v3.7_2024-01-10"
      }
    },
    {
      "type": "Feature",
      "geometry": {
        "type": "Point",
        "coordinates": [
          -1.7656050458707058,
          6.230134142689685
        ]
      },
      "properties": {
        "probability": 0.9699553847312927,
        "lat": 6.230134142689685,
        "lon": -1.7656050458707058,
        "region": "Obuasi",
        "detected_at": "2026-03-16T06:32:51.892102",
        "model_version": "48px_v3.7_2024-01-10"
      }
    },
    {
      "type": "Feature",
      "geometry": {
        "type": "Point",
        "coordinates": [
          -1.7656050458707058,
          6.21925600326521
        ]
      },
      "properties": {
        "probability": 0.8849353790283203,
        "lat": 6.21925600326521,
        "lon": -1.7656050458707058,
        "region": "Obuasi",
        "detected_at": "2026-03-16T06:32:51.892198",
        "model_version": "48px_v3.7_2024-01-10"
      }
    },
    {
      "type": "Feature",
      "geometry": {
        "type": "Point",
        "coordinates": [
          -1.7656050458707058,
          6.2170803753803145
        ]
      },
      "properties": {
        "probability": 0.9967966675758362,
        "lat": 6.2170803753803145,
        "lon": -1.7656050458707058,
        "region": "Obuasi",
        "detected_at": "2026-03-16T06:32:51.892288",
        "model_version": "48px_v3.7_2024-01-10"
      }
    },
    {
      "type": "Feature",
      "geometry": {
        "type": "Point",
        "coordinates": [
          -1.7656050458707058,
          6.214904747495419
        ]
      },
      "properties": {
        "probability": 0.9999641180038452,
        "lat": 6.214904747495419,
        "lon": -1.7656050458707058,
        "region": "Obuasi",
        "detected_at": "2026-03-16T06:32:51.892377",
        "model_version": "48px_v3.7_2024-01-10"
      }
    },
    {
      "type": "Feature",
      "geometry": {
        "type": "Point",
        "coordinates": [
          -1.7656050458707058,
          6.2127291196105245
        ]
      },
      "properties": {
        "probability": 0.9950146675109863,
        "lat": 6.2127291196105245,
        "lon": -1.7656050458707058,
        "region": "Obuasi",
        "detected_at": "2026-03-16T06:32:51.892465",
        "model_version": "48px_v3.7_2024-01-10"
      }
    },
    {
      "type": "Feature",
      "geometry": {
        "type": "Point",
        "coordinates": [
          -1.7656050458707058,
          6.206202235955839
        ]
      },
      "properties": {
        "probability": 0.9242298603057861,
        "lat": 6.206202235955839,
        "lon": -1.7656050458707058,
        "region": "Obuasi",
        "detected_at": "2026-03-16T06:32:51.892553",
        "model_version": "48px_v3.7_2024-01-10"
      }
    },
    {
      "type": "Feature",
      "geometry": {
        "type": "Point",
        "coordinates": [
          -1.7656050458707058,
          6.204026608070943
        ]
      },
      "properties": {
        "probability": 0.9691857099533081,
        "lat": 6.204026608070943,
        "lon": -1.7656050458707058,
        "region": "Obuasi",
        "detected_at": "2026-03-16T06:32:51.892661",
        "model_version": "48px_v3.7_2024-01-10"
      }
    },
    {
      "type": "Feature",
      "geometry": {
        "type": "Point",
        "coordinates": [
          -1.7634309899264267,
          6.236661026344368
        ]
      },
      "properties": {
        "probability": 0.941900908946991,
        "lat": 6.236661026344368,
        "lon": -1.7634309899264267,
        "region": "Obuasi",
        "detected_at": "2026-03-16T06:32:51.892767",
        "model_version": "48px_v3.7_2024-01-10"
      }
    },
    {
      "type": "Feature",
      "geometry": {
        "type": "Point",
        "coordinates": [
          -1.7634309899264267,
          6.234485398459474
        ]
      },
      "properties": {
        "probability": 0.816942572593689,
        "lat": 6.234485398459474,
        "lon": -1.7634309899264267,
        "region": "Obuasi",
        "detected_at": "2026-03-16T06:32:51.892857",
        "model_version": "48px_v3.7_2024-01-10"
      }
    },
    {
      "type": "Feature",
      "geometry": {
        "type": "Point",
        "coordinates": [
          -1.7634309899264267,
          6.232309770574579
        ]
      },
      "properties": {
        "probability": 0.9682918787002563,
        "lat": 6.232309770574579,
        "lon": -1.7634309899264267,
        "region": "Obuasi",
        "detected_at": "2026-03-16T06:32:51.892945",
        "model_version": "48px_v3.7_2024-01-10"
      }
    },
    {
      "type": "Feature",
      "geometry": {
        "type": "Point",
        "coordinates": [
          -1.7634309899264267,
          6.230134142689683
        ]
      },
      "properties": {
        "probability": 0.9779411554336548,
        "lat": 6.230134142689683,
        "lon": -1.7634309899264267,
        "region": "Obuasi",
        "detected_at": "2026-03-16T06:32:51.893033",
        "model_version": "48px_v3.7_2024-01-10"
      }
    },
    {
      "type": "Feature",
      "geometry": {
        "type": "Point",
        "coordinates": [
          -1.7634309899264267,
          6.22795851480479
        ]
      },
      "properties": {
        "probability": 0.9027785062789917,
        "lat": 6.22795851480479,
        "lon": -1.7634309899264267,
        "region": "Obuasi",
        "detected_at": "2026-03-16T06:32:51.893122",
        "model_version": "48px_v3.7_2024-01-10"
      }
    },
    {
      "type": "Feature",
      "geometry": {
        "type": "Point",
        "coordinates": [
          -1.7634309899264267,
          6.225782886919895
        ]
      },
      "properties": {
        "probability": 0.9898790121078491,
        "lat": 6.225782886919895,
        "lon": -1.7634309899264267,
        "region": "Obuasi",
        "detected_at": "2026-03-16T06:32:51.893216",
        "model_version": "48px_v3.7_2024-01-10"
      }
    },
    {
      "type": "Feature",
      "geometry": {
        "type": "Point",
        "coordinates": [
          -1.7634309899264267,
          6.223607259035
        ]
      },
      "properties": {
        "probability": 0.9920329451560974,
        "lat": 6.223607259035,
        "lon": -1.7634309899264267,
        "region": "Obuasi",
        "detected_at": "2026-03-16T06:32:51.893304",
        "model_version": "48px_v3.7_2024-01-10"
      }
    },
    {
      "type": "Feature",
      "geometry": {
        "type": "Point",
        "coordinates": [
          -1.7634309899264267,
          6.221431631150104
        ]
      },
      "properties": {
        "probability": 0.9995478391647339,
        "lat": 6.221431631150104,
        "lon": -1.7634309899264267,
        "region": "Obuasi",
        "detected_at": "2026-03-16T06:32:51.893392",
        "model_version": "48px_v3.7_2024-01-10"
      }
    },
    {
      "type": "Feature",
      "geometry": {
        "type": "Point",
        "coordinates": [
          -1.7634309899264267,
          6.219256003265209
        ]
      },
      "properties": {
        "probability": 0.9999515414237976,
        "lat": 6.219256003265209,
        "lon": -1.7634309899264267,
        "region": "Obuasi",
        "detected_at": "2026-03-16T06:32:51.893479",
        "model_version": "48px_v3.7_2024-01-10"
      }
    },
    {
      "type": "Feature",
      "geometry": {
        "type": "Point",
        "coordinates": [
          -1.7634309899264267,
          6.2170803753803145
        ]
      },
      "properties": {
        "probability": 0.995137095451355,
        "lat": 6.2170803753803145,
        "lon": -1.7634309899264267,
        "region": "Obuasi",
        "detected_at": "2026-03-16T06:32:51.893575",
        "model_version": "48px_v3.7_2024-01-10"
      }
    },
    {
      "type": "Feature",
      "geometry": {
        "type": "Point",
        "coordinates": [
          -1.7634309899264267,
          6.214904747495419
        ]
      },
      "properties": {
        "probability": 0.9999721050262451,
        "lat": 6.214904747495419,
        "lon": -1.7634309899264267,
        "region": "Obuasi",
        "detected_at": "2026-03-16T06:32:51.893685",
        "model_version": "48px_v3.7_2024-01-10"
      }
    },
    {
      "type": "Feature",
      "geometry": {
        "type": "Point",
        "coordinates": [
          -1.7634309899264267,
          6.212729119610524
        ]
      },
      "properties": {
        "probability": 0.9893747568130493,
        "lat": 6.212729119610524,
        "lon": -1.7634309899264267,
        "region": "Obuasi",
        "detected_at": "2026-03-16T06:32:51.893776",
        "model_version": "48px_v3.7_2024-01-10"
      }
    },
    {
      "type": "Feature",
      "geometry": {
        "type": "Point",
        "coordinates": [
          -1.7634309899264267,
          6.206202235955838
        ]
      },
      "properties": {
        "probability": 0.8340443968772888,
        "lat": 6.206202235955838,
        "lon": -1.7634309899264267,
        "region": "Obuasi",
        "detected_at": "2026-03-16T06:32:51.893864",
        "model_version": "48px_v3.7_2024-01-10"
      }
    },
    {
      "type": "Feature",
      "geometry": {
        "type": "Point",
        "coordinates": [
          -1.7634309899264267,
          6.204026608070944
        ]
      },
      "properties": {
        "probability": 0.9291867017745972,
        "lat": 6.204026608070944,
        "lon": -1.7634309899264267,
        "region": "Obuasi",
        "detected_at": "2026-03-16T06:32:51.893959",
        "model_version": "48px_v3.7_2024-01-10"
      }
    },
    {
      "type": "Feature",
      "geometry": {
        "type": "Point",
        "coordinates": [
          -1.7634309899264267,
          6.20185098018605
        ]
      },
      "properties": {
        "probability": 0.9222983121871948,
        "lat": 6.20185098018605,
        "lon": -1.7634309899264267,
        "region": "Obuasi",
        "detected_at": "2026-03-16T06:32:51.894048",
        "model_version": "48px_v3.7_2024-01-10"
      }
    },
    {
      "type": "Feature",
      "geometry": {
        "type": "Point",
        "coordinates": [
          -1.7612569339821476,
          6.232309770574579
        ]
      },
      "properties": {
        "probability": 0.9632024168968201,
        "lat": 6.232309770574579,
        "lon": -1.7612569339821476,
        "region": "Obuasi",
        "detected_at": "2026-03-16T06:32:51.894135",
        "model_version": "48px_v3.7_2024-01-10"
      }
    },
    {
      "type": "Feature",
      "geometry": {
        "type": "Point",
        "coordinates": [
          -1.7612569339821476,
          6.230134142689685
        ]
      },
      "properties": {
        "probability": 0.9966741800308228,
        "lat": 6.230134142689685,
        "lon": -1.7612569339821476,
        "region": "Obuasi",
        "detected_at": "2026-03-16T06:32:51.894223",
        "model_version": "48px_v3.7_2024-01-10"
      }
    },
    {
      "type": "Feature",
      "geometry": {
        "type": "Point",
        "coordinates": [
          -1.7612569339821476,
          6.22795851480479
        ]
      },
      "properties": {
        "probability": 0.9999752640724182,
        "lat": 6.22795851480479,
        "lon": -1.7612569339821476,
        "region": "Obuasi",
        "detected_at": "2026-03-16T06:32:51.894311",
        "model_version": "48px_v3.7_2024-01-10"
      }
    },
    {
      "type": "Feature",
      "geometry": {
        "type": "Point",
        "coordinates": [
          -1.7612569339821476,
          6.225782886919895
        ]
      },
      "properties": {
        "probability": 0.9999997019767761,
        "lat": 6.225782886919895,
        "lon": -1.7612569339821476,
        "region": "Obuasi",
        "detected_at": "2026-03-16T06:32:51.894402",
        "model_version": "48px_v3.7_2024-01-10"
      }
    },
    {
      "type": "Feature",
      "geometry": {
        "type": "Point",
        "coordinates": [
          -1.7612569339821476,
          6.223607259034998
        ]
      },
      "properties": {
        "probability": 0.9999837875366211,
        "lat": 6.223607259034998,
        "lon": -1.7612569339821476,
        "region": "Obuasi",
        "detected_at": "2026-03-16T06:32:51.894490",
        "model_version": "48px_v3.7_2024-01-10"
      }
    },
    {
      "type": "Feature",
      "geometry": {
        "type": "Point",
        "coordinates": [
          -1.7612569339821476,
          6.221431631150103
        ]
      },
      "properties": {
        "probability": 0.9763271808624268,
        "lat": 6.221431631150103,
        "lon": -1.7612569339821476,
        "region": "Obuasi",
        "detected_at": "2026-03-16T06:32:51.894578",
        "model_version": "48px_v3.7_2024-01-10"
      }
    },
    {
      "type": "Feature",
      "geometry": {
        "type": "Point",
        "coordinates": [
          -1.7612569339821476,
          6.21925600326521
        ]
      },
      "properties": {
        "probability": 0.8776967525482178,
        "lat": 6.21925600326521,
        "lon": -1.7612569339821476,
        "region": "Obuasi",
        "detected_at": "2026-03-16T06:32:51.894727",
        "model_version": "48px_v3.7_2024-01-10"
      }
    },
    {
      "type": "Feature",
      "geometry": {
        "type": "Point",
        "coordinates": [
          -1.7612569339821476,
          6.214904747495419
        ]
      },
      "properties": {
        "probability": 0.9945945143699646,
        "lat": 6.214904747495419,
        "lon": -1.7612569339821476,
        "region": "Obuasi",
        "detected_at": "2026-03-16T06:32:51.894826",
        "model_version": "48px_v3.7_2024-01-10"
      }
    },
    {
      "type": "Feature",
      "geometry": {
        "type": "Point",
        "coordinates": [
          -1.7612569339821476,
          6.204026608070943
        ]
      },
      "properties": {
        "probability": 0.84075927734375,
        "lat": 6.204026608070943,
        "lon": -1.7612569339821476,
        "region": "Obuasi",
        "detected_at": "2026-03-16T06:32:51.894916",
        "model_version": "48px_v3.7_2024-01-10"
      }
    },
    {
      "type": "Feature",
      "geometry": {
        "type": "Point",
        "coordinates": [
          -1.7612569339821476,
          6.20185098018605
        ]
      },
      "properties": {
        "probability": 0.9270156025886536,
        "lat": 6.20185098018605,
        "lon": -1.7612569339821476,
        "region": "Obuasi",
        "detected_at": "2026-03-16T06:32:51.895004",
        "model_version": "48px_v3.7_2024-01-10"
      }
    },
    {
      "type": "Feature",
      "geometry": {
        "type": "Point",
        "coordinates": [
          -1.7590828780378678,
          6.24971479365374
        ]
      },
      "properties": {
        "probability": 0.8104550242424011,
        "lat": 6.24971479365374,
        "lon": -1.7590828780378678,
        "region": "Obuasi",
        "detected_at": "2026-03-16T06:32:51.895099",
        "model_version": "48px_v3.7_2024-01-10"
      }
    },
    {
      "type": "Feature",
      "geometry": {
        "type": "Point",
        "coordinates": [
          -1.7590828780378678,
          6.234485398459475
        ]
      },
      "properties": {
        "probability": 0.8564572334289551,
        "lat": 6.234485398459475,
        "lon": -1.7590828780378678,
        "region": "Obuasi",
        "detected_at": "2026-03-16T06:32:51.895191",
        "model_version": "48px_v3.7_2024-01-10"
      }
    },
    {
      "type": "Feature",
      "geometry": {
        "type": "Point",
        "coordinates": [
          -1.7590828780378678,
          6.232309770574579
        ]
      },
      "properties": {
        "probability": 0.999973475933075,
        "lat": 6.232309770574579,
        "lon": -1.7590828780378678,
        "region": "Obuasi",
        "detected_at": "2026-03-16T06:32:51.895282",
        "model_version": "48px_v3.7_2024-01-10"
      }
    },
    {
      "type": "Feature",
      "geometry": {
        "type": "Point",
        "coordinates": [
          -1.7590828780378678,
          6.230134142689685
        ]
      },
      "properties": {
        "probability": 0.9999982118606567,
        "lat": 6.230134142689685,
        "lon": -1.7590828780378678,
        "region": "Obuasi",
        "detected_at": "2026-03-16T06:32:51.895370",
        "model_version": "48px_v3.7_2024-01-10"
      }
    },
    {
      "type": "Feature",
      "geometry": {
        "type": "Point",
        "coordinates": [
          -1.759082878037868,
          6.22795851480479
        ]
      },
      "properties": {
        "probability": 0.999997079372406,
        "lat": 6.22795851480479,
        "lon": -1.759082878037868,
        "region": "Obuasi",
        "detected_at": "2026-03-16T06:32:51.895458",
        "model_version": "48px_v3.7_2024-01-10"
      }
    },
    {
      "type": "Feature",
      "geometry": {
        "type": "Point",
        "coordinates": [
          -1.7590828780378678,
          6.225782886919895
        ]
      },
      "properties": {
        "probability": 0.9998342394828796,
        "lat": 6.225782886919895,
        "lon": -1.7590828780378678,
        "region": "Obuasi",
        "detected_at": "2026-03-16T06:32:51.895551",
        "model_version": "48px_v3.7_2024-01-10"
      }
    },
    {
      "type": "Feature",
      "geometry": {
        "type": "Point",
        "coordinates": [
          -1.7590828780378678,
          6.223607259034998
        ]
      },
      "properties": {
        "probability": 0.9943438172340393,
        "lat": 6.223607259034998,
        "lon": -1.7590828780378678,
        "region": "Obuasi",
        "detected_at": "2026-03-16T06:32:51.895666",
        "model_version": "48px_v3.7_2024-01-10"
      }
    },
    {
      "type": "Feature",
      "geometry": {
        "type": "Point",
        "coordinates": [
          -1.7569088220935887,
          6.247539165768845
        ]
      },
      "properties": {
        "probability": 0.8731179237365723,
        "lat": 6.247539165768845,
        "lon": -1.7569088220935887,
        "region": "Obuasi",
        "detected_at": "2026-03-16T06:32:51.895765",
        "model_version": "48px_v3.7_2024-01-10"
      }
    },
    {
      "type": "Feature",
      "geometry": {
        "type": "Point",
        "coordinates": [
          -1.7569088220935887,
          6.24536353788395
        ]
      },
      "properties": {
        "probability": 0.9687929153442383,
        "lat": 6.24536353788395,
        "lon": -1.7569088220935887,
        "region": "Obuasi",
        "detected_at": "2026-03-16T06:32:51.895855",
        "model_version": "48px_v3.7_2024-01-10"
      }
    },
    {
      "type": "Feature",
      "geometry": {
        "type": "Point",
        "coordinates": [
          -1.7569088220935887,
          6.238836654229265
        ]
      },
      "properties": {
        "probability": 0.9008054137229919,
        "lat": 6.238836654229265,
        "lon": -1.7569088220935887,
        "region": "Obuasi",
        "detected_at": "2026-03-16T06:32:51.895944",
        "model_version": "48px_v3.7_2024-01-10"
      }
    },
    {
      "type": "Feature",
      "geometry": {
        "type": "Point",
        "coordinates": [
          -1.7569088220935887,
          6.232309770574579
        ]
      },
      "properties": {
        "probability": 0.9999411702156067,
        "lat": 6.232309770574579,
        "lon": -1.7569088220935887,
        "region": "Obuasi",
        "detected_at": "2026-03-16T06:32:51.896039",
        "model_version": "48px_v3.7_2024-01-10"
      }
    },
    {
      "type": "Feature",
      "geometry": {
        "type": "Point",
        "coordinates": [
          -1.7569088220935887,
          6.230134142689683
        ]
      },
      "properties": {
        "probability": 0.9999994039535522,
        "lat": 6.230134142689683,
        "lon": -1.7569088220935887,
        "region": "Obuasi",
        "detected_at": "2026-03-16T06:32:51.896128",
        "model_version": "48px_v3.7_2024-01-10"
      }
    },
    {
      "type": "Feature",
      "geometry": {
        "type": "Point",
        "coordinates": [
          -1.756908822093589,
          6.22795851480479
        ]
      },
      "properties": {
        "probability": 0.9939267039299011,
        "lat": 6.22795851480479,
        "lon": -1.756908822093589,
        "region": "Obuasi",
        "detected_at": "2026-03-16T06:32:51.896216",
        "model_version": "48px_v3.7_2024-01-10"
      }
    },
    {
      "type": "Feature",
      "geometry": {
        "type": "Point",
        "coordinates": [
          -1.7569088220935887,
          6.219256003265209
        ]
      },
      "properties": {
        "probability": 0.8416420221328735,
        "lat": 6.219256003265209,
        "lon": -1.7569088220935887,
        "region": "Obuasi",
        "detected_at": "2026-03-16T06:32:51.896304",
        "model_version": "48px_v3.7_2024-01-10"
      }
    },
    {
      "type": "Feature",
      "geometry": {
        "type": "Point",
        "coordinates": [
          -1.7547347661493098,
          6.232309770574579
        ]
      },
      "properties": {
        "probability": 0.9723657369613647,
        "lat": 6.232309770574579,
        "lon": -1.7547347661493098,
        "region": "Obuasi",
        "detected_at": "2026-03-16T06:32:51.896392",
        "model_version": "48px_v3.7_2024-01-10"
      }
    },
    {
      "type": "Feature",
      "geometry": {
        "type": "Point",
        "coordinates": [
          -1.7547347661493098,
          6.230134142689685
        ]
      },
      "properties": {
        "probability": 0.9968690276145935,
        "lat": 6.230134142689685,
        "lon": -1.7547347661493098,
        "region": "Obuasi",
        "detected_at": "2026-03-16T06:32:51.896482",
        "model_version": "48px_v3.7_2024-01-10"
      }
    },
    {
      "type": "Feature",
      "geometry": {
        "type": "Point",
        "coordinates": [
          -1.7547347661493098,
          6.2170803753803145
        ]
      },
      "properties": {
        "probability": 0.9732186794281006,
        "lat": 6.2170803753803145,
        "lon": -1.7547347661493098,
        "region": "Obuasi",
        "detected_at": "2026-03-16T06:32:51.896577",
        "model_version": "48px_v3.7_2024-01-10"
      }
    },
    {
      "type": "Feature",
      "geometry": {
        "type": "Point",
        "coordinates": [
          -1.7525607102050302,
          6.24971479365374
        ]
      },
      "properties": {
        "probability": 0.8431940674781799,
        "lat": 6.24971479365374,
        "lon": -1.7525607102050302,
        "region": "Obuasi",
        "detected_at": "2026-03-16T06:32:51.896707",
        "model_version": "48px_v3.7_2024-01-10"
      }
    },
    {
      "type": "Feature",
      "geometry": {
        "type": "Point",
        "coordinates": [
          -1.7525607102050302,
          6.241012282114159
        ]
      },
      "properties": {
        "probability": 0.929417610168457,
        "lat": 6.241012282114159,
        "lon": -1.7525607102050302,
        "region": "Obuasi",
        "detected_at": "2026-03-16T06:32:51.896802",
        "model_version": "48px_v3.7_2024-01-10"
      }
    },
    {
      "type": "Feature",
      "geometry": {
        "type": "Point",
        "coordinates": [
          -1.7525607102050302,
          6.236661026344368
        ]
      },
      "properties": {
        "probability": 0.8997657895088196,
        "lat": 6.236661026344368,
        "lon": -1.7525607102050302,
        "region": "Obuasi",
        "detected_at": "2026-03-16T06:32:51.896891",
        "model_version": "48px_v3.7_2024-01-10"
      }
    },
    {
      "type": "Feature",
      "geometry": {
        "type": "Point",
        "coordinates": [
          -1.7525607102050302,
          6.2170803753803145
        ]
      },
      "properties": {
        "probability": 0.9303115606307983,
        "lat": 6.2170803753803145,
        "lon": -1.7525607102050302,
        "region": "Obuasi",
        "detected_at": "2026-03-16T06:32:51.897022",
        "model_version": "48px_v3.7_2024-01-10"
      }
    },
    {
      "type": "Feature",
      "geometry": {
        "type": "Point",
        "coordinates": [
          -1.7525607102050302,
          6.206202235955839
        ]
      },
      "properties": {
        "probability": 0.9942889213562012,
        "lat": 6.206202235955839,
        "lon": -1.7525607102050302,
        "region": "Obuasi",
        "detected_at": "2026-03-16T06:32:51.897113",
        "model_version": "48px_v3.7_2024-01-10"
      }
    },
    {
      "type": "Feature",
      "geometry": {
        "type": "Point",
        "coordinates": [
          -1.598000497576708,
          6.431585341965358
        ]
      },
      "properties": {
        "probability": 0.989004909992218,
        "lat": 6.431585341965358,
        "lon": -1.598000497576708,
        "region": "Obuasi",
        "detected_at": "2026-03-16T06:32:51.897202",
        "model_version": "48px_v3.7_2024-01-10"
      }
    },
    {
      "type": "Feature",
      "geometry": {
        "type": "Point",
        "coordinates": [
          -1.598000497576708,
          6.429409034750156
        ]
      },
      "properties": {
        "probability": 0.8020703196525574,
        "lat": 6.429409034750156,
        "lon": -1.598000497576708,
        "region": "Obuasi",
        "detected_at": "2026-03-16T06:32:51.897291",
        "model_version": "48px_v3.7_2024-01-10"
      }
    },
    {
      "type": "Feature",
      "geometry": {
        "type": "Point",
        "coordinates": [
          -1.7483355650069115,
          6.249593454184338
        ]
      },
      "properties": {
        "probability": 0.9999991655349731,
        "lat": 6.249593454184338,
        "lon": -1.7483355650069115,
        "region": "Obuasi",
        "detected_at": "2026-03-16T06:32:51.897381",
        "model_version": "48px_v3.7_2024-01-10"
      }
    },
    {
      "type": "Feature",
      "geometry": {
        "type": "Point",
        "coordinates": [
          -1.7483355650069115,
          6.247417655823918
        ]
      },
      "properties": {
        "probability": 0.9998815059661865,
        "lat": 6.247417655823918,
        "lon": -1.7483355650069115,
        "region": "Obuasi",
        "detected_at": "2026-03-16T06:32:51.897470",
        "model_version": "48px_v3.7_2024-01-10"
      }
    },
    {
      "type": "Feature",
      "geometry": {
        "type": "Point",
        "coordinates": [
          -1.7483355650069112,
          6.245241857463499
        ]
      },
      "properties": {
        "probability": 0.9999995231628418,
        "lat": 6.245241857463499,
        "lon": -1.7483355650069112,
        "region": "Obuasi",
        "detected_at": "2026-03-16T06:32:51.897560",
        "model_version": "48px_v3.7_2024-01-10"
      }
    },
    {
      "type": "Feature",
      "geometry": {
        "type": "Point",
        "coordinates": [
          -1.7483355650069112,
          6.243066059103081
        ]
      },
      "properties": {
        "probability": 0.9999680519104004,
        "lat": 6.243066059103081,
        "lon": -1.7483355650069112,
        "region": "Obuasi",
        "detected_at": "2026-03-16T06:32:51.897678",
        "model_version": "48px_v3.7_2024-01-10"
      }
    },
    {
      "type": "Feature",
      "geometry": {
        "type": "Point",
        "coordinates": [
          -1.7483355650069112,
          6.2408902607426615
        ]
      },
      "properties": {
        "probability": 0.992199182510376,
        "lat": 6.2408902607426615,
        "lon": -1.7483355650069112,
        "region": "Obuasi",
        "detected_at": "2026-03-16T06:32:51.897771",
        "model_version": "48px_v3.7_2024-01-10"
      }
    },
    {
      "type": "Feature",
      "geometry": {
        "type": "Point",
        "coordinates": [
          -1.7483355650069115,
          6.203901688615543
        ]
      },
      "properties": {
        "probability": 0.91175776720047,
        "lat": 6.203901688615543,
        "lon": -1.7483355650069115,
        "region": "Obuasi",
        "detected_at": "2026-03-16T06:32:51.897861",
        "model_version": "48px_v3.7_2024-01-10"
      }
    },
    {
      "type": "Feature",
      "geometry": {
        "type": "Point",
        "coordinates": [
          -1.746161339227285,
          6.249593454184338
        ]
      },
      "properties": {
        "probability": 0.9894843101501465,
        "lat": 6.249593454184338,
        "lon": -1.746161339227285,
        "region": "Obuasi",
        "detected_at": "2026-03-16T06:32:51.897965",
        "model_version": "48px_v3.7_2024-01-10"
      }
    },
    {
      "type": "Feature",
      "geometry": {
        "type": "Point",
        "coordinates": [
          -1.746161339227285,
          6.247417655823918
        ]
      },
      "properties": {
        "probability": 0.9995467662811279,
        "lat": 6.247417655823918,
        "lon": -1.746161339227285,
        "region": "Obuasi",
        "detected_at": "2026-03-16T06:32:51.898055",
        "model_version": "48px_v3.7_2024-01-10"
      }
    },
    {
      "type": "Feature",
      "geometry": {
        "type": "Point",
        "coordinates": [
          -1.7461613392272854,
          6.245241857463499
        ]
      },
      "properties": {
        "probability": 0.9974930286407471,
        "lat": 6.245241857463499,
        "lon": -1.7461613392272854,
        "region": "Obuasi",
        "detected_at": "2026-03-16T06:32:51.898150",
        "model_version": "48px_v3.7_2024-01-10"
      }
    },
    {
      "type": "Feature",
      "geometry": {
        "type": "Point",
        "coordinates": [
          -1.746161339227285,
          6.203901688615543
        ]
      },
      "properties": {
        "probability": 0.8564565777778625,
        "lat": 6.203901688615543,
        "lon": -1.746161339227285,
        "region": "Obuasi",
        "detected_at": "2026-03-16T06:32:51.898243",
        "model_version": "48px_v3.7_2024-01-10"
      }
    },
    {
      "type": "Feature",
      "geometry": {
        "type": "Point",
        "coordinates": [
          -1.746161339227285,
          6.201725890255125
        ]
      },
      "properties": {
        "probability": 0.9822292327880859,
        "lat": 6.201725890255125,
        "lon": -1.746161339227285,
        "region": "Obuasi",
        "detected_at": "2026-03-16T06:32:51.898334",
        "model_version": "48px_v3.7_2024-01-10"
      }
    },
    {
      "type": "Feature",
      "geometry": {
        "type": "Point",
        "coordinates": [
          -1.743987113447659,
          6.245241857463499
        ]
      },
      "properties": {
        "probability": 0.9987832307815552,
        "lat": 6.245241857463499,
        "lon": -1.743987113447659,
        "region": "Obuasi",
        "detected_at": "2026-03-16T06:32:51.898423",
        "model_version": "48px_v3.7_2024-01-10"
      }
    },
    {
      "type": "Feature",
      "geometry": {
        "type": "Point",
        "coordinates": [
          -1.743987113447659,
          6.243066059103081
        ]
      },
      "properties": {
        "probability": 0.8768831491470337,
        "lat": 6.243066059103081,
        "lon": -1.743987113447659,
        "region": "Obuasi",
        "detected_at": "2026-03-16T06:32:51.898511",
        "model_version": "48px_v3.7_2024-01-10"
      }
    },
    {
      "type": "Feature",
      "geometry": {
        "type": "Point",
        "coordinates": [
          -1.7418128876680328,
          6.232187067300988
        ]
      },
      "properties": {
        "probability": 0.9729709029197693,
        "lat": 6.232187067300988,
        "lon": -1.7418128876680328,
        "region": "Obuasi",
        "detected_at": "2026-03-16T06:32:51.898615",
        "model_version": "48px_v3.7_2024-01-10"
      }
    },
    {
      "type": "Feature",
      "geometry": {
        "type": "Point",
        "coordinates": [
          -1.7396386618884065,
          6.232187067300988
        ]
      },
      "properties": {
        "probability": 0.801710844039917,
        "lat": 6.232187067300988,
        "lon": -1.7396386618884065,
        "region": "Obuasi",
        "detected_at": "2026-03-16T06:32:51.898710",
        "model_version": "48px_v3.7_2024-01-10"
      }
    },
    {
      "type": "Feature",
      "geometry": {
        "type": "Point",
        "coordinates": [
          -1.7374644361087803,
          6.234362865661406
        ]
      },
      "properties": {
        "probability": 0.961356520652771,
        "lat": 6.234362865661406,
        "lon": -1.7374644361087803,
        "region": "Obuasi",
        "detected_at": "2026-03-16T06:32:51.898799",
        "model_version": "48px_v3.7_2024-01-10"
      }
    },
    {
      "type": "Feature",
      "geometry": {
        "type": "Point",
        "coordinates": [
          -1.7374644361087805,
          6.232187067300988
        ]
      },
      "properties": {
        "probability": 0.8353492021560669,
        "lat": 6.232187067300988,
        "lon": -1.7374644361087805,
        "region": "Obuasi",
        "detected_at": "2026-03-16T06:32:51.898887",
        "model_version": "48px_v3.7_2024-01-10"
      }
    },
    {
      "type": "Feature",
      "geometry": {
        "type": "Point",
        "coordinates": [
          -1.735290210329154,
          6.234362865661406
        ]
      },
      "properties": {
        "probability": 0.9197349548339844,
        "lat": 6.234362865661406,
        "lon": -1.735290210329154,
        "region": "Obuasi",
        "detected_at": "2026-03-16T06:32:51.898975",
        "model_version": "48px_v3.7_2024-01-10"
      }
    },
    {
      "type": "Feature",
      "geometry": {
        "type": "Point",
        "coordinates": [
          -1.735290210329154,
          6.232187067300988
        ]
      },
      "properties": {
        "probability": 0.9810641407966614,
        "lat": 6.232187067300988,
        "lon": -1.735290210329154,
        "region": "Obuasi",
        "detected_at": "2026-03-16T06:32:51.899063",
        "model_version": "48px_v3.7_2024-01-10"
      }
    },
    {
      "type": "Feature",
      "geometry": {
        "type": "Point",
        "coordinates": [
          -1.7331159845495279,
          6.2408902607426615
        ]
      },
      "properties": {
        "probability": 0.8696584701538086,
        "lat": 6.2408902607426615,
        "lon": -1.7331159845495279,
        "region": "Obuasi",
        "detected_at": "2026-03-16T06:32:51.899151",
        "model_version": "48px_v3.7_2024-01-10"
      }
    },
    {
      "type": "Feature",
      "geometry": {
        "type": "Point",
        "coordinates": [
          -1.7331159845495279,
          6.238714462382243
        ]
      },
      "properties": {
        "probability": 0.8688673377037048,
        "lat": 6.238714462382243,
        "lon": -1.7331159845495279,
        "region": "Obuasi",
        "detected_at": "2026-03-16T06:32:51.899240",
        "model_version": "48px_v3.7_2024-01-10"
      }
    },
    {
      "type": "Feature",
      "geometry": {
        "type": "Point",
        "coordinates": [
          -1.7331159845495279,
          6.234362865661406
        ]
      },
      "properties": {
        "probability": 0.9378137588500977,
        "lat": 6.234362865661406,
        "lon": -1.7331159845495279,
        "region": "Obuasi",
        "detected_at": "2026-03-16T06:32:51.899329",
        "model_version": "48px_v3.7_2024-01-10"
      }
    },
    {
      "type": "Feature",
      "geometry": {
        "type": "Point",
        "coordinates": [
          -1.7309417587699016,
          6.249593454184338
        ]
      },
      "properties": {
        "probability": 0.9219151139259338,
        "lat": 6.249593454184338,
        "lon": -1.7309417587699016,
        "region": "Obuasi",
        "detected_at": "2026-03-16T06:32:51.899429",
        "model_version": "48px_v3.7_2024-01-10"
      }
    },
    {
      "type": "Feature",
      "geometry": {
        "type": "Point",
        "coordinates": [
          -1.7287675329902752,
          6.249593454184338
        ]
      },
      "properties": {
        "probability": 0.807184100151062,
        "lat": 6.249593454184338,
        "lon": -1.7287675329902752,
        "region": "Obuasi",
        "detected_at": "2026-03-16T06:32:51.899519",
        "model_version": "48px_v3.7_2024-01-10"
      }
    },
    {
      "type": "Feature",
      "geometry": {
        "type": "Point",
        "coordinates": [
          -1.7287675329902752,
          6.247417655823918
        ]
      },
      "properties": {
        "probability": 0.9854275584220886,
        "lat": 6.247417655823918,
        "lon": -1.7287675329902752,
        "region": "Obuasi",
        "detected_at": "2026-03-16T06:32:51.899632",
        "model_version": "48px_v3.7_2024-01-10"
      }
    },
    {
      "type": "Feature",
      "geometry": {
        "type": "Point",
        "coordinates": [
          -1.724419081431023,
          6.245241857463499
        ]
      },
      "properties": {
        "probability": 0.8878283500671387,
        "lat": 6.245241857463499,
        "lon": -1.724419081431023,
        "region": "Obuasi",
        "detected_at": "2026-03-16T06:32:51.899729",
        "model_version": "48px_v3.7_2024-01-10"
      }
    },
    {
      "type": "Feature",
      "geometry": {
        "type": "Point",
        "coordinates": [
          -1.724419081431023,
          6.243066059103081
        ]
      },
      "properties": {
        "probability": 0.9991148710250854,
        "lat": 6.243066059103081,
        "lon": -1.724419081431023,
        "region": "Obuasi",
        "detected_at": "2026-03-16T06:32:51.899819",
        "model_version": "48px_v3.7_2024-01-10"
      }
    },
    {
      "type": "Feature",
      "geometry": {
        "type": "Point",
        "coordinates": [
          -1.724419081431023,
          6.2408902607426615
        ]
      },
      "properties": {
        "probability": 0.9821414351463318,
        "lat": 6.2408902607426615,
        "lon": -1.724419081431023,
        "region": "Obuasi",
        "detected_at": "2026-03-16T06:32:51.899909",
        "model_version": "48px_v3.7_2024-01-10"
      }
    },
    {
      "type": "Feature",
      "geometry": {
        "type": "Point",
        "coordinates": [
          -1.724419081431023,
          6.238714462382243
        ]
      },
      "properties": {
        "probability": 0.9911053776741028,
        "lat": 6.238714462382243,
        "lon": -1.724419081431023,
        "region": "Obuasi",
        "detected_at": "2026-03-16T06:32:51.899998",
        "model_version": "48px_v3.7_2024-01-10"
      }
    },
    {
      "type": "Feature",
      "geometry": {
        "type": "Point",
        "coordinates": [
          -1.7222448556513963,
          6.245241857463499
        ]
      },
      "properties": {
        "probability": 0.9935057163238525,
        "lat": 6.245241857463499,
        "lon": -1.7222448556513963,
        "region": "Obuasi",
        "detected_at": "2026-03-16T06:32:51.900087",
        "model_version": "48px_v3.7_2024-01-10"
      }
    },
    {
      "type": "Feature",
      "geometry": {
        "type": "Point",
        "coordinates": [
          -1.7222448556513963,
          6.243066059103081
        ]
      },
      "properties": {
        "probability": 0.9964832067489624,
        "lat": 6.243066059103081,
        "lon": -1.7222448556513963,
        "region": "Obuasi",
        "detected_at": "2026-03-16T06:32:51.900175",
        "model_version": "48px_v3.7_2024-01-10"
      }
    },
    {
      "type": "Feature",
      "geometry": {
        "type": "Point",
        "coordinates": [
          -1.7200706298717707,
          6.247417655823918
        ]
      },
      "properties": {
        "probability": 0.9701597094535828,
        "lat": 6.247417655823918,
        "lon": -1.7200706298717707,
        "region": "Obuasi",
        "detected_at": "2026-03-16T06:32:51.900262",
        "model_version": "48px_v3.7_2024-01-10"
      }
    },
    {
      "type": "Feature",
      "geometry": {
        "type": "Point",
        "coordinates": [
          -1.7200706298717705,
          6.245241857463499
        ]
      },
      "properties": {
        "probability": 0.9993449449539185,
        "lat": 6.245241857463499,
        "lon": -1.7200706298717705,
        "region": "Obuasi",
        "detected_at": "2026-03-16T06:32:51.900358",
        "model_version": "48px_v3.7_2024-01-10"
      }
    },
    {
      "type": "Feature",
      "geometry": {
        "type": "Point",
        "coordinates": [
          -1.7178964040921443,
          6.247417655823918
        ]
      },
      "properties": {
        "probability": 0.9990984201431274,
        "lat": 6.247417655823918,
        "lon": -1.7178964040921443,
        "region": "Obuasi",
        "detected_at": "2026-03-16T06:32:51.900446",
        "model_version": "48px_v3.7_2024-01-10"
      }
    },
    {
      "type": "Feature",
      "geometry": {
        "type": "Point",
        "coordinates": [
          -1.7178964040921443,
          6.245241857463499
        ]
      },
      "properties": {
        "probability": 0.9997881650924683,
        "lat": 6.245241857463499,
        "lon": -1.7178964040921443,
        "region": "Obuasi",
        "detected_at": "2026-03-16T06:32:51.900534",
        "model_version": "48px_v3.7_2024-01-10"
      }
    },
    {
      "type": "Feature",
      "geometry": {
        "type": "Point",
        "coordinates": [
          -1.715722178312518,
          6.249593454184338
        ]
      },
      "properties": {
        "probability": 0.9978065490722656,
        "lat": 6.249593454184338,
        "lon": -1.715722178312518,
        "region": "Obuasi",
        "detected_at": "2026-03-16T06:32:51.900640",
        "model_version": "48px_v3.7_2024-01-10"
      }
    },
    {
      "type": "Feature",
      "geometry": {
        "type": "Point",
        "coordinates": [
          -1.715722178312518,
          6.247417655823918
        ]
      },
      "properties": {
        "probability": 0.9968196749687195,
        "lat": 6.247417655823918,
        "lon": -1.715722178312518,
        "region": "Obuasi",
        "detected_at": "2026-03-16T06:32:51.900736",
        "model_version": "48px_v3.7_2024-01-10"
      }
    },
    {
      "type": "Feature",
      "geometry": {
        "type": "Point",
        "coordinates": [
          -1.715722178312518,
          6.245241857463499
        ]
      },
      "properties": {
        "probability": 0.952778697013855,
        "lat": 6.245241857463499,
        "lon": -1.715722178312518,
        "region": "Obuasi",
        "detected_at": "2026-03-16T06:32:51.900836",
        "model_version": "48px_v3.7_2024-01-10"
      }
    },
    {
      "type": "Feature",
      "geometry": {
        "type": "Point",
        "coordinates": [
          -1.7135479525328916,
          6.249593454184338
        ]
      },
      "properties": {
        "probability": 0.9985692501068115,
        "lat": 6.249593454184338,
        "lon": -1.7135479525328916,
        "region": "Obuasi",
        "detected_at": "2026-03-16T06:32:51.900927",
        "model_version": "48px_v3.7_2024-01-10"
      }
    },
    {
      "type": "Feature",
      "geometry": {
        "type": "Point",
        "coordinates": [
          -1.7135479525328916,
          6.247417655823918
        ]
      },
      "properties": {
        "probability": 0.8558218479156494,
        "lat": 6.247417655823918,
        "lon": -1.7135479525328916,
        "region": "Obuasi",
        "detected_at": "2026-03-16T06:32:51.901029",
        "model_version": "48px_v3.7_2024-01-10"
      }
    },
    {
      "type": "Feature",
      "geometry": {
        "type": "Point",
        "coordinates": [
          -1.850271441100039,
          6.228076426614537
        ]
      },
      "properties": {
        "probability": 0.9354352355003357,
        "lat": 6.228076426614537,
        "lon": -1.850271441100039,
        "region": "Obuasi",
        "detected_at": "2026-03-16T06:32:51.901118",
        "model_version": "48px_v3.7_2024-01-10"
      }
    },
    {
      "type": "Feature",
      "geometry": {
        "type": "Point",
        "coordinates": [
          -1.8480975568343962,
          6.247655526891717
        ]
      },
      "properties": {
        "probability": 0.9189820289611816,
        "lat": 6.247655526891717,
        "lon": -1.8480975568343962,
        "region": "Obuasi",
        "detected_at": "2026-03-16T06:32:51.901214",
        "model_version": "48px_v3.7_2024-01-10"
      }
    },
    {
      "type": "Feature",
      "geometry": {
        "type": "Point",
        "coordinates": [
          -1.8480975568343965,
          6.228076426614537
        ]
      },
      "properties": {
        "probability": 0.9621667861938477,
        "lat": 6.228076426614537,
        "lon": -1.8480975568343965,
        "region": "Obuasi",
        "detected_at": "2026-03-16T06:32:51.901310",
        "model_version": "48px_v3.7_2024-01-10"
      }
    },
    {
      "type": "Feature",
      "geometry": {
        "type": "Point",
        "coordinates": [
          -1.8480975568343962,
          6.225900971028184
        ]
      },
      "properties": {
        "probability": 0.9691943526268005,
        "lat": 6.225900971028184,
        "lon": -1.8480975568343962,
        "region": "Obuasi",
        "detected_at": "2026-03-16T06:32:51.901400",
        "model_version": "48px_v3.7_2024-01-10"
      }
    },
    {
      "type": "Feature",
      "geometry": {
        "type": "Point",
        "coordinates": [
          -1.8459236725687542,
          6.249830982478072
        ]
      },
      "properties": {
        "probability": 0.9715778231620789,
        "lat": 6.249830982478072,
        "lon": -1.8459236725687542,
        "region": "Obuasi",
        "detected_at": "2026-03-16T06:32:51.901488",
        "model_version": "48px_v3.7_2024-01-10"
      }
    },
    {
      "type": "Feature",
      "geometry": {
        "type": "Point",
        "coordinates": [
          -1.8459236725687542,
          6.247655526891717
        ]
      },
      "properties": {
        "probability": 0.9936880469322205,
        "lat": 6.247655526891717,
        "lon": -1.8459236725687542,
        "region": "Obuasi",
        "detected_at": "2026-03-16T06:32:51.901575",
        "model_version": "48px_v3.7_2024-01-10"
      }
    },
    {
      "type": "Feature",
      "geometry": {
        "type": "Point",
        "coordinates": [
          -1.8459236725687542,
          6.225900971028185
        ]
      },
      "properties": {
        "probability": 0.9407210946083069,
        "lat": 6.225900971028185,
        "lon": -1.8459236725687542,
        "region": "Obuasi",
        "detected_at": "2026-03-16T06:32:51.901683",
        "model_version": "48px_v3.7_2024-01-10"
      }
    },
    {
      "type": "Feature",
      "geometry": {
        "type": "Point",
        "coordinates": [
          -1.843749788303112,
          6.249830982478072
        ]
      },
      "properties": {
        "probability": 0.9401560425758362,
        "lat": 6.249830982478072,
        "lon": -1.843749788303112,
        "region": "Obuasi",
        "detected_at": "2026-03-16T06:32:51.901781",
        "model_version": "48px_v3.7_2024-01-10"
      }
    },
    {
      "type": "Feature",
      "geometry": {
        "type": "Point",
        "coordinates": [
          -1.843749788303112,
          6.247655526891717
        ]
      },
      "properties": {
        "probability": 0.9035274982452393,
        "lat": 6.247655526891717,
        "lon": -1.843749788303112,
        "region": "Obuasi",
        "detected_at": "2026-03-16T06:32:51.901870",
        "model_version": "48px_v3.7_2024-01-10"
      }
    },
    {
      "type": "Feature",
      "geometry": {
        "type": "Point",
        "coordinates": [
          -1.8198370613810462,
          6.204146415164652
        ]
      },
      "properties": {
        "probability": 0.9834285378456116,
        "lat": 6.204146415164652,
        "lon": -1.8198370613810462,
        "region": "Obuasi",
        "detected_at": "2026-03-16T06:32:51.901958",
        "model_version": "48px_v3.7_2024-01-10"
      }
    },
    {
      "type": "Feature",
      "geometry": {
        "type": "Point",
        "coordinates": [
          -1.8176631771154041,
          6.204146415164652
        ]
      },
      "properties": {
        "probability": 0.9887926578521729,
        "lat": 6.204146415164652,
        "lon": -1.8176631771154041,
        "region": "Obuasi",
        "detected_at": "2026-03-16T06:32:51.902048",
        "model_version": "48px_v3.7_2024-01-10"
      }
    },
    {
      "type": "Feature",
      "geometry": {
        "type": "Point",
        "coordinates": [
          -1.8176631771154041,
          6.201970959578299
        ]
      },
      "properties": {
        "probability": 0.9691627621650696,
        "lat": 6.201970959578299,
        "lon": -1.8176631771154041,
        "region": "Obuasi",
        "detected_at": "2026-03-16T06:32:51.902137",
        "model_version": "48px_v3.7_2024-01-10"
      }
    },
    {
      "type": "Feature",
      "geometry": {
        "type": "Point",
        "coordinates": [
          -1.8133154085841194,
          6.212848237510064
        ]
      },
      "properties": {
        "probability": 0.9315160512924194,
        "lat": 6.212848237510064,
        "lon": -1.8133154085841194,
        "region": "Obuasi",
        "detected_at": "2026-03-16T06:32:51.902226",
        "model_version": "48px_v3.7_2024-01-10"
      }
    },
    {
      "type": "Feature",
      "geometry": {
        "type": "Point",
        "coordinates": [
          -1.8046198715215502,
          6.243304615719012
        ]
      },
      "properties": {
        "probability": 0.9008303284645081,
        "lat": 6.243304615719012,
        "lon": -1.8046198715215502,
        "region": "Obuasi",
        "detected_at": "2026-03-16T06:32:51.902315",
        "model_version": "48px_v3.7_2024-01-10"
      }
    },
    {
      "type": "Feature",
      "geometry": {
        "type": "Point",
        "coordinates": [
          -1.7785285404372337,
          6.25612058432136
        ]
      },
      "properties": {
        "probability": 0.8722419142723083,
        "lat": 6.25612058432136,
        "lon": -1.7785285404372337,
        "region": "Obuasi",
        "detected_at": "2026-03-16T06:32:51.902404",
        "model_version": "48px_v3.7_2024-01-10"
      }
    },
    {
      "type": "Feature",
      "geometry": {
        "type": "Point",
        "coordinates": [
          -1.7763542270900814,
          6.253944918433058
        ]
      },
      "properties": {
        "probability": 0.9518760442733765,
        "lat": 6.253944918433058,
        "lon": -1.7763542270900814,
        "region": "Obuasi",
        "detected_at": "2026-03-16T06:32:51.902500",
        "model_version": "48px_v3.7_2024-01-10"
      }
    },
    {
      "type": "Feature",
      "geometry": {
        "type": "Point",
        "coordinates": [
          -1.7741799137429288,
          6.253944918433058
        ]
      },
      "properties": {
        "probability": 0.9553441405296326,
        "lat": 6.253944918433058,
        "lon": -1.7741799137429288,
        "region": "Obuasi",
        "detected_at": "2026-03-16T06:32:51.902590",
        "model_version": "48px_v3.7_2024-01-10"
      }
    },
    {
      "type": "Feature",
      "geometry": {
        "type": "Point",
        "coordinates": [
          -1.772005600395777,
          6.264823247874569
        ]
      },
      "properties": {
        "probability": 0.8965509533882141,
        "lat": 6.264823247874569,
        "lon": -1.772005600395777,
        "region": "Obuasi",
        "detected_at": "2026-03-16T06:32:51.902703",
        "model_version": "48px_v3.7_2024-01-10"
      }
    },
    {
      "type": "Feature",
      "geometry": {
        "type": "Point",
        "coordinates": [
          -1.7698312870486248,
          6.26482324787457
        ]
      },
      "properties": {
        "probability": 0.8670753240585327,
        "lat": 6.26482324787457,
        "lon": -1.7698312870486248,
        "region": "Obuasi",
        "detected_at": "2026-03-16T06:32:51.902801",
        "model_version": "48px_v3.7_2024-01-10"
      }
    },
    {
      "type": "Feature",
      "geometry": {
        "type": "Point",
        "coordinates": [
          -1.7698312870486248,
          6.2626475819862675
        ]
      },
      "properties": {
        "probability": 0.9966148734092712,
        "lat": 6.2626475819862675,
        "lon": -1.7698312870486248,
        "region": "Obuasi",
        "detected_at": "2026-03-16T06:32:51.902890",
        "model_version": "48px_v3.7_2024-01-10"
      }
    },
    {
      "type": "Feature",
      "geometry": {
        "type": "Point",
        "coordinates": [
          -1.7633083470071682,
          6.2604719160979645
        ]
      },
      "properties": {
        "probability": 0.8769907355308533,
        "lat": 6.2604719160979645,
        "lon": -1.7633083470071682,
        "region": "Obuasi",
        "detected_at": "2026-03-16T06:32:51.902978",
        "model_version": "48px_v3.7_2024-01-10"
      }
    },
    {
      "type": "Feature",
      "geometry": {
        "type": "Point",
        "coordinates": [
          -1.7482121692767643,
          6.288632180267982
        ]
      },
      "properties": {
        "probability": 0.8535592555999756,
        "lat": 6.288632180267982,
        "lon": -1.7482121692767643,
        "region": "Obuasi",
        "detected_at": "2026-03-16T06:32:51.903072",
        "model_version": "48px_v3.7_2024-01-10"
      }
    },
    {
      "type": "Feature",
      "geometry": {
        "type": "Point",
        "coordinates": [
          -1.748212169276764,
          6.286456342109931
        ]
      },
      "properties": {
        "probability": 0.8975870609283447,
        "lat": 6.286456342109931,
        "lon": -1.748212169276764,
        "region": "Obuasi",
        "detected_at": "2026-03-16T06:32:51.903160",
        "model_version": "48px_v3.7_2024-01-10"
      }
    },
    {
      "type": "Feature",
      "geometry": {
        "type": "Point",
        "coordinates": [
          -1.7482121692767643,
          6.273401313161621
        ]
      },
      "properties": {
        "probability": 0.9621752500534058,
        "lat": 6.273401313161621,
        "lon": -1.7482121692767643,
        "region": "Obuasi",
        "detected_at": "2026-03-16T06:32:51.903247",
        "model_version": "48px_v3.7_2024-01-10"
      }
    },
    {
      "type": "Feature",
      "geometry": {
        "type": "Point",
        "coordinates": [
          -1.748212169276764,
          6.27122547500357
        ]
      },
      "properties": {
        "probability": 0.9865225553512573,
        "lat": 6.27122547500357,
        "lon": -1.748212169276764,
        "region": "Obuasi",
        "detected_at": "2026-03-16T06:32:51.903335",
        "model_version": "48px_v3.7_2024-01-10"
      }
    },
    {
      "type": "Feature",
      "geometry": {
        "type": "Point",
        "coordinates": [
          -1.748212169276764,
          6.269049636845518
        ]
      },
      "properties": {
        "probability": 0.9895904064178467,
        "lat": 6.269049636845518,
        "lon": -1.748212169276764,
        "region": "Obuasi",
        "detected_at": "2026-03-16T06:32:51.903423",
        "model_version": "48px_v3.7_2024-01-10"
      }
    },
    {
      "type": "Feature",
      "geometry": {
        "type": "Point",
        "coordinates": [
          -1.748212169276764,
          6.253818769739159
        ]
      },
      "properties": {
        "probability": 0.8682997226715088,
        "lat": 6.253818769739159,
        "lon": -1.748212169276764,
        "region": "Obuasi",
        "detected_at": "2026-03-16T06:32:51.903510",
        "model_version": "48px_v3.7_2024-01-10"
      }
    },
    {
      "type": "Feature",
      "geometry": {
        "type": "Point",
        "coordinates": [
          -1.7460376842927778,
          6.269049636845518
        ]
      },
      "properties": {
        "probability": 0.9860145449638367,
        "lat": 6.269049636845518,
        "lon": -1.7460376842927778,
        "region": "Obuasi",
        "detected_at": "2026-03-16T06:32:51.903597",
        "model_version": "48px_v3.7_2024-01-10"
      }
    },
    {
      "type": "Feature",
      "geometry": {
        "type": "Point",
        "coordinates": [
          -1.7460376842927776,
          6.2668737986874685
        ]
      },
      "properties": {
        "probability": 0.9971425533294678,
        "lat": 6.2668737986874685,
        "lon": -1.7460376842927776,
        "region": "Obuasi",
        "detected_at": "2026-03-16T06:32:51.903709",
        "model_version": "48px_v3.7_2024-01-10"
      }
    },
    {
      "type": "Feature",
      "geometry": {
        "type": "Point",
        "coordinates": [
          -1.7460376842927776,
          6.2603462842133135
        ]
      },
      "properties": {
        "probability": 0.8734776377677917,
        "lat": 6.2603462842133135,
        "lon": -1.7460376842927776,
        "region": "Obuasi",
        "detected_at": "2026-03-16T06:32:51.903798",
        "model_version": "48px_v3.7_2024-01-10"
      }
    },
    {
      "type": "Feature",
      "geometry": {
        "type": "Point",
        "coordinates": [
          -1.7460376842927776,
          6.258170446055262
        ]
      },
      "properties": {
        "probability": 0.9953105449676514,
        "lat": 6.258170446055262,
        "lon": -1.7460376842927776,
        "region": "Obuasi",
        "detected_at": "2026-03-16T06:32:51.903886",
        "model_version": "48px_v3.7_2024-01-10"
      }
    },
    {
      "type": "Feature",
      "geometry": {
        "type": "Point",
        "coordinates": [
          -1.7460376842927778,
          6.255994607897211
        ]
      },
      "properties": {
        "probability": 0.9987865090370178,
        "lat": 6.255994607897211,
        "lon": -1.7460376842927778,
        "region": "Obuasi",
        "detected_at": "2026-03-16T06:32:51.903983",
        "model_version": "48px_v3.7_2024-01-10"
      }
    },
    {
      "type": "Feature",
      "geometry": {
        "type": "Point",
        "coordinates": [
          -1.7460376842927778,
          6.253818769739159
        ]
      },
      "properties": {
        "probability": 0.9997140765190125,
        "lat": 6.253818769739159,
        "lon": -1.7460376842927778,
        "region": "Obuasi",
        "detected_at": "2026-03-16T06:32:51.904074",
        "model_version": "48px_v3.7_2024-01-10"
      }
    },
    {
      "type": "Feature",
      "geometry": {
        "type": "Point",
        "coordinates": [
          -1.743863199308791,
          6.286456342109931
        ]
      },
      "properties": {
        "probability": 0.8875685930252075,
        "lat": 6.286456342109931,
        "lon": -1.743863199308791,
        "region": "Obuasi",
        "detected_at": "2026-03-16T06:32:51.904168",
        "model_version": "48px_v3.7_2024-01-10"
      }
    },
    {
      "type": "Feature",
      "geometry": {
        "type": "Point",
        "coordinates": [
          -1.743863199308791,
          6.284280503951877
        ]
      },
      "properties": {
        "probability": 0.9121246933937073,
        "lat": 6.284280503951877,
        "lon": -1.743863199308791,
        "region": "Obuasi",
        "detected_at": "2026-03-16T06:32:51.904256",
        "model_version": "48px_v3.7_2024-01-10"
      }
    },
    {
      "type": "Feature",
      "geometry": {
        "type": "Point",
        "coordinates": [
          -1.743863199308791,
          6.266873798687468
        ]
      },
      "properties": {
        "probability": 0.9999313950538635,
        "lat": 6.266873798687468,
        "lon": -1.743863199308791,
        "region": "Obuasi",
        "detected_at": "2026-03-16T06:32:51.904343",
        "model_version": "48px_v3.7_2024-01-10"
      }
    },
    {
      "type": "Feature",
      "geometry": {
        "type": "Point",
        "coordinates": [
          -1.743863199308791,
          6.264697960529416
        ]
      },
      "properties": {
        "probability": 0.9998766779899597,
        "lat": 6.264697960529416,
        "lon": -1.743863199308791,
        "region": "Obuasi",
        "detected_at": "2026-03-16T06:32:51.904432",
        "model_version": "48px_v3.7_2024-01-10"
      }
    },
    {
      "type": "Feature",
      "geometry": {
        "type": "Point",
        "coordinates": [
          -1.743863199308791,
          6.262522122371365
        ]
      },
      "properties": {
        "probability": 0.9854311943054199,
        "lat": 6.262522122371365,
        "lon": -1.743863199308791,
        "region": "Obuasi",
        "detected_at": "2026-03-16T06:32:51.904521",
        "model_version": "48px_v3.7_2024-01-10"
      }
    },
    {
      "type": "Feature",
      "geometry": {
        "type": "Point",
        "coordinates": [
          -1.743863199308791,
          6.2603462842133135
        ]
      },
      "properties": {
        "probability": 0.9986686706542969,
        "lat": 6.2603462842133135,
        "lon": -1.743863199308791,
        "region": "Obuasi",
        "detected_at": "2026-03-16T06:32:51.904628",
        "model_version": "48px_v3.7_2024-01-10"
      }
    },
    {
      "type": "Feature",
      "geometry": {
        "type": "Point",
        "coordinates": [
          -1.743863199308791,
          6.258170446055261
        ]
      },
      "properties": {
        "probability": 0.9997560381889343,
        "lat": 6.258170446055261,
        "lon": -1.743863199308791,
        "region": "Obuasi",
        "detected_at": "2026-03-16T06:32:51.904725",
        "model_version": "48px_v3.7_2024-01-10"
      }
    },
    {
      "type": "Feature",
      "geometry": {
        "type": "Point",
        "coordinates": [
          -1.743863199308791,
          6.25599460789721
        ]
      },
      "properties": {
        "probability": 0.9287548065185547,
        "lat": 6.25599460789721,
        "lon": -1.743863199308791,
        "region": "Obuasi",
        "detected_at": "2026-03-16T06:32:51.904815",
        "model_version": "48px_v3.7_2024-01-10"
      }
    },
    {
      "type": "Feature",
      "geometry": {
        "type": "Point",
        "coordinates": [
          -1.741688714324804,
          6.284280503951878
        ]
      },
      "properties": {
        "probability": 0.9429563283920288,
        "lat": 6.284280503951878,
        "lon": -1.741688714324804,
        "region": "Obuasi",
        "detected_at": "2026-03-16T06:32:51.904910",
        "model_version": "48px_v3.7_2024-01-10"
      }
    },
    {
      "type": "Feature",
      "geometry": {
        "type": "Point",
        "coordinates": [
          -1.741688714324804,
          6.2821046657938275
        ]
      },
      "properties": {
        "probability": 0.889365553855896,
        "lat": 6.2821046657938275,
        "lon": -1.741688714324804,
        "region": "Obuasi",
        "detected_at": "2026-03-16T06:32:51.905002",
        "model_version": "48px_v3.7_2024-01-10"
      }
    },
    {
      "type": "Feature",
      "geometry": {
        "type": "Point",
        "coordinates": [
          -1.741688714324804,
          6.264697960529416
        ]
      },
      "properties": {
        "probability": 0.8052347898483276,
        "lat": 6.264697960529416,
        "lon": -1.741688714324804,
        "region": "Obuasi",
        "detected_at": "2026-03-16T06:32:51.905104",
        "model_version": "48px_v3.7_2024-01-10"
      }
    },
    {
      "type": "Feature",
      "geometry": {
        "type": "Point",
        "coordinates": [
          -1.741688714324804,
          6.262522122371365
        ]
      },
      "properties": {
        "probability": 0.9996140003204346,
        "lat": 6.262522122371365,
        "lon": -1.741688714324804,
        "region": "Obuasi",
        "detected_at": "2026-03-16T06:32:51.905193",
        "model_version": "48px_v3.7_2024-01-10"
      }
    },
    {
      "type": "Feature",
      "geometry": {
        "type": "Point",
        "coordinates": [
          -1.741688714324804,
          6.2603462842133135
        ]
      },
      "properties": {
        "probability": 0.999796450138092,
        "lat": 6.2603462842133135,
        "lon": -1.741688714324804,
        "region": "Obuasi",
        "detected_at": "2026-03-16T06:32:51.905282",
        "model_version": "48px_v3.7_2024-01-10"
      }
    },
    {
      "type": "Feature",
      "geometry": {
        "type": "Point",
        "coordinates": [
          -1.741688714324804,
          6.258170446055262
        ]
      },
      "properties": {
        "probability": 0.889896810054779,
        "lat": 6.258170446055262,
        "lon": -1.741688714324804,
        "region": "Obuasi",
        "detected_at": "2026-03-16T06:32:51.905370",
        "model_version": "48px_v3.7_2024-01-10"
      }
    },
    {
      "type": "Feature",
      "geometry": {
        "type": "Point",
        "coordinates": [
          -1.7395142293408177,
          6.279928827635777
        ]
      },
      "properties": {
        "probability": 0.9881128072738647,
        "lat": 6.279928827635777,
        "lon": -1.7395142293408177,
        "region": "Obuasi",
        "detected_at": "2026-03-16T06:32:51.905465",
        "model_version": "48px_v3.7_2024-01-10"
      }
    },
    {
      "type": "Feature",
      "geometry": {
        "type": "Point",
        "coordinates": [
          -1.7395142293408177,
          6.262522122371365
        ]
      },
      "properties": {
        "probability": 0.9951280951499939,
        "lat": 6.262522122371365,
        "lon": -1.7395142293408177,
        "region": "Obuasi",
        "detected_at": "2026-03-16T06:32:51.905553",
        "model_version": "48px_v3.7_2024-01-10"
      }
    },
    {
      "type": "Feature",
      "geometry": {
        "type": "Point",
        "coordinates": [
          -1.7395142293408177,
          6.2603462842133135
        ]
      },
      "properties": {
        "probability": 0.9958910346031189,
        "lat": 6.2603462842133135,
        "lon": -1.7395142293408177,
        "region": "Obuasi",
        "detected_at": "2026-03-16T06:32:51.905668",
        "model_version": "48px_v3.7_2024-01-10"
      }
    },
    {
      "type": "Feature",
      "geometry": {
        "type": "Point",
        "coordinates": [
          -1.7373397443568308,
          6.295159694742136
        ]
      },
      "properties": {
        "probability": 0.9266070127487183,
        "lat": 6.295159694742136,
        "lon": -1.7373397443568308,
        "region": "Obuasi",
        "detected_at": "2026-03-16T06:32:51.905761",
        "model_version": "48px_v3.7_2024-01-10"
      }
    },
    {
      "type": "Feature",
      "geometry": {
        "type": "Point",
        "coordinates": [
          -1.7373397443568308,
          6.279928827635776
        ]
      },
      "properties": {
        "probability": 0.992911159992218,
        "lat": 6.279928827635776,
        "lon": -1.7373397443568308,
        "region": "Obuasi",
        "detected_at": "2026-03-16T06:32:51.905856",
        "model_version": "48px_v3.7_2024-01-10"
      }
    },
    {
      "type": "Feature",
      "geometry": {
        "type": "Point",
        "coordinates": [
          -1.7373397443568306,
          6.277752989477724
        ]
      },
      "properties": {
        "probability": 0.9612573385238647,
        "lat": 6.277752989477724,
        "lon": -1.7373397443568306,
        "region": "Obuasi",
        "detected_at": "2026-03-16T06:32:51.905945",
        "model_version": "48px_v3.7_2024-01-10"
      }
    },
    {
      "type": "Feature",
      "geometry": {
        "type": "Point",
        "coordinates": [
          -1.7373397443568306,
          6.275577151319674
        ]
      },
      "properties": {
        "probability": 0.8731006383895874,
        "lat": 6.275577151319674,
        "lon": -1.7373397443568306,
        "region": "Obuasi",
        "detected_at": "2026-03-16T06:32:51.906033",
        "model_version": "48px_v3.7_2024-01-10"
      }
    },
    {
      "type": "Feature",
      "geometry": {
        "type": "Point",
        "coordinates": [
          -1.7373397443568308,
          6.273401313161622
        ]
      },
      "properties": {
        "probability": 0.9897716641426086,
        "lat": 6.273401313161622,
        "lon": -1.7373397443568308,
        "region": "Obuasi",
        "detected_at": "2026-03-16T06:32:51.906121",
        "model_version": "48px_v3.7_2024-01-10"
      }
    },
    {
      "type": "Feature",
      "geometry": {
        "type": "Point",
        "coordinates": [
          -1.7373397443568306,
          6.271225475003571
        ]
      },
      "properties": {
        "probability": 0.9839707612991333,
        "lat": 6.271225475003571,
        "lon": -1.7373397443568306,
        "region": "Obuasi",
        "detected_at": "2026-03-16T06:32:51.906208",
        "model_version": "48px_v3.7_2024-01-10"
      }
    },
    {
      "type": "Feature",
      "geometry": {
        "type": "Point",
        "coordinates": [
          -1.7373397443568306,
          6.264697960529416
        ]
      },
      "properties": {
        "probability": 0.9950947761535645,
        "lat": 6.264697960529416,
        "lon": -1.7373397443568306,
        "region": "Obuasi",
        "detected_at": "2026-03-16T06:32:51.906295",
        "model_version": "48px_v3.7_2024-01-10"
      }
    },
    {
      "type": "Feature",
      "geometry": {
        "type": "Point",
        "coordinates": [
          -1.7373397443568306,
          6.262522122371365
        ]
      },
      "properties": {
        "probability": 0.9999946355819702,
        "lat": 6.262522122371365,
        "lon": -1.7373397443568306,
        "region": "Obuasi",
        "detected_at": "2026-03-16T06:32:51.906382",
        "model_version": "48px_v3.7_2024-01-10"
      }
    },
    {
      "type": "Feature",
      "geometry": {
        "type": "Point",
        "coordinates": [
          -1.7351652593728442,
          6.269049636845518
        ]
      },
      "properties": {
        "probability": 0.9966644644737244,
        "lat": 6.269049636845518,
        "lon": -1.7351652593728442,
        "region": "Obuasi",
        "detected_at": "2026-03-16T06:32:51.906470",
        "model_version": "48px_v3.7_2024-01-10"
      }
    },
    {
      "type": "Feature",
      "geometry": {
        "type": "Point",
        "coordinates": [
          -1.7351652593728442,
          6.2668737986874685
        ]
      },
      "properties": {
        "probability": 0.9971340894699097,
        "lat": 6.2668737986874685,
        "lon": -1.7351652593728442,
        "region": "Obuasi",
        "detected_at": "2026-03-16T06:32:51.906557",
        "model_version": "48px_v3.7_2024-01-10"
      }
    },
    {
      "type": "Feature",
      "geometry": {
        "type": "Point",
        "coordinates": [
          -1.7351652593728442,
          6.264697960529416
        ]
      },
      "properties": {
        "probability": 0.999945342540741,
        "lat": 6.264697960529416,
        "lon": -1.7351652593728442,
        "region": "Obuasi",
        "detected_at": "2026-03-16T06:32:51.906672",
        "model_version": "48px_v3.7_2024-01-10"
      }
    },
    {
      "type": "Feature",
      "geometry": {
        "type": "Point",
        "coordinates": [
          -1.7351652593728442,
          6.262522122371365
        ]
      },
      "properties": {
        "probability": 0.9990318417549133,
        "lat": 6.262522122371365,
        "lon": -1.7351652593728442,
        "region": "Obuasi",
        "detected_at": "2026-03-16T06:32:51.906763",
        "model_version": "48px_v3.7_2024-01-10"
      }
    },
    {
      "type": "Feature",
      "geometry": {
        "type": "Point",
        "coordinates": [
          -1.7329907743888575,
          6.2821046657938275
        ]
      },
      "properties": {
        "probability": 0.8787975311279297,
        "lat": 6.2821046657938275,
        "lon": -1.7329907743888575,
        "region": "Obuasi",
        "detected_at": "2026-03-16T06:32:51.906850",
        "model_version": "48px_v3.7_2024-01-10"
      }
    },
    {
      "type": "Feature",
      "geometry": {
        "type": "Point",
        "coordinates": [
          -1.7329907743888575,
          6.279928827635777
        ]
      },
      "properties": {
        "probability": 0.9509211778640747,
        "lat": 6.279928827635777,
        "lon": -1.7329907743888575,
        "region": "Obuasi",
        "detected_at": "2026-03-16T06:32:51.906945",
        "model_version": "48px_v3.7_2024-01-10"
      }
    },
    {
      "type": "Feature",
      "geometry": {
        "type": "Point",
        "coordinates": [
          -1.7329907743888575,
          6.273401313161621
        ]
      },
      "properties": {
        "probability": 0.9314538836479187,
        "lat": 6.273401313161621,
        "lon": -1.7329907743888575,
        "region": "Obuasi",
        "detected_at": "2026-03-16T06:32:51.907033",
        "model_version": "48px_v3.7_2024-01-10"
      }
    },
    {
      "type": "Feature",
      "geometry": {
        "type": "Point",
        "coordinates": [
          -1.7329907743888575,
          6.27122547500357
        ]
      },
      "properties": {
        "probability": 0.9171935319900513,
        "lat": 6.27122547500357,
        "lon": -1.7329907743888575,
        "region": "Obuasi",
        "detected_at": "2026-03-16T06:32:51.907127",
        "model_version": "48px_v3.7_2024-01-10"
      }
    },
    {
      "type": "Feature",
      "geometry": {
        "type": "Point",
        "coordinates": [
          -1.7329907743888575,
          6.269049636845518
        ]
      },
      "properties": {
        "probability": 0.8165685534477234,
        "lat": 6.269049636845518,
        "lon": -1.7329907743888575,
        "region": "Obuasi",
        "detected_at": "2026-03-16T06:32:51.907215",
        "model_version": "48px_v3.7_2024-01-10"
      }
    },
    {
      "type": "Feature",
      "geometry": {
        "type": "Point",
        "coordinates": [
          -1.7329907743888575,
          6.2668737986874685
        ]
      },
      "properties": {
        "probability": 0.8736916780471802,
        "lat": 6.2668737986874685,
        "lon": -1.7329907743888575,
        "region": "Obuasi",
        "detected_at": "2026-03-16T06:32:51.907303",
        "model_version": "48px_v3.7_2024-01-10"
      }
    },
    {
      "type": "Feature",
      "geometry": {
        "type": "Point",
        "coordinates": [
          -1.7308162894048709,
          6.288632180267982
        ]
      },
      "properties": {
        "probability": 0.971994161605835,
        "lat": 6.288632180267982,
        "lon": -1.7308162894048709,
        "region": "Obuasi",
        "detected_at": "2026-03-16T06:32:51.907397",
        "model_version": "48px_v3.7_2024-01-10"
      }
    },
    {
      "type": "Feature",
      "geometry": {
        "type": "Point",
        "coordinates": [
          -1.7308162894048706,
          6.286456342109931
        ]
      },
      "properties": {
        "probability": 0.8314642906188965,
        "lat": 6.286456342109931,
        "lon": -1.7308162894048706,
        "region": "Obuasi",
        "detected_at": "2026-03-16T06:32:51.907485",
        "model_version": "48px_v3.7_2024-01-10"
      }
    },
    {
      "type": "Feature",
      "geometry": {
        "type": "Point",
        "coordinates": [
          -1.7308162894048709,
          6.2821046657938275
        ]
      },
      "properties": {
        "probability": 0.9994125366210938,
        "lat": 6.2821046657938275,
        "lon": -1.7308162894048709,
        "region": "Obuasi",
        "detected_at": "2026-03-16T06:32:51.907573",
        "model_version": "48px_v3.7_2024-01-10"
      }
    },
    {
      "type": "Feature",
      "geometry": {
        "type": "Point",
        "coordinates": [
          -1.7308162894048709,
          6.279928827635776
        ]
      },
      "properties": {
        "probability": 0.9999211430549622,
        "lat": 6.279928827635776,
        "lon": -1.7308162894048709,
        "region": "Obuasi",
        "detected_at": "2026-03-16T06:32:51.907681",
        "model_version": "48px_v3.7_2024-01-10"
      }
    },
    {
      "type": "Feature",
      "geometry": {
        "type": "Point",
        "coordinates": [
          -1.7308162894048706,
          6.277752989477724
        ]
      },
      "properties": {
        "probability": 0.9996204972267151,
        "lat": 6.277752989477724,
        "lon": -1.7308162894048706,
        "region": "Obuasi",
        "detected_at": "2026-03-16T06:32:51.907772",
        "model_version": "48px_v3.7_2024-01-10"
      }
    },
    {
      "type": "Feature",
      "geometry": {
        "type": "Point",
        "coordinates": [
          -1.7308162894048706,
          6.275577151319674
        ]
      },
      "properties": {
        "probability": 0.9779846668243408,
        "lat": 6.275577151319674,
        "lon": -1.7308162894048706,
        "region": "Obuasi",
        "detected_at": "2026-03-16T06:32:51.907859",
        "model_version": "48px_v3.7_2024-01-10"
      }
    },
    {
      "type": "Feature",
      "geometry": {
        "type": "Point",
        "coordinates": [
          -1.7308162894048709,
          6.273401313161622
        ]
      },
      "properties": {
        "probability": 0.8447854518890381,
        "lat": 6.273401313161622,
        "lon": -1.7308162894048709,
        "region": "Obuasi",
        "detected_at": "2026-03-16T06:32:51.907947",
        "model_version": "48px_v3.7_2024-01-10"
      }
    },
    {
      "type": "Feature",
      "geometry": {
        "type": "Point",
        "coordinates": [
          -1.728641804420884,
          6.288632180267982
        ]
      },
      "properties": {
        "probability": 0.9608190655708313,
        "lat": 6.288632180267982,
        "lon": -1.728641804420884,
        "region": "Obuasi",
        "detected_at": "2026-03-16T06:32:51.908035",
        "model_version": "48px_v3.7_2024-01-10"
      }
    },
    {
      "type": "Feature",
      "geometry": {
        "type": "Point",
        "coordinates": [
          -1.7286418044208838,
          6.286456342109931
        ]
      },
      "properties": {
        "probability": 0.9961535334587097,
        "lat": 6.286456342109931,
        "lon": -1.7286418044208838,
        "region": "Obuasi",
        "detected_at": "2026-03-16T06:32:51.908122",
        "model_version": "48px_v3.7_2024-01-10"
      }
    },
    {
      "type": "Feature",
      "geometry": {
        "type": "Point",
        "coordinates": [
          -1.7286418044208838,
          6.284280503951878
        ]
      },
      "properties": {
        "probability": 0.9877148270606995,
        "lat": 6.284280503951878,
        "lon": -1.7286418044208838,
        "region": "Obuasi",
        "detected_at": "2026-03-16T06:32:51.908210",
        "model_version": "48px_v3.7_2024-01-10"
      }
    },
    {
      "type": "Feature",
      "geometry": {
        "type": "Point",
        "coordinates": [
          -1.728641804420884,
          6.2821046657938275
        ]
      },
      "properties": {
        "probability": 0.9993007779121399,
        "lat": 6.2821046657938275,
        "lon": -1.728641804420884,
        "region": "Obuasi",
        "detected_at": "2026-03-16T06:32:51.908297",
        "model_version": "48px_v3.7_2024-01-10"
      }
    },
    {
      "type": "Feature",
      "geometry": {
        "type": "Point",
        "coordinates": [
          -1.728641804420884,
          6.258170446055262
        ]
      },
      "properties": {
        "probability": 0.9858810305595398,
        "lat": 6.258170446055262,
        "lon": -1.728641804420884,
        "region": "Obuasi",
        "detected_at": "2026-03-16T06:32:51.908394",
        "model_version": "48px_v3.7_2024-01-10"
      }
    },
    {
      "type": "Feature",
      "geometry": {
        "type": "Point",
        "coordinates": [
          -1.7286418044208838,
          6.255994607897211
        ]
      },
      "properties": {
        "probability": 0.997406542301178,
        "lat": 6.255994607897211,
        "lon": -1.7286418044208838,
        "region": "Obuasi",
        "detected_at": "2026-03-16T06:32:51.908489",
        "model_version": "48px_v3.7_2024-01-10"
      }
    },
    {
      "type": "Feature",
      "geometry": {
        "type": "Point",
        "coordinates": [
          -1.7286418044208838,
          6.253818769739159
        ]
      },
      "properties": {
        "probability": 0.9957007169723511,
        "lat": 6.253818769739159,
        "lon": -1.7286418044208838,
        "region": "Obuasi",
        "detected_at": "2026-03-16T06:32:51.908587",
        "model_version": "48px_v3.7_2024-01-10"
      }
    },
    {
      "type": "Feature",
      "geometry": {
        "type": "Point",
        "coordinates": [
          -1.7264673194368974,
          6.286456342109931
        ]
      },
      "properties": {
        "probability": 0.808463990688324,
        "lat": 6.286456342109931,
        "lon": -1.7264673194368974,
        "region": "Obuasi",
        "detected_at": "2026-03-16T06:32:51.908699",
        "model_version": "48px_v3.7_2024-01-10"
      }
    },
    {
      "type": "Feature",
      "geometry": {
        "type": "Point",
        "coordinates": [
          -1.7264673194368974,
          6.258170446055262
        ]
      },
      "properties": {
        "probability": 0.999474048614502,
        "lat": 6.258170446055262,
        "lon": -1.7264673194368974,
        "region": "Obuasi",
        "detected_at": "2026-03-16T06:32:51.908790",
        "model_version": "48px_v3.7_2024-01-10"
      }
    },
    {
      "type": "Feature",
      "geometry": {
        "type": "Point",
        "coordinates": [
          -1.7264673194368974,
          6.255994607897211
        ]
      },
      "properties": {
        "probability": 0.9997885823249817,
        "lat": 6.255994607897211,
        "lon": -1.7264673194368974,
        "region": "Obuasi",
        "detected_at": "2026-03-16T06:32:51.908879",
        "model_version": "48px_v3.7_2024-01-10"
      }
    },
    {
      "type": "Feature",
      "geometry": {
        "type": "Point",
        "coordinates": [
          -1.7242928344529107,
          6.258170446055261
        ]
      },
      "properties": {
        "probability": 0.978548526763916,
        "lat": 6.258170446055261,
        "lon": -1.7242928344529107,
        "region": "Obuasi",
        "detected_at": "2026-03-16T06:32:51.908968",
        "model_version": "48px_v3.7_2024-01-10"
      }
    },
    {
      "type": "Feature",
      "geometry": {
        "type": "Point",
        "coordinates": [
          -1.7242928344529103,
          6.25599460789721
        ]
      },
      "properties": {
        "probability": 0.9918340444564819,
        "lat": 6.25599460789721,
        "lon": -1.7242928344529103,
        "region": "Obuasi",
        "detected_at": "2026-03-16T06:32:51.909056",
        "model_version": "48px_v3.7_2024-01-10"
      }
    },
    {
      "type": "Feature",
      "geometry": {
        "type": "Point",
        "coordinates": [
          -1.7221183494689236,
          6.264697960529416
        ]
      },
      "properties": {
        "probability": 0.8953267335891724,
        "lat": 6.264697960529416,
        "lon": -1.7221183494689236,
        "region": "Obuasi",
        "detected_at": "2026-03-16T06:32:51.909144",
        "model_version": "48px_v3.7_2024-01-10"
      }
    },
    {
      "type": "Feature",
      "geometry": {
        "type": "Point",
        "coordinates": [
          -1.7221183494689236,
          6.262522122371365
        ]
      },
      "properties": {
        "probability": 0.9499115347862244,
        "lat": 6.262522122371365,
        "lon": -1.7221183494689236,
        "region": "Obuasi",
        "detected_at": "2026-03-16T06:32:51.909233",
        "model_version": "48px_v3.7_2024-01-10"
      }
    },
    {
      "type": "Feature",
      "geometry": {
        "type": "Point",
        "coordinates": [
          -1.7221183494689238,
          6.2603462842133135
        ]
      },
      "properties": {
        "probability": 0.9992570877075195,
        "lat": 6.2603462842133135,
        "lon": -1.7221183494689238,
        "region": "Obuasi",
        "detected_at": "2026-03-16T06:32:51.909321",
        "model_version": "48px_v3.7_2024-01-10"
      }
    },
    {
      "type": "Feature",
      "geometry": {
        "type": "Point",
        "coordinates": [
          -1.7221183494689238,
          6.258170446055262
        ]
      },
      "properties": {
        "probability": 0.9942322373390198,
        "lat": 6.258170446055262,
        "lon": -1.7221183494689238,
        "region": "Obuasi",
        "detected_at": "2026-03-16T06:32:51.909409",
        "model_version": "48px_v3.7_2024-01-10"
      }
    },
    {
      "type": "Feature",
      "geometry": {
        "type": "Point",
        "coordinates": [
          -1.7199438644849374,
          6.269049636845518
        ]
      },
      "properties": {
        "probability": 0.9965994358062744,
        "lat": 6.269049636845518,
        "lon": -1.7199438644849374,
        "region": "Obuasi",
        "detected_at": "2026-03-16T06:32:51.909498",
        "model_version": "48px_v3.7_2024-01-10"
      }
    },
    {
      "type": "Feature",
      "geometry": {
        "type": "Point",
        "coordinates": [
          -1.7199438644849372,
          6.2668737986874685
        ]
      },
      "properties": {
        "probability": 0.9891020655632019,
        "lat": 6.2668737986874685,
        "lon": -1.7199438644849372,
        "region": "Obuasi",
        "detected_at": "2026-03-16T06:32:51.909586",
        "model_version": "48px_v3.7_2024-01-10"
      }
    },
    {
      "type": "Feature",
      "geometry": {
        "type": "Point",
        "coordinates": [
          -1.7199438644849372,
          6.2603462842133135
        ]
      },
      "properties": {
        "probability": 0.9935227632522583,
        "lat": 6.2603462842133135,
        "lon": -1.7199438644849372,
        "region": "Obuasi",
        "detected_at": "2026-03-16T06:32:51.909694",
        "model_version": "48px_v3.7_2024-01-10"
      }
    },
    {
      "type": "Feature",
      "geometry": {
        "type": "Point",
        "coordinates": [
          -1.7199438644849372,
          6.258170446055262
        ]
      },
      "properties": {
        "probability": 0.8578749895095825,
        "lat": 6.258170446055262,
        "lon": -1.7199438644849372,
        "region": "Obuasi",
        "detected_at": "2026-03-16T06:32:51.909790",
        "model_version": "48px_v3.7_2024-01-10"
      }
    },
    {
      "type": "Feature",
      "geometry": {
        "type": "Point",
        "coordinates": [
          -1.7177693795009505,
          6.269049636845518
        ]
      },
      "properties": {
        "probability": 0.9980695843696594,
        "lat": 6.269049636845518,
        "lon": -1.7177693795009505,
        "region": "Obuasi",
        "detected_at": "2026-03-16T06:32:51.909883",
        "model_version": "48px_v3.7_2024-01-10"
      }
    },
    {
      "type": "Feature",
      "geometry": {
        "type": "Point",
        "coordinates": [
          -1.71776937950095,
          6.266873798687468
        ]
      },
      "properties": {
        "probability": 0.9520267844200134,
        "lat": 6.266873798687468,
        "lon": -1.71776937950095,
        "region": "Obuasi",
        "detected_at": "2026-03-16T06:32:51.909973",
        "model_version": "48px_v3.7_2024-01-10"
      }
    },
    {
      "type": "Feature",
      "geometry": {
        "type": "Point",
        "coordinates": [
          -1.7155948945169637,
          6.269049636845518
        ]
      },
      "properties": {
        "probability": 0.9290794730186462,
        "lat": 6.269049636845518,
        "lon": -1.7155948945169637,
        "region": "Obuasi",
        "detected_at": "2026-03-16T06:32:51.910066",
        "model_version": "48px_v3.7_2024-01-10"
      }
    },
    {
      "type": "Feature",
      "geometry": {
        "type": "Point",
        "coordinates": [
          -1.713420409532977,
          6.286456342109931
        ]
      },
      "properties": {
        "probability": 0.8098464608192444,
        "lat": 6.286456342109931,
        "lon": -1.713420409532977,
        "region": "Obuasi",
        "detected_at": "2026-03-16T06:32:51.910153",
        "model_version": "48px_v3.7_2024-01-10"
      }
    },
    {
      "type": "Feature",
      "geometry": {
        "type": "Point",
        "coordinates": [
          -1.713420409532977,
          6.27122547500357
        ]
      },
      "properties": {
        "probability": 0.9994102716445923,
        "lat": 6.27122547500357,
        "lon": -1.713420409532977,
        "region": "Obuasi",
        "detected_at": "2026-03-16T06:32:51.910246",
        "model_version": "48px_v3.7_2024-01-10"
      }
    },
    {
      "type": "Feature",
      "geometry": {
        "type": "Point",
        "coordinates": [
          -1.713420409532977,
          6.269049636845518
        ]
      },
      "properties": {
        "probability": 0.9958676099777222,
        "lat": 6.269049636845518,
        "lon": -1.713420409532977,
        "region": "Obuasi",
        "detected_at": "2026-03-16T06:32:51.910334",
        "model_version": "48px_v3.7_2024-01-10"
      }
    },
    {
      "type": "Feature",
      "geometry": {
        "type": "Point",
        "coordinates": [
          -1.7112459245489902,
          6.275577151319674
        ]
      },
      "properties": {
        "probability": 0.8670545220375061,
        "lat": 6.275577151319674,
        "lon": -1.7112459245489902,
        "region": "Obuasi",
        "detected_at": "2026-03-16T06:32:51.910421",
        "model_version": "48px_v3.7_2024-01-10"
      }
    },
    {
      "type": "Feature",
      "geometry": {
        "type": "Point",
        "coordinates": [
          -1.7112459245489902,
          6.273401313161622
        ]
      },
      "properties": {
        "probability": 0.9637445211410522,
        "lat": 6.273401313161622,
        "lon": -1.7112459245489902,
        "region": "Obuasi",
        "detected_at": "2026-03-16T06:32:51.910508",
        "model_version": "48px_v3.7_2024-01-10"
      }
    },
    {
      "type": "Feature",
      "geometry": {
        "type": "Point",
        "coordinates": [
          -1.7112459245489902,
          6.271225475003571
        ]
      },
      "properties": {
        "probability": 0.9990240931510925,
        "lat": 6.271225475003571,
        "lon": -1.7112459245489902,
        "region": "Obuasi",
        "detected_at": "2026-03-16T06:32:51.910596",
        "model_version": "48px_v3.7_2024-01-10"
      }
    },
    {
      "type": "Feature",
      "geometry": {
        "type": "Point",
        "coordinates": [
          -1.7112459245489902,
          6.269049636845518
        ]
      },
      "properties": {
        "probability": 0.838803768157959,
        "lat": 6.269049636845518,
        "lon": -1.7112459245489902,
        "region": "Obuasi",
        "detected_at": "2026-03-16T06:32:51.910707",
        "model_version": "48px_v3.7_2024-01-10"
      }
    },
    {
      "type": "Feature",
      "geometry": {
        "type": "Point",
        "coordinates": [
          -1.7090714395650033,
          6.275577151319673
        ]
      },
      "properties": {
        "probability": 0.9104567170143127,
        "lat": 6.275577151319673,
        "lon": -1.7090714395650033,
        "region": "Obuasi",
        "detected_at": "2026-03-16T06:32:51.910796",
        "model_version": "48px_v3.7_2024-01-10"
      }
    },
    {
      "type": "Feature",
      "geometry": {
        "type": "Point",
        "coordinates": [
          -1.7003734996290565,
          6.295159694742136
        ]
      },
      "properties": {
        "probability": 0.8415278196334839,
        "lat": 6.295159694742136,
        "lon": -1.7003734996290565,
        "region": "Obuasi",
        "detected_at": "2026-03-16T06:32:51.910884",
        "model_version": "48px_v3.7_2024-01-10"
      }
    },
    {
      "type": "Feature",
      "geometry": {
        "type": "Point",
        "coordinates": [
          -1.8001523979334866,
          6.332147197603351
        ]
      },
      "properties": {
        "probability": 0.9999078512191772,
        "lat": 6.332147197603351,
        "lon": -1.8001523979334866,
        "region": "Obuasi",
        "detected_at": "2026-03-16T06:32:51.910974",
        "model_version": "48px_v3.7_2024-01-10"
      }
    },
    {
      "type": "Feature",
      "geometry": {
        "type": "Point",
        "coordinates": [
          -1.8001523979334866,
          6.329971493739581
        ]
      },
      "properties": {
        "probability": 0.9999967217445374,
        "lat": 6.329971493739581,
        "lon": -1.8001523979334866,
        "region": "Obuasi",
        "detected_at": "2026-03-16T06:32:51.911061",
        "model_version": "48px_v3.7_2024-01-10"
      }
    },
    {
      "type": "Feature",
      "geometry": {
        "type": "Point",
        "coordinates": [
          -1.8001523979334866,
          6.327795789875811
        ]
      },
      "properties": {
        "probability": 0.9704710841178894,
        "lat": 6.327795789875811,
        "lon": -1.8001523979334866,
        "region": "Obuasi",
        "detected_at": "2026-03-16T06:32:51.911151",
        "model_version": "48px_v3.7_2024-01-10"
      }
    },
    {
      "type": "Feature",
      "geometry": {
        "type": "Point",
        "coordinates": [
          -1.7979778253391008,
          6.332147197603351
        ]
      },
      "properties": {
        "probability": 0.9962659478187561,
        "lat": 6.332147197603351,
        "lon": -1.7979778253391008,
        "region": "Obuasi",
        "detected_at": "2026-03-16T06:32:51.911239",
        "model_version": "48px_v3.7_2024-01-10"
      }
    },
    {
      "type": "Feature",
      "geometry": {
        "type": "Point",
        "coordinates": [
          -1.7979778253391008,
          6.329971493739581
        ]
      },
      "properties": {
        "probability": 0.999992311000824,
        "lat": 6.329971493739581,
        "lon": -1.7979778253391008,
        "region": "Obuasi",
        "detected_at": "2026-03-16T06:32:51.911334",
        "model_version": "48px_v3.7_2024-01-10"
      }
    },
    {
      "type": "Feature",
      "geometry": {
        "type": "Point",
        "coordinates": [
          -1.7979778253391008,
          6.327795789875811
        ]
      },
      "properties": {
        "probability": 0.9985361099243164,
        "lat": 6.327795789875811,
        "lon": -1.7979778253391008,
        "region": "Obuasi",
        "detected_at": "2026-03-16T06:32:51.911424",
        "model_version": "48px_v3.7_2024-01-10"
      }
    },
    {
      "type": "Feature",
      "geometry": {
        "type": "Point",
        "coordinates": [
          -1.7958032527447152,
          6.332147197603351
        ]
      },
      "properties": {
        "probability": 0.933244526386261,
        "lat": 6.332147197603351,
        "lon": -1.7958032527447152,
        "region": "Obuasi",
        "detected_at": "2026-03-16T06:32:51.911513",
        "model_version": "48px_v3.7_2024-01-10"
      }
    },
    {
      "type": "Feature",
      "geometry": {
        "type": "Point",
        "coordinates": [
          -1.7958032527447152,
          6.329971493739582
        ]
      },
      "properties": {
        "probability": 0.9999822974205017,
        "lat": 6.329971493739582,
        "lon": -1.7958032527447152,
        "region": "Obuasi",
        "detected_at": "2026-03-16T06:32:51.911616",
        "model_version": "48px_v3.7_2024-01-10"
      }
    },
    {
      "type": "Feature",
      "geometry": {
        "type": "Point",
        "coordinates": [
          -1.7958032527447152,
          6.327795789875811
        ]
      },
      "properties": {
        "probability": 0.9993497729301453,
        "lat": 6.327795789875811,
        "lon": -1.7958032527447152,
        "region": "Obuasi",
        "detected_at": "2026-03-16T06:32:51.911711",
        "model_version": "48px_v3.7_2024-01-10"
      }
    },
    {
      "type": "Feature",
      "geometry": {
        "type": "Point",
        "coordinates": [
          -1.7936286801503296,
          6.332147197603351
        ]
      },
      "properties": {
        "probability": 0.9518831968307495,
        "lat": 6.332147197603351,
        "lon": -1.7936286801503296,
        "region": "Obuasi",
        "detected_at": "2026-03-16T06:32:51.911802",
        "model_version": "48px_v3.7_2024-01-10"
      }
    },
    {
      "type": "Feature",
      "geometry": {
        "type": "Point",
        "coordinates": [
          -1.7936286801503296,
          6.329971493739581
        ]
      },
      "properties": {
        "probability": 0.9939524531364441,
        "lat": 6.329971493739581,
        "lon": -1.7936286801503296,
        "region": "Obuasi",
        "detected_at": "2026-03-16T06:32:51.911890",
        "model_version": "48px_v3.7_2024-01-10"
      }
    },
    {
      "type": "Feature",
      "geometry": {
        "type": "Point",
        "coordinates": [
          -1.7892795349615582,
          6.329971493739582
        ]
      },
      "properties": {
        "probability": 0.9097217917442322,
        "lat": 6.329971493739582,
        "lon": -1.7892795349615582,
        "region": "Obuasi",
        "detected_at": "2026-03-16T06:32:51.911979",
        "model_version": "48px_v3.7_2024-01-10"
      }
    },
    {
      "type": "Feature",
      "geometry": {
        "type": "Point",
        "coordinates": [
          -1.7892795349615582,
          6.327795789875811
        ]
      },
      "properties": {
        "probability": 0.97282874584198,
        "lat": 6.327795789875811,
        "lon": -1.7892795349615582,
        "region": "Obuasi",
        "detected_at": "2026-03-16T06:32:51.912074",
        "model_version": "48px_v3.7_2024-01-10"
      }
    },
    {
      "type": "Feature",
      "geometry": {
        "type": "Point",
        "coordinates": [
          -1.7871049623671724,
          6.329971493739581
        ]
      },
      "properties": {
        "probability": 0.9990260004997253,
        "lat": 6.329971493739581,
        "lon": -1.7871049623671724,
        "region": "Obuasi",
        "detected_at": "2026-03-16T06:32:51.912169",
        "model_version": "48px_v3.7_2024-01-10"
      }
    },
    {
      "type": "Feature",
      "geometry": {
        "type": "Point",
        "coordinates": [
          -1.7871049623671724,
          6.327795789875811
        ]
      },
      "properties": {
        "probability": 0.9637422561645508,
        "lat": 6.327795789875811,
        "lon": -1.7871049623671724,
        "region": "Obuasi",
        "detected_at": "2026-03-16T06:32:51.912257",
        "model_version": "48px_v3.7_2024-01-10"
      }
    },
    {
      "type": "Feature",
      "geometry": {
        "type": "Point",
        "coordinates": [
          -1.7849303897727868,
          6.329971493739581
        ]
      },
      "properties": {
        "probability": 0.908174991607666,
        "lat": 6.329971493739581,
        "lon": -1.7849303897727868,
        "region": "Obuasi",
        "detected_at": "2026-03-16T06:32:51.912346",
        "model_version": "48px_v3.7_2024-01-10"
      }
    },
    {
      "type": "Feature",
      "geometry": {
        "type": "Point",
        "coordinates": [
          -1.7849303897727868,
          6.312565862829421
        ]
      },
      "properties": {
        "probability": 0.9811694622039795,
        "lat": 6.312565862829421,
        "lon": -1.7849303897727868,
        "region": "Obuasi",
        "detected_at": "2026-03-16T06:32:51.912436",
        "model_version": "48px_v3.7_2024-01-10"
      }
    },
    {
      "type": "Feature",
      "geometry": {
        "type": "Point",
        "coordinates": [
          -1.7849303897727868,
          6.31039015896565
        ]
      },
      "properties": {
        "probability": 0.9860710501670837,
        "lat": 6.31039015896565,
        "lon": -1.7849303897727868,
        "region": "Obuasi",
        "detected_at": "2026-03-16T06:32:51.912524",
        "model_version": "48px_v3.7_2024-01-10"
      }
    },
    {
      "type": "Feature",
      "geometry": {
        "type": "Point",
        "coordinates": [
          -1.7849303897727873,
          6.308214455101881
        ]
      },
      "properties": {
        "probability": 0.9536376595497131,
        "lat": 6.308214455101881,
        "lon": -1.7849303897727873,
        "region": "Obuasi",
        "detected_at": "2026-03-16T06:32:51.912630",
        "model_version": "48px_v3.7_2024-01-10"
      }
    },
    {
      "type": "Feature",
      "geometry": {
        "type": "Point",
        "coordinates": [
          -1.7740575268008587,
          6.353904236241052
        ]
      },
      "properties": {
        "probability": 0.964954137802124,
        "lat": 6.353904236241052,
        "lon": -1.7740575268008587,
        "region": "Obuasi",
        "detected_at": "2026-03-16T06:32:51.912731",
        "model_version": "48px_v3.7_2024-01-10"
      }
    },
    {
      "type": "Feature",
      "geometry": {
        "type": "Point",
        "coordinates": [
          -1.7740575268008587,
          6.3517285323772805
        ]
      },
      "properties": {
        "probability": 0.980940580368042,
        "lat": 6.3517285323772805,
        "lon": -1.7740575268008587,
        "region": "Obuasi",
        "detected_at": "2026-03-16T06:32:51.912821",
        "model_version": "48px_v3.7_2024-01-10"
      }
    },
    {
      "type": "Feature",
      "geometry": {
        "type": "Point",
        "coordinates": [
          -1.7740575268008585,
          6.349552828513511
        ]
      },
      "properties": {
        "probability": 0.8003166317939758,
        "lat": 6.349552828513511,
        "lon": -1.7740575268008585,
        "region": "Obuasi",
        "detected_at": "2026-03-16T06:32:51.912937",
        "model_version": "48px_v3.7_2024-01-10"
      }
    },
    {
      "type": "Feature",
      "geometry": {
        "type": "Point",
        "coordinates": [
          -1.7718829542064733,
          6.349552828513511
        ]
      },
      "properties": {
        "probability": 0.990655243396759,
        "lat": 6.349552828513511,
        "lon": -1.7718829542064733,
        "region": "Obuasi",
        "detected_at": "2026-03-16T06:32:51.913040",
        "model_version": "48px_v3.7_2024-01-10"
      }
    },
    {
      "type": "Feature",
      "geometry": {
        "type": "Point",
        "coordinates": [
          -1.7718829542064733,
          6.347377124649741
        ]
      },
      "properties": {
        "probability": 0.9496621489524841,
        "lat": 6.347377124649741,
        "lon": -1.7718829542064733,
        "region": "Obuasi",
        "detected_at": "2026-03-16T06:32:51.913129",
        "model_version": "48px_v3.7_2024-01-10"
      }
    },
    {
      "type": "Feature",
      "geometry": {
        "type": "Point",
        "coordinates": [
          -1.7697083816120873,
          6.353904236241052
        ]
      },
      "properties": {
        "probability": 0.8425642848014832,
        "lat": 6.353904236241052,
        "lon": -1.7697083816120873,
        "region": "Obuasi",
        "detected_at": "2026-03-16T06:32:51.913216",
        "model_version": "48px_v3.7_2024-01-10"
      }
    },
    {
      "type": "Feature",
      "geometry": {
        "type": "Point",
        "coordinates": [
          -1.7697083816120873,
          6.347377124649743
        ]
      },
      "properties": {
        "probability": 0.8218987584114075,
        "lat": 6.347377124649743,
        "lon": -1.7697083816120873,
        "region": "Obuasi",
        "detected_at": "2026-03-16T06:32:51.913303",
        "model_version": "48px_v3.7_2024-01-10"
      }
    },
    {
      "type": "Feature",
      "geometry": {
        "type": "Point",
        "coordinates": [
          -1.7566609460457734,
          6.347377124649743
        ]
      },
      "properties": {
        "probability": 0.9134519696235657,
        "lat": 6.347377124649743,
        "lon": -1.7566609460457734,
        "region": "Obuasi",
        "detected_at": "2026-03-16T06:32:51.913393",
        "model_version": "48px_v3.7_2024-01-10"
      }
    },
    {
      "type": "Feature",
      "geometry": {
        "type": "Point",
        "coordinates": [
          -1.7566609460457734,
          6.345201420785972
        ]
      },
      "properties": {
        "probability": 0.9341294169425964,
        "lat": 6.345201420785972,
        "lon": -1.7566609460457734,
        "region": "Obuasi",
        "detected_at": "2026-03-16T06:32:51.913480",
        "model_version": "48px_v3.7_2024-01-10"
      }
    },
    {
      "type": "Feature",
      "geometry": {
        "type": "Point",
        "coordinates": [
          -1.7566609460457736,
          6.343025716922201
        ]
      },
      "properties": {
        "probability": 0.9044531583786011,
        "lat": 6.343025716922201,
        "lon": -1.7566609460457736,
        "region": "Obuasi",
        "detected_at": "2026-03-16T06:32:51.913567",
        "model_version": "48px_v3.7_2024-01-10"
      }
    },
    {
      "type": "Feature",
      "geometry": {
        "type": "Point",
        "coordinates": [
          -1.7566609460457736,
          6.34085001305843
        ]
      },
      "properties": {
        "probability": 0.9742381572723389,
        "lat": 6.34085001305843,
        "lon": -1.7566609460457736,
        "region": "Obuasi",
        "detected_at": "2026-03-16T06:32:51.913675",
        "model_version": "48px_v3.7_2024-01-10"
      }
    },
    {
      "type": "Feature",
      "geometry": {
        "type": "Point",
        "coordinates": [
          -1.7544863734513876,
          6.347377124649741
        ]
      },
      "properties": {
        "probability": 0.8350300788879395,
        "lat": 6.347377124649741,
        "lon": -1.7544863734513876,
        "region": "Obuasi",
        "detected_at": "2026-03-16T06:32:51.913766",
        "model_version": "48px_v3.7_2024-01-10"
      }
    },
    {
      "type": "Feature",
      "geometry": {
        "type": "Point",
        "coordinates": [
          -1.7544863734513876,
          6.340850013058431
        ]
      },
      "properties": {
        "probability": 0.8195878267288208,
        "lat": 6.340850013058431,
        "lon": -1.7544863734513876,
        "region": "Obuasi",
        "detected_at": "2026-03-16T06:32:51.913861",
        "model_version": "48px_v3.7_2024-01-10"
      }
    },
    {
      "type": "Feature",
      "geometry": {
        "type": "Point",
        "coordinates": [
          -1.752311800857002,
          6.334322901467121
        ]
      },
      "properties": {
        "probability": 0.8834347128868103,
        "lat": 6.334322901467121,
        "lon": -1.752311800857002,
        "region": "Obuasi",
        "detected_at": "2026-03-16T06:32:51.913949",
        "model_version": "48px_v3.7_2024-01-10"
      }
    },
    {
      "type": "Feature",
      "geometry": {
        "type": "Point",
        "coordinates": [
          -1.7415634827906101,
          6.347253224212942
        ]
      },
      "properties": {
        "probability": 0.8202204704284668,
        "lat": 6.347253224212942,
        "lon": -1.7415634827906101,
        "region": "Obuasi",
        "detected_at": "2026-03-16T06:32:51.914037",
        "model_version": "48px_v3.7_2024-01-10"
      }
    },
    {
      "type": "Feature",
      "geometry": {
        "type": "Point",
        "coordinates": [
          -1.7393887367571992,
          6.353780857996991
        ]
      },
      "properties": {
        "probability": 0.9198687076568604,
        "lat": 6.353780857996991,
        "lon": -1.7393887367571992,
        "region": "Obuasi",
        "detected_at": "2026-03-16T06:32:51.914124",
        "model_version": "48px_v3.7_2024-01-10"
      }
    },
    {
      "type": "Feature",
      "geometry": {
        "type": "Point",
        "coordinates": [
          -1.7393887367571994,
          6.3516049800689744
        ]
      },
      "properties": {
        "probability": 0.876839280128479,
        "lat": 6.3516049800689744,
        "lon": -1.7393887367571994,
        "region": "Obuasi",
        "detected_at": "2026-03-16T06:32:51.914219",
        "model_version": "48px_v3.7_2024-01-10"
      }
    },
    {
      "type": "Feature",
      "geometry": {
        "type": "Point",
        "coordinates": [
          -1.7328644986569657,
          6.3254944449327795
        ]
      },
      "properties": {
        "probability": 0.9421109557151794,
        "lat": 6.3254944449327795,
        "lon": -1.7328644986569657,
        "region": "Obuasi",
        "detected_at": "2026-03-16T06:32:51.914308",
        "model_version": "48px_v3.7_2024-01-10"
      }
    },
    {
      "type": "Feature",
      "geometry": {
        "type": "Point",
        "coordinates": [
          -1.7219907684899098,
          6.305911543580632
        ]
      },
      "properties": {
        "probability": 0.9323868751525879,
        "lat": 6.305911543580632,
        "lon": -1.7219907684899098,
        "region": "Obuasi",
        "detected_at": "2026-03-16T06:32:51.914395",
        "model_version": "48px_v3.7_2024-01-10"
      }
    },
    {
      "type": "Feature",
      "geometry": {
        "type": "Point",
        "coordinates": [
          -1.7826334430627038,
          6.375538412227437
        ]
      },
      "properties": {
        "probability": 0.8318813443183899,
        "lat": 6.375538412227437,
        "lon": -1.7826334430627038,
        "region": "Obuasi",
        "detected_at": "2026-03-16T06:32:51.914489",
        "model_version": "48px_v3.7_2024-01-10"
      }
    },
    {
      "type": "Feature",
      "geometry": {
        "type": "Point",
        "coordinates": [
          -1.7826334430627035,
          6.373362670416056
        ]
      },
      "properties": {
        "probability": 0.9108253717422485,
        "lat": 6.373362670416056,
        "lon": -1.7826334430627035,
        "region": "Obuasi",
        "detected_at": "2026-03-16T06:32:51.914577",
        "model_version": "48px_v3.7_2024-01-10"
      }
    },
    {
      "type": "Feature",
      "geometry": {
        "type": "Point",
        "coordinates": [
          -1.7739341083144697,
          6.386417121284342
        ]
      },
      "properties": {
        "probability": 0.8066158294677734,
        "lat": 6.386417121284342,
        "lon": -1.7739341083144697,
        "region": "Obuasi",
        "detected_at": "2026-03-16T06:32:51.914686",
        "model_version": "48px_v3.7_2024-01-10"
      }
    },
    {
      "type": "Feature",
      "geometry": {
        "type": "Point",
        "coordinates": [
          -1.7695844409403527,
          6.397295830341249
        ]
      },
      "properties": {
        "probability": 0.9645048379898071,
        "lat": 6.397295830341249,
        "lon": -1.7695844409403527,
        "region": "Obuasi",
        "detected_at": "2026-03-16T06:32:51.914776",
        "model_version": "48px_v3.7_2024-01-10"
      }
    },
    {
      "type": "Feature",
      "geometry": {
        "type": "Point",
        "coordinates": [
          -1.7695844409403527,
          6.395120088529869
        ]
      },
      "properties": {
        "probability": 0.801308274269104,
        "lat": 6.395120088529869,
        "lon": -1.7695844409403527,
        "region": "Obuasi",
        "detected_at": "2026-03-16T06:32:51.914864",
        "model_version": "48px_v3.7_2024-01-10"
      }
    },
    {
      "type": "Feature",
      "geometry": {
        "type": "Point",
        "coordinates": [
          -1.7695844409403527,
          6.358132477736389
        ]
      },
      "properties": {
        "probability": 0.9383930563926697,
        "lat": 6.358132477736389,
        "lon": -1.7695844409403527,
        "region": "Obuasi",
        "detected_at": "2026-03-16T06:32:51.914950",
        "model_version": "48px_v3.7_2024-01-10"
      }
    },
    {
      "type": "Feature",
      "geometry": {
        "type": "Point",
        "coordinates": [
          -1.767409607253294,
          6.371186928604676
        ]
      },
      "properties": {
        "probability": 0.9661223888397217,
        "lat": 6.371186928604676,
        "lon": -1.767409607253294,
        "region": "Obuasi",
        "detected_at": "2026-03-16T06:32:51.915038",
        "model_version": "48px_v3.7_2024-01-10"
      }
    },
    {
      "type": "Feature",
      "geometry": {
        "type": "Point",
        "coordinates": [
          -1.767409607253294,
          6.358132477736389
        ]
      },
      "properties": {
        "probability": 0.8459431529045105,
        "lat": 6.358132477736389,
        "lon": -1.767409607253294,
        "region": "Obuasi",
        "detected_at": "2026-03-16T06:32:51.915125",
        "model_version": "48px_v3.7_2024-01-10"
      }
    },
    {
      "type": "Feature",
      "geometry": {
        "type": "Point",
        "coordinates": [
          -1.7436122014756492,
          6.38629114062818
        ]
      },
      "properties": {
        "probability": 0.8706311583518982,
        "lat": 6.38629114062818,
        "lon": -1.7436122014756492,
        "region": "Obuasi",
        "detected_at": "2026-03-16T06:32:51.915213",
        "model_version": "48px_v3.7_2024-01-10"
      }
    },
    {
      "type": "Feature",
      "geometry": {
        "type": "Point",
        "coordinates": [
          -1.7436122014756492,
          6.384115222957783
        ]
      },
      "properties": {
        "probability": 0.9927523136138916,
        "lat": 6.384115222957783,
        "lon": -1.7436122014756492,
        "region": "Obuasi",
        "detected_at": "2026-03-16T06:32:51.915301",
        "model_version": "48px_v3.7_2024-01-10"
      }
    },
    {
      "type": "Feature",
      "geometry": {
        "type": "Point",
        "coordinates": [
          -1.7436122014756492,
          6.381939305287384
        ]
      },
      "properties": {
        "probability": 0.9330831170082092,
        "lat": 6.381939305287384,
        "lon": -1.7436122014756492,
        "region": "Obuasi",
        "detected_at": "2026-03-16T06:32:51.915388",
        "model_version": "48px_v3.7_2024-01-10"
      }
    },
    {
      "type": "Feature",
      "geometry": {
        "type": "Point",
        "coordinates": [
          -1.74143719254666,
          6.384115222957782
        ]
      },
      "properties": {
        "probability": 0.9145561456680298,
        "lat": 6.384115222957782,
        "lon": -1.74143719254666,
        "region": "Obuasi",
        "detected_at": "2026-03-16T06:32:51.915475",
        "model_version": "48px_v3.7_2024-01-10"
      }
    },
    {
      "type": "Feature",
      "geometry": {
        "type": "Point",
        "coordinates": [
          -1.74143719254666,
          6.381939305287383
        ]
      },
      "properties": {
        "probability": 0.8243404626846313,
        "lat": 6.381939305287383,
        "lon": -1.74143719254666,
        "region": "Obuasi",
        "detected_at": "2026-03-16T06:32:51.915568",
        "model_version": "48px_v3.7_2024-01-10"
      }
    },
    {
      "type": "Feature",
      "geometry": {
        "type": "Point",
        "coordinates": [
          -1.732737156830704,
          6.3928188936393795
        ]
      },
      "properties": {
        "probability": 0.8114889860153198,
        "lat": 6.3928188936393795,
        "lon": -1.732737156830704,
        "region": "Obuasi",
        "detected_at": "2026-03-16T06:32:51.915688",
        "model_version": "48px_v3.7_2024-01-10"
      }
    },
    {
      "type": "Feature",
      "geometry": {
        "type": "Point",
        "coordinates": [
          -1.732737156830704,
          6.3580042109129895
        ]
      },
      "properties": {
        "probability": 0.9810582399368286,
        "lat": 6.3580042109129895,
        "lon": -1.732737156830704,
        "region": "Obuasi",
        "detected_at": "2026-03-16T06:32:51.915780",
        "model_version": "48px_v3.7_2024-01-10"
      }
    },
    {
      "type": "Feature",
      "geometry": {
        "type": "Point",
        "coordinates": [
          -1.7305621479017148,
          6.360180128583389
        ]
      },
      "properties": {
        "probability": 0.8971274495124817,
        "lat": 6.360180128583389,
        "lon": -1.7305621479017148,
        "region": "Obuasi",
        "detected_at": "2026-03-16T06:32:51.915873",
        "model_version": "48px_v3.7_2024-01-10"
      }
    },
    {
      "type": "Feature",
      "geometry": {
        "type": "Point",
        "coordinates": [
          -1.730562147901715,
          6.35800421091299
        ]
      },
      "properties": {
        "probability": 0.927678108215332,
        "lat": 6.35800421091299,
        "lon": -1.730562147901715,
        "region": "Obuasi",
        "detected_at": "2026-03-16T06:32:51.915964",
        "model_version": "48px_v3.7_2024-01-10"
      }
    },
    {
      "type": "Feature",
      "geometry": {
        "type": "Point",
        "coordinates": [
          -1.7240371211147476,
          6.377587469946585
        ]
      },
      "properties": {
        "probability": 0.9966821074485779,
        "lat": 6.377587469946585,
        "lon": -1.7240371211147476,
        "region": "Obuasi",
        "detected_at": "2026-03-16T06:32:51.916054",
        "model_version": "48px_v3.7_2024-01-10"
      }
    },
    {
      "type": "Feature",
      "geometry": {
        "type": "Point",
        "coordinates": [
          -1.7240371211147476,
          6.375411552276185
        ]
      },
      "properties": {
        "probability": 0.9748770594596863,
        "lat": 6.375411552276185,
        "lon": -1.7240371211147476,
        "region": "Obuasi",
        "detected_at": "2026-03-16T06:32:51.916142",
        "model_version": "48px_v3.7_2024-01-10"
      }
    },
    {
      "type": "Feature",
      "geometry": {
        "type": "Point",
        "coordinates": [
          -1.7131620764698021,
          6.401522564320977
        ]
      },
      "properties": {
        "probability": 0.9867104291915894,
        "lat": 6.401522564320977,
        "lon": -1.7131620764698021,
        "region": "Obuasi",
        "detected_at": "2026-03-16T06:32:51.916229",
        "model_version": "48px_v3.7_2024-01-10"
      }
    },
    {
      "type": "Feature",
      "geometry": {
        "type": "Point",
        "coordinates": [
          -1.7131620764698021,
          6.399346646650578
        ]
      },
      "properties": {
        "probability": 0.9676345586776733,
        "lat": 6.399346646650578,
        "lon": -1.7131620764698021,
        "region": "Obuasi",
        "detected_at": "2026-03-16T06:32:51.916317",
        "model_version": "48px_v3.7_2024-01-10"
      }
    },
    {
      "type": "Feature",
      "geometry": {
        "type": "Point",
        "coordinates": [
          -1.7109870675408134,
          6.399346646650578
        ]
      },
      "properties": {
        "probability": 0.997377336025238,
        "lat": 6.399346646650578,
        "lon": -1.7109870675408134,
        "region": "Obuasi",
        "detected_at": "2026-03-16T06:32:51.916407",
        "model_version": "48px_v3.7_2024-01-10"
      }
    },
    {
      "type": "Feature",
      "geometry": {
        "type": "Point",
        "coordinates": [
          -1.7109870675408134,
          6.3971707289801785
        ]
      },
      "properties": {
        "probability": 0.8817629814147949,
        "lat": 6.3971707289801785,
        "lon": -1.7109870675408134,
        "region": "Obuasi",
        "detected_at": "2026-03-16T06:32:51.916497",
        "model_version": "48px_v3.7_2024-01-10"
      }
    },
    {
      "type": "Feature",
      "geometry": {
        "type": "Point",
        "coordinates": [
          -1.7066370496828351,
          6.381939305287383
        ]
      },
      "properties": {
        "probability": 0.9989036321640015,
        "lat": 6.381939305287383,
        "lon": -1.7066370496828351,
        "region": "Obuasi",
        "detected_at": "2026-03-16T06:32:51.916584",
        "model_version": "48px_v3.7_2024-01-10"
      }
    },
    {
      "type": "Feature",
      "geometry": {
        "type": "Point",
        "coordinates": [
          -1.7066370496828351,
          6.379763387616985
        ]
      },
      "properties": {
        "probability": 0.9740259051322937,
        "lat": 6.379763387616985,
        "lon": -1.7066370496828351,
        "region": "Obuasi",
        "detected_at": "2026-03-16T06:32:51.916696",
        "model_version": "48px_v3.7_2024-01-10"
      }
    },
    {
      "type": "Feature",
      "geometry": {
        "type": "Point",
        "coordinates": [
          -1.7044620407538458,
          6.381939305287384
        ]
      },
      "properties": {
        "probability": 0.9997318387031555,
        "lat": 6.381939305287384,
        "lon": -1.7044620407538458,
        "region": "Obuasi",
        "detected_at": "2026-03-16T06:32:51.916792",
        "model_version": "48px_v3.7_2024-01-10"
      }
    },
    {
      "type": "Feature",
      "geometry": {
        "type": "Point",
        "coordinates": [
          -1.7044620407538458,
          6.3797633876169835
        ]
      },
      "properties": {
        "probability": 0.9995182156562805,
        "lat": 6.3797633876169835,
        "lon": -1.7044620407538458,
        "region": "Obuasi",
        "detected_at": "2026-03-16T06:32:51.916881",
        "model_version": "48px_v3.7_2024-01-10"
      }
    },
    {
      "type": "Feature",
      "geometry": {
        "type": "Point",
        "coordinates": [
          -1.7022870318248569,
          6.379763387616985
        ]
      },
      "properties": {
        "probability": 0.803347110748291,
        "lat": 6.379763387616985,
        "lon": -1.7022870318248569,
        "region": "Obuasi",
        "detected_at": "2026-03-16T06:32:51.916971",
        "model_version": "48px_v3.7_2024-01-10"
      }
    },
    {
      "type": "Feature",
      "geometry": {
        "type": "Point",
        "coordinates": [
          -1.7955606240348274,
          6.440687013300462
        ]
      },
      "properties": {
        "probability": 0.9034767150878906,
        "lat": 6.440687013300462,
        "lon": -1.7955606240348274,
        "region": "Obuasi",
        "detected_at": "2026-03-16T06:32:51.917059",
        "model_version": "48px_v3.7_2024-01-10"
      }
    },
    {
      "type": "Feature",
      "geometry": {
        "type": "Point",
        "coordinates": [
          -1.7933855274085697,
          6.414577656525832
        ]
      },
      "properties": {
        "probability": 0.8567519187927246,
        "lat": 6.414577656525832,
        "lon": -1.7933855274085697,
        "region": "Obuasi",
        "detected_at": "2026-03-16T06:32:51.917156",
        "model_version": "48px_v3.7_2024-01-10"
      }
    },
    {
      "type": "Feature",
      "geometry": {
        "type": "Point",
        "coordinates": [
          -1.791210430782312,
          6.416753436257052
        ]
      },
      "properties": {
        "probability": 0.8316563963890076,
        "lat": 6.416753436257052,
        "lon": -1.791210430782312,
        "region": "Obuasi",
        "detected_at": "2026-03-16T06:32:51.917247",
        "model_version": "48px_v3.7_2024-01-10"
      }
    },
    {
      "type": "Feature",
      "geometry": {
        "type": "Point",
        "coordinates": [
          -1.791210430782312,
          6.414577656525832
        ]
      },
      "properties": {
        "probability": 0.9332564473152161,
        "lat": 6.414577656525832,
        "lon": -1.791210430782312,
        "region": "Obuasi",
        "detected_at": "2026-03-16T06:32:51.917336",
        "model_version": "48px_v3.7_2024-01-10"
      }
    },
    {
      "type": "Feature",
      "geometry": {
        "type": "Point",
        "coordinates": [
          -1.789035334156054,
          6.416753436257051
        ]
      },
      "properties": {
        "probability": 0.823288083076477,
        "lat": 6.416753436257051,
        "lon": -1.789035334156054,
        "region": "Obuasi",
        "detected_at": "2026-03-16T06:32:51.917429",
        "model_version": "48px_v3.7_2024-01-10"
      }
    },
    {
      "type": "Feature",
      "geometry": {
        "type": "Point",
        "coordinates": [
          -1.789035334156054,
          6.414577656525833
        ]
      },
      "properties": {
        "probability": 0.8600388765335083,
        "lat": 6.414577656525833,
        "lon": -1.789035334156054,
        "region": "Obuasi",
        "detected_at": "2026-03-16T06:32:51.917518",
        "model_version": "48px_v3.7_2024-01-10"
      }
    },
    {
      "type": "Feature",
      "geometry": {
        "type": "Point",
        "coordinates": [
          -1.852332187444887,
          6.269294355898773
        ]
      },
      "properties": {
        "probability": 0.8067026138305664,
        "lat": 6.269294355898773,
        "lon": -1.852332187444887,
        "region": "Obuasi",
        "detected_at": "2026-03-16T06:32:51.917624",
        "model_version": "48px_v3.7_2024-01-10"
      }
    },
    {
      "type": "Feature",
      "geometry": {
        "type": "Point",
        "coordinates": [
          -1.8458097678470156,
          6.2562414051286686
        ]
      },
      "properties": {
        "probability": 0.8931868076324463,
        "lat": 6.2562414051286686,
        "lon": -1.8458097678470156,
        "region": "Obuasi",
        "detected_at": "2026-03-16T06:32:51.917719",
        "model_version": "48px_v3.7_2024-01-10"
      }
    },
    {
      "type": "Feature",
      "geometry": {
        "type": "Point",
        "coordinates": [
          -1.8414614881151012,
          6.258416896923686
        ]
      },
      "properties": {
        "probability": 0.8778719902038574,
        "lat": 6.258416896923686,
        "lon": -1.8414614881151012,
        "region": "Obuasi",
        "detected_at": "2026-03-16T06:32:51.917808",
        "model_version": "48px_v3.7_2024-01-10"
      }
    },
    {
      "type": "Feature",
      "geometry": {
        "type": "Point",
        "coordinates": [
          -1.839287348249144,
          6.258416896923686
        ]
      },
      "properties": {
        "probability": 0.923284649848938,
        "lat": 6.258416896923686,
        "lon": -1.839287348249144,
        "region": "Obuasi",
        "detected_at": "2026-03-16T06:32:51.917897",
        "model_version": "48px_v3.7_2024-01-10"
      }
    },
    {
      "type": "Feature",
      "geometry": {
        "type": "Point",
        "coordinates": [
          -1.837113208383187,
          6.260592388718703
        ]
      },
      "properties": {
        "probability": 0.8988267779350281,
        "lat": 6.260592388718703,
        "lon": -1.837113208383187,
        "region": "Obuasi",
        "detected_at": "2026-03-16T06:32:51.917988",
        "model_version": "48px_v3.7_2024-01-10"
      }
    },
    {
      "type": "Feature",
      "geometry": {
        "type": "Point",
        "coordinates": [
          -1.8349390685172298,
          6.267118864103756
        ]
      },
      "properties": {
        "probability": 0.9332039952278137,
        "lat": 6.267118864103756,
        "lon": -1.8349390685172298,
        "region": "Obuasi",
        "detected_at": "2026-03-16T06:32:51.918078",
        "model_version": "48px_v3.7_2024-01-10"
      }
    },
    {
      "type": "Feature",
      "geometry": {
        "type": "Point",
        "coordinates": [
          -1.8327649286512724,
          6.269294355898773
        ]
      },
      "properties": {
        "probability": 0.9965204000473022,
        "lat": 6.269294355898773,
        "lon": -1.8327649286512724,
        "region": "Obuasi",
        "detected_at": "2026-03-16T06:32:51.918166",
        "model_version": "48px_v3.7_2024-01-10"
      }
    },
    {
      "type": "Feature",
      "geometry": {
        "type": "Point",
        "coordinates": [
          -1.8327649286512724,
          6.267118864103756
        ]
      },
      "properties": {
        "probability": 0.998835027217865,
        "lat": 6.267118864103756,
        "lon": -1.8327649286512724,
        "region": "Obuasi",
        "detected_at": "2026-03-16T06:32:51.918254",
        "model_version": "48px_v3.7_2024-01-10"
      }
    },
    {
      "type": "Feature",
      "geometry": {
        "type": "Point",
        "coordinates": [
          -1.8305907887853152,
          6.280171814873862
        ]
      },
      "properties": {
        "probability": 0.9926772713661194,
        "lat": 6.280171814873862,
        "lon": -1.8305907887853152,
        "region": "Obuasi",
        "detected_at": "2026-03-16T06:32:51.918342",
        "model_version": "48px_v3.7_2024-01-10"
      }
    },
    {
      "type": "Feature",
      "geometry": {
        "type": "Point",
        "coordinates": [
          -1.8305907887853154,
          6.277996323078844
        ]
      },
      "properties": {
        "probability": 0.9618770480155945,
        "lat": 6.277996323078844,
        "lon": -1.8305907887853154,
        "region": "Obuasi",
        "detected_at": "2026-03-16T06:32:51.918437",
        "model_version": "48px_v3.7_2024-01-10"
      }
    },
    {
      "type": "Feature",
      "geometry": {
        "type": "Point",
        "coordinates": [
          -1.8305907887853152,
          6.269294355898773
        ]
      },
      "properties": {
        "probability": 0.9995906352996826,
        "lat": 6.269294355898773,
        "lon": -1.8305907887853152,
        "region": "Obuasi",
        "detected_at": "2026-03-16T06:32:51.918533",
        "model_version": "48px_v3.7_2024-01-10"
      }
    },
    {
      "type": "Feature",
      "geometry": {
        "type": "Point",
        "coordinates": [
          -1.8305907887853152,
          6.267118864103756
        ]
      },
      "properties": {
        "probability": 0.9990617632865906,
        "lat": 6.267118864103756,
        "lon": -1.8305907887853152,
        "region": "Obuasi",
        "detected_at": "2026-03-16T06:32:51.918653",
        "model_version": "48px_v3.7_2024-01-10"
      }
    },
    {
      "type": "Feature",
      "geometry": {
        "type": "Point",
        "coordinates": [
          -1.828416648919358,
          6.2714698476937905
        ]
      },
      "properties": {
        "probability": 0.9733102917671204,
        "lat": 6.2714698476937905,
        "lon": -1.828416648919358,
        "region": "Obuasi",
        "detected_at": "2026-03-16T06:32:51.918761",
        "model_version": "48px_v3.7_2024-01-10"
      }
    },
    {
      "type": "Feature",
      "geometry": {
        "type": "Point",
        "coordinates": [
          -1.828416648919358,
          6.269294355898773
        ]
      },
      "properties": {
        "probability": 0.9998636841773987,
        "lat": 6.269294355898773,
        "lon": -1.828416648919358,
        "region": "Obuasi",
        "detected_at": "2026-03-16T06:32:51.918859",
        "model_version": "48px_v3.7_2024-01-10"
      }
    },
    {
      "type": "Feature",
      "geometry": {
        "type": "Point",
        "coordinates": [
          -1.828416648919358,
          6.267118864103756
        ]
      },
      "properties": {
        "probability": 0.9969596862792969,
        "lat": 6.267118864103756,
        "lon": -1.828416648919358,
        "region": "Obuasi",
        "detected_at": "2026-03-16T06:32:51.918957",
        "model_version": "48px_v3.7_2024-01-10"
      }
    },
    {
      "type": "Feature",
      "geometry": {
        "type": "Point",
        "coordinates": [
          -1.826242509053401,
          6.2714698476937905
        ]
      },
      "properties": {
        "probability": 0.8912286162376404,
        "lat": 6.2714698476937905,
        "lon": -1.826242509053401,
        "region": "Obuasi",
        "detected_at": "2026-03-16T06:32:51.919046",
        "model_version": "48px_v3.7_2024-01-10"
      }
    },
    {
      "type": "Feature",
      "geometry": {
        "type": "Point",
        "coordinates": [
          -1.813197669857658,
          6.254065913333651
        ]
      },
      "properties": {
        "probability": 0.9954017400741577,
        "lat": 6.254065913333651,
        "lon": -1.813197669857658,
        "region": "Obuasi",
        "detected_at": "2026-03-16T06:32:51.919135",
        "model_version": "48px_v3.7_2024-01-10"
      }
    },
    {
      "type": "Feature",
      "geometry": {
        "type": "Point",
        "coordinates": [
          -1.8110235299917008,
          6.2562414051286686
        ]
      },
      "properties": {
        "probability": 0.8491227626800537,
        "lat": 6.2562414051286686,
        "lon": -1.8110235299917008,
        "region": "Obuasi",
        "detected_at": "2026-03-16T06:32:51.919234",
        "model_version": "48px_v3.7_2024-01-10"
      }
    },
    {
      "type": "Feature",
      "geometry": {
        "type": "Point",
        "coordinates": [
          -1.8110235299917008,
          6.254065913333651
        ]
      },
      "properties": {
        "probability": 0.9966310262680054,
        "lat": 6.254065913333651,
        "lon": -1.8110235299917008,
        "region": "Obuasi",
        "detected_at": "2026-03-16T06:32:51.919332",
        "model_version": "48px_v3.7_2024-01-10"
      }
    },
    {
      "type": "Feature",
      "geometry": {
        "type": "Point",
        "coordinates": [
          -1.8345876390245766,
          6.458213345195185
        ]
      },
      "properties": {
        "probability": 0.9999920725822449,
        "lat": 6.458213345195185,
        "lon": -1.8345876390245766,
        "region": "Obuasi",
        "detected_at": "2026-03-16T06:32:51.919422",
        "model_version": "48px_v3.7_2024-01-10"
      }
    },
    {
      "type": "Feature",
      "geometry": {
        "type": "Point",
        "coordinates": [
          -1.8324127212914905,
          6.458213345195185
        ]
      },
      "properties": {
        "probability": 0.9999997615814209,
        "lat": 6.458213345195185,
        "lon": -1.8324127212914905,
        "region": "Obuasi",
        "detected_at": "2026-03-16T06:32:51.919512",
        "model_version": "48px_v3.7_2024-01-10"
      }
    },
    {
      "type": "Feature",
      "geometry": {
        "type": "Point",
        "coordinates": [
          -1.8324127212914905,
          6.456037744943142
        ]
      },
      "properties": {
        "probability": 0.8936546444892883,
        "lat": 6.456037744943142,
        "lon": -1.8324127212914905,
        "region": "Obuasi",
        "detected_at": "2026-03-16T06:32:51.919621",
        "model_version": "48px_v3.7_2024-01-10"
      }
    },
    {
      "type": "Feature",
      "geometry": {
        "type": "Point",
        "coordinates": [
          -1.8302378035584042,
          6.458213345195185
        ]
      },
      "properties": {
        "probability": 0.9999971389770508,
        "lat": 6.458213345195185,
        "lon": -1.8302378035584042,
        "region": "Obuasi",
        "detected_at": "2026-03-16T06:32:51.919719",
        "model_version": "48px_v3.7_2024-01-10"
      }
    },
    {
      "type": "Feature",
      "geometry": {
        "type": "Point",
        "coordinates": [
          -1.8302378035584042,
          6.456037744943142
        ]
      },
      "properties": {
        "probability": 0.9210071563720703,
        "lat": 6.456037744943142,
        "lon": -1.8302378035584042,
        "region": "Obuasi",
        "detected_at": "2026-03-16T06:32:51.919809",
        "model_version": "48px_v3.7_2024-01-10"
      }
    },
    {
      "type": "Feature",
      "geometry": {
        "type": "Point",
        "coordinates": [
          -1.828062885825318,
          6.458213345195185
        ]
      },
      "properties": {
        "probability": 0.9993247389793396,
        "lat": 6.458213345195185,
        "lon": -1.828062885825318,
        "region": "Obuasi",
        "detected_at": "2026-03-16T06:32:51.919896",
        "model_version": "48px_v3.7_2024-01-10"
      }
    },
    {
      "type": "Feature",
      "geometry": {
        "type": "Point",
        "coordinates": [
          -1.825887968092232,
          6.458213345195185
        ]
      },
      "properties": {
        "probability": 0.9704846143722534,
        "lat": 6.458213345195185,
        "lon": -1.825887968092232,
        "region": "Obuasi",
        "detected_at": "2026-03-16T06:32:51.919986",
        "model_version": "48px_v3.7_2024-01-10"
      }
    },
    {
      "type": "Feature",
      "geometry": {
        "type": "Point",
        "coordinates": [
          -1.8237130503591457,
          6.458213345195185
        ]
      },
      "properties": {
        "probability": 0.8798643946647644,
        "lat": 6.458213345195185,
        "lon": -1.8237130503591457,
        "region": "Obuasi",
        "detected_at": "2026-03-16T06:32:51.920082",
        "model_version": "48px_v3.7_2024-01-10"
      }
    },
    {
      "type": "Feature",
      "geometry": {
        "type": "Point",
        "coordinates": [
          -1.8215381326260596,
          6.458213345195185
        ]
      },
      "properties": {
        "probability": 0.9698967337608337,
        "lat": 6.458213345195185,
        "lon": -1.8215381326260596,
        "region": "Obuasi",
        "detected_at": "2026-03-16T06:32:51.920175",
        "model_version": "48px_v3.7_2024-01-10"
      }
    },
    {
      "type": "Feature",
      "geometry": {
        "type": "Point",
        "coordinates": [
          -1.8150133794268015,
          6.451686544439052
        ]
      },
      "properties": {
        "probability": 0.8966824412345886,
        "lat": 6.451686544439052,
        "lon": -1.8150133794268015,
        "region": "Obuasi",
        "detected_at": "2026-03-16T06:32:51.920273",
        "model_version": "48px_v3.7_2024-01-10"
      }
    },
    {
      "type": "Feature",
      "geometry": {
        "type": "Point",
        "coordinates": [
          -1.8150133794268015,
          6.449510944187007
        ]
      },
      "properties": {
        "probability": 0.9580720663070679,
        "lat": 6.449510944187007,
        "lon": -1.8150133794268015,
        "region": "Obuasi",
        "detected_at": "2026-03-16T06:32:51.920361",
        "model_version": "48px_v3.7_2024-01-10"
      }
    },
    {
      "type": "Feature",
      "geometry": {
        "type": "Point",
        "coordinates": [
          -1.8150133794268015,
          6.412525739902244
        ]
      },
      "properties": {
        "probability": 0.9947924613952637,
        "lat": 6.412525739902244,
        "lon": -1.8150133794268015,
        "region": "Obuasi",
        "detected_at": "2026-03-16T06:32:51.920449",
        "model_version": "48px_v3.7_2024-01-10"
      }
    },
    {
      "type": "Feature",
      "geometry": {
        "type": "Point",
        "coordinates": [
          -1.8128384616937157,
          6.416876940406334
        ]
      },
      "properties": {
        "probability": 0.9949901700019836,
        "lat": 6.416876940406334,
        "lon": -1.8128384616937157,
        "region": "Obuasi",
        "detected_at": "2026-03-16T06:32:51.920539",
        "model_version": "48px_v3.7_2024-01-10"
      }
    },
    {
      "type": "Feature",
      "geometry": {
        "type": "Point",
        "coordinates": [
          -1.8128384616937157,
          6.41470134015429
        ]
      },
      "properties": {
        "probability": 0.9998798966407776,
        "lat": 6.41470134015429,
        "lon": -1.8128384616937157,
        "region": "Obuasi",
        "detected_at": "2026-03-16T06:32:51.920646",
        "model_version": "48px_v3.7_2024-01-10"
      }
    },
    {
      "type": "Feature",
      "geometry": {
        "type": "Point",
        "coordinates": [
          -1.8128384616937157,
          6.412525739902244
        ]
      },
      "properties": {
        "probability": 0.9998573660850525,
        "lat": 6.412525739902244,
        "lon": -1.8128384616937157,
        "region": "Obuasi",
        "detected_at": "2026-03-16T06:32:51.920739",
        "model_version": "48px_v3.7_2024-01-10"
      }
    },
    {
      "type": "Feature",
      "geometry": {
        "type": "Point",
        "coordinates": [
          -1.8128384616937157,
          6.4103501396502
        ]
      },
      "properties": {
        "probability": 0.9402168989181519,
        "lat": 6.4103501396502,
        "lon": -1.8128384616937157,
        "region": "Obuasi",
        "detected_at": "2026-03-16T06:32:51.920828",
        "model_version": "48px_v3.7_2024-01-10"
      }
    },
    {
      "type": "Feature",
      "geometry": {
        "type": "Point",
        "coordinates": [
          -1.8106635439606296,
          6.458213345195185
        ]
      },
      "properties": {
        "probability": 0.9999294281005859,
        "lat": 6.458213345195185,
        "lon": -1.8106635439606296,
        "region": "Obuasi",
        "detected_at": "2026-03-16T06:32:51.920929",
        "model_version": "48px_v3.7_2024-01-10"
      }
    },
    {
      "type": "Feature",
      "geometry": {
        "type": "Point",
        "coordinates": [
          -1.8106635439606296,
          6.456037744943142
        ]
      },
      "properties": {
        "probability": 0.9981862902641296,
        "lat": 6.456037744943142,
        "lon": -1.8106635439606296,
        "region": "Obuasi",
        "detected_at": "2026-03-16T06:32:51.921018",
        "model_version": "48px_v3.7_2024-01-10"
      }
    },
    {
      "type": "Feature",
      "geometry": {
        "type": "Point",
        "coordinates": [
          -1.8106635439606296,
          6.453862144691096
        ]
      },
      "properties": {
        "probability": 0.8534592986106873,
        "lat": 6.453862144691096,
        "lon": -1.8106635439606296,
        "region": "Obuasi",
        "detected_at": "2026-03-16T06:32:51.921112",
        "model_version": "48px_v3.7_2024-01-10"
      }
    },
    {
      "type": "Feature",
      "geometry": {
        "type": "Point",
        "coordinates": [
          -1.8106635439606296,
          6.416876940406334
        ]
      },
      "properties": {
        "probability": 0.9997773766517639,
        "lat": 6.416876940406334,
        "lon": -1.8106635439606296,
        "region": "Obuasi",
        "detected_at": "2026-03-16T06:32:51.921201",
        "model_version": "48px_v3.7_2024-01-10"
      }
    },
    {
      "type": "Feature",
      "geometry": {
        "type": "Point",
        "coordinates": [
          -1.8106635439606296,
          6.41470134015429
        ]
      },
      "properties": {
        "probability": 0.9988120794296265,
        "lat": 6.41470134015429,
        "lon": -1.8106635439606296,
        "region": "Obuasi",
        "detected_at": "2026-03-16T06:32:51.921290",
        "model_version": "48px_v3.7_2024-01-10"
      }
    },
    {
      "type": "Feature",
      "geometry": {
        "type": "Point",
        "coordinates": [
          -1.8084886262275433,
          6.458213345195185
        ]
      },
      "properties": {
        "probability": 0.9976988434791565,
        "lat": 6.458213345195185,
        "lon": -1.8084886262275433,
        "region": "Obuasi",
        "detected_at": "2026-03-16T06:32:51.921379",
        "model_version": "48px_v3.7_2024-01-10"
      }
    },
    {
      "type": "Feature",
      "geometry": {
        "type": "Point",
        "coordinates": [
          -1.8084886262275433,
          6.456037744943142
        ]
      },
      "properties": {
        "probability": 0.9921797513961792,
        "lat": 6.456037744943142,
        "lon": -1.8084886262275433,
        "region": "Obuasi",
        "detected_at": "2026-03-16T06:32:51.921467",
        "model_version": "48px_v3.7_2024-01-10"
      }
    },
    {
      "type": "Feature",
      "geometry": {
        "type": "Point",
        "coordinates": [
          -1.8084886262275433,
          6.453862144691096
        ]
      },
      "properties": {
        "probability": 0.8366133570671082,
        "lat": 6.453862144691096,
        "lon": -1.8084886262275433,
        "region": "Obuasi",
        "detected_at": "2026-03-16T06:32:51.921561",
        "model_version": "48px_v3.7_2024-01-10"
      }
    },
    {
      "type": "Feature",
      "geometry": {
        "type": "Point",
        "coordinates": [
          -1.8084886262275433,
          6.427754941666557
        ]
      },
      "properties": {
        "probability": 0.9908643364906311,
        "lat": 6.427754941666557,
        "lon": -1.8084886262275433,
        "region": "Obuasi",
        "detected_at": "2026-03-16T06:32:51.921689",
        "model_version": "48px_v3.7_2024-01-10"
      }
    },
    {
      "type": "Feature",
      "geometry": {
        "type": "Point",
        "coordinates": [
          -1.8084886262275433,
          6.416876940406334
        ]
      },
      "properties": {
        "probability": 0.9049496054649353,
        "lat": 6.416876940406334,
        "lon": -1.8084886262275433,
        "region": "Obuasi",
        "detected_at": "2026-03-16T06:32:51.921785",
        "model_version": "48px_v3.7_2024-01-10"
      }
    },
    {
      "type": "Feature",
      "geometry": {
        "type": "Point",
        "coordinates": [
          -1.8084886262275433,
          6.41470134015429
        ]
      },
      "properties": {
        "probability": 0.9965444803237915,
        "lat": 6.41470134015429,
        "lon": -1.8084886262275433,
        "region": "Obuasi",
        "detected_at": "2026-03-16T06:32:51.921878",
        "model_version": "48px_v3.7_2024-01-10"
      }
    },
    {
      "type": "Feature",
      "geometry": {
        "type": "Point",
        "coordinates": [
          -1.8063137084944572,
          6.429930541918602
        ]
      },
      "properties": {
        "probability": 0.9493979215621948,
        "lat": 6.429930541918602,
        "lon": -1.8063137084944572,
        "region": "Obuasi",
        "detected_at": "2026-03-16T06:32:51.921969",
        "model_version": "48px_v3.7_2024-01-10"
      }
    },
    {
      "type": "Feature",
      "geometry": {
        "type": "Point",
        "coordinates": [
          -1.8063137084944572,
          6.427754941666557
        ]
      },
      "properties": {
        "probability": 0.9999817609786987,
        "lat": 6.427754941666557,
        "lon": -1.8063137084944572,
        "region": "Obuasi",
        "detected_at": "2026-03-16T06:32:51.922059",
        "model_version": "48px_v3.7_2024-01-10"
      }
    },
    {
      "type": "Feature",
      "geometry": {
        "type": "Point",
        "coordinates": [
          -1.8063137084944572,
          6.425579341414513
        ]
      },
      "properties": {
        "probability": 0.9997097849845886,
        "lat": 6.425579341414513,
        "lon": -1.8063137084944572,
        "region": "Obuasi",
        "detected_at": "2026-03-16T06:32:51.922147",
        "model_version": "48px_v3.7_2024-01-10"
      }
    },
    {
      "type": "Feature",
      "geometry": {
        "type": "Point",
        "coordinates": [
          -1.8063137084944572,
          6.416876940406334
        ]
      },
      "properties": {
        "probability": 0.963866114616394,
        "lat": 6.416876940406334,
        "lon": -1.8063137084944572,
        "region": "Obuasi",
        "detected_at": "2026-03-16T06:32:51.922236",
        "model_version": "48px_v3.7_2024-01-10"
      }
    },
    {
      "type": "Feature",
      "geometry": {
        "type": "Point",
        "coordinates": [
          -1.8041387907613713,
          6.429930541918602
        ]
      },
      "properties": {
        "probability": 0.9750295281410217,
        "lat": 6.429930541918602,
        "lon": -1.8041387907613713,
        "region": "Obuasi",
        "detected_at": "2026-03-16T06:32:51.922324",
        "model_version": "48px_v3.7_2024-01-10"
      }
    },
    {
      "type": "Feature",
      "geometry": {
        "type": "Point",
        "coordinates": [
          -1.8041387907613713,
          6.427754941666557
        ]
      },
      "properties": {
        "probability": 0.9993582963943481,
        "lat": 6.427754941666557,
        "lon": -1.8041387907613713,
        "region": "Obuasi",
        "detected_at": "2026-03-16T06:32:51.922412",
        "model_version": "48px_v3.7_2024-01-10"
      }
    },
    {
      "type": "Feature",
      "geometry": {
        "type": "Point",
        "coordinates": [
          -1.8041387907613713,
          6.425579341414513
        ]
      },
      "properties": {
        "probability": 0.999915599822998,
        "lat": 6.425579341414513,
        "lon": -1.8041387907613713,
        "region": "Obuasi",
        "detected_at": "2026-03-16T06:32:51.922500",
        "model_version": "48px_v3.7_2024-01-10"
      }
    },
    {
      "type": "Feature",
      "geometry": {
        "type": "Point",
        "coordinates": [
          -1.8041387907613713,
          6.423403741162468
        ]
      },
      "properties": {
        "probability": 0.9751927256584167,
        "lat": 6.423403741162468,
        "lon": -1.8041387907613713,
        "region": "Obuasi",
        "detected_at": "2026-03-16T06:32:51.922587",
        "model_version": "48px_v3.7_2024-01-10"
      }
    },
    {
      "type": "Feature",
      "geometry": {
        "type": "Point",
        "coordinates": [
          -1.8499283590829094,
          6.377835581382649
        ]
      },
      "properties": {
        "probability": 0.8034875988960266,
        "lat": 6.377835581382649,
        "lon": -1.8499283590829094,
        "region": "Obuasi",
        "detected_at": "2026-03-16T06:32:51.922698",
        "model_version": "48px_v3.7_2024-01-10"
      }
    },
    {
      "type": "Feature",
      "geometry": {
        "type": "Point",
        "coordinates": [
          -1.8477537024843043,
          6.377835581382649
        ]
      },
      "properties": {
        "probability": 0.8256489038467407,
        "lat": 6.377835581382649,
        "lon": -1.8477537024843043,
        "region": "Obuasi",
        "detected_at": "2026-03-16T06:32:51.922788",
        "model_version": "48px_v3.7_2024-01-10"
      }
    },
    {
      "type": "Feature",
      "geometry": {
        "type": "Point",
        "coordinates": [
          -1.8477537024843043,
          6.373484453127085
        ]
      },
      "properties": {
        "probability": 0.8231801390647888,
        "lat": 6.373484453127085,
        "lon": -1.8477537024843043,
        "region": "Obuasi",
        "detected_at": "2026-03-16T06:32:51.922877",
        "model_version": "48px_v3.7_2024-01-10"
      }
    },
    {
      "type": "Feature",
      "geometry": {
        "type": "Point",
        "coordinates": [
          -1.8455790458856995,
          6.364782196615951
        ]
      },
      "properties": {
        "probability": 0.958323061466217,
        "lat": 6.364782196615951,
        "lon": -1.8455790458856995,
        "region": "Obuasi",
        "detected_at": "2026-03-16T06:32:51.922975",
        "model_version": "48px_v3.7_2024-01-10"
      }
    },
    {
      "type": "Feature",
      "geometry": {
        "type": "Point",
        "coordinates": [
          -1.8455790458856995,
          6.362606632488171
        ]
      },
      "properties": {
        "probability": 0.9861442446708679,
        "lat": 6.362606632488171,
        "lon": -1.8455790458856995,
        "region": "Obuasi",
        "detected_at": "2026-03-16T06:32:51.923072",
        "model_version": "48px_v3.7_2024-01-10"
      }
    },
    {
      "type": "Feature",
      "geometry": {
        "type": "Point",
        "coordinates": [
          -1.8434043892870946,
          6.375660017254867
        ]
      },
      "properties": {
        "probability": 0.9487093091011047,
        "lat": 6.375660017254867,
        "lon": -1.8434043892870946,
        "region": "Obuasi",
        "detected_at": "2026-03-16T06:32:51.923169",
        "model_version": "48px_v3.7_2024-01-10"
      }
    },
    {
      "type": "Feature",
      "geometry": {
        "type": "Point",
        "coordinates": [
          -1.8434043892870946,
          6.369133324871518
        ]
      },
      "properties": {
        "probability": 0.9864194393157959,
        "lat": 6.369133324871518,
        "lon": -1.8434043892870946,
        "region": "Obuasi",
        "detected_at": "2026-03-16T06:32:51.923258",
        "model_version": "48px_v3.7_2024-01-10"
      }
    },
    {
      "type": "Feature",
      "geometry": {
        "type": "Point",
        "coordinates": [
          -1.8434043892870946,
          6.364782196615951
        ]
      },
      "properties": {
        "probability": 0.8799142241477966,
        "lat": 6.364782196615951,
        "lon": -1.8434043892870946,
        "region": "Obuasi",
        "detected_at": "2026-03-16T06:32:51.923346",
        "model_version": "48px_v3.7_2024-01-10"
      }
    },
    {
      "type": "Feature",
      "geometry": {
        "type": "Point",
        "coordinates": [
          -1.8434043892870946,
          6.362606632488171
        ]
      },
      "properties": {
        "probability": 0.9987879991531372,
        "lat": 6.362606632488171,
        "lon": -1.8434043892870946,
        "region": "Obuasi",
        "detected_at": "2026-03-16T06:32:51.923433",
        "model_version": "48px_v3.7_2024-01-10"
      }
    },
    {
      "type": "Feature",
      "geometry": {
        "type": "Point",
        "coordinates": [
          -1.8434043892870946,
          6.360431068360386
        ]
      },
      "properties": {
        "probability": 0.9910309910774231,
        "lat": 6.360431068360386,
        "lon": -1.8434043892870946,
        "region": "Obuasi",
        "detected_at": "2026-03-16T06:32:51.923521",
        "model_version": "48px_v3.7_2024-01-10"
      }
    },
    {
      "type": "Feature",
      "geometry": {
        "type": "Point",
        "coordinates": [
          -1.8412297326884897,
          6.375660017254867
        ]
      },
      "properties": {
        "probability": 0.8417544960975647,
        "lat": 6.375660017254867,
        "lon": -1.8412297326884897,
        "region": "Obuasi",
        "detected_at": "2026-03-16T06:32:51.923627",
        "model_version": "48px_v3.7_2024-01-10"
      }
    },
    {
      "type": "Feature",
      "geometry": {
        "type": "Point",
        "coordinates": [
          -1.8412297326884897,
          6.373484453127085
        ]
      },
      "properties": {
        "probability": 0.9554261565208435,
        "lat": 6.373484453127085,
        "lon": -1.8412297326884897,
        "region": "Obuasi",
        "detected_at": "2026-03-16T06:32:51.923722",
        "model_version": "48px_v3.7_2024-01-10"
      }
    },
    {
      "type": "Feature",
      "geometry": {
        "type": "Point",
        "coordinates": [
          -1.8412297326884897,
          6.360431068360386
        ]
      },
      "properties": {
        "probability": 0.999596357345581,
        "lat": 6.360431068360386,
        "lon": -1.8412297326884897,
        "region": "Obuasi",
        "detected_at": "2026-03-16T06:32:51.923811",
        "model_version": "48px_v3.7_2024-01-10"
      }
    },
    {
      "type": "Feature",
      "geometry": {
        "type": "Point",
        "coordinates": [
          -1.8412297326884897,
          6.358255504232603
        ]
      },
      "properties": {
        "probability": 0.9997648596763611,
        "lat": 6.358255504232603,
        "lon": -1.8412297326884897,
        "region": "Obuasi",
        "detected_at": "2026-03-16T06:32:51.923900",
        "model_version": "48px_v3.7_2024-01-10"
      }
    },
    {
      "type": "Feature",
      "geometry": {
        "type": "Point",
        "coordinates": [
          -1.8390550760898847,
          6.362606632488171
        ]
      },
      "properties": {
        "probability": 0.978649914264679,
        "lat": 6.362606632488171,
        "lon": -1.8390550760898847,
        "region": "Obuasi",
        "detected_at": "2026-03-16T06:32:51.923995",
        "model_version": "48px_v3.7_2024-01-10"
      }
    },
    {
      "type": "Feature",
      "geometry": {
        "type": "Point",
        "coordinates": [
          -1.8390550760898852,
          6.360431068360386
        ]
      },
      "properties": {
        "probability": 0.9999876618385315,
        "lat": 6.360431068360386,
        "lon": -1.8390550760898852,
        "region": "Obuasi",
        "detected_at": "2026-03-16T06:32:51.924085",
        "model_version": "48px_v3.7_2024-01-10"
      }
    },
    {
      "type": "Feature",
      "geometry": {
        "type": "Point",
        "coordinates": [
          -1.8390550760898852,
          6.358255504232603
        ]
      },
      "properties": {
        "probability": 0.9999818801879883,
        "lat": 6.358255504232603,
        "lon": -1.8390550760898852,
        "region": "Obuasi",
        "detected_at": "2026-03-16T06:32:51.924174",
        "model_version": "48px_v3.7_2024-01-10"
      }
    },
    {
      "type": "Feature",
      "geometry": {
        "type": "Point",
        "coordinates": [
          -1.8368804194912798,
          6.375660017254867
        ]
      },
      "properties": {
        "probability": 0.9637026786804199,
        "lat": 6.375660017254867,
        "lon": -1.8368804194912798,
        "region": "Obuasi",
        "detected_at": "2026-03-16T06:32:51.924262",
        "model_version": "48px_v3.7_2024-01-10"
      }
    },
    {
      "type": "Feature",
      "geometry": {
        "type": "Point",
        "coordinates": [
          -1.8368804194912798,
          6.373484453127085
        ]
      },
      "properties": {
        "probability": 0.99599689245224,
        "lat": 6.373484453127085,
        "lon": -1.8368804194912798,
        "region": "Obuasi",
        "detected_at": "2026-03-16T06:32:51.924350",
        "model_version": "48px_v3.7_2024-01-10"
      }
    },
    {
      "type": "Feature",
      "geometry": {
        "type": "Point",
        "coordinates": [
          -1.8368804194912798,
          6.371308888999301
        ]
      },
      "properties": {
        "probability": 0.9238501191139221,
        "lat": 6.371308888999301,
        "lon": -1.8368804194912798,
        "region": "Obuasi",
        "detected_at": "2026-03-16T06:32:51.924438",
        "model_version": "48px_v3.7_2024-01-10"
      }
    },
    {
      "type": "Feature",
      "geometry": {
        "type": "Point",
        "coordinates": [
          -1.8368804194912798,
          6.369133324871518
        ]
      },
      "properties": {
        "probability": 0.9496178030967712,
        "lat": 6.369133324871518,
        "lon": -1.8368804194912798,
        "region": "Obuasi",
        "detected_at": "2026-03-16T06:32:51.924537",
        "model_version": "48px_v3.7_2024-01-10"
      }
    },
    {
      "type": "Feature",
      "geometry": {
        "type": "Point",
        "coordinates": [
          -1.8368804194912798,
          6.366957760743735
        ]
      },
      "properties": {
        "probability": 0.9833456873893738,
        "lat": 6.366957760743735,
        "lon": -1.8368804194912798,
        "region": "Obuasi",
        "detected_at": "2026-03-16T06:32:51.924644",
        "model_version": "48px_v3.7_2024-01-10"
      }
    },
    {
      "type": "Feature",
      "geometry": {
        "type": "Point",
        "coordinates": [
          -1.8368804194912798,
          6.364782196615951
        ]
      },
      "properties": {
        "probability": 0.9999598860740662,
        "lat": 6.364782196615951,
        "lon": -1.8368804194912798,
        "region": "Obuasi",
        "detected_at": "2026-03-16T06:32:51.924751",
        "model_version": "48px_v3.7_2024-01-10"
      }
    },
    {
      "type": "Feature",
      "geometry": {
        "type": "Point",
        "coordinates": [
          -1.8368804194912798,
          6.362606632488171
        ]
      },
      "properties": {
        "probability": 0.9999995827674866,
        "lat": 6.362606632488171,
        "lon": -1.8368804194912798,
        "region": "Obuasi",
        "detected_at": "2026-03-16T06:32:51.924844",
        "model_version": "48px_v3.7_2024-01-10"
      }
    },
    {
      "type": "Feature",
      "geometry": {
        "type": "Point",
        "coordinates": [
          -1.8368804194912798,
          6.360431068360386
        ]
      },
      "properties": {
        "probability": 0.9999924302101135,
        "lat": 6.360431068360386,
        "lon": -1.8368804194912798,
        "region": "Obuasi",
        "detected_at": "2026-03-16T06:32:51.924936",
        "model_version": "48px_v3.7_2024-01-10"
      }
    },
    {
      "type": "Feature",
      "geometry": {
        "type": "Point",
        "coordinates": [
          -1.8368804194912798,
          6.358255504232603
        ]
      },
      "properties": {
        "probability": 0.9999785423278809,
        "lat": 6.358255504232603,
        "lon": -1.8368804194912798,
        "region": "Obuasi",
        "detected_at": "2026-03-16T06:32:51.925026",
        "model_version": "48px_v3.7_2024-01-10"
      }
    },
    {
      "type": "Feature",
      "geometry": {
        "type": "Point",
        "coordinates": [
          -1.8347057628926748,
          6.380011145510432
        ]
      },
      "properties": {
        "probability": 0.9998307228088379,
        "lat": 6.380011145510432,
        "lon": -1.8347057628926748,
        "region": "Obuasi",
        "detected_at": "2026-03-16T06:32:51.925120",
        "model_version": "48px_v3.7_2024-01-10"
      }
    },
    {
      "type": "Feature",
      "geometry": {
        "type": "Point",
        "coordinates": [
          -1.8347057628926748,
          6.377835581382649
        ]
      },
      "properties": {
        "probability": 0.9999187588691711,
        "lat": 6.377835581382649,
        "lon": -1.8347057628926748,
        "region": "Obuasi",
        "detected_at": "2026-03-16T06:32:51.925209",
        "model_version": "48px_v3.7_2024-01-10"
      }
    },
    {
      "type": "Feature",
      "geometry": {
        "type": "Point",
        "coordinates": [
          -1.8347057628926748,
          6.375660017254867
        ]
      },
      "properties": {
        "probability": 0.9999953508377075,
        "lat": 6.375660017254867,
        "lon": -1.8347057628926748,
        "region": "Obuasi",
        "detected_at": "2026-03-16T06:32:51.925297",
        "model_version": "48px_v3.7_2024-01-10"
      }
    },
    {
      "type": "Feature",
      "geometry": {
        "type": "Point",
        "coordinates": [
          -1.8347057628926748,
          6.373484453127085
        ]
      },
      "properties": {
        "probability": 1.0,
        "lat": 6.373484453127085,
        "lon": -1.8347057628926748,
        "region": "Obuasi",
        "detected_at": "2026-03-16T06:32:51.925385",
        "model_version": "48px_v3.7_2024-01-10"
      }
    },
    {
      "type": "Feature",
      "geometry": {
        "type": "Point",
        "coordinates": [
          -1.8347057628926748,
          6.371308888999301
        ]
      },
      "properties": {
        "probability": 0.9999902844429016,
        "lat": 6.371308888999301,
        "lon": -1.8347057628926748,
        "region": "Obuasi",
        "detected_at": "2026-03-16T06:32:51.925474",
        "model_version": "48px_v3.7_2024-01-10"
      }
    },
    {
      "type": "Feature",
      "geometry": {
        "type": "Point",
        "coordinates": [
          -1.8347057628926748,
          6.369133324871518
        ]
      },
      "properties": {
        "probability": 0.9997780323028564,
        "lat": 6.369133324871518,
        "lon": -1.8347057628926748,
        "region": "Obuasi",
        "detected_at": "2026-03-16T06:32:51.925561",
        "model_version": "48px_v3.7_2024-01-10"
      }
    },
    {
      "type": "Feature",
      "geometry": {
        "type": "Point",
        "coordinates": [
          -1.8347057628926748,
          6.366957760743735
        ]
      },
      "properties": {
        "probability": 0.999993085861206,
        "lat": 6.366957760743735,
        "lon": -1.8347057628926748,
        "region": "Obuasi",
        "detected_at": "2026-03-16T06:32:51.925679",
        "model_version": "48px_v3.7_2024-01-10"
      }
    },
    {
      "type": "Feature",
      "geometry": {
        "type": "Point",
        "coordinates": [
          -1.834705762892675,
          6.364782196615951
        ]
      },
      "properties": {
        "probability": 0.9999999403953552,
        "lat": 6.364782196615951,
        "lon": -1.834705762892675,
        "region": "Obuasi",
        "detected_at": "2026-03-16T06:32:51.925772",
        "model_version": "48px_v3.7_2024-01-10"
      }
    },
    {
      "type": "Feature",
      "geometry": {
        "type": "Point",
        "coordinates": [
          -1.834705762892675,
          6.362606632488171
        ]
      },
      "properties": {
        "probability": 1.0,
        "lat": 6.362606632488171,
        "lon": -1.834705762892675,
        "region": "Obuasi",
        "detected_at": "2026-03-16T06:32:51.925963",
        "model_version": "48px_v3.7_2024-01-10"
      }
    },
    {
      "type": "Feature",
      "geometry": {
        "type": "Point",
        "coordinates": [
          -1.8347057628926748,
          6.360431068360386
        ]
      },
      "properties": {
        "probability": 0.9999997019767761,
        "lat": 6.360431068360386,
        "lon": -1.8347057628926748,
        "region": "Obuasi",
        "detected_at": "2026-03-16T06:32:51.926072",
        "model_version": "48px_v3.7_2024-01-10"
      }
    },
    {
      "type": "Feature",
      "geometry": {
        "type": "Point",
        "coordinates": [
          -1.8347057628926748,
          6.358255504232603
        ]
      },
      "properties": {
        "probability": 0.99997878074646,
        "lat": 6.358255504232603,
        "lon": -1.8347057628926748,
        "region": "Obuasi",
        "detected_at": "2026-03-16T06:32:51.926179",
        "model_version": "48px_v3.7_2024-01-10"
      }
    },
    {
      "type": "Feature",
      "geometry": {
        "type": "Point",
        "coordinates": [
          -1.8325311062940701,
          6.384362273765998
        ]
      },
      "properties": {
        "probability": 0.8521947860717773,
        "lat": 6.384362273765998,
        "lon": -1.8325311062940701,
        "region": "Obuasi",
        "detected_at": "2026-03-16T06:32:51.926272",
        "model_version": "48px_v3.7_2024-01-10"
      }
    },
    {
      "type": "Feature",
      "geometry": {
        "type": "Point",
        "coordinates": [
          -1.8325311062940701,
          6.3821867096382165
        ]
      },
      "properties": {
        "probability": 0.9996911287307739,
        "lat": 6.3821867096382165,
        "lon": -1.8325311062940701,
        "region": "Obuasi",
        "detected_at": "2026-03-16T06:32:51.926360",
        "model_version": "48px_v3.7_2024-01-10"
      }
    },
    {
      "type": "Feature",
      "geometry": {
        "type": "Point",
        "coordinates": [
          -1.83253110629407,
          6.380011145510432
        ]
      },
      "properties": {
        "probability": 0.9999998211860657,
        "lat": 6.380011145510432,
        "lon": -1.83253110629407,
        "region": "Obuasi",
        "detected_at": "2026-03-16T06:32:51.926455",
        "model_version": "48px_v3.7_2024-01-10"
      }
    },
    {
      "type": "Feature",
      "geometry": {
        "type": "Point",
        "coordinates": [
          -1.83253110629407,
          6.377835581382649
        ]
      },
      "properties": {
        "probability": 0.9999999403953552,
        "lat": 6.377835581382649,
        "lon": -1.83253110629407,
        "region": "Obuasi",
        "detected_at": "2026-03-16T06:32:51.926544",
        "model_version": "48px_v3.7_2024-01-10"
      }
    },
    {
      "type": "Feature",
      "geometry": {
        "type": "Point",
        "coordinates": [
          -1.83253110629407,
          6.375660017254867
        ]
      },
      "properties": {
        "probability": 0.9999989867210388,
        "lat": 6.375660017254867,
        "lon": -1.83253110629407,
        "region": "Obuasi",
        "detected_at": "2026-03-16T06:32:51.926651",
        "model_version": "48px_v3.7_2024-01-10"
      }
    },
    {
      "type": "Feature",
      "geometry": {
        "type": "Point",
        "coordinates": [
          -1.83253110629407,
          6.373484453127085
        ]
      },
      "properties": {
        "probability": 0.9999996423721313,
        "lat": 6.373484453127085,
        "lon": -1.83253110629407,
        "region": "Obuasi",
        "detected_at": "2026-03-16T06:32:51.926752",
        "model_version": "48px_v3.7_2024-01-10"
      }
    },
    {
      "type": "Feature",
      "geometry": {
        "type": "Point",
        "coordinates": [
          -1.83253110629407,
          6.371308888999301
        ]
      },
      "properties": {
        "probability": 0.9999842643737793,
        "lat": 6.371308888999301,
        "lon": -1.83253110629407,
        "region": "Obuasi",
        "detected_at": "2026-03-16T06:32:51.926841",
        "model_version": "48px_v3.7_2024-01-10"
      }
    },
    {
      "type": "Feature",
      "geometry": {
        "type": "Point",
        "coordinates": [
          -1.83253110629407,
          6.369133324871518
        ]
      },
      "properties": {
        "probability": 0.9999361038208008,
        "lat": 6.369133324871518,
        "lon": -1.83253110629407,
        "region": "Obuasi",
        "detected_at": "2026-03-16T06:32:51.926968",
        "model_version": "48px_v3.7_2024-01-10"
      }
    },
    {
      "type": "Feature",
      "geometry": {
        "type": "Point",
        "coordinates": [
          -1.83253110629407,
          6.366957760743735
        ]
      },
      "properties": {
        "probability": 0.9999973773956299,
        "lat": 6.366957760743735,
        "lon": -1.83253110629407,
        "region": "Obuasi",
        "detected_at": "2026-03-16T06:32:51.927088",
        "model_version": "48px_v3.7_2024-01-10"
      }
    },
    {
      "type": "Feature",
      "geometry": {
        "type": "Point",
        "coordinates": [
          -1.8325311062940701,
          6.364782196615951
        ]
      },
      "properties": {
        "probability": 0.9999998807907104,
        "lat": 6.364782196615951,
        "lon": -1.8325311062940701,
        "region": "Obuasi",
        "detected_at": "2026-03-16T06:32:51.927180",
        "model_version": "48px_v3.7_2024-01-10"
      }
    },
    {
      "type": "Feature",
      "geometry": {
        "type": "Point",
        "coordinates": [
          -1.8325311062940701,
          6.362606632488171
        ]
      },
      "properties": {
        "probability": 0.9997537732124329,
        "lat": 6.362606632488171,
        "lon": -1.8325311062940701,
        "region": "Obuasi",
        "detected_at": "2026-03-16T06:32:51.927271",
        "model_version": "48px_v3.7_2024-01-10"
      }
    },
    {
      "type": "Feature",
      "geometry": {
        "type": "Point",
        "coordinates": [
          -1.83253110629407,
          6.360431068360386
        ]
      },
      "properties": {
        "probability": 0.9903152585029602,
        "lat": 6.360431068360386,
        "lon": -1.83253110629407,
        "region": "Obuasi",
        "detected_at": "2026-03-16T06:32:51.927359",
        "model_version": "48px_v3.7_2024-01-10"
      }
    },
    {
      "type": "Feature",
      "geometry": {
        "type": "Point",
        "coordinates": [
          -1.83253110629407,
          6.358255504232603
        ]
      },
      "properties": {
        "probability": 0.9756112694740295,
        "lat": 6.358255504232603,
        "lon": -1.83253110629407,
        "region": "Obuasi",
        "detected_at": "2026-03-16T06:32:51.927448",
        "model_version": "48px_v3.7_2024-01-10"
      }
    },
    {
      "type": "Feature",
      "geometry": {
        "type": "Point",
        "coordinates": [
          -1.8303564496954652,
          6.388713402021563
        ]
      },
      "properties": {
        "probability": 0.9544676542282104,
        "lat": 6.388713402021563,
        "lon": -1.8303564496954652,
        "region": "Obuasi",
        "detected_at": "2026-03-16T06:32:51.927538",
        "model_version": "48px_v3.7_2024-01-10"
      }
    },
    {
      "type": "Feature",
      "geometry": {
        "type": "Point",
        "coordinates": [
          -1.8303564496954652,
          6.386537837893781
        ]
      },
      "properties": {
        "probability": 0.9983282685279846,
        "lat": 6.386537837893781,
        "lon": -1.8303564496954652,
        "region": "Obuasi",
        "detected_at": "2026-03-16T06:32:51.927647",
        "model_version": "48px_v3.7_2024-01-10"
      }
    },
    {
      "type": "Feature",
      "geometry": {
        "type": "Point",
        "coordinates": [
          -1.830356449695465,
          6.384362273765998
        ]
      },
      "properties": {
        "probability": 0.9999955296516418,
        "lat": 6.384362273765998,
        "lon": -1.830356449695465,
        "region": "Obuasi",
        "detected_at": "2026-03-16T06:32:51.927754",
        "model_version": "48px_v3.7_2024-01-10"
      }
    },
    {
      "type": "Feature",
      "geometry": {
        "type": "Point",
        "coordinates": [
          -1.830356449695465,
          6.3821867096382165
        ]
      },
      "properties": {
        "probability": 0.9999943375587463,
        "lat": 6.3821867096382165,
        "lon": -1.830356449695465,
        "region": "Obuasi",
        "detected_at": "2026-03-16T06:32:51.927846",
        "model_version": "48px_v3.7_2024-01-10"
      }
    },
    {
      "type": "Feature",
      "geometry": {
        "type": "Point",
        "coordinates": [
          -1.8303564496954652,
          6.380011145510432
        ]
      },
      "properties": {
        "probability": 1.0,
        "lat": 6.380011145510432,
        "lon": -1.8303564496954652,
        "region": "Obuasi",
        "detected_at": "2026-03-16T06:32:51.927935",
        "model_version": "48px_v3.7_2024-01-10"
      }
    },
    {
      "type": "Feature",
      "geometry": {
        "type": "Point",
        "coordinates": [
          -1.8303564496954652,
          6.377835581382649
        ]
      },
      "properties": {
        "probability": 1.0,
        "lat": 6.377835581382649,
        "lon": -1.8303564496954652,
        "region": "Obuasi",
        "detected_at": "2026-03-16T06:32:51.928030",
        "model_version": "48px_v3.7_2024-01-10"
      }
    },
    {
      "type": "Feature",
      "geometry": {
        "type": "Point",
        "coordinates": [
          -1.8303564496954652,
          6.375660017254867
        ]
      },
      "properties": {
        "probability": 0.999722421169281,
        "lat": 6.375660017254867,
        "lon": -1.8303564496954652,
        "region": "Obuasi",
        "detected_at": "2026-03-16T06:32:51.928119",
        "model_version": "48px_v3.7_2024-01-10"
      }
    },
    {
      "type": "Feature",
      "geometry": {
        "type": "Point",
        "coordinates": [
          -1.8303564496954652,
          6.373484453127085
        ]
      },
      "properties": {
        "probability": 0.9999332427978516,
        "lat": 6.373484453127085,
        "lon": -1.8303564496954652,
        "region": "Obuasi",
        "detected_at": "2026-03-16T06:32:51.928207",
        "model_version": "48px_v3.7_2024-01-10"
      }
    },
    {
      "type": "Feature",
      "geometry": {
        "type": "Point",
        "coordinates": [
          -1.8303564496954652,
          6.371308888999301
        ]
      },
      "properties": {
        "probability": 0.9999868869781494,
        "lat": 6.371308888999301,
        "lon": -1.8303564496954652,
        "region": "Obuasi",
        "detected_at": "2026-03-16T06:32:51.928295",
        "model_version": "48px_v3.7_2024-01-10"
      }
    },
    {
      "type": "Feature",
      "geometry": {
        "type": "Point",
        "coordinates": [
          -1.8303564496954652,
          6.369133324871518
        ]
      },
      "properties": {
        "probability": 0.9999968409538269,
        "lat": 6.369133324871518,
        "lon": -1.8303564496954652,
        "region": "Obuasi",
        "detected_at": "2026-03-16T06:32:51.928386",
        "model_version": "48px_v3.7_2024-01-10"
      }
    },
    {
      "type": "Feature",
      "geometry": {
        "type": "Point",
        "coordinates": [
          -1.8303564496954652,
          6.366957760743735
        ]
      },
      "properties": {
        "probability": 0.9999995827674866,
        "lat": 6.366957760743735,
        "lon": -1.8303564496954652,
        "region": "Obuasi",
        "detected_at": "2026-03-16T06:32:51.928474",
        "model_version": "48px_v3.7_2024-01-10"
      }
    },
    {
      "type": "Feature",
      "geometry": {
        "type": "Point",
        "coordinates": [
          -1.830356449695465,
          6.364782196615951
        ]
      },
      "properties": {
        "probability": 1.0,
        "lat": 6.364782196615951,
        "lon": -1.830356449695465,
        "region": "Obuasi",
        "detected_at": "2026-03-16T06:32:51.928569",
        "model_version": "48px_v3.7_2024-01-10"
      }
    },
    {
      "type": "Feature",
      "geometry": {
        "type": "Point",
        "coordinates": [
          -1.830356449695465,
          6.362606632488171
        ]
      },
      "properties": {
        "probability": 0.9725286960601807,
        "lat": 6.362606632488171,
        "lon": -1.830356449695465,
        "region": "Obuasi",
        "detected_at": "2026-03-16T06:32:51.928677",
        "model_version": "48px_v3.7_2024-01-10"
      }
    },
    {
      "type": "Feature",
      "geometry": {
        "type": "Point",
        "coordinates": [
          -1.82818179309686,
          6.395240094404913
        ]
      },
      "properties": {
        "probability": 0.9346969127655029,
        "lat": 6.395240094404913,
        "lon": -1.82818179309686,
        "region": "Obuasi",
        "detected_at": "2026-03-16T06:32:51.928768",
        "model_version": "48px_v3.7_2024-01-10"
      }
    },
    {
      "type": "Feature",
      "geometry": {
        "type": "Point",
        "coordinates": [
          -1.82818179309686,
          6.39306453027713
        ]
      },
      "properties": {
        "probability": 0.9963268041610718,
        "lat": 6.39306453027713,
        "lon": -1.82818179309686,
        "region": "Obuasi",
        "detected_at": "2026-03-16T06:32:51.928855",
        "model_version": "48px_v3.7_2024-01-10"
      }
    },
    {
      "type": "Feature",
      "geometry": {
        "type": "Point",
        "coordinates": [
          -1.82818179309686,
          6.390888966149347
        ]
      },
      "properties": {
        "probability": 0.9999638199806213,
        "lat": 6.390888966149347,
        "lon": -1.82818179309686,
        "region": "Obuasi",
        "detected_at": "2026-03-16T06:32:51.928949",
        "model_version": "48px_v3.7_2024-01-10"
      }
    },
    {
      "type": "Feature",
      "geometry": {
        "type": "Point",
        "coordinates": [
          -1.82818179309686,
          6.388713402021563
        ]
      },
      "properties": {
        "probability": 0.9998119473457336,
        "lat": 6.388713402021563,
        "lon": -1.82818179309686,
        "region": "Obuasi",
        "detected_at": "2026-03-16T06:32:51.929037",
        "model_version": "48px_v3.7_2024-01-10"
      }
    },
    {
      "type": "Feature",
      "geometry": {
        "type": "Point",
        "coordinates": [
          -1.82818179309686,
          6.386537837893781
        ]
      },
      "properties": {
        "probability": 0.9955096244812012,
        "lat": 6.386537837893781,
        "lon": -1.82818179309686,
        "region": "Obuasi",
        "detected_at": "2026-03-16T06:32:51.929146",
        "model_version": "48px_v3.7_2024-01-10"
      }
    },
    {
      "type": "Feature",
      "geometry": {
        "type": "Point",
        "coordinates": [
          -1.82818179309686,
          6.384362273765998
        ]
      },
      "properties": {
        "probability": 0.9976935386657715,
        "lat": 6.384362273765998,
        "lon": -1.82818179309686,
        "region": "Obuasi",
        "detected_at": "2026-03-16T06:32:51.929246",
        "model_version": "48px_v3.7_2024-01-10"
      }
    },
    {
      "type": "Feature",
      "geometry": {
        "type": "Point",
        "coordinates": [
          -1.82818179309686,
          6.3821867096382165
        ]
      },
      "properties": {
        "probability": 0.9627950191497803,
        "lat": 6.3821867096382165,
        "lon": -1.82818179309686,
        "region": "Obuasi",
        "detected_at": "2026-03-16T06:32:51.929337",
        "model_version": "48px_v3.7_2024-01-10"
      }
    },
    {
      "type": "Feature",
      "geometry": {
        "type": "Point",
        "coordinates": [
          -1.82818179309686,
          6.380011145510432
        ]
      },
      "properties": {
        "probability": 0.9999718070030212,
        "lat": 6.380011145510432,
        "lon": -1.82818179309686,
        "region": "Obuasi",
        "detected_at": "2026-03-16T06:32:51.929426",
        "model_version": "48px_v3.7_2024-01-10"
      }
    },
    {
      "type": "Feature",
      "geometry": {
        "type": "Point",
        "coordinates": [
          -1.82818179309686,
          6.377835581382649
        ]
      },
      "properties": {
        "probability": 1.0,
        "lat": 6.377835581382649,
        "lon": -1.82818179309686,
        "region": "Obuasi",
        "detected_at": "2026-03-16T06:32:51.929514",
        "model_version": "48px_v3.7_2024-01-10"
      }
    },
    {
      "type": "Feature",
      "geometry": {
        "type": "Point",
        "coordinates": [
          -1.82818179309686,
          6.375660017254867
        ]
      },
      "properties": {
        "probability": 0.9999791383743286,
        "lat": 6.375660017254867,
        "lon": -1.82818179309686,
        "region": "Obuasi",
        "detected_at": "2026-03-16T06:32:51.929634",
        "model_version": "48px_v3.7_2024-01-10"
      }
    },
    {
      "type": "Feature",
      "geometry": {
        "type": "Point",
        "coordinates": [
          -1.82818179309686,
          6.373484453127085
        ]
      },
      "properties": {
        "probability": 0.9866589903831482,
        "lat": 6.373484453127085,
        "lon": -1.82818179309686,
        "region": "Obuasi",
        "detected_at": "2026-03-16T06:32:51.929741",
        "model_version": "48px_v3.7_2024-01-10"
      }
    },
    {
      "type": "Feature",
      "geometry": {
        "type": "Point",
        "coordinates": [
          -1.82818179309686,
          6.371308888999301
        ]
      },
      "properties": {
        "probability": 0.9999303817749023,
        "lat": 6.371308888999301,
        "lon": -1.82818179309686,
        "region": "Obuasi",
        "detected_at": "2026-03-16T06:32:51.929832",
        "model_version": "48px_v3.7_2024-01-10"
      }
    },
    {
      "type": "Feature",
      "geometry": {
        "type": "Point",
        "coordinates": [
          -1.82818179309686,
          6.369133324871518
        ]
      },
      "properties": {
        "probability": 0.9999565482139587,
        "lat": 6.369133324871518,
        "lon": -1.82818179309686,
        "region": "Obuasi",
        "detected_at": "2026-03-16T06:32:51.929921",
        "model_version": "48px_v3.7_2024-01-10"
      }
    },
    {
      "type": "Feature",
      "geometry": {
        "type": "Point",
        "coordinates": [
          -1.82818179309686,
          6.366957760743735
        ]
      },
      "properties": {
        "probability": 0.9927688837051392,
        "lat": 6.366957760743735,
        "lon": -1.82818179309686,
        "region": "Obuasi",
        "detected_at": "2026-03-16T06:32:51.930010",
        "model_version": "48px_v3.7_2024-01-10"
      }
    },
    {
      "type": "Feature",
      "geometry": {
        "type": "Point",
        "coordinates": [
          -1.82818179309686,
          6.364782196615951
        ]
      },
      "properties": {
        "probability": 0.9980756044387817,
        "lat": 6.364782196615951,
        "lon": -1.82818179309686,
        "region": "Obuasi",
        "detected_at": "2026-03-16T06:32:51.930099",
        "model_version": "48px_v3.7_2024-01-10"
      }
    },
    {
      "type": "Feature",
      "geometry": {
        "type": "Point",
        "coordinates": [
          -1.82818179309686,
          6.362606632488171
        ]
      },
      "properties": {
        "probability": 0.9625609517097473,
        "lat": 6.362606632488171,
        "lon": -1.82818179309686,
        "region": "Obuasi",
        "detected_at": "2026-03-16T06:32:51.930188",
        "model_version": "48px_v3.7_2024-01-10"
      }
    },
    {
      "type": "Feature",
      "geometry": {
        "type": "Point",
        "coordinates": [
          -1.826007136498255,
          6.395240094404913
        ]
      },
      "properties": {
        "probability": 0.9999189972877502,
        "lat": 6.395240094404913,
        "lon": -1.826007136498255,
        "region": "Obuasi",
        "detected_at": "2026-03-16T06:32:51.930277",
        "model_version": "48px_v3.7_2024-01-10"
      }
    },
    {
      "type": "Feature",
      "geometry": {
        "type": "Point",
        "coordinates": [
          -1.826007136498255,
          6.39306453027713
        ]
      },
      "properties": {
        "probability": 0.9999958276748657,
        "lat": 6.39306453027713,
        "lon": -1.826007136498255,
        "region": "Obuasi",
        "detected_at": "2026-03-16T06:32:51.930366",
        "model_version": "48px_v3.7_2024-01-10"
      }
    },
    {
      "type": "Feature",
      "geometry": {
        "type": "Point",
        "coordinates": [
          -1.826007136498255,
          6.390888966149347
        ]
      },
      "properties": {
        "probability": 0.9999990463256836,
        "lat": 6.390888966149347,
        "lon": -1.826007136498255,
        "region": "Obuasi",
        "detected_at": "2026-03-16T06:32:51.930462",
        "model_version": "48px_v3.7_2024-01-10"
      }
    },
    {
      "type": "Feature",
      "geometry": {
        "type": "Point",
        "coordinates": [
          -1.826007136498255,
          6.388713402021563
        ]
      },
      "properties": {
        "probability": 0.9353367686271667,
        "lat": 6.388713402021563,
        "lon": -1.826007136498255,
        "region": "Obuasi",
        "detected_at": "2026-03-16T06:32:51.930550",
        "model_version": "48px_v3.7_2024-01-10"
      }
    },
    {
      "type": "Feature",
      "geometry": {
        "type": "Point",
        "coordinates": [
          -1.826007136498255,
          6.380011145510432
        ]
      },
      "properties": {
        "probability": 0.9858127236366272,
        "lat": 6.380011145510432,
        "lon": -1.826007136498255,
        "region": "Obuasi",
        "detected_at": "2026-03-16T06:32:51.930658",
        "model_version": "48px_v3.7_2024-01-10"
      }
    },
    {
      "type": "Feature",
      "geometry": {
        "type": "Point",
        "coordinates": [
          -1.826007136498255,
          6.377835581382649
        ]
      },
      "properties": {
        "probability": 0.9999508857727051,
        "lat": 6.377835581382649,
        "lon": -1.826007136498255,
        "region": "Obuasi",
        "detected_at": "2026-03-16T06:32:51.930760",
        "model_version": "48px_v3.7_2024-01-10"
      }
    },
    {
      "type": "Feature",
      "geometry": {
        "type": "Point",
        "coordinates": [
          -1.826007136498255,
          6.375660017254867
        ]
      },
      "properties": {
        "probability": 0.9990942478179932,
        "lat": 6.375660017254867,
        "lon": -1.826007136498255,
        "region": "Obuasi",
        "detected_at": "2026-03-16T06:32:51.930849",
        "model_version": "48px_v3.7_2024-01-10"
      }
    },
    {
      "type": "Feature",
      "geometry": {
        "type": "Point",
        "coordinates": [
          -1.826007136498255,
          6.371308888999301
        ]
      },
      "properties": {
        "probability": 0.9542284607887268,
        "lat": 6.371308888999301,
        "lon": -1.826007136498255,
        "region": "Obuasi",
        "detected_at": "2026-03-16T06:32:51.930937",
        "model_version": "48px_v3.7_2024-01-10"
      }
    },
    {
      "type": "Feature",
      "geometry": {
        "type": "Point",
        "coordinates": [
          -1.826007136498255,
          6.369133324871518
        ]
      },
      "properties": {
        "probability": 0.9546999335289001,
        "lat": 6.369133324871518,
        "lon": -1.826007136498255,
        "region": "Obuasi",
        "detected_at": "2026-03-16T06:32:51.931034",
        "model_version": "48px_v3.7_2024-01-10"
      }
    },
    {
      "type": "Feature",
      "geometry": {
        "type": "Point",
        "coordinates": [
          -1.82383247989965,
          6.397415658532696
        ]
      },
      "properties": {
        "probability": 0.970944344997406,
        "lat": 6.397415658532696,
        "lon": -1.82383247989965,
        "region": "Obuasi",
        "detected_at": "2026-03-16T06:32:51.931124",
        "model_version": "48px_v3.7_2024-01-10"
      }
    },
    {
      "type": "Feature",
      "geometry": {
        "type": "Point",
        "coordinates": [
          -1.82383247989965,
          6.395240094404913
        ]
      },
      "properties": {
        "probability": 0.9578040838241577,
        "lat": 6.395240094404913,
        "lon": -1.82383247989965,
        "region": "Obuasi",
        "detected_at": "2026-03-16T06:32:51.931211",
        "model_version": "48px_v3.7_2024-01-10"
      }
    },
    {
      "type": "Feature",
      "geometry": {
        "type": "Point",
        "coordinates": [
          -1.82383247989965,
          6.39306453027713
        ]
      },
      "properties": {
        "probability": 0.9553027153015137,
        "lat": 6.39306453027713,
        "lon": -1.82383247989965,
        "region": "Obuasi",
        "detected_at": "2026-03-16T06:32:51.931298",
        "model_version": "48px_v3.7_2024-01-10"
      }
    },
    {
      "type": "Feature",
      "geometry": {
        "type": "Point",
        "coordinates": [
          -1.82383247989965,
          6.390888966149347
        ]
      },
      "properties": {
        "probability": 0.9998613595962524,
        "lat": 6.390888966149347,
        "lon": -1.82383247989965,
        "region": "Obuasi",
        "detected_at": "2026-03-16T06:32:51.931393",
        "model_version": "48px_v3.7_2024-01-10"
      }
    },
    {
      "type": "Feature",
      "geometry": {
        "type": "Point",
        "coordinates": [
          -1.82383247989965,
          6.388713402021563
        ]
      },
      "properties": {
        "probability": 0.9165090322494507,
        "lat": 6.388713402021563,
        "lon": -1.82383247989965,
        "region": "Obuasi",
        "detected_at": "2026-03-16T06:32:51.931481",
        "model_version": "48px_v3.7_2024-01-10"
      }
    },
    {
      "type": "Feature",
      "geometry": {
        "type": "Point",
        "coordinates": [
          -1.82383247989965,
          6.380011145510432
        ]
      },
      "properties": {
        "probability": 0.8521313071250916,
        "lat": 6.380011145510432,
        "lon": -1.82383247989965,
        "region": "Obuasi",
        "detected_at": "2026-03-16T06:32:51.931569",
        "model_version": "48px_v3.7_2024-01-10"
      }
    },
    {
      "type": "Feature",
      "geometry": {
        "type": "Point",
        "coordinates": [
          -1.8216578233010452,
          6.397415658532696
        ]
      },
      "properties": {
        "probability": 0.9265387654304504,
        "lat": 6.397415658532696,
        "lon": -1.8216578233010452,
        "region": "Obuasi",
        "detected_at": "2026-03-16T06:32:51.931676",
        "model_version": "48px_v3.7_2024-01-10"
      }
    },
    {
      "type": "Feature",
      "geometry": {
        "type": "Point",
        "coordinates": [
          -1.8216578233010454,
          6.395240094404913
        ]
      },
      "properties": {
        "probability": 0.9620825052261353,
        "lat": 6.395240094404913,
        "lon": -1.8216578233010454,
        "region": "Obuasi",
        "detected_at": "2026-03-16T06:32:51.931766",
        "model_version": "48px_v3.7_2024-01-10"
      }
    },
    {
      "type": "Feature",
      "geometry": {
        "type": "Point",
        "coordinates": [
          -1.8216578233010454,
          6.390888966149347
        ]
      },
      "properties": {
        "probability": 0.971775472164154,
        "lat": 6.390888966149347,
        "lon": -1.8216578233010454,
        "region": "Obuasi",
        "detected_at": "2026-03-16T06:32:51.931853",
        "model_version": "48px_v3.7_2024-01-10"
      }
    },
    {
      "type": "Feature",
      "geometry": {
        "type": "Point",
        "coordinates": [
          -1.8216578233010454,
          6.388713402021563
        ]
      },
      "properties": {
        "probability": 0.9938840270042419,
        "lat": 6.388713402021563,
        "lon": -1.8216578233010454,
        "region": "Obuasi",
        "detected_at": "2026-03-16T06:32:51.931940",
        "model_version": "48px_v3.7_2024-01-10"
      }
    },
    {
      "type": "Feature",
      "geometry": {
        "type": "Point",
        "coordinates": [
          -1.8216578233010454,
          6.386537837893781
        ]
      },
      "properties": {
        "probability": 0.9763842821121216,
        "lat": 6.386537837893781,
        "lon": -1.8216578233010454,
        "region": "Obuasi",
        "detected_at": "2026-03-16T06:32:51.932027",
        "model_version": "48px_v3.7_2024-01-10"
      }
    },
    {
      "type": "Feature",
      "geometry": {
        "type": "Point",
        "coordinates": [
          -1.8216578233010452,
          6.384362273765998
        ]
      },
      "properties": {
        "probability": 0.9905049204826355,
        "lat": 6.384362273765998,
        "lon": -1.8216578233010452,
        "region": "Obuasi",
        "detected_at": "2026-03-16T06:32:51.932113",
        "model_version": "48px_v3.7_2024-01-10"
      }
    },
    {
      "type": "Feature",
      "geometry": {
        "type": "Point",
        "coordinates": [
          -1.8194831667024405,
          6.39306453027713
        ]
      },
      "properties": {
        "probability": 0.8234578371047974,
        "lat": 6.39306453027713,
        "lon": -1.8194831667024405,
        "region": "Obuasi",
        "detected_at": "2026-03-16T06:32:51.932213",
        "model_version": "48px_v3.7_2024-01-10"
      }
    },
    {
      "type": "Feature",
      "geometry": {
        "type": "Point",
        "coordinates": [
          -1.8194831667024405,
          6.388713402021563
        ]
      },
      "properties": {
        "probability": 0.8016509413719177,
        "lat": 6.388713402021563,
        "lon": -1.8194831667024405,
        "region": "Obuasi",
        "detected_at": "2026-03-16T06:32:51.932301",
        "model_version": "48px_v3.7_2024-01-10"
      }
    },
    {
      "type": "Feature",
      "geometry": {
        "type": "Point",
        "coordinates": [
          -1.8194831667024405,
          6.386537837893781
        ]
      },
      "properties": {
        "probability": 0.818425714969635,
        "lat": 6.386537837893781,
        "lon": -1.8194831667024405,
        "region": "Obuasi",
        "detected_at": "2026-03-16T06:32:51.932389",
        "model_version": "48px_v3.7_2024-01-10"
      }
    },
    {
      "type": "Feature",
      "geometry": {
        "type": "Point",
        "coordinates": [
          -1.8478692897545914,
          6.354022377299756
        ]
      },
      "properties": {
        "probability": 0.9019606709480286,
        "lat": 6.354022377299756,
        "lon": -1.8478692897545914,
        "region": "Obuasi",
        "detected_at": "2026-03-16T06:32:51.932476",
        "model_version": "48px_v3.7_2024-01-10"
      }
    },
    {
      "type": "Feature",
      "geometry": {
        "type": "Point",
        "coordinates": [
          -1.8478692897545912,
          6.345320265397887
        ]
      },
      "properties": {
        "probability": 0.9215216636657715,
        "lat": 6.345320265397887,
        "lon": -1.8478692897545912,
        "region": "Obuasi",
        "detected_at": "2026-03-16T06:32:51.932563",
        "model_version": "48px_v3.7_2024-01-10"
      }
    },
    {
      "type": "Feature",
      "geometry": {
        "type": "Point",
        "coordinates": [
          -1.8456948924446694,
          6.354022377299756
        ]
      },
      "properties": {
        "probability": 0.9517463445663452,
        "lat": 6.354022377299756,
        "lon": -1.8456948924446694,
        "region": "Obuasi",
        "detected_at": "2026-03-16T06:32:51.932670",
        "model_version": "48px_v3.7_2024-01-10"
      }
    },
    {
      "type": "Feature",
      "geometry": {
        "type": "Point",
        "coordinates": [
          -1.8456948924446694,
          6.351846849324288
        ]
      },
      "properties": {
        "probability": 0.968375563621521,
        "lat": 6.351846849324288,
        "lon": -1.8456948924446694,
        "region": "Obuasi",
        "detected_at": "2026-03-16T06:32:51.932761",
        "model_version": "48px_v3.7_2024-01-10"
      }
    },
    {
      "type": "Feature",
      "geometry": {
        "type": "Point",
        "coordinates": [
          -1.843520495134747,
          6.351846849324288
        ]
      },
      "properties": {
        "probability": 0.96470707654953,
        "lat": 6.351846849324288,
        "lon": -1.843520495134747,
        "region": "Obuasi",
        "detected_at": "2026-03-16T06:32:51.932849",
        "model_version": "48px_v3.7_2024-01-10"
      }
    },
    {
      "type": "Feature",
      "geometry": {
        "type": "Point",
        "coordinates": [
          -1.8413460978248253,
          6.354022377299756
        ]
      },
      "properties": {
        "probability": 0.9934191107749939,
        "lat": 6.354022377299756,
        "lon": -1.8413460978248253,
        "region": "Obuasi",
        "detected_at": "2026-03-16T06:32:51.932936",
        "model_version": "48px_v3.7_2024-01-10"
      }
    },
    {
      "type": "Feature",
      "geometry": {
        "type": "Point",
        "coordinates": [
          -1.8413460978248253,
          6.351846849324288
        ]
      },
      "properties": {
        "probability": 0.993503987789154,
        "lat": 6.351846849324288,
        "lon": -1.8413460978248253,
        "region": "Obuasi",
        "detected_at": "2026-03-16T06:32:51.933025",
        "model_version": "48px_v3.7_2024-01-10"
      }
    },
    {
      "type": "Feature",
      "geometry": {
        "type": "Point",
        "coordinates": [
          -1.8391717005149033,
          6.354022377299756
        ]
      },
      "properties": {
        "probability": 0.9978582262992859,
        "lat": 6.354022377299756,
        "lon": -1.8391717005149033,
        "region": "Obuasi",
        "detected_at": "2026-03-16T06:32:51.933112",
        "model_version": "48px_v3.7_2024-01-10"
      }
    },
    {
      "type": "Feature",
      "geometry": {
        "type": "Point",
        "coordinates": [
          -1.8391717005149033,
          6.34967132134882
        ]
      },
      "properties": {
        "probability": 0.9867633581161499,
        "lat": 6.34967132134882,
        "lon": -1.8391717005149033,
        "region": "Obuasi",
        "detected_at": "2026-03-16T06:32:51.933200",
        "model_version": "48px_v3.7_2024-01-10"
      }
    },
    {
      "type": "Feature",
      "geometry": {
        "type": "Point",
        "coordinates": [
          -1.8391717005149033,
          6.347495793373354
        ]
      },
      "properties": {
        "probability": 0.9788920879364014,
        "lat": 6.347495793373354,
        "lon": -1.8391717005149033,
        "region": "Obuasi",
        "detected_at": "2026-03-16T06:32:51.933287",
        "model_version": "48px_v3.7_2024-01-10"
      }
    },
    {
      "type": "Feature",
      "geometry": {
        "type": "Point",
        "coordinates": [
          -1.8369973032049813,
          6.354022377299756
        ]
      },
      "properties": {
        "probability": 0.999920129776001,
        "lat": 6.354022377299756,
        "lon": -1.8369973032049813,
        "region": "Obuasi",
        "detected_at": "2026-03-16T06:32:51.933376",
        "model_version": "48px_v3.7_2024-01-10"
      }
    },
    {
      "type": "Feature",
      "geometry": {
        "type": "Point",
        "coordinates": [
          -1.8369973032049813,
          6.351846849324288
        ]
      },
      "properties": {
        "probability": 0.9732831716537476,
        "lat": 6.351846849324288,
        "lon": -1.8369973032049813,
        "region": "Obuasi",
        "detected_at": "2026-03-16T06:32:51.933462",
        "model_version": "48px_v3.7_2024-01-10"
      }
    },
    {
      "type": "Feature",
      "geometry": {
        "type": "Point",
        "coordinates": [
          -1.8369973032049813,
          6.34967132134882
        ]
      },
      "properties": {
        "probability": 0.9999518990516663,
        "lat": 6.34967132134882,
        "lon": -1.8369973032049813,
        "region": "Obuasi",
        "detected_at": "2026-03-16T06:32:51.933550",
        "model_version": "48px_v3.7_2024-01-10"
      }
    },
    {
      "type": "Feature",
      "geometry": {
        "type": "Point",
        "coordinates": [
          -1.8369973032049813,
          6.347495793373354
        ]
      },
      "properties": {
        "probability": 0.9917755722999573,
        "lat": 6.347495793373354,
        "lon": -1.8369973032049813,
        "region": "Obuasi",
        "detected_at": "2026-03-16T06:32:51.933668",
        "model_version": "48px_v3.7_2024-01-10"
      }
    },
    {
      "type": "Feature",
      "geometry": {
        "type": "Point",
        "coordinates": [
          -1.8369973032049813,
          6.332267097545082
        ]
      },
      "properties": {
        "probability": 0.966635525226593,
        "lat": 6.332267097545082,
        "lon": -1.8369973032049813,
        "region": "Obuasi",
        "detected_at": "2026-03-16T06:32:51.933760",
        "model_version": "48px_v3.7_2024-01-10"
      }
    },
    {
      "type": "Feature",
      "geometry": {
        "type": "Point",
        "coordinates": [
          -1.8348229058950596,
          6.354022377299756
        ]
      },
      "properties": {
        "probability": 0.9999879002571106,
        "lat": 6.354022377299756,
        "lon": -1.8348229058950596,
        "region": "Obuasi",
        "detected_at": "2026-03-16T06:32:51.933849",
        "model_version": "48px_v3.7_2024-01-10"
      }
    },
    {
      "type": "Feature",
      "geometry": {
        "type": "Point",
        "coordinates": [
          -1.8348229058950596,
          6.351846849324288
        ]
      },
      "properties": {
        "probability": 0.9896568059921265,
        "lat": 6.351846849324288,
        "lon": -1.8348229058950596,
        "region": "Obuasi",
        "detected_at": "2026-03-16T06:32:51.933944",
        "model_version": "48px_v3.7_2024-01-10"
      }
    },
    {
      "type": "Feature",
      "geometry": {
        "type": "Point",
        "coordinates": [
          -1.8348229058950596,
          6.34967132134882
        ]
      },
      "properties": {
        "probability": 0.9924609661102295,
        "lat": 6.34967132134882,
        "lon": -1.8348229058950596,
        "region": "Obuasi",
        "detected_at": "2026-03-16T06:32:51.934041",
        "model_version": "48px_v3.7_2024-01-10"
      }
    },
    {
      "type": "Feature",
      "geometry": {
        "type": "Point",
        "coordinates": [
          -1.8348229058950596,
          6.347495793373354
        ]
      },
      "properties": {
        "probability": 0.9865076541900635,
        "lat": 6.347495793373354,
        "lon": -1.8348229058950596,
        "region": "Obuasi",
        "detected_at": "2026-03-16T06:32:51.934140",
        "model_version": "48px_v3.7_2024-01-10"
      }
    },
    {
      "type": "Feature",
      "geometry": {
        "type": "Point",
        "coordinates": [
          -1.8326485085851374,
          6.347495793373354
        ]
      },
      "properties": {
        "probability": 0.992680013179779,
        "lat": 6.347495793373354,
        "lon": -1.8326485085851374,
        "region": "Obuasi",
        "detected_at": "2026-03-16T06:32:51.934228",
        "model_version": "48px_v3.7_2024-01-10"
      }
    },
    {
      "type": "Feature",
      "geometry": {
        "type": "Point",
        "coordinates": [
          -1.8326485085851374,
          6.336618153496018
        ]
      },
      "properties": {
        "probability": 0.9718916416168213,
        "lat": 6.336618153496018,
        "lon": -1.8326485085851374,
        "region": "Obuasi",
        "detected_at": "2026-03-16T06:32:51.934315",
        "model_version": "48px_v3.7_2024-01-10"
      }
    },
    {
      "type": "Feature",
      "geometry": {
        "type": "Point",
        "coordinates": [
          -1.8304741112752154,
          6.347495793373354
        ]
      },
      "properties": {
        "probability": 0.945861279964447,
        "lat": 6.347495793373354,
        "lon": -1.8304741112752154,
        "region": "Obuasi",
        "detected_at": "2026-03-16T06:32:51.934402",
        "model_version": "48px_v3.7_2024-01-10"
      }
    },
    {
      "type": "Feature",
      "geometry": {
        "type": "Point",
        "coordinates": [
          -1.8304741112752154,
          6.338793681471484
        ]
      },
      "properties": {
        "probability": 0.8367728590965271,
        "lat": 6.338793681471484,
        "lon": -1.8304741112752154,
        "region": "Obuasi",
        "detected_at": "2026-03-16T06:32:51.934490",
        "model_version": "48px_v3.7_2024-01-10"
      }
    },
    {
      "type": "Feature",
      "geometry": {
        "type": "Point",
        "coordinates": [
          -1.8304741112752154,
          6.336618153496018
        ]
      },
      "properties": {
        "probability": 0.9996660947799683,
        "lat": 6.336618153496018,
        "lon": -1.8304741112752154,
        "region": "Obuasi",
        "detected_at": "2026-03-16T06:32:51.934577",
        "model_version": "48px_v3.7_2024-01-10"
      }
    },
    {
      "type": "Feature",
      "geometry": {
        "type": "Point",
        "coordinates": [
          -1.8282997139652932,
          6.347495793373354
        ]
      },
      "properties": {
        "probability": 0.9092459678649902,
        "lat": 6.347495793373354,
        "lon": -1.8282997139652932,
        "region": "Obuasi",
        "detected_at": "2026-03-16T06:32:51.934684",
        "model_version": "48px_v3.7_2024-01-10"
      }
    },
    {
      "type": "Feature",
      "geometry": {
        "type": "Point",
        "coordinates": [
          -1.8282997139652932,
          6.338793681471484
        ]
      },
      "properties": {
        "probability": 0.9301825761795044,
        "lat": 6.338793681471484,
        "lon": -1.8282997139652932,
        "region": "Obuasi",
        "detected_at": "2026-03-16T06:32:51.934775",
        "model_version": "48px_v3.7_2024-01-10"
      }
    },
    {
      "type": "Feature",
      "geometry": {
        "type": "Point",
        "coordinates": [
          -1.8282997139652932,
          6.336618153496018
        ]
      },
      "properties": {
        "probability": 0.9870986938476562,
        "lat": 6.336618153496018,
        "lon": -1.8282997139652932,
        "region": "Obuasi",
        "detected_at": "2026-03-16T06:32:51.934862",
        "model_version": "48px_v3.7_2024-01-10"
      }
    },
    {
      "type": "Feature",
      "geometry": {
        "type": "Point",
        "coordinates": [
          -1.8261253166553717,
          6.347495793373354
        ]
      },
      "properties": {
        "probability": 0.8115647435188293,
        "lat": 6.347495793373354,
        "lon": -1.8261253166553717,
        "region": "Obuasi",
        "detected_at": "2026-03-16T06:32:51.934949",
        "model_version": "48px_v3.7_2024-01-10"
      }
    },
    {
      "type": "Feature",
      "geometry": {
        "type": "Point",
        "coordinates": [
          -1.8217765220355275,
          6.314862873741346
        ]
      },
      "properties": {
        "probability": 0.8359633088111877,
        "lat": 6.314862873741346,
        "lon": -1.8217765220355275,
        "region": "Obuasi",
        "detected_at": "2026-03-16T06:32:51.935036",
        "model_version": "48px_v3.7_2024-01-10"
      }
    },
    {
      "type": "Feature",
      "geometry": {
        "type": "Point",
        "coordinates": [
          -1.8196021247256058,
          6.31921392969228
        ]
      },
      "properties": {
        "probability": 0.8611167073249817,
        "lat": 6.31921392969228,
        "lon": -1.8196021247256058,
        "region": "Obuasi",
        "detected_at": "2026-03-16T06:32:51.935135",
        "model_version": "48px_v3.7_2024-01-10"
      }
    },
    {
      "type": "Feature",
      "geometry": {
        "type": "Point",
        "coordinates": [
          -1.8196021247256056,
          6.314862873741346
        ]
      },
      "properties": {
        "probability": 0.9525160789489746,
        "lat": 6.314862873741346,
        "lon": -1.8196021247256056,
        "region": "Obuasi",
        "detected_at": "2026-03-16T06:32:51.935224",
        "model_version": "48px_v3.7_2024-01-10"
      }
    },
    {
      "type": "Feature",
      "geometry": {
        "type": "Point",
        "coordinates": [
          -1.8130789327958396,
          6.330091569569615
        ]
      },
      "properties": {
        "probability": 0.8008216023445129,
        "lat": 6.330091569569615,
        "lon": -1.8130789327958396,
        "region": "Obuasi",
        "detected_at": "2026-03-16T06:32:51.935312",
        "model_version": "48px_v3.7_2024-01-10"
      }
    },
    {
      "type": "Feature",
      "geometry": {
        "type": "Point",
        "coordinates": [
          -1.8109045354859177,
          6.332267097545082
        ]
      },
      "properties": {
        "probability": 0.9353965520858765,
        "lat": 6.332267097545082,
        "lon": -1.8109045354859177,
        "region": "Obuasi",
        "detected_at": "2026-03-16T06:32:51.935401",
        "model_version": "48px_v3.7_2024-01-10"
      }
    },
    {
      "type": "Feature",
      "geometry": {
        "type": "Point",
        "coordinates": [
          -1.8109045354859177,
          6.330091569569615
        ]
      },
      "properties": {
        "probability": 0.9995148181915283,
        "lat": 6.330091569569615,
        "lon": -1.8109045354859177,
        "region": "Obuasi",
        "detected_at": "2026-03-16T06:32:51.935487",
        "model_version": "48px_v3.7_2024-01-10"
      }
    },
    {
      "type": "Feature",
      "geometry": {
        "type": "Point",
        "coordinates": [
          -1.8087301381759957,
          6.332267097545082
        ]
      },
      "properties": {
        "probability": 0.9757429361343384,
        "lat": 6.332267097545082,
        "lon": -1.8087301381759957,
        "region": "Obuasi",
        "detected_at": "2026-03-16T06:32:51.935579",
        "model_version": "48px_v3.7_2024-01-10"
      }
    },
    {
      "type": "Feature",
      "geometry": {
        "type": "Point",
        "coordinates": [
          -1.8087301381759957,
          6.330091569569615
        ]
      },
      "properties": {
        "probability": 0.9957468509674072,
        "lat": 6.330091569569615,
        "lon": -1.8087301381759957,
        "region": "Obuasi",
        "detected_at": "2026-03-16T06:32:51.935687",
        "model_version": "48px_v3.7_2024-01-10"
      }
    }
  ],
  "metadata": {
    "generated_at": "2026-03-16T06:32:51.936564",
    "model_version": "48px_v3.7_2024-01-10",
    "threshold": 0.8,
    "regions": [
      "ghana_tarkwa",
      "ghana_obuasi"
    ],
    "total_detections": 1641,
    "high_confidence": 1237,
    "medium_confidence": 404
  }
}