{
  "type": "FeatureCollection",
  "features": [
    {
      "type": "Feature",
      "geometry": {
        "type": "Point",
        "coordinates": [
          -1.9045641616443378,
          5.003852518289856
        ]
      },
      "properties": {
        "probability": 0.8244553208351135,
        "lat": 5.003852518289856,
        "lon": -1.9045641616443378,
        "region": "Tarkwa-Nsuaem",
        "detected_at": "2026-07-13T08:50:02.144193",
        "model_version": "48px_v3.7_2024-01-10"
      }
    },
    {
      "type": "Feature",
      "geometry": {
        "type": "Point",
        "coordinates": [
          -1.9023957819027577,
          5.008201482125068
        ]
      },
      "properties": {
        "probability": 0.8239784836769104,
        "lat": 5.008201482125068,
        "lon": -1.9023957819027577,
        "region": "Tarkwa-Nsuaem",
        "detected_at": "2026-07-13T08:50:02.144322",
        "model_version": "48px_v3.7_2024-01-10"
      }
    },
    {
      "type": "Feature",
      "geometry": {
        "type": "Point",
        "coordinates": [
          -1.900227402161178,
          5.006027000207462
        ]
      },
      "properties": {
        "probability": 0.9034582376480103,
        "lat": 5.006027000207462,
        "lon": -1.900227402161178,
        "region": "Tarkwa-Nsuaem",
        "detected_at": "2026-07-13T08:50:02.144431",
        "model_version": "48px_v3.7_2024-01-10"
      }
    },
    {
      "type": "Feature",
      "geometry": {
        "type": "Point",
        "coordinates": [
          -1.956432593507183,
          5.08648130998906
        ]
      },
      "properties": {
        "probability": 0.9643983244895935,
        "lat": 5.08648130998906,
        "lon": -1.956432593507183,
        "region": "Tarkwa-Nsuaem",
        "detected_at": "2026-07-13T08:50:02.144600",
        "model_version": "48px_v3.7_2024-01-10"
      }
    },
    {
      "type": "Feature",
      "geometry": {
        "type": "Point",
        "coordinates": [
          -1.9542641379103998,
          5.086481309989059
        ]
      },
      "properties": {
        "probability": 0.9048934578895569,
        "lat": 5.086481309989059,
        "lon": -1.9542641379103998,
        "region": "Tarkwa-Nsuaem",
        "detected_at": "2026-07-13T08:50:02.144707",
        "model_version": "48px_v3.7_2024-01-10"
      }
    },
    {
      "type": "Feature",
      "geometry": {
        "type": "Point",
        "coordinates": [
          -1.9520956823136164,
          5.088655690495344
        ]
      },
      "properties": {
        "probability": 0.997913122177124,
        "lat": 5.088655690495344,
        "lon": -1.9520956823136164,
        "region": "Tarkwa-Nsuaem",
        "detected_at": "2026-07-13T08:50:02.144809",
        "model_version": "48px_v3.7_2024-01-10"
      }
    },
    {
      "type": "Feature",
      "geometry": {
        "type": "Point",
        "coordinates": [
          -1.949927226716833,
          5.088655690495344
        ]
      },
      "properties": {
        "probability": 0.9781427979469299,
        "lat": 5.088655690495344,
        "lon": -1.949927226716833,
        "region": "Tarkwa-Nsuaem",
        "detected_at": "2026-07-13T08:50:02.144908",
        "model_version": "48px_v3.7_2024-01-10"
      }
    },
    {
      "type": "Feature",
      "geometry": {
        "type": "Point",
        "coordinates": [
          -1.9302373856001938,
          5.208075619937271
        ]
      },
      "properties": {
        "probability": 0.8556213974952698,
        "lat": 5.208075619937271,
        "lon": -1.9302373856001938,
        "region": "Tarkwa-Nsuaem",
        "detected_at": "2026-07-13T08:50:02.145012",
        "model_version": "48px_v3.7_2024-01-10"
      }
    },
    {
      "type": "Feature",
      "geometry": {
        "type": "Point",
        "coordinates": [
          -1.928068504753007,
          5.197203384865823
        ]
      },
      "properties": {
        "probability": 0.9936858415603638,
        "lat": 5.197203384865823,
        "lon": -1.928068504753007,
        "region": "Tarkwa-Nsuaem",
        "detected_at": "2026-07-13T08:50:02.145109",
        "model_version": "48px_v3.7_2024-01-10"
      }
    },
    {
      "type": "Feature",
      "geometry": {
        "type": "Point",
        "coordinates": [
          -1.928068504753007,
          5.195028937851534
        ]
      },
      "properties": {
        "probability": 0.9980326890945435,
        "lat": 5.195028937851534,
        "lon": -1.928068504753007,
        "region": "Tarkwa-Nsuaem",
        "detected_at": "2026-07-13T08:50:02.145207",
        "model_version": "48px_v3.7_2024-01-10"
      }
    },
    {
      "type": "Feature",
      "geometry": {
        "type": "Point",
        "coordinates": [
          -1.9258996239058208,
          5.2059011729229825
        ]
      },
      "properties": {
        "probability": 0.8996215462684631,
        "lat": 5.2059011729229825,
        "lon": -1.9258996239058208,
        "region": "Tarkwa-Nsuaem",
        "detected_at": "2026-07-13T08:50:02.145302",
        "model_version": "48px_v3.7_2024-01-10"
      }
    },
    {
      "type": "Feature",
      "geometry": {
        "type": "Point",
        "coordinates": [
          -1.9258996239058204,
          5.201552278894403
        ]
      },
      "properties": {
        "probability": 0.9162424206733704,
        "lat": 5.201552278894403,
        "lon": -1.9258996239058204,
        "region": "Tarkwa-Nsuaem",
        "detected_at": "2026-07-13T08:50:02.145397",
        "model_version": "48px_v3.7_2024-01-10"
      }
    },
    {
      "type": "Feature",
      "geometry": {
        "type": "Point",
        "coordinates": [
          -1.8392265287550629,
          5.2578179964711715
        ]
      },
      "properties": {
        "probability": 0.8721197247505188,
        "lat": 5.2578179964711715,
        "lon": -1.8392265287550629,
        "region": "Tarkwa-Nsuaem",
        "detected_at": "2026-07-13T08:50:02.145534",
        "model_version": "48px_v3.7_2024-01-10"
      }
    },
    {
      "type": "Feature",
      "geometry": {
        "type": "Point",
        "coordinates": [
          -1.8370571519681957,
          5.2578179964711715
        ]
      },
      "properties": {
        "probability": 0.9665737152099609,
        "lat": 5.2578179964711715,
        "lon": -1.8370571519681957,
        "region": "Tarkwa-Nsuaem",
        "detected_at": "2026-07-13T08:50:02.145638",
        "model_version": "48px_v3.7_2024-01-10"
      }
    },
    {
      "type": "Feature",
      "geometry": {
        "type": "Point",
        "coordinates": [
          -1.8283796448207283,
          5.2404198992278435
        ]
      },
      "properties": {
        "probability": 0.9003862738609314,
        "lat": 5.2404198992278435,
        "lon": -1.8283796448207283,
        "region": "Tarkwa-Nsuaem",
        "detected_at": "2026-07-13T08:50:02.145733",
        "model_version": "48px_v3.7_2024-01-10"
      }
    },
    {
      "type": "Feature",
      "geometry": {
        "type": "Point",
        "coordinates": [
          -1.9323182719027563,
          5.242779280405191
        ]
      },
      "properties": {
        "probability": 0.8921636939048767,
        "lat": 5.242779280405191,
        "lon": -1.9323182719027563,
        "region": "Tarkwa-Nsuaem",
        "detected_at": "2026-07-13T08:50:02.145827",
        "model_version": "48px_v3.7_2024-01-10"
      }
    },
    {
      "type": "Feature",
      "geometry": {
        "type": "Point",
        "coordinates": [
          -1.9323182719027563,
          5.227557918845554
        ]
      },
      "properties": {
        "probability": 0.8231240510940552,
        "lat": 5.227557918845554,
        "lon": -1.9323182719027563,
        "region": "Tarkwa-Nsuaem",
        "detected_at": "2026-07-13T08:50:02.145921",
        "model_version": "48px_v3.7_2024-01-10"
      }
    },
    {
      "type": "Feature",
      "geometry": {
        "type": "Point",
        "coordinates": [
          -1.9214727908791216,
          5.255826161742022
        ]
      },
      "properties": {
        "probability": 0.870258629322052,
        "lat": 5.255826161742022,
        "lon": -1.9214727908791216,
        "region": "Tarkwa-Nsuaem",
        "detected_at": "2026-07-13T08:50:02.146012",
        "model_version": "48px_v3.7_2024-01-10"
      }
    },
    {
      "type": "Feature",
      "geometry": {
        "type": "Point",
        "coordinates": [
          -1.9214727908791218,
          5.253651681519218
        ]
      },
      "properties": {
        "probability": 0.9708067178726196,
        "lat": 5.253651681519218,
        "lon": -1.9214727908791218,
        "region": "Tarkwa-Nsuaem",
        "detected_at": "2026-07-13T08:50:02.146105",
        "model_version": "48px_v3.7_2024-01-10"
      }
    },
    {
      "type": "Feature",
      "geometry": {
        "type": "Point",
        "coordinates": [
          -1.9193036946743953,
          5.255826161742023
        ]
      },
      "properties": {
        "probability": 0.9998319745063782,
        "lat": 5.255826161742023,
        "lon": -1.9193036946743953,
        "region": "Tarkwa-Nsuaem",
        "detected_at": "2026-07-13T08:50:02.146198",
        "model_version": "48px_v3.7_2024-01-10"
      }
    },
    {
      "type": "Feature",
      "geometry": {
        "type": "Point",
        "coordinates": [
          -1.9193036946743949,
          5.253651681519218
        ]
      },
      "properties": {
        "probability": 0.9792071580886841,
        "lat": 5.253651681519218,
        "lon": -1.9193036946743949,
        "region": "Tarkwa-Nsuaem",
        "detected_at": "2026-07-13T08:50:02.146291",
        "model_version": "48px_v3.7_2024-01-10"
      }
    },
    {
      "type": "Feature",
      "geometry": {
        "type": "Point",
        "coordinates": [
          -1.917134598469668,
          5.260175122187633
        ]
      },
      "properties": {
        "probability": 0.9986028671264648,
        "lat": 5.260175122187633,
        "lon": -1.917134598469668,
        "region": "Tarkwa-Nsuaem",
        "detected_at": "2026-07-13T08:50:02.146384",
        "model_version": "48px_v3.7_2024-01-10"
      }
    },
    {
      "type": "Feature",
      "geometry": {
        "type": "Point",
        "coordinates": [
          -1.917134598469668,
          5.258000641964827
        ]
      },
      "properties": {
        "probability": 0.9994866251945496,
        "lat": 5.258000641964827,
        "lon": -1.917134598469668,
        "region": "Tarkwa-Nsuaem",
        "detected_at": "2026-07-13T08:50:02.146523",
        "model_version": "48px_v3.7_2024-01-10"
      }
    },
    {
      "type": "Feature",
      "geometry": {
        "type": "Point",
        "coordinates": [
          -1.917134598469668,
          5.255826161742023
        ]
      },
      "properties": {
        "probability": 0.9937771558761597,
        "lat": 5.255826161742023,
        "lon": -1.917134598469668,
        "region": "Tarkwa-Nsuaem",
        "detected_at": "2026-07-13T08:50:02.146633",
        "model_version": "48px_v3.7_2024-01-10"
      }
    },
    {
      "type": "Feature",
      "geometry": {
        "type": "Point",
        "coordinates": [
          -1.917134598469668,
          5.244953760627997
        ]
      },
      "properties": {
        "probability": 0.999772846698761,
        "lat": 5.244953760627997,
        "lon": -1.917134598469668,
        "region": "Tarkwa-Nsuaem",
        "detected_at": "2026-07-13T08:50:02.146729",
        "model_version": "48px_v3.7_2024-01-10"
      }
    },
    {
      "type": "Feature",
      "geometry": {
        "type": "Point",
        "coordinates": [
          -1.917134598469668,
          5.242779280405191
        ]
      },
      "properties": {
        "probability": 0.9291455149650574,
        "lat": 5.242779280405191,
        "lon": -1.917134598469668,
        "region": "Tarkwa-Nsuaem",
        "detected_at": "2026-07-13T08:50:02.146825",
        "model_version": "48px_v3.7_2024-01-10"
      }
    },
    {
      "type": "Feature",
      "geometry": {
        "type": "Point",
        "coordinates": [
          -1.9149655022649414,
          5.260175122187633
        ]
      },
      "properties": {
        "probability": 0.9997693300247192,
        "lat": 5.260175122187633,
        "lon": -1.9149655022649414,
        "region": "Tarkwa-Nsuaem",
        "detected_at": "2026-07-13T08:50:02.146925",
        "model_version": "48px_v3.7_2024-01-10"
      }
    },
    {
      "type": "Feature",
      "geometry": {
        "type": "Point",
        "coordinates": [
          -1.9149655022649412,
          5.258000641964828
        ]
      },
      "properties": {
        "probability": 0.9992265701293945,
        "lat": 5.258000641964828,
        "lon": -1.9149655022649412,
        "region": "Tarkwa-Nsuaem",
        "detected_at": "2026-07-13T08:50:02.147031",
        "model_version": "48px_v3.7_2024-01-10"
      }
    },
    {
      "type": "Feature",
      "geometry": {
        "type": "Point",
        "coordinates": [
          -1.9149655022649414,
          5.236255839736776
        ]
      },
      "properties": {
        "probability": 0.9471175670623779,
        "lat": 5.236255839736776,
        "lon": -1.9149655022649414,
        "region": "Tarkwa-Nsuaem",
        "detected_at": "2026-07-13T08:50:02.147123",
        "model_version": "48px_v3.7_2024-01-10"
      }
    },
    {
      "type": "Feature",
      "geometry": {
        "type": "Point",
        "coordinates": [
          -1.9149655022649414,
          5.23408135951397
        ]
      },
      "properties": {
        "probability": 0.8182682991027832,
        "lat": 5.23408135951397,
        "lon": -1.9149655022649414,
        "region": "Tarkwa-Nsuaem",
        "detected_at": "2026-07-13T08:50:02.147216",
        "model_version": "48px_v3.7_2024-01-10"
      }
    },
    {
      "type": "Feature",
      "geometry": {
        "type": "Point",
        "coordinates": [
          -1.9127964060602145,
          5.214511037508723
        ]
      },
      "properties": {
        "probability": 0.9035831093788147,
        "lat": 5.214511037508723,
        "lon": -1.9127964060602145,
        "region": "Tarkwa-Nsuaem",
        "detected_at": "2026-07-13T08:50:02.147309",
        "model_version": "48px_v3.7_2024-01-10"
      }
    },
    {
      "type": "Feature",
      "geometry": {
        "type": "Point",
        "coordinates": [
          -2.0797838122613825,
          5.078022692747817
        ]
      },
      "properties": {
        "probability": 0.9450553059577942,
        "lat": 5.078022692747817,
        "lon": -2.0797838122613825,
        "region": "Tarkwa-Nsuaem",
        "detected_at": "2026-07-13T08:50:02.147402",
        "model_version": "48px_v3.7_2024-01-10"
      }
    },
    {
      "type": "Feature",
      "geometry": {
        "type": "Point",
        "coordinates": [
          -2.0711116635002895,
          5.086718533311823
        ]
      },
      "properties": {
        "probability": 0.821795642375946,
        "lat": 5.086718533311823,
        "lon": -2.0711116635002895,
        "region": "Tarkwa-Nsuaem",
        "detected_at": "2026-07-13T08:50:02.147603",
        "model_version": "48px_v3.7_2024-01-10"
      }
    },
    {
      "type": "Feature",
      "geometry": {
        "type": "Point",
        "coordinates": [
          -2.0906966618824327,
          5.041138392195677
        ]
      },
      "properties": {
        "probability": 0.9144030213356018,
        "lat": 5.041138392195677,
        "lon": -2.0906966618824327,
        "region": "Tarkwa-Nsuaem",
        "detected_at": "2026-07-13T08:50:02.147717",
        "model_version": "48px_v3.7_2024-01-10"
      }
    },
    {
      "type": "Feature",
      "geometry": {
        "type": "Point",
        "coordinates": [
          -2.0906966618824327,
          5.0389644599815036
        ]
      },
      "properties": {
        "probability": 0.9541521668434143,
        "lat": 5.0389644599815036,
        "lon": -2.0906966618824327,
        "region": "Tarkwa-Nsuaem",
        "detected_at": "2026-07-13T08:50:02.147814",
        "model_version": "48px_v3.7_2024-01-10"
      }
    },
    {
      "type": "Feature",
      "geometry": {
        "type": "Point",
        "coordinates": [
          -2.053688670626535,
          5.16692994836194
        ]
      },
      "properties": {
        "probability": 0.948337972164154,
        "lat": 5.16692994836194,
        "lon": -2.053688670626535,
        "region": "Tarkwa-Nsuaem",
        "detected_at": "2026-07-13T08:50:02.147908",
        "model_version": "48px_v3.7_2024-01-10"
      }
    },
    {
      "type": "Feature",
      "geometry": {
        "type": "Point",
        "coordinates": [
          -2.051520074066431,
          5.171278271194598
        ]
      },
      "properties": {
        "probability": 0.9345194101333618,
        "lat": 5.171278271194598,
        "lon": -2.051520074066431,
        "region": "Tarkwa-Nsuaem",
        "detected_at": "2026-07-13T08:50:02.148001",
        "model_version": "48px_v3.7_2024-01-10"
      }
    },
    {
      "type": "Feature",
      "geometry": {
        "type": "Point",
        "coordinates": [
          -2.051520074066431,
          5.16692994836194
        ]
      },
      "properties": {
        "probability": 0.9244744777679443,
        "lat": 5.16692994836194,
        "lon": -2.051520074066431,
        "region": "Tarkwa-Nsuaem",
        "detected_at": "2026-07-13T08:50:02.148092",
        "model_version": "48px_v3.7_2024-01-10"
      }
    },
    {
      "type": "Feature",
      "geometry": {
        "type": "Point",
        "coordinates": [
          -2.0493514775063275,
          5.173452432610929
        ]
      },
      "properties": {
        "probability": 0.9980969429016113,
        "lat": 5.173452432610929,
        "lon": -2.0493514775063275,
        "region": "Tarkwa-Nsuaem",
        "detected_at": "2026-07-13T08:50:02.148187",
        "model_version": "48px_v3.7_2024-01-10"
      }
    },
    {
      "type": "Feature",
      "geometry": {
        "type": "Point",
        "coordinates": [
          -2.0493514775063275,
          5.171278271194598
        ]
      },
      "properties": {
        "probability": 0.9997727274894714,
        "lat": 5.171278271194598,
        "lon": -2.0493514775063275,
        "region": "Tarkwa-Nsuaem",
        "detected_at": "2026-07-13T08:50:02.148286",
        "model_version": "48px_v3.7_2024-01-10"
      }
    },
    {
      "type": "Feature",
      "geometry": {
        "type": "Point",
        "coordinates": [
          -2.0493514775063275,
          5.169104109778268
        ]
      },
      "properties": {
        "probability": 0.9976580142974854,
        "lat": 5.169104109778268,
        "lon": -2.0493514775063275,
        "region": "Tarkwa-Nsuaem",
        "detected_at": "2026-07-13T08:50:02.148387",
        "model_version": "48px_v3.7_2024-01-10"
      }
    },
    {
      "type": "Feature",
      "geometry": {
        "type": "Point",
        "coordinates": [
          -2.0493514775063275,
          5.16692994836194
        ]
      },
      "properties": {
        "probability": 0.995962381362915,
        "lat": 5.16692994836194,
        "lon": -2.0493514775063275,
        "region": "Tarkwa-Nsuaem",
        "detected_at": "2026-07-13T08:50:02.148503",
        "model_version": "48px_v3.7_2024-01-10"
      }
    },
    {
      "type": "Feature",
      "geometry": {
        "type": "Point",
        "coordinates": [
          -2.047182880946224,
          5.171278271194598
        ]
      },
      "properties": {
        "probability": 0.9998778104782104,
        "lat": 5.171278271194598,
        "lon": -2.047182880946224,
        "region": "Tarkwa-Nsuaem",
        "detected_at": "2026-07-13T08:50:02.148610",
        "model_version": "48px_v3.7_2024-01-10"
      }
    },
    {
      "type": "Feature",
      "geometry": {
        "type": "Point",
        "coordinates": [
          -2.047182880946224,
          5.169104109778268
        ]
      },
      "properties": {
        "probability": 0.8351957201957703,
        "lat": 5.169104109778268,
        "lon": -2.047182880946224,
        "region": "Tarkwa-Nsuaem",
        "detected_at": "2026-07-13T08:50:02.148701",
        "model_version": "48px_v3.7_2024-01-10"
      }
    },
    {
      "type": "Feature",
      "geometry": {
        "type": "Point",
        "coordinates": [
          -2.0103163828053106,
          5.22547042271865
        ]
      },
      "properties": {
        "probability": 0.8829690217971802,
        "lat": 5.22547042271865,
        "lon": -2.0103163828053106,
        "region": "Tarkwa-Nsuaem",
        "detected_at": "2026-07-13T08:50:02.148803",
        "model_version": "48px_v3.7_2024-01-10"
      }
    },
    {
      "type": "Feature",
      "geometry": {
        "type": "Point",
        "coordinates": [
          -1.990795804192025,
          5.231993432333116
        ]
      },
      "properties": {
        "probability": 0.9983701109886169,
        "lat": 5.231993432333116,
        "lon": -1.990795804192025,
        "region": "Tarkwa-Nsuaem",
        "detected_at": "2026-07-13T08:50:02.148894",
        "model_version": "48px_v3.7_2024-01-10"
      }
    },
    {
      "type": "Feature",
      "geometry": {
        "type": "Point",
        "coordinates": [
          -1.9777820851165018,
          5.249388124638361
        ]
      },
      "properties": {
        "probability": 0.8303419351577759,
        "lat": 5.249388124638361,
        "lon": -1.9777820851165018,
        "region": "Tarkwa-Nsuaem",
        "detected_at": "2026-07-13T08:50:02.148987",
        "model_version": "48px_v3.7_2024-01-10"
      }
    },
    {
      "type": "Feature",
      "geometry": {
        "type": "Point",
        "coordinates": [
          -1.9777820851165018,
          5.247213788100205
        ]
      },
      "properties": {
        "probability": 0.9458692669868469,
        "lat": 5.247213788100205,
        "lon": -1.9777820851165018,
        "region": "Tarkwa-Nsuaem",
        "detected_at": "2026-07-13T08:50:02.149079",
        "model_version": "48px_v3.7_2024-01-10"
      }
    },
    {
      "type": "Feature",
      "geometry": {
        "type": "Point",
        "coordinates": [
          -1.977782085116502,
          5.24503945156205
        ]
      },
      "properties": {
        "probability": 0.8091619610786438,
        "lat": 5.24503945156205,
        "lon": -1.977782085116502,
        "region": "Tarkwa-Nsuaem",
        "detected_at": "2026-07-13T08:50:02.149170",
        "model_version": "48px_v3.7_2024-01-10"
      }
    },
    {
      "type": "Feature",
      "geometry": {
        "type": "Point",
        "coordinates": [
          -1.9756131319372479,
          5.251562461176517
        ]
      },
      "properties": {
        "probability": 0.9744566082954407,
        "lat": 5.251562461176517,
        "lon": -1.9756131319372479,
        "region": "Tarkwa-Nsuaem",
        "detected_at": "2026-07-13T08:50:02.149263",
        "model_version": "48px_v3.7_2024-01-10"
      }
    },
    {
      "type": "Feature",
      "geometry": {
        "type": "Point",
        "coordinates": [
          -1.9756131319372479,
          5.249388124638361
        ]
      },
      "properties": {
        "probability": 0.980589747428894,
        "lat": 5.249388124638361,
        "lon": -1.9756131319372479,
        "region": "Tarkwa-Nsuaem",
        "detected_at": "2026-07-13T08:50:02.149355",
        "model_version": "48px_v3.7_2024-01-10"
      }
    },
    {
      "type": "Feature",
      "geometry": {
        "type": "Point",
        "coordinates": [
          -1.9734441787579942,
          5.251562461176517
        ]
      },
      "properties": {
        "probability": 0.9815069437026978,
        "lat": 5.251562461176517,
        "lon": -1.9734441787579942,
        "region": "Tarkwa-Nsuaem",
        "detected_at": "2026-07-13T08:50:02.149446",
        "model_version": "48px_v3.7_2024-01-10"
      }
    },
    {
      "type": "Feature",
      "geometry": {
        "type": "Point",
        "coordinates": [
          -2.068791877383215,
          5.162659946036577
        ]
      },
      "properties": {
        "probability": 0.9044569134712219,
        "lat": 5.162659946036577,
        "lon": -2.068791877383215,
        "region": "Tarkwa-Nsuaem",
        "detected_at": "2026-07-13T08:50:02.149565",
        "model_version": "48px_v3.7_2024-01-10"
      }
    },
    {
      "type": "Feature",
      "geometry": {
        "type": "Point",
        "coordinates": [
          -2.068791877383215,
          5.160485930135168
        ]
      },
      "properties": {
        "probability": 0.9392551183700562,
        "lat": 5.160485930135168,
        "lon": -2.068791877383215,
        "region": "Tarkwa-Nsuaem",
        "detected_at": "2026-07-13T08:50:02.149658",
        "model_version": "48px_v3.7_2024-01-10"
      }
    },
    {
      "type": "Feature",
      "geometry": {
        "type": "Point",
        "coordinates": [
          -2.0666234256979736,
          5.162659946036577
        ]
      },
      "properties": {
        "probability": 0.9968889951705933,
        "lat": 5.162659946036577,
        "lon": -2.0666234256979736,
        "region": "Tarkwa-Nsuaem",
        "detected_at": "2026-07-13T08:50:02.149749",
        "model_version": "48px_v3.7_2024-01-10"
      }
    },
    {
      "type": "Feature",
      "geometry": {
        "type": "Point",
        "coordinates": [
          -2.066623425697974,
          5.160485930135168
        ]
      },
      "properties": {
        "probability": 0.9983468651771545,
        "lat": 5.160485930135168,
        "lon": -2.066623425697974,
        "region": "Tarkwa-Nsuaem",
        "detected_at": "2026-07-13T08:50:02.149841",
        "model_version": "48px_v3.7_2024-01-10"
      }
    },
    {
      "type": "Feature",
      "geometry": {
        "type": "Point",
        "coordinates": [
          -1.8087557332326796,
          5.266419579188203
        ]
      },
      "properties": {
        "probability": 0.9589357376098633,
        "lat": 5.266419579188203,
        "lon": -1.8087557332326796,
        "region": "Tarkwa-Nsuaem",
        "detected_at": "2026-07-13T08:50:02.149932",
        "model_version": "48px_v3.7_2024-01-10"
      }
    },
    {
      "type": "Feature",
      "geometry": {
        "type": "Point",
        "coordinates": [
          -1.8173344980205781,
          5.320691151840233
        ]
      },
      "properties": {
        "probability": 0.9936239123344421,
        "lat": 5.320691151840233,
        "lon": -1.8173344980205781,
        "region": "Tarkwa-Nsuaem",
        "detected_at": "2026-07-13T08:50:02.150024",
        "model_version": "48px_v3.7_2024-01-10"
      }
    },
    {
      "type": "Feature",
      "geometry": {
        "type": "Point",
        "coordinates": [
          -1.7459325128828418,
          5.346583261759108
        ]
      },
      "properties": {
        "probability": 0.833502471446991,
        "lat": 5.346583261759108,
        "lon": -1.7459325128828418,
        "region": "Tarkwa-Nsuaem",
        "detected_at": "2026-07-13T08:50:02.150115",
        "model_version": "48px_v3.7_2024-01-10"
      }
    },
    {
      "type": "Feature",
      "geometry": {
        "type": "Point",
        "coordinates": [
          -1.7458264817458975,
          5.37040131725025
        ]
      },
      "properties": {
        "probability": 0.8336253762245178,
        "lat": 5.37040131725025,
        "lon": -1.7458264817458975,
        "region": "Tarkwa-Nsuaem",
        "detected_at": "2026-07-13T08:50:02.150206",
        "model_version": "48px_v3.7_2024-01-10"
      }
    },
    {
      "type": "Feature",
      "geometry": {
        "type": "Point",
        "coordinates": [
          -1.8780858243307745,
          5.312184633269451
        ]
      },
      "properties": {
        "probability": 0.8232384920120239,
        "lat": 5.312184633269451,
        "lon": -1.8780858243307745,
        "region": "Tarkwa-Nsuaem",
        "detected_at": "2026-07-13T08:50:02.150297",
        "model_version": "48px_v3.7_2024-01-10"
      }
    },
    {
      "type": "Feature",
      "geometry": {
        "type": "Point",
        "coordinates": [
          -1.8715774551907778,
          5.307835319140109
        ]
      },
      "properties": {
        "probability": 0.987481415271759,
        "lat": 5.307835319140109,
        "lon": -1.8715774551907778,
        "region": "Tarkwa-Nsuaem",
        "detected_at": "2026-07-13T08:50:02.150390",
        "model_version": "48px_v3.7_2024-01-10"
      }
    },
    {
      "type": "Feature",
      "geometry": {
        "type": "Point",
        "coordinates": [
          -1.8672385424307796,
          5.310009976204779
        ]
      },
      "properties": {
        "probability": 0.9054707884788513,
        "lat": 5.310009976204779,
        "lon": -1.8672385424307796,
        "region": "Tarkwa-Nsuaem",
        "detected_at": "2026-07-13T08:50:02.150504",
        "model_version": "48px_v3.7_2024-01-10"
      }
    },
    {
      "type": "Feature",
      "geometry": {
        "type": "Point",
        "coordinates": [
          -1.8672385424307796,
          5.307835319140109
        ]
      },
      "properties": {
        "probability": 0.803521990776062,
        "lat": 5.307835319140109,
        "lon": -1.8672385424307796,
        "region": "Tarkwa-Nsuaem",
        "detected_at": "2026-07-13T08:50:02.150602",
        "model_version": "48px_v3.7_2024-01-10"
      }
    },
    {
      "type": "Feature",
      "geometry": {
        "type": "Point",
        "coordinates": [
          -1.8672385424307796,
          5.305660662075438
        ]
      },
      "properties": {
        "probability": 0.9423021078109741,
        "lat": 5.305660662075438,
        "lon": -1.8672385424307796,
        "region": "Tarkwa-Nsuaem",
        "detected_at": "2026-07-13T08:50:02.150695",
        "model_version": "48px_v3.7_2024-01-10"
      }
    },
    {
      "type": "Feature",
      "geometry": {
        "type": "Point",
        "coordinates": [
          -1.8672385424307796,
          5.3034860050107655
        ]
      },
      "properties": {
        "probability": 0.9863423109054565,
        "lat": 5.3034860050107655,
        "lon": -1.8672385424307796,
        "region": "Tarkwa-Nsuaem",
        "detected_at": "2026-07-13T08:50:02.150787",
        "model_version": "48px_v3.7_2024-01-10"
      }
    },
    {
      "type": "Feature",
      "geometry": {
        "type": "Point",
        "coordinates": [
          -1.8650690860507808,
          5.3034860050107655
        ]
      },
      "properties": {
        "probability": 0.9753561019897461,
        "lat": 5.3034860050107655,
        "lon": -1.8650690860507808,
        "region": "Tarkwa-Nsuaem",
        "detected_at": "2026-07-13T08:50:02.150878",
        "model_version": "48px_v3.7_2024-01-10"
      }
    },
    {
      "type": "Feature",
      "geometry": {
        "type": "Point",
        "coordinates": [
          -1.8650690860507808,
          5.301311347946093
        ]
      },
      "properties": {
        "probability": 0.9955900311470032,
        "lat": 5.301311347946093,
        "lon": -1.8650690860507808,
        "region": "Tarkwa-Nsuaem",
        "detected_at": "2026-07-13T08:50:02.150969",
        "model_version": "48px_v3.7_2024-01-10"
      }
    },
    {
      "type": "Feature",
      "geometry": {
        "type": "Point",
        "coordinates": [
          -1.8650690860507808,
          5.299136690881422
        ]
      },
      "properties": {
        "probability": 0.9141473770141602,
        "lat": 5.299136690881422,
        "lon": -1.8650690860507808,
        "region": "Tarkwa-Nsuaem",
        "detected_at": "2026-07-13T08:50:02.151059",
        "model_version": "48px_v3.7_2024-01-10"
      }
    },
    {
      "type": "Feature",
      "geometry": {
        "type": "Point",
        "coordinates": [
          -1.8628996296707816,
          5.294787376752079
        ]
      },
      "properties": {
        "probability": 0.9507071375846863,
        "lat": 5.294787376752079,
        "lon": -1.8628996296707816,
        "region": "Tarkwa-Nsuaem",
        "detected_at": "2026-07-13T08:50:02.151150",
        "model_version": "48px_v3.7_2024-01-10"
      }
    },
    {
      "type": "Feature",
      "geometry": {
        "type": "Point",
        "coordinates": [
          -1.9451568017380263,
          5.327406569629437
        ]
      },
      "properties": {
        "probability": 0.9999472498893738,
        "lat": 5.327406569629437,
        "lon": -1.9451568017380263,
        "region": "Tarkwa-Nsuaem",
        "detected_at": "2026-07-13T08:50:02.151240",
        "model_version": "48px_v3.7_2024-01-10"
      }
    },
    {
      "type": "Feature",
      "geometry": {
        "type": "Point",
        "coordinates": [
          -1.945156801738026,
          5.325232023080218
        ]
      },
      "properties": {
        "probability": 0.9980756044387817,
        "lat": 5.325232023080218,
        "lon": -1.945156801738026,
        "region": "Tarkwa-Nsuaem",
        "detected_at": "2026-07-13T08:50:02.151331",
        "model_version": "48px_v3.7_2024-01-10"
      }
    },
    {
      "type": "Feature",
      "geometry": {
        "type": "Point",
        "coordinates": [
          -1.9299700750154685,
          5.344802942023188
        ]
      },
      "properties": {
        "probability": 0.8342623710632324,
        "lat": 5.344802942023188,
        "lon": -1.9299700750154685,
        "region": "Tarkwa-Nsuaem",
        "detected_at": "2026-07-13T08:50:02.151422",
        "model_version": "48px_v3.7_2024-01-10"
      }
    },
    {
      "type": "Feature",
      "geometry": {
        "type": "Point",
        "coordinates": [
          -1.9299700750154685,
          5.338279302375531
        ]
      },
      "properties": {
        "probability": 0.8655986785888672,
        "lat": 5.338279302375531,
        "lon": -1.9299700750154685,
        "region": "Tarkwa-Nsuaem",
        "detected_at": "2026-07-13T08:50:02.151537",
        "model_version": "48px_v3.7_2024-01-10"
      }
    },
    {
      "type": "Feature",
      "geometry": {
        "type": "Point",
        "coordinates": [
          -1.9409066392173744,
          5.290529402141254
        ]
      },
      "properties": {
        "probability": 0.8510469794273376,
        "lat": 5.290529402141254,
        "lon": -1.9409066392173744,
        "region": "Tarkwa-Nsuaem",
        "detected_at": "2026-07-13T08:50:02.151632",
        "model_version": "48px_v3.7_2024-01-10"
      }
    },
    {
      "type": "Feature",
      "geometry": {
        "type": "Point",
        "coordinates": [
          -1.9387373258323635,
          5.292703915542345
        ]
      },
      "properties": {
        "probability": 0.8794938921928406,
        "lat": 5.292703915542345,
        "lon": -1.9387373258323635,
        "region": "Tarkwa-Nsuaem",
        "detected_at": "2026-07-13T08:50:02.151723",
        "model_version": "48px_v3.7_2024-01-10"
      }
    },
    {
      "type": "Feature",
      "geometry": {
        "type": "Point",
        "coordinates": [
          -1.9365680124473525,
          5.305750995948892
        ]
      },
      "properties": {
        "probability": 0.8591570258140564,
        "lat": 5.305750995948892,
        "lon": -1.9365680124473525,
        "region": "Tarkwa-Nsuaem",
        "detected_at": "2026-07-13T08:50:02.151814",
        "model_version": "48px_v3.7_2024-01-10"
      }
    },
    {
      "type": "Feature",
      "geometry": {
        "type": "Point",
        "coordinates": [
          -1.9365680124473525,
          5.292703915542345
        ]
      },
      "properties": {
        "probability": 0.9910070896148682,
        "lat": 5.292703915542345,
        "lon": -1.9365680124473525,
        "region": "Tarkwa-Nsuaem",
        "detected_at": "2026-07-13T08:50:02.151907",
        "model_version": "48px_v3.7_2024-01-10"
      }
    },
    {
      "type": "Feature",
      "geometry": {
        "type": "Point",
        "coordinates": [
          -1.9365680124473525,
          5.290529402141254
        ]
      },
      "properties": {
        "probability": 0.9928440451622009,
        "lat": 5.290529402141254,
        "lon": -1.9365680124473525,
        "region": "Tarkwa-Nsuaem",
        "detected_at": "2026-07-13T08:50:02.151999",
        "model_version": "48px_v3.7_2024-01-10"
      }
    },
    {
      "type": "Feature",
      "geometry": {
        "type": "Point",
        "coordinates": [
          -1.9343986990623419,
          5.30140196914671
        ]
      },
      "properties": {
        "probability": 0.9716383218765259,
        "lat": 5.30140196914671,
        "lon": -1.9343986990623419,
        "region": "Tarkwa-Nsuaem",
        "detected_at": "2026-07-13T08:50:02.152092",
        "model_version": "48px_v3.7_2024-01-10"
      }
    },
    {
      "type": "Feature",
      "geometry": {
        "type": "Point",
        "coordinates": [
          -1.9343986990623419,
          5.299227455745619
        ]
      },
      "properties": {
        "probability": 0.9715124368667603,
        "lat": 5.299227455745619,
        "lon": -1.9343986990623419,
        "region": "Tarkwa-Nsuaem",
        "detected_at": "2026-07-13T08:50:02.152183",
        "model_version": "48px_v3.7_2024-01-10"
      }
    },
    {
      "type": "Feature",
      "geometry": {
        "type": "Point",
        "coordinates": [
          -1.9343986990623419,
          5.292703915542345
        ]
      },
      "properties": {
        "probability": 0.9999240040779114,
        "lat": 5.292703915542345,
        "lon": -1.9343986990623419,
        "region": "Tarkwa-Nsuaem",
        "detected_at": "2026-07-13T08:50:02.152282",
        "model_version": "48px_v3.7_2024-01-10"
      }
    },
    {
      "type": "Feature",
      "geometry": {
        "type": "Point",
        "coordinates": [
          -1.9322293856773314,
          5.30140196914671
        ]
      },
      "properties": {
        "probability": 0.8041407465934753,
        "lat": 5.30140196914671,
        "lon": -1.9322293856773314,
        "region": "Tarkwa-Nsuaem",
        "detected_at": "2026-07-13T08:50:02.152377",
        "model_version": "48px_v3.7_2024-01-10"
      }
    },
    {
      "type": "Feature",
      "geometry": {
        "type": "Point",
        "coordinates": [
          -1.9322293856773316,
          5.294878428943436
        ]
      },
      "properties": {
        "probability": 0.9605043530464172,
        "lat": 5.294878428943436,
        "lon": -1.9322293856773316,
        "region": "Tarkwa-Nsuaem",
        "detected_at": "2026-07-13T08:50:02.152490",
        "model_version": "48px_v3.7_2024-01-10"
      }
    },
    {
      "type": "Feature",
      "geometry": {
        "type": "Point",
        "coordinates": [
          -1.930060072292321,
          5.307925509349982
        ]
      },
      "properties": {
        "probability": 0.8234521746635437,
        "lat": 5.307925509349982,
        "lon": -1.930060072292321,
        "region": "Tarkwa-Nsuaem",
        "detected_at": "2026-07-13T08:50:02.152587",
        "model_version": "48px_v3.7_2024-01-10"
      }
    },
    {
      "type": "Feature",
      "geometry": {
        "type": "Point",
        "coordinates": [
          -1.930060072292321,
          5.305750995948892
        ]
      },
      "properties": {
        "probability": 0.8277241587638855,
        "lat": 5.305750995948892,
        "lon": -1.930060072292321,
        "region": "Tarkwa-Nsuaem",
        "detected_at": "2026-07-13T08:50:02.152679",
        "model_version": "48px_v3.7_2024-01-10"
      }
    },
    {
      "type": "Feature",
      "geometry": {
        "type": "Point",
        "coordinates": [
          -1.9278907589073098,
          5.305750995948892
        ]
      },
      "properties": {
        "probability": 0.983222246170044,
        "lat": 5.305750995948892,
        "lon": -1.9278907589073098,
        "region": "Tarkwa-Nsuaem",
        "detected_at": "2026-07-13T08:50:02.152770",
        "model_version": "48px_v3.7_2024-01-10"
      }
    },
    {
      "type": "Feature",
      "geometry": {
        "type": "Point",
        "coordinates": [
          -1.9278907589073098,
          5.3035764825478005
        ]
      },
      "properties": {
        "probability": 0.8873907327651978,
        "lat": 5.3035764825478005,
        "lon": -1.9278907589073098,
        "region": "Tarkwa-Nsuaem",
        "detected_at": "2026-07-13T08:50:02.152861",
        "model_version": "48px_v3.7_2024-01-10"
      }
    },
    {
      "type": "Feature",
      "geometry": {
        "type": "Point",
        "coordinates": [
          -1.9170441919822563,
          5.266609754729251
        ]
      },
      "properties": {
        "probability": 0.9123228192329407,
        "lat": 5.266609754729251,
        "lon": -1.9170441919822563,
        "region": "Tarkwa-Nsuaem",
        "detected_at": "2026-07-13T08:50:02.152952",
        "model_version": "48px_v3.7_2024-01-10"
      }
    },
    {
      "type": "Feature",
      "geometry": {
        "type": "Point",
        "coordinates": [
          -1.9170441919822563,
          5.2644352413281625
        ]
      },
      "properties": {
        "probability": 0.9728596210479736,
        "lat": 5.2644352413281625,
        "lon": -1.9170441919822563,
        "region": "Tarkwa-Nsuaem",
        "detected_at": "2026-07-13T08:50:02.153045",
        "model_version": "48px_v3.7_2024-01-10"
      }
    },
    {
      "type": "Feature",
      "geometry": {
        "type": "Point",
        "coordinates": [
          -1.9148748785972456,
          5.266609754729251
        ]
      },
      "properties": {
        "probability": 0.9451548457145691,
        "lat": 5.266609754729251,
        "lon": -1.9148748785972456,
        "region": "Tarkwa-Nsuaem",
        "detected_at": "2026-07-13T08:50:02.153137",
        "model_version": "48px_v3.7_2024-01-10"
      }
    },
    {
      "type": "Feature",
      "geometry": {
        "type": "Point",
        "coordinates": [
          -1.914874878597246,
          5.2644352413281625
        ]
      },
      "properties": {
        "probability": 0.999872624874115,
        "lat": 5.2644352413281625,
        "lon": -1.914874878597246,
        "region": "Tarkwa-Nsuaem",
        "detected_at": "2026-07-13T08:50:02.153229",
        "model_version": "48px_v3.7_2024-01-10"
      }
    },
    {
      "type": "Feature",
      "geometry": {
        "type": "Point",
        "coordinates": [
          -1.9127055652122353,
          5.2709587815314345
        ]
      },
      "properties": {
        "probability": 0.9736219644546509,
        "lat": 5.2709587815314345,
        "lon": -1.9127055652122353,
        "region": "Tarkwa-Nsuaem",
        "detected_at": "2026-07-13T08:50:02.153319",
        "model_version": "48px_v3.7_2024-01-10"
      }
    },
    {
      "type": "Feature",
      "geometry": {
        "type": "Point",
        "coordinates": [
          -1.9105362518272244,
          5.275307808333618
        ]
      },
      "properties": {
        "probability": 0.8213180303573608,
        "lat": 5.275307808333618,
        "lon": -1.9105362518272244,
        "region": "Tarkwa-Nsuaem",
        "detected_at": "2026-07-13T08:50:02.153411",
        "model_version": "48px_v3.7_2024-01-10"
      }
    },
    {
      "type": "Feature",
      "geometry": {
        "type": "Point",
        "coordinates": [
          -1.9105362518272244,
          5.273133294932525
        ]
      },
      "properties": {
        "probability": 0.8919413089752197,
        "lat": 5.273133294932525,
        "lon": -1.9105362518272244,
        "region": "Tarkwa-Nsuaem",
        "detected_at": "2026-07-13T08:50:02.153527",
        "model_version": "48px_v3.7_2024-01-10"
      }
    },
    {
      "type": "Feature",
      "geometry": {
        "type": "Point",
        "coordinates": [
          -1.9105362518272246,
          5.2709587815314345
        ]
      },
      "properties": {
        "probability": 0.9851769208908081,
        "lat": 5.2709587815314345,
        "lon": -1.9105362518272246,
        "region": "Tarkwa-Nsuaem",
        "detected_at": "2026-07-13T08:50:02.153622",
        "model_version": "48px_v3.7_2024-01-10"
      }
    },
    {
      "type": "Feature",
      "geometry": {
        "type": "Point",
        "coordinates": [
          -1.958085975322394,
          5.3860289804235455
        ]
      },
      "properties": {
        "probability": 0.976231575012207,
        "lat": 5.3860289804235455,
        "lon": -1.958085975322394,
        "region": "Tarkwa-Nsuaem",
        "detected_at": "2026-07-13T08:50:02.153713",
        "model_version": "48px_v3.7_2024-01-10"
      }
    },
    {
      "type": "Feature",
      "geometry": {
        "type": "Point",
        "coordinates": [
          -1.958085975322394,
          5.383854400756286
        ]
      },
      "properties": {
        "probability": 0.9735457897186279,
        "lat": 5.383854400756286,
        "lon": -1.958085975322394,
        "region": "Tarkwa-Nsuaem",
        "detected_at": "2026-07-13T08:50:02.153806",
        "model_version": "48px_v3.7_2024-01-10"
      }
    },
    {
      "type": "Feature",
      "geometry": {
        "type": "Point",
        "coordinates": [
          -1.958085975322394,
          5.368632343085467
        ]
      },
      "properties": {
        "probability": 0.9546117186546326,
        "lat": 5.368632343085467,
        "lon": -1.958085975322394,
        "region": "Tarkwa-Nsuaem",
        "detected_at": "2026-07-13T08:50:02.153898",
        "model_version": "48px_v3.7_2024-01-10"
      }
    },
    {
      "type": "Feature",
      "geometry": {
        "type": "Point",
        "coordinates": [
          -1.9537464688875692,
          5.368632343085467
        ]
      },
      "properties": {
        "probability": 0.8422766923904419,
        "lat": 5.368632343085467,
        "lon": -1.9537464688875692,
        "region": "Tarkwa-Nsuaem",
        "detected_at": "2026-07-13T08:50:02.153989",
        "model_version": "48px_v3.7_2024-01-10"
      }
    },
    {
      "type": "Feature",
      "geometry": {
        "type": "Point",
        "coordinates": [
          -1.951576715670157,
          5.368632343085467
        ]
      },
      "properties": {
        "probability": 0.9485132694244385,
        "lat": 5.368632343085467,
        "lon": -1.951576715670157,
        "region": "Tarkwa-Nsuaem",
        "detected_at": "2026-07-13T08:50:02.154080",
        "model_version": "48px_v3.7_2024-01-10"
      }
    },
    {
      "type": "Feature",
      "geometry": {
        "type": "Point",
        "coordinates": [
          -1.949406962452745,
          5.368632343085467
        ]
      },
      "properties": {
        "probability": 0.8675363063812256,
        "lat": 5.368632343085467,
        "lon": -1.949406962452745,
        "region": "Tarkwa-Nsuaem",
        "detected_at": "2026-07-13T08:50:02.154171",
        "model_version": "48px_v3.7_2024-01-10"
      }
    },
    {
      "type": "Feature",
      "geometry": {
        "type": "Point",
        "coordinates": [
          -1.9472372092353325,
          5.379505241421766
        ]
      },
      "properties": {
        "probability": 0.946375846862793,
        "lat": 5.379505241421766,
        "lon": -1.9472372092353325,
        "region": "Tarkwa-Nsuaem",
        "detected_at": "2026-07-13T08:50:02.154263",
        "model_version": "48px_v3.7_2024-01-10"
      }
    },
    {
      "type": "Feature",
      "geometry": {
        "type": "Point",
        "coordinates": [
          -1.9472372092353327,
          5.368632343085467
        ]
      },
      "properties": {
        "probability": 0.9242386817932129,
        "lat": 5.368632343085467,
        "lon": -1.9472372092353327,
        "region": "Tarkwa-Nsuaem",
        "detected_at": "2026-07-13T08:50:02.154356",
        "model_version": "48px_v3.7_2024-01-10"
      }
    },
    {
      "type": "Feature",
      "geometry": {
        "type": "Point",
        "coordinates": [
          -1.9450674560179202,
          5.379505241421766
        ]
      },
      "properties": {
        "probability": 0.9958686828613281,
        "lat": 5.379505241421766,
        "lon": -1.9450674560179202,
        "region": "Tarkwa-Nsuaem",
        "detected_at": "2026-07-13T08:50:02.154466",
        "model_version": "48px_v3.7_2024-01-10"
      }
    },
    {
      "type": "Feature",
      "geometry": {
        "type": "Point",
        "coordinates": [
          -1.9450674560179202,
          5.377330661754506
        ]
      },
      "properties": {
        "probability": 0.9750171303749084,
        "lat": 5.377330661754506,
        "lon": -1.9450674560179202,
        "region": "Tarkwa-Nsuaem",
        "detected_at": "2026-07-13T08:50:02.154567",
        "model_version": "48px_v3.7_2024-01-10"
      }
    },
    {
      "type": "Feature",
      "geometry": {
        "type": "Point",
        "coordinates": [
          -1.9428977028005079,
          5.375156082087246
        ]
      },
      "properties": {
        "probability": 0.9854777455329895,
        "lat": 5.375156082087246,
        "lon": -1.9428977028005079,
        "region": "Tarkwa-Nsuaem",
        "detected_at": "2026-07-13T08:50:02.154661",
        "model_version": "48px_v3.7_2024-01-10"
      }
    },
    {
      "type": "Feature",
      "geometry": {
        "type": "Point",
        "coordinates": [
          -1.942897702800508,
          5.372981502419987
        ]
      },
      "properties": {
        "probability": 0.9885205030441284,
        "lat": 5.372981502419987,
        "lon": -1.942897702800508,
        "region": "Tarkwa-Nsuaem",
        "detected_at": "2026-07-13T08:50:02.154754",
        "model_version": "48px_v3.7_2024-01-10"
      }
    },
    {
      "type": "Feature",
      "geometry": {
        "type": "Point",
        "coordinates": [
          -1.9407279495830956,
          5.375156082087246
        ]
      },
      "properties": {
        "probability": 0.9125400185585022,
        "lat": 5.375156082087246,
        "lon": -1.9407279495830956,
        "region": "Tarkwa-Nsuaem",
        "detected_at": "2026-07-13T08:50:02.154847",
        "model_version": "48px_v3.7_2024-01-10"
      }
    },
    {
      "type": "Feature",
      "geometry": {
        "type": "Point",
        "coordinates": [
          -1.9407279495830956,
          5.372981502419987
        ]
      },
      "properties": {
        "probability": 0.8536202311515808,
        "lat": 5.372981502419987,
        "lon": -1.9407279495830956,
        "region": "Tarkwa-Nsuaem",
        "detected_at": "2026-07-13T08:50:02.154940",
        "model_version": "48px_v3.7_2024-01-10"
      }
    },
    {
      "type": "Feature",
      "geometry": {
        "type": "Point",
        "coordinates": [
          -1.9385581963656833,
          5.372981502419987
        ]
      },
      "properties": {
        "probability": 0.9556233286857605,
        "lat": 5.372981502419987,
        "lon": -1.9385581963656833,
        "region": "Tarkwa-Nsuaem",
        "detected_at": "2026-07-13T08:50:02.155033",
        "model_version": "48px_v3.7_2024-01-10"
      }
    },
    {
      "type": "Feature",
      "geometry": {
        "type": "Point",
        "coordinates": [
          -1.9342186899308587,
          5.379505241421766
        ]
      },
      "properties": {
        "probability": 0.9770418405532837,
        "lat": 5.379505241421766,
        "lon": -1.9342186899308587,
        "region": "Tarkwa-Nsuaem",
        "detected_at": "2026-07-13T08:50:02.155124",
        "model_version": "48px_v3.7_2024-01-10"
      }
    },
    {
      "type": "Feature",
      "geometry": {
        "type": "Point",
        "coordinates": [
          -1.9342186899308589,
          5.377330661754506
        ]
      },
      "properties": {
        "probability": 0.8334373831748962,
        "lat": 5.377330661754506,
        "lon": -1.9342186899308589,
        "region": "Tarkwa-Nsuaem",
        "detected_at": "2026-07-13T08:50:02.155224",
        "model_version": "48px_v3.7_2024-01-10"
      }
    },
    {
      "type": "Feature",
      "geometry": {
        "type": "Point",
        "coordinates": [
          -1.9320489367134466,
          5.383854400756286
        ]
      },
      "properties": {
        "probability": 0.9733296632766724,
        "lat": 5.383854400756286,
        "lon": -1.9320489367134466,
        "region": "Tarkwa-Nsuaem",
        "detected_at": "2026-07-13T08:50:02.155316",
        "model_version": "48px_v3.7_2024-01-10"
      }
    },
    {
      "type": "Feature",
      "geometry": {
        "type": "Point",
        "coordinates": [
          -1.9320489367134466,
          5.381679821089027
        ]
      },
      "properties": {
        "probability": 0.9932066202163696,
        "lat": 5.381679821089027,
        "lon": -1.9320489367134466,
        "region": "Tarkwa-Nsuaem",
        "detected_at": "2026-07-13T08:50:02.155408",
        "model_version": "48px_v3.7_2024-01-10"
      }
    },
    {
      "type": "Feature",
      "geometry": {
        "type": "Point",
        "coordinates": [
          -1.9190304174089727,
          5.405600197428884
        ]
      },
      "properties": {
        "probability": 0.898894727230072,
        "lat": 5.405600197428884,
        "lon": -1.9190304174089727,
        "region": "Tarkwa-Nsuaem",
        "detected_at": "2026-07-13T08:50:02.155525",
        "model_version": "48px_v3.7_2024-01-10"
      }
    },
    {
      "type": "Feature",
      "geometry": {
        "type": "Point",
        "coordinates": [
          -1.9168606641915602,
          5.405600197428884
        ]
      },
      "properties": {
        "probability": 0.9767996072769165,
        "lat": 5.405600197428884,
        "lon": -1.9168606641915602,
        "region": "Tarkwa-Nsuaem",
        "detected_at": "2026-07-13T08:50:02.155623",
        "model_version": "48px_v3.7_2024-01-10"
      }
    },
    {
      "type": "Feature",
      "geometry": {
        "type": "Point",
        "coordinates": [
          -1.706649351032869,
          5.4529485814023895
        ]
      },
      "properties": {
        "probability": 0.8724383115768433,
        "lat": 5.4529485814023895,
        "lon": -1.706649351032869,
        "region": "Tarkwa-Nsuaem",
        "detected_at": "2026-07-13T08:50:02.155717",
        "model_version": "48px_v3.7_2024-01-10"
      }
    },
    {
      "type": "Feature",
      "geometry": {
        "type": "Point",
        "coordinates": [
          -1.706649351032869,
          5.450773383384608
        ]
      },
      "properties": {
        "probability": 0.9097168445587158,
        "lat": 5.450773383384608,
        "lon": -1.706649351032869,
        "region": "Tarkwa-Nsuaem",
        "detected_at": "2026-07-13T08:50:02.155810",
        "model_version": "48px_v3.7_2024-01-10"
      }
    },
    {
      "type": "Feature",
      "geometry": {
        "type": "Point",
        "coordinates": [
          -1.8539281705386146,
          5.479155876931415
        ]
      },
      "properties": {
        "probability": 0.9317263960838318,
        "lat": 5.479155876931415,
        "lon": -1.8539281705386146,
        "region": "Tarkwa-Nsuaem",
        "detected_at": "2026-07-13T08:50:02.155902",
        "model_version": "48px_v3.7_2024-01-10"
      }
    },
    {
      "type": "Feature",
      "geometry": {
        "type": "Point",
        "coordinates": [
          -1.9276174214875146,
          5.425079984579392
        ]
      },
      "properties": {
        "probability": 0.9219763875007629,
        "lat": 5.425079984579392,
        "lon": -1.9276174214875146,
        "region": "Tarkwa-Nsuaem",
        "detected_at": "2026-07-13T08:50:02.155995",
        "model_version": "48px_v3.7_2024-01-10"
      }
    },
    {
      "type": "Feature",
      "geometry": {
        "type": "Point",
        "coordinates": [
          -1.9254474456161668,
          5.431603822845248
        ]
      },
      "properties": {
        "probability": 0.9637342691421509,
        "lat": 5.431603822845248,
        "lon": -1.9254474456161668,
        "region": "Tarkwa-Nsuaem",
        "detected_at": "2026-07-13T08:50:02.156086",
        "model_version": "48px_v3.7_2024-01-10"
      }
    },
    {
      "type": "Feature",
      "geometry": {
        "type": "Point",
        "coordinates": [
          -1.923277469744819,
          5.429429210089963
        ]
      },
      "properties": {
        "probability": 0.9412450194358826,
        "lat": 5.429429210089963,
        "lon": -1.923277469744819,
        "region": "Tarkwa-Nsuaem",
        "detected_at": "2026-07-13T08:50:02.156178",
        "model_version": "48px_v3.7_2024-01-10"
      }
    },
    {
      "type": "Feature",
      "geometry": {
        "type": "Point",
        "coordinates": [
          -1.9211074938734711,
          5.429429210089964
        ]
      },
      "properties": {
        "probability": 0.9971749186515808,
        "lat": 5.429429210089964,
        "lon": -1.9211074938734711,
        "region": "Tarkwa-Nsuaem",
        "detected_at": "2026-07-13T08:50:02.156278",
        "model_version": "48px_v3.7_2024-01-10"
      }
    },
    {
      "type": "Feature",
      "geometry": {
        "type": "Point",
        "coordinates": [
          -1.9211074938734711,
          5.427254597334678
        ]
      },
      "properties": {
        "probability": 0.9829283952713013,
        "lat": 5.427254597334678,
        "lon": -1.9211074938734711,
        "region": "Tarkwa-Nsuaem",
        "detected_at": "2026-07-13T08:50:02.156371",
        "model_version": "48px_v3.7_2024-01-10"
      }
    },
    {
      "type": "Feature",
      "geometry": {
        "type": "Point",
        "coordinates": [
          -1.9167675421307753,
          5.442476886621677
        ]
      },
      "properties": {
        "probability": 0.9506951570510864,
        "lat": 5.442476886621677,
        "lon": -1.9167675421307753,
        "region": "Tarkwa-Nsuaem",
        "detected_at": "2026-07-13T08:50:02.156486",
        "model_version": "48px_v3.7_2024-01-10"
      }
    },
    {
      "type": "Feature",
      "geometry": {
        "type": "Point",
        "coordinates": [
          -1.9145975662594275,
          5.442476886621677
        ]
      },
      "properties": {
        "probability": 0.8774629235267639,
        "lat": 5.442476886621677,
        "lon": -1.9145975662594275,
        "region": "Tarkwa-Nsuaem",
        "detected_at": "2026-07-13T08:50:02.156584",
        "model_version": "48px_v3.7_2024-01-10"
      }
    },
    {
      "type": "Feature",
      "geometry": {
        "type": "Point",
        "coordinates": [
          -1.9124275903880794,
          5.440302273866392
        ]
      },
      "properties": {
        "probability": 0.9621533155441284,
        "lat": 5.440302273866392,
        "lon": -1.9124275903880794,
        "region": "Tarkwa-Nsuaem",
        "detected_at": "2026-07-13T08:50:02.156677",
        "model_version": "48px_v3.7_2024-01-10"
      }
    },
    {
      "type": "Feature",
      "geometry": {
        "type": "Point",
        "coordinates": [
          -1.8973310300886495,
          5.464130152775213
        ]
      },
      "properties": {
        "probability": 0.9090076088905334,
        "lat": 5.464130152775213,
        "lon": -1.8973310300886495,
        "region": "Tarkwa-Nsuaem",
        "detected_at": "2026-07-13T08:50:02.156768",
        "model_version": "48px_v3.7_2024-01-10"
      }
    },
    {
      "type": "Feature",
      "geometry": {
        "type": "Point",
        "coordinates": [
          -1.8951609058419978,
          5.451081582016395
        ]
      },
      "properties": {
        "probability": 0.9387331604957581,
        "lat": 5.451081582016395,
        "lon": -1.8951609058419978,
        "region": "Tarkwa-Nsuaem",
        "detected_at": "2026-07-13T08:50:02.156862",
        "model_version": "48px_v3.7_2024-01-10"
      }
    },
    {
      "type": "Feature",
      "geometry": {
        "type": "Point",
        "coordinates": [
          -1.8951609058419978,
          5.44890682022326
        ]
      },
      "properties": {
        "probability": 0.8301492929458618,
        "lat": 5.44890682022326,
        "lon": -1.8951609058419978,
        "region": "Tarkwa-Nsuaem",
        "detected_at": "2026-07-13T08:50:02.156953",
        "model_version": "48px_v3.7_2024-01-10"
      }
    },
    {
      "type": "Feature",
      "geometry": {
        "type": "Point",
        "coordinates": [
          -1.8929907815953457,
          5.451081582016396
        ]
      },
      "properties": {
        "probability": 0.8088417649269104,
        "lat": 5.451081582016396,
        "lon": -1.8929907815953457,
        "region": "Tarkwa-Nsuaem",
        "detected_at": "2026-07-13T08:50:02.157044",
        "model_version": "48px_v3.7_2024-01-10"
      }
    },
    {
      "type": "Feature",
      "geometry": {
        "type": "Point",
        "coordinates": [
          -1.8602399829688991,
          5.5726759137500945
        ]
      },
      "properties": {
        "probability": 0.8389481902122498,
        "lat": 5.5726759137500945,
        "lon": -1.8602399829688991,
        "region": "Tarkwa-Nsuaem",
        "detected_at": "2026-07-13T08:50:02.157138",
        "model_version": "48px_v3.7_2024-01-10"
      }
    },
    {
      "type": "Feature",
      "geometry": {
        "type": "Point",
        "coordinates": [
          -2.1618215237198086,
          5.308242559519376
        ]
      },
      "properties": {
        "probability": 0.9429684281349182,
        "lat": 5.308242559519376,
        "lon": -2.1618215237198086,
        "region": "Tarkwa-Nsuaem",
        "detected_at": "2026-07-13T08:50:02.157230",
        "model_version": "48px_v3.7_2024-01-10"
      }
    },
    {
      "type": "Feature",
      "geometry": {
        "type": "Point",
        "coordinates": [
          -2.15748407737055,
          5.308242559519376
        ]
      },
      "properties": {
        "probability": 0.9221915602684021,
        "lat": 5.308242559519376,
        "lon": -2.15748407737055,
        "region": "Tarkwa-Nsuaem",
        "detected_at": "2026-07-13T08:50:02.157322",
        "model_version": "48px_v3.7_2024-01-10"
      }
    },
    {
      "type": "Feature",
      "geometry": {
        "type": "Point",
        "coordinates": [
          -2.1553153541959205,
          5.310416480147388
        ]
      },
      "properties": {
        "probability": 0.8835142254829407,
        "lat": 5.310416480147388,
        "lon": -2.1553153541959205,
        "region": "Tarkwa-Nsuaem",
        "detected_at": "2026-07-13T08:50:02.157415",
        "model_version": "48px_v3.7_2024-01-10"
      }
    },
    {
      "type": "Feature",
      "geometry": {
        "type": "Point",
        "coordinates": [
          -2.1553153541959205,
          5.308242559519376
        ]
      },
      "properties": {
        "probability": 0.9137690663337708,
        "lat": 5.308242559519376,
        "lon": -2.1553153541959205,
        "region": "Tarkwa-Nsuaem",
        "detected_at": "2026-07-13T08:50:02.157570",
        "model_version": "48px_v3.7_2024-01-10"
      }
    },
    {
      "type": "Feature",
      "geometry": {
        "type": "Point",
        "coordinates": [
          -1.9666758739897858,
          5.373071699338485
        ]
      },
      "properties": {
        "probability": 0.8025255799293518,
        "lat": 5.373071699338485,
        "lon": -1.9666758739897858,
        "region": "Tarkwa-Nsuaem",
        "detected_at": "2026-07-13T08:50:02.157677",
        "model_version": "48px_v3.7_2024-01-10"
      }
    },
    {
      "type": "Feature",
      "geometry": {
        "type": "Point",
        "coordinates": [
          -1.9645062691791018,
          5.386118282984704
        ]
      },
      "properties": {
        "probability": 0.9768539667129517,
        "lat": 5.386118282984704,
        "lon": -1.9645062691791018,
        "region": "Tarkwa-Nsuaem",
        "detected_at": "2026-07-13T08:50:02.157771",
        "model_version": "48px_v3.7_2024-01-10"
      }
    },
    {
      "type": "Feature",
      "geometry": {
        "type": "Point",
        "coordinates": [
          -1.9645062691791018,
          5.379594991161595
        ]
      },
      "properties": {
        "probability": 0.8499246835708618,
        "lat": 5.379594991161595,
        "lon": -1.9645062691791018,
        "region": "Tarkwa-Nsuaem",
        "detected_at": "2026-07-13T08:50:02.157863",
        "model_version": "48px_v3.7_2024-01-10"
      }
    },
    {
      "type": "Feature",
      "geometry": {
        "type": "Point",
        "coordinates": [
          -1.9645062691791018,
          5.373071699338485
        ]
      },
      "properties": {
        "probability": 0.8285143375396729,
        "lat": 5.373071699338485,
        "lon": -1.9645062691791018,
        "region": "Tarkwa-Nsuaem",
        "detected_at": "2026-07-13T08:50:02.157954",
        "model_version": "48px_v3.7_2024-01-10"
      }
    },
    {
      "type": "Feature",
      "geometry": {
        "type": "Point",
        "coordinates": [
          -1.9623366643684172,
          5.386118282984704
        ]
      },
      "properties": {
        "probability": 0.9873949289321899,
        "lat": 5.386118282984704,
        "lon": -1.9623366643684172,
        "region": "Tarkwa-Nsuaem",
        "detected_at": "2026-07-13T08:50:02.158046",
        "model_version": "48px_v3.7_2024-01-10"
      }
    },
    {
      "type": "Feature",
      "geometry": {
        "type": "Point",
        "coordinates": [
          -1.9623366643684172,
          5.379594991161595
        ]
      },
      "properties": {
        "probability": 0.9470058083534241,
        "lat": 5.379594991161595,
        "lon": -1.9623366643684172,
        "region": "Tarkwa-Nsuaem",
        "detected_at": "2026-07-13T08:50:02.158139",
        "model_version": "48px_v3.7_2024-01-10"
      }
    },
    {
      "type": "Feature",
      "geometry": {
        "type": "Point",
        "coordinates": [
          -2.1638495971920646,
          5.392881493253465
        ]
      },
      "properties": {
        "probability": 0.9998710751533508,
        "lat": 5.392881493253465,
        "lon": -2.1638495971920646,
        "region": "Tarkwa-Nsuaem",
        "detected_at": "2026-07-13T08:50:02.158231",
        "model_version": "48px_v3.7_2024-01-10"
      }
    },
    {
      "type": "Feature",
      "geometry": {
        "type": "Point",
        "coordinates": [
          -2.1638495971920646,
          5.390707520698457
        ]
      },
      "properties": {
        "probability": 0.9812079668045044,
        "lat": 5.390707520698457,
        "lon": -2.1638495971920646,
        "region": "Tarkwa-Nsuaem",
        "detected_at": "2026-07-13T08:50:02.158324",
        "model_version": "48px_v3.7_2024-01-10"
      }
    },
    {
      "type": "Feature",
      "geometry": {
        "type": "Point",
        "coordinates": [
          -2.1443272593973175,
          5.377663685368419
        ]
      },
      "properties": {
        "probability": 0.9451597332954407,
        "lat": 5.377663685368419,
        "lon": -2.1443272593973175,
        "region": "Tarkwa-Nsuaem",
        "detected_at": "2026-07-13T08:50:02.158415",
        "model_version": "48px_v3.7_2024-01-10"
      }
    },
    {
      "type": "Feature",
      "geometry": {
        "type": "Point",
        "coordinates": [
          -2.137819813465735,
          5.408099301138507
        ]
      },
      "properties": {
        "probability": 0.8102871179580688,
        "lat": 5.408099301138507,
        "lon": -2.137819813465735,
        "region": "Tarkwa-Nsuaem",
        "detected_at": "2026-07-13T08:50:02.158538",
        "model_version": "48px_v3.7_2024-01-10"
      }
    },
    {
      "type": "Feature",
      "geometry": {
        "type": "Point",
        "coordinates": [
          -2.135650664821874,
          5.408099301138508
        ]
      },
      "properties": {
        "probability": 0.9533434510231018,
        "lat": 5.408099301138508,
        "lon": -2.135650664821874,
        "region": "Tarkwa-Nsuaem",
        "detected_at": "2026-07-13T08:50:02.158635",
        "model_version": "48px_v3.7_2024-01-10"
      }
    },
    {
      "type": "Feature",
      "geometry": {
        "type": "Point",
        "coordinates": [
          -2.133481516178013,
          5.405925328583502
        ]
      },
      "properties": {
        "probability": 0.943724513053894,
        "lat": 5.405925328583502,
        "lon": -2.133481516178013,
        "region": "Tarkwa-Nsuaem",
        "detected_at": "2026-07-13T08:50:02.158729",
        "model_version": "48px_v3.7_2024-01-10"
      }
    },
    {
      "type": "Feature",
      "geometry": {
        "type": "Point",
        "coordinates": [
          -2.1291432188902917,
          5.405925328583502
        ]
      },
      "properties": {
        "probability": 0.9886860847473145,
        "lat": 5.405925328583502,
        "lon": -2.1291432188902917,
        "region": "Tarkwa-Nsuaem",
        "detected_at": "2026-07-13T08:50:02.158823",
        "model_version": "48px_v3.7_2024-01-10"
      }
    },
    {
      "type": "Feature",
      "geometry": {
        "type": "Point",
        "coordinates": [
          -2.1226357729587093,
          5.401577383473488
        ]
      },
      "properties": {
        "probability": 0.8688651323318481,
        "lat": 5.401577383473488,
        "lon": -2.1226357729587093,
        "region": "Tarkwa-Nsuaem",
        "detected_at": "2026-07-13T08:50:02.158915",
        "model_version": "48px_v3.7_2024-01-10"
      }
    },
    {
      "type": "Feature",
      "geometry": {
        "type": "Point",
        "coordinates": [
          -2.131386246407069,
          5.32990969510916
        ]
      },
      "properties": {
        "probability": 0.9867971539497375,
        "lat": 5.32990969510916,
        "lon": -2.131386246407069,
        "region": "Tarkwa-Nsuaem",
        "detected_at": "2026-07-13T08:50:02.159008",
        "model_version": "48px_v3.7_2024-01-10"
      }
    },
    {
      "type": "Feature",
      "geometry": {
        "type": "Point",
        "coordinates": [
          -2.111865096373118,
          5.408024851416063
        ]
      },
      "properties": {
        "probability": 0.8960537910461426,
        "lat": 5.408024851416063,
        "lon": -2.111865096373118,
        "region": "Tarkwa-Nsuaem",
        "detected_at": "2026-07-13T08:50:02.159101",
        "model_version": "48px_v3.7_2024-01-10"
      }
    },
    {
      "type": "Feature",
      "geometry": {
        "type": "Point",
        "coordinates": [
          -2.107526491326543,
          5.397154216161287
        ]
      },
      "properties": {
        "probability": 0.988715410232544,
        "lat": 5.397154216161287,
        "lon": -2.107526491326543,
        "region": "Tarkwa-Nsuaem",
        "detected_at": "2026-07-13T08:50:02.159193",
        "model_version": "48px_v3.7_2024-01-10"
      }
    },
    {
      "type": "Feature",
      "geometry": {
        "type": "Point",
        "coordinates": [
          -2.107526491326543,
          5.394980089110332
        ]
      },
      "properties": {
        "probability": 0.9838351607322693,
        "lat": 5.394980089110332,
        "lon": -2.107526491326543,
        "region": "Tarkwa-Nsuaem",
        "detected_at": "2026-07-13T08:50:02.159285",
        "model_version": "48px_v3.7_2024-01-10"
      }
    },
    {
      "type": "Feature",
      "geometry": {
        "type": "Point",
        "coordinates": [
          -2.1529314034762734,
          5.438461472918958
        ]
      },
      "properties": {
        "probability": 0.9097874760627747,
        "lat": 5.438461472918958,
        "lon": -2.1529314034762734,
        "region": "Tarkwa-Nsuaem",
        "detected_at": "2026-07-13T08:50:02.159383",
        "model_version": "48px_v3.7_2024-01-10"
      }
    },
    {
      "type": "Feature",
      "geometry": {
        "type": "Point",
        "coordinates": [
          -2.1529314034762734,
          5.436287474446944
        ]
      },
      "properties": {
        "probability": 0.9545556306838989,
        "lat": 5.436287474446944,
        "lon": -2.1529314034762734,
        "region": "Tarkwa-Nsuaem",
        "detected_at": "2026-07-13T08:50:02.159499",
        "model_version": "48px_v3.7_2024-01-10"
      }
    },
    {
      "type": "Feature",
      "geometry": {
        "type": "Point",
        "coordinates": [
          -2.1485926752512654,
          5.4341134759749306
        ]
      },
      "properties": {
        "probability": 0.8121891617774963,
        "lat": 5.4341134759749306,
        "lon": -2.1485926752512654,
        "region": "Tarkwa-Nsuaem",
        "detected_at": "2026-07-13T08:50:02.159597",
        "model_version": "48px_v3.7_2024-01-10"
      }
    },
    {
      "type": "Feature",
      "geometry": {
        "type": "Point",
        "coordinates": [
          -2.120390941788713,
          5.4688974515271465
        ]
      },
      "properties": {
        "probability": 0.9166627526283264,
        "lat": 5.4688974515271465,
        "lon": -2.120390941788713,
        "region": "Tarkwa-Nsuaem",
        "detected_at": "2026-07-13T08:50:02.159691",
        "model_version": "48px_v3.7_2024-01-10"
      }
    },
    {
      "type": "Feature",
      "geometry": {
        "type": "Point",
        "coordinates": [
          -2.118221577676209,
          5.4688974515271465
        ]
      },
      "properties": {
        "probability": 0.9929546117782593,
        "lat": 5.4688974515271465,
        "lon": -2.118221577676209,
        "region": "Tarkwa-Nsuaem",
        "detected_at": "2026-07-13T08:50:02.159784",
        "model_version": "48px_v3.7_2024-01-10"
      }
    },
    {
      "type": "Feature",
      "geometry": {
        "type": "Point",
        "coordinates": [
          -2.0509577769644096,
          5.538155265585646
        ]
      },
      "properties": {
        "probability": 0.8418393135070801,
        "lat": 5.538155265585646,
        "lon": -2.0509577769644096,
        "region": "Tarkwa-Nsuaem",
        "detected_at": "2026-07-13T08:50:02.159877",
        "model_version": "48px_v3.7_2024-01-10"
      }
    },
    {
      "type": "Feature",
      "geometry": {
        "type": "Point",
        "coordinates": [
          -2.0205761355377474,
          5.557724578974719
        ]
      },
      "properties": {
        "probability": 0.9346985816955566,
        "lat": 5.557724578974719,
        "lon": -2.0205761355377474,
        "region": "Tarkwa-Nsuaem",
        "detected_at": "2026-07-13T08:50:02.159969",
        "model_version": "48px_v3.7_2024-01-10"
      }
    },
    {
      "type": "Feature",
      "geometry": {
        "type": "Point",
        "coordinates": [
          -2.0184060182929855,
          5.559898947129059
        ]
      },
      "properties": {
        "probability": 0.8536622524261475,
        "lat": 5.559898947129059,
        "lon": -2.0184060182929855,
        "region": "Tarkwa-Nsuaem",
        "detected_at": "2026-07-13T08:50:02.160062",
        "model_version": "48px_v3.7_2024-01-10"
      }
    },
    {
      "type": "Feature",
      "geometry": {
        "type": "Point",
        "coordinates": [
          -2.0184060182929855,
          5.553375842666036
        ]
      },
      "properties": {
        "probability": 0.8406071066856384,
        "lat": 5.553375842666036,
        "lon": -2.0184060182929855,
        "region": "Tarkwa-Nsuaem",
        "detected_at": "2026-07-13T08:50:02.160156",
        "model_version": "48px_v3.7_2024-01-10"
      }
    },
    {
      "type": "Feature",
      "geometry": {
        "type": "Point",
        "coordinates": [
          -2.163706151625535,
          5.5166515717524085
        ]
      },
      "properties": {
        "probability": 0.8624453544616699,
        "lat": 5.5166515717524085,
        "lon": -2.163706151625535,
        "region": "Tarkwa-Nsuaem",
        "detected_at": "2026-07-13T08:50:02.160249",
        "model_version": "48px_v3.7_2024-01-10"
      }
    },
    {
      "type": "Feature",
      "geometry": {
        "type": "Point",
        "coordinates": [
          -2.163706151625535,
          5.514477547394301
        ]
      },
      "properties": {
        "probability": 0.9999890327453613,
        "lat": 5.514477547394301,
        "lon": -2.163706151625535,
        "region": "Tarkwa-Nsuaem",
        "detected_at": "2026-07-13T08:50:02.160342",
        "model_version": "48px_v3.7_2024-01-10"
      }
    },
    {
      "type": "Feature",
      "geometry": {
        "type": "Point",
        "coordinates": [
          -2.161536570220516,
          5.516651571752409
        ]
      },
      "properties": {
        "probability": 0.999994158744812,
        "lat": 5.516651571752409,
        "lon": -2.161536570220516,
        "region": "Tarkwa-Nsuaem",
        "detected_at": "2026-07-13T08:50:02.160434",
        "model_version": "48px_v3.7_2024-01-10"
      }
    },
    {
      "type": "Feature",
      "geometry": {
        "type": "Point",
        "coordinates": [
          -2.157197407410478,
          5.514477547394301
        ]
      },
      "properties": {
        "probability": 0.9719271659851074,
        "lat": 5.514477547394301,
        "lon": -2.157197407410478,
        "region": "Tarkwa-Nsuaem",
        "detected_at": "2026-07-13T08:50:02.160552",
        "model_version": "48px_v3.7_2024-01-10"
      }
    },
    {
      "type": "Feature",
      "geometry": {
        "type": "Point",
        "coordinates": [
          -2.1571974074104774,
          5.512303523036193
        ]
      },
      "properties": {
        "probability": 0.9385814666748047,
        "lat": 5.512303523036193,
        "lon": -2.1571974074104774,
        "region": "Tarkwa-Nsuaem",
        "detected_at": "2026-07-13T08:50:02.160646",
        "model_version": "48px_v3.7_2024-01-10"
      }
    },
    {
      "type": "Feature",
      "geometry": {
        "type": "Point",
        "coordinates": [
          -2.1485190817904005,
          5.510129498678085
        ]
      },
      "properties": {
        "probability": 0.8799945116043091,
        "lat": 5.510129498678085,
        "lon": -2.1485190817904005,
        "region": "Tarkwa-Nsuaem",
        "detected_at": "2026-07-13T08:50:02.160738",
        "model_version": "48px_v3.7_2024-01-10"
      }
    },
    {
      "type": "Feature",
      "geometry": {
        "type": "Point",
        "coordinates": [
          -2.146349500385381,
          5.510129498678084
        ]
      },
      "properties": {
        "probability": 0.9868606328964233,
        "lat": 5.510129498678084,
        "lon": -2.146349500385381,
        "region": "Tarkwa-Nsuaem",
        "detected_at": "2026-07-13T08:50:02.160830",
        "model_version": "48px_v3.7_2024-01-10"
      }
    },
    {
      "type": "Feature",
      "geometry": {
        "type": "Point",
        "coordinates": [
          -2.1441799189803623,
          5.510129498678084
        ]
      },
      "properties": {
        "probability": 0.8679580688476562,
        "lat": 5.510129498678084,
        "lon": -2.1441799189803623,
        "region": "Tarkwa-Nsuaem",
        "detected_at": "2026-07-13T08:50:02.160930",
        "model_version": "48px_v3.7_2024-01-10"
      }
    },
    {
      "type": "Feature",
      "geometry": {
        "type": "Point",
        "coordinates": [
          -2.1420103375753428,
          5.488389255097004
        ]
      },
      "properties": {
        "probability": 0.8476166129112244,
        "lat": 5.488389255097004,
        "lon": -2.1420103375753428,
        "region": "Tarkwa-Nsuaem",
        "detected_at": "2026-07-13T08:50:02.161024",
        "model_version": "48px_v3.7_2024-01-10"
      }
    },
    {
      "type": "Feature",
      "geometry": {
        "type": "Point",
        "coordinates": [
          -2.12031452352515,
          5.488389255097005
        ]
      },
      "properties": {
        "probability": 0.8797356486320496,
        "lat": 5.488389255097005,
        "lon": -2.12031452352515,
        "region": "Tarkwa-Nsuaem",
        "detected_at": "2026-07-13T08:50:02.161117",
        "model_version": "48px_v3.7_2024-01-10"
      }
    },
    {
      "type": "Feature",
      "geometry": {
        "type": "Point",
        "coordinates": [
          -2.12031452352515,
          5.486215230738897
        ]
      },
      "properties": {
        "probability": 0.9362174272537231,
        "lat": 5.486215230738897,
        "lon": -2.12031452352515,
        "region": "Tarkwa-Nsuaem",
        "detected_at": "2026-07-13T08:50:02.161209",
        "model_version": "48px_v3.7_2024-01-10"
      }
    },
    {
      "type": "Feature",
      "geometry": {
        "type": "Point",
        "coordinates": [
          -2.12031452352515,
          5.481867182022679
        ]
      },
      "properties": {
        "probability": 0.9356363415718079,
        "lat": 5.481867182022679,
        "lon": -2.12031452352515,
        "region": "Tarkwa-Nsuaem",
        "detected_at": "2026-07-13T08:50:02.161300",
        "model_version": "48px_v3.7_2024-01-10"
      }
    },
    {
      "type": "Feature",
      "geometry": {
        "type": "Point",
        "coordinates": [
          -2.1181449421201313,
          5.492737303813221
        ]
      },
      "properties": {
        "probability": 0.9937730431556702,
        "lat": 5.492737303813221,
        "lon": -2.1181449421201313,
        "region": "Tarkwa-Nsuaem",
        "detected_at": "2026-07-13T08:50:02.161444",
        "model_version": "48px_v3.7_2024-01-10"
      }
    },
    {
      "type": "Feature",
      "geometry": {
        "type": "Point",
        "coordinates": [
          -2.1181449421201313,
          5.490563279455111
        ]
      },
      "properties": {
        "probability": 0.9998171925544739,
        "lat": 5.490563279455111,
        "lon": -2.1181449421201313,
        "region": "Tarkwa-Nsuaem",
        "detected_at": "2026-07-13T08:50:02.161600",
        "model_version": "48px_v3.7_2024-01-10"
      }
    },
    {
      "type": "Feature",
      "geometry": {
        "type": "Point",
        "coordinates": [
          -2.1181449421201313,
          5.488389255097005
        ]
      },
      "properties": {
        "probability": 0.9999163150787354,
        "lat": 5.488389255097005,
        "lon": -2.1181449421201313,
        "region": "Tarkwa-Nsuaem",
        "detected_at": "2026-07-13T08:50:02.161706",
        "model_version": "48px_v3.7_2024-01-10"
      }
    },
    {
      "type": "Feature",
      "geometry": {
        "type": "Point",
        "coordinates": [
          -2.1181449421201313,
          5.486215230738897
        ]
      },
      "properties": {
        "probability": 0.9316712617874146,
        "lat": 5.486215230738897,
        "lon": -2.1181449421201313,
        "region": "Tarkwa-Nsuaem",
        "detected_at": "2026-07-13T08:50:02.161801",
        "model_version": "48px_v3.7_2024-01-10"
      }
    },
    {
      "type": "Feature",
      "geometry": {
        "type": "Point",
        "coordinates": [
          -2.1181449421201313,
          5.481867182022679
        ]
      },
      "properties": {
        "probability": 0.8660956025123596,
        "lat": 5.481867182022679,
        "lon": -2.1181449421201313,
        "region": "Tarkwa-Nsuaem",
        "detected_at": "2026-07-13T08:50:02.161894",
        "model_version": "48px_v3.7_2024-01-10"
      }
    },
    {
      "type": "Feature",
      "geometry": {
        "type": "Point",
        "coordinates": [
          -2.1181449421201313,
          5.479693157664572
        ]
      },
      "properties": {
        "probability": 0.8473844528198242,
        "lat": 5.479693157664572,
        "lon": -2.1181449421201313,
        "region": "Tarkwa-Nsuaem",
        "detected_at": "2026-07-13T08:50:02.161987",
        "model_version": "48px_v3.7_2024-01-10"
      }
    },
    {
      "type": "Feature",
      "geometry": {
        "type": "Point",
        "coordinates": [
          -2.0987721687102314,
          5.447081357857155
        ]
      },
      "properties": {
        "probability": 0.9981815218925476,
        "lat": 5.447081357857155,
        "lon": -2.0987721687102314,
        "region": "Tarkwa-Nsuaem",
        "detected_at": "2026-07-13T08:50:02.162079",
        "model_version": "48px_v3.7_2024-01-10"
      }
    },
    {
      "type": "Feature",
      "geometry": {
        "type": "Point",
        "coordinates": [
          -2.0966026489206193,
          5.449255512618517
        ]
      },
      "properties": {
        "probability": 0.9904508590698242,
        "lat": 5.449255512618517,
        "lon": -2.0966026489206193,
        "region": "Tarkwa-Nsuaem",
        "detected_at": "2026-07-13T08:50:02.162171",
        "model_version": "48px_v3.7_2024-01-10"
      }
    },
    {
      "type": "Feature",
      "geometry": {
        "type": "Point",
        "coordinates": [
          -2.0900940895517834,
          5.455777976902603
        ]
      },
      "properties": {
        "probability": 0.9437224268913269,
        "lat": 5.455777976902603,
        "lon": -2.0900940895517834,
        "region": "Tarkwa-Nsuaem",
        "detected_at": "2026-07-13T08:50:02.162273",
        "model_version": "48px_v3.7_2024-01-10"
      }
    },
    {
      "type": "Feature",
      "geometry": {
        "type": "Point",
        "coordinates": [
          -2.087924569762172,
          5.4579521316639665
        ]
      },
      "properties": {
        "probability": 0.8028115034103394,
        "lat": 5.4579521316639665,
        "lon": -2.087924569762172,
        "region": "Tarkwa-Nsuaem",
        "detected_at": "2026-07-13T08:50:02.162367",
        "model_version": "48px_v3.7_2024-01-10"
      }
    },
    {
      "type": "Feature",
      "geometry": {
        "type": "Point",
        "coordinates": [
          -2.087924569762172,
          5.455777976902604
        ]
      },
      "properties": {
        "probability": 0.8306504487991333,
        "lat": 5.455777976902604,
        "lon": -2.087924569762172,
        "region": "Tarkwa-Nsuaem",
        "detected_at": "2026-07-13T08:50:02.162522",
        "model_version": "48px_v3.7_2024-01-10"
      }
    },
    {
      "type": "Feature",
      "geometry": {
        "type": "Point",
        "coordinates": [
          -2.081416010393336,
          5.46230044118669
        ]
      },
      "properties": {
        "probability": 0.9950386881828308,
        "lat": 5.46230044118669,
        "lon": -2.081416010393336,
        "region": "Tarkwa-Nsuaem",
        "detected_at": "2026-07-13T08:50:02.162688",
        "model_version": "48px_v3.7_2024-01-10"
      }
    },
    {
      "type": "Feature",
      "geometry": {
        "type": "Point",
        "coordinates": [
          -2.1658031801769817,
          5.529620693057445
        ]
      },
      "properties": {
        "probability": 0.8187834024429321,
        "lat": 5.529620693057445,
        "lon": -2.1658031801769817,
        "region": "Tarkwa-Nsuaem",
        "detected_at": "2026-07-13T08:50:02.162791",
        "model_version": "48px_v3.7_2024-01-10"
      }
    },
    {
      "type": "Feature",
      "geometry": {
        "type": "Point",
        "coordinates": [
          -2.165803180176982,
          5.527446642844094
        ]
      },
      "properties": {
        "probability": 0.998824954032898,
        "lat": 5.527446642844094,
        "lon": -2.165803180176982,
        "region": "Tarkwa-Nsuaem",
        "detected_at": "2026-07-13T08:50:02.162885",
        "model_version": "48px_v3.7_2024-01-10"
      }
    },
    {
      "type": "Feature",
      "geometry": {
        "type": "Point",
        "coordinates": [
          -2.1636333796546743,
          5.549187144977601
        ]
      },
      "properties": {
        "probability": 0.9454079866409302,
        "lat": 5.549187144977601,
        "lon": -2.1636333796546743,
        "region": "Tarkwa-Nsuaem",
        "detected_at": "2026-07-13T08:50:02.162985",
        "model_version": "48px_v3.7_2024-01-10"
      }
    },
    {
      "type": "Feature",
      "geometry": {
        "type": "Point",
        "coordinates": [
          -2.1636333796546743,
          5.54701309476425
        ]
      },
      "properties": {
        "probability": 0.9998144507408142,
        "lat": 5.54701309476425,
        "lon": -2.1636333796546743,
        "region": "Tarkwa-Nsuaem",
        "detected_at": "2026-07-13T08:50:02.163078",
        "model_version": "48px_v3.7_2024-01-10"
      }
    },
    {
      "type": "Feature",
      "geometry": {
        "type": "Point",
        "coordinates": [
          -2.163633379654674,
          5.527446642844094
        ]
      },
      "properties": {
        "probability": 0.8666599988937378,
        "lat": 5.527446642844094,
        "lon": -2.163633379654674,
        "region": "Tarkwa-Nsuaem",
        "detected_at": "2026-07-13T08:50:02.163170",
        "model_version": "48px_v3.7_2024-01-10"
      }
    },
    {
      "type": "Feature",
      "geometry": {
        "type": "Point",
        "coordinates": [
          -2.1138824746832583,
          5.492659988241943
        ]
      },
      "properties": {
        "probability": 0.993252158164978,
        "lat": 5.492659988241943,
        "lon": -2.1138824746832583,
        "region": "Tarkwa-Nsuaem",
        "detected_at": "2026-07-13T08:50:02.163261",
        "model_version": "48px_v3.7_2024-01-10"
      }
    },
    {
      "type": "Feature",
      "geometry": {
        "type": "Point",
        "coordinates": [
          -2.1138824746832583,
          5.490485805800839
        ]
      },
      "properties": {
        "probability": 0.9999998211860657,
        "lat": 5.490485805800839,
        "lon": -2.1138824746832583,
        "region": "Tarkwa-Nsuaem",
        "detected_at": "2026-07-13T08:50:02.163352",
        "model_version": "48px_v3.7_2024-01-10"
      }
    },
    {
      "type": "Feature",
      "geometry": {
        "type": "Point",
        "coordinates": [
          -2.1138824746832583,
          5.488311623359736
        ]
      },
      "properties": {
        "probability": 0.9999997615814209,
        "lat": 5.488311623359736,
        "lon": -2.1138824746832583,
        "region": "Tarkwa-Nsuaem",
        "detected_at": "2026-07-13T08:50:02.163443",
        "model_version": "48px_v3.7_2024-01-10"
      }
    },
    {
      "type": "Feature",
      "geometry": {
        "type": "Point",
        "coordinates": [
          -2.1138824746832583,
          5.4861374409186325
        ]
      },
      "properties": {
        "probability": 0.9999746680259705,
        "lat": 5.4861374409186325,
        "lon": -2.1138824746832583,
        "region": "Tarkwa-Nsuaem",
        "detected_at": "2026-07-13T08:50:02.163564",
        "model_version": "48px_v3.7_2024-01-10"
      }
    },
    {
      "type": "Feature",
      "geometry": {
        "type": "Point",
        "coordinates": [
          -2.1138824746832583,
          5.479614893595321
        ]
      },
      "properties": {
        "probability": 0.9911625385284424,
        "lat": 5.479614893595321,
        "lon": -2.1138824746832583,
        "region": "Tarkwa-Nsuaem",
        "detected_at": "2026-07-13T08:50:02.163657",
        "model_version": "48px_v3.7_2024-01-10"
      }
    },
    {
      "type": "Feature",
      "geometry": {
        "type": "Point",
        "coordinates": [
          -2.1117127358028114,
          5.490485805800839
        ]
      },
      "properties": {
        "probability": 0.9999062418937683,
        "lat": 5.490485805800839,
        "lon": -2.1117127358028114,
        "region": "Tarkwa-Nsuaem",
        "detected_at": "2026-07-13T08:50:02.163749",
        "model_version": "48px_v3.7_2024-01-10"
      }
    },
    {
      "type": "Feature",
      "geometry": {
        "type": "Point",
        "coordinates": [
          -2.111712735802812,
          5.488311623359736
        ]
      },
      "properties": {
        "probability": 0.9999070167541504,
        "lat": 5.488311623359736,
        "lon": -2.111712735802812,
        "region": "Tarkwa-Nsuaem",
        "detected_at": "2026-07-13T08:50:02.163839",
        "model_version": "48px_v3.7_2024-01-10"
      }
    },
    {
      "type": "Feature",
      "geometry": {
        "type": "Point",
        "coordinates": [
          -2.096524563639683,
          5.514401812652979
        ]
      },
      "properties": {
        "probability": 0.9951511025428772,
        "lat": 5.514401812652979,
        "lon": -2.096524563639683,
        "region": "Tarkwa-Nsuaem",
        "detected_at": "2026-07-13T08:50:02.163930",
        "model_version": "48px_v3.7_2024-01-10"
      }
    },
    {
      "type": "Feature",
      "geometry": {
        "type": "Point",
        "coordinates": [
          -2.096524563639683,
          5.512227630211875
        ]
      },
      "properties": {
        "probability": 0.8987979292869568,
        "lat": 5.512227630211875,
        "lon": -2.096524563639683,
        "region": "Tarkwa-Nsuaem",
        "detected_at": "2026-07-13T08:50:02.164023",
        "model_version": "48px_v3.7_2024-01-10"
      }
    },
    {
      "type": "Feature",
      "geometry": {
        "type": "Point",
        "coordinates": [
          -2.094354824759236,
          5.514401812652979
        ]
      },
      "properties": {
        "probability": 0.9993735551834106,
        "lat": 5.514401812652979,
        "lon": -2.094354824759236,
        "region": "Tarkwa-Nsuaem",
        "detected_at": "2026-07-13T08:50:02.164114",
        "model_version": "48px_v3.7_2024-01-10"
      }
    },
    {
      "type": "Feature",
      "geometry": {
        "type": "Point",
        "coordinates": [
          -2.094354824759236,
          5.512227630211875
        ]
      },
      "properties": {
        "probability": 0.9128541350364685,
        "lat": 5.512227630211875,
        "lon": -2.094354824759236,
        "region": "Tarkwa-Nsuaem",
        "detected_at": "2026-07-13T08:50:02.164205",
        "model_version": "48px_v3.7_2024-01-10"
      }
    },
    {
      "type": "Feature",
      "geometry": {
        "type": "Point",
        "coordinates": [
          -2.092185085878789,
          5.516575995094081
        ]
      },
      "properties": {
        "probability": 0.9899449348449707,
        "lat": 5.516575995094081,
        "lon": -2.092185085878789,
        "region": "Tarkwa-Nsuaem",
        "detected_at": "2026-07-13T08:50:02.164400",
        "model_version": "48px_v3.7_2024-01-10"
      }
    },
    {
      "type": "Feature",
      "geometry": {
        "type": "Point",
        "coordinates": [
          -2.092185085878789,
          5.514401812652979
        ]
      },
      "properties": {
        "probability": 0.9994370341300964,
        "lat": 5.514401812652979,
        "lon": -2.092185085878789,
        "region": "Tarkwa-Nsuaem",
        "detected_at": "2026-07-13T08:50:02.164537",
        "model_version": "48px_v3.7_2024-01-10"
      }
    },
    {
      "type": "Feature",
      "geometry": {
        "type": "Point",
        "coordinates": [
          -2.092185085878789,
          5.512227630211875
        ]
      },
      "properties": {
        "probability": 0.991267740726471,
        "lat": 5.512227630211875,
        "lon": -2.092185085878789,
        "region": "Tarkwa-Nsuaem",
        "detected_at": "2026-07-13T08:50:02.164638",
        "model_version": "48px_v3.7_2024-01-10"
      }
    },
    {
      "type": "Feature",
      "geometry": {
        "type": "Point",
        "coordinates": [
          -2.0900153469983422,
          5.514401812652979
        ]
      },
      "properties": {
        "probability": 0.984695553779602,
        "lat": 5.514401812652979,
        "lon": -2.0900153469983422,
        "region": "Tarkwa-Nsuaem",
        "detected_at": "2026-07-13T08:50:02.164732",
        "model_version": "48px_v3.7_2024-01-10"
      }
    },
    {
      "type": "Feature",
      "geometry": {
        "type": "Point",
        "coordinates": [
          -2.0900153469983422,
          5.512227630211875
        ]
      },
      "properties": {
        "probability": 0.998624324798584,
        "lat": 5.512227630211875,
        "lon": -2.0900153469983422,
        "region": "Tarkwa-Nsuaem",
        "detected_at": "2026-07-13T08:50:02.164830",
        "model_version": "48px_v3.7_2024-01-10"
      }
    },
    {
      "type": "Feature",
      "geometry": {
        "type": "Point",
        "coordinates": [
          -2.0986156823414985,
          5.57302572227676
        ]
      },
      "properties": {
        "probability": 0.8952310085296631,
        "lat": 5.57302572227676,
        "lon": -2.0986156823414985,
        "region": "Tarkwa-Nsuaem",
        "detected_at": "2026-07-13T08:50:02.164930",
        "model_version": "48px_v3.7_2024-01-10"
      }
    },
    {
      "type": "Feature",
      "geometry": {
        "type": "Point",
        "coordinates": [
          -2.0964457225447966,
          5.570851512186516
        ]
      },
      "properties": {
        "probability": 0.8714516758918762,
        "lat": 5.570851512186516,
        "lon": -2.0964457225447966,
        "region": "Tarkwa-Nsuaem",
        "detected_at": "2026-07-13T08:50:02.165023",
        "model_version": "48px_v3.7_2024-01-10"
      }
    },
    {
      "type": "Feature",
      "geometry": {
        "type": "Point",
        "coordinates": [
          -2.0942757627480946,
          5.5708515121865165
        ]
      },
      "properties": {
        "probability": 0.8714848160743713,
        "lat": 5.5708515121865165,
        "lon": -2.0942757627480946,
        "region": "Tarkwa-Nsuaem",
        "detected_at": "2026-07-13T08:50:02.165116",
        "model_version": "48px_v3.7_2024-01-10"
      }
    },
    {
      "type": "Feature",
      "geometry": {
        "type": "Point",
        "coordinates": [
          -2.0877658833579895,
          5.542586781013363
        ]
      },
      "properties": {
        "probability": 0.9960526823997498,
        "lat": 5.542586781013363,
        "lon": -2.0877658833579895,
        "region": "Tarkwa-Nsuaem",
        "detected_at": "2026-07-13T08:50:02.165208",
        "model_version": "48px_v3.7_2024-01-10"
      }
    },
    {
      "type": "Feature",
      "geometry": {
        "type": "Point",
        "coordinates": [
          -2.0855959235612884,
          5.544760991103607
        ]
      },
      "properties": {
        "probability": 0.9808779954910278,
        "lat": 5.544760991103607,
        "lon": -2.0855959235612884,
        "region": "Tarkwa-Nsuaem",
        "detected_at": "2026-07-13T08:50:02.165302",
        "model_version": "48px_v3.7_2024-01-10"
      }
    },
    {
      "type": "Feature",
      "geometry": {
        "type": "Point",
        "coordinates": [
          -2.079086044171183,
          5.559980461735304
        ]
      },
      "properties": {
        "probability": 0.9944592118263245,
        "lat": 5.559980461735304,
        "lon": -2.079086044171183,
        "region": "Tarkwa-Nsuaem",
        "detected_at": "2026-07-13T08:50:02.165394",
        "model_version": "48px_v3.7_2024-01-10"
      }
    },
    {
      "type": "Feature",
      "geometry": {
        "type": "Point",
        "coordinates": [
          -2.079086044171183,
          5.557806251645062
        ]
      },
      "properties": {
        "probability": 0.820655107498169,
        "lat": 5.557806251645062,
        "lon": -2.079086044171183,
        "region": "Tarkwa-Nsuaem",
        "detected_at": "2026-07-13T08:50:02.165510",
        "model_version": "48px_v3.7_2024-01-10"
      }
    },
    {
      "type": "Feature",
      "geometry": {
        "type": "Point",
        "coordinates": [
          -2.076916084374482,
          5.559980461735305
        ]
      },
      "properties": {
        "probability": 0.9211669564247131,
        "lat": 5.559980461735305,
        "lon": -2.076916084374482,
        "region": "Tarkwa-Nsuaem",
        "detected_at": "2026-07-13T08:50:02.165610",
        "model_version": "48px_v3.7_2024-01-10"
      }
    },
    {
      "type": "Feature",
      "geometry": {
        "type": "Point",
        "coordinates": [
          -2.07474612457778,
          5.562154671825546
        ]
      },
      "properties": {
        "probability": 0.9689252376556396,
        "lat": 5.562154671825546,
        "lon": -2.07474612457778,
        "region": "Tarkwa-Nsuaem",
        "detected_at": "2026-07-13T08:50:02.165703",
        "model_version": "48px_v3.7_2024-01-10"
      }
    },
    {
      "type": "Feature",
      "geometry": {
        "type": "Point",
        "coordinates": [
          -2.0747461245777794,
          5.555632041554818
        ]
      },
      "properties": {
        "probability": 0.8945989608764648,
        "lat": 5.555632041554818,
        "lon": -2.0747461245777794,
        "region": "Tarkwa-Nsuaem",
        "detected_at": "2026-07-13T08:50:02.165796",
        "model_version": "48px_v3.7_2024-01-10"
      }
    },
    {
      "type": "Feature",
      "geometry": {
        "type": "Point",
        "coordinates": [
          -2.072576164781078,
          5.566503092006032
        ]
      },
      "properties": {
        "probability": 0.9953929781913757,
        "lat": 5.566503092006032,
        "lon": -2.072576164781078,
        "region": "Tarkwa-Nsuaem",
        "detected_at": "2026-07-13T08:50:02.165888",
        "model_version": "48px_v3.7_2024-01-10"
      }
    },
    {
      "type": "Feature",
      "geometry": {
        "type": "Point",
        "coordinates": [
          -2.0725761647810783,
          5.564328881915788
        ]
      },
      "properties": {
        "probability": 0.9999849796295166,
        "lat": 5.564328881915788,
        "lon": -2.0725761647810783,
        "region": "Tarkwa-Nsuaem",
        "detected_at": "2026-07-13T08:50:02.165980",
        "model_version": "48px_v3.7_2024-01-10"
      }
    },
    {
      "type": "Feature",
      "geometry": {
        "type": "Point",
        "coordinates": [
          -2.0725761647810783,
          5.562154671825546
        ]
      },
      "properties": {
        "probability": 0.9788148403167725,
        "lat": 5.562154671825546,
        "lon": -2.0725761647810783,
        "region": "Tarkwa-Nsuaem",
        "detected_at": "2026-07-13T08:50:02.166072",
        "model_version": "48px_v3.7_2024-01-10"
      }
    },
    {
      "type": "Feature",
      "geometry": {
        "type": "Point",
        "coordinates": [
          -1.6944876178815942,
          6.0931882570724945
        ]
      },
      "properties": {
        "probability": 1.0,
        "lat": 6.0931882570724945,
        "lon": -1.6944876178815942,
        "region": "Obuasi",
        "detected_at": "2026-07-13T08:51:51.202884",
        "model_version": "48px_v3.7_2024-01-10"
      }
    },
    {
      "type": "Feature",
      "geometry": {
        "type": "Point",
        "coordinates": [
          -1.6944876178815937,
          6.0910124149995495
        ]
      },
      "properties": {
        "probability": 0.9999997019767761,
        "lat": 6.0910124149995495,
        "lon": -1.6944876178815937,
        "region": "Obuasi",
        "detected_at": "2026-07-13T08:51:51.203004",
        "model_version": "48px_v3.7_2024-01-10"
      }
    },
    {
      "type": "Feature",
      "geometry": {
        "type": "Point",
        "coordinates": [
          -1.6944876178815937,
          6.088836572926604
        ]
      },
      "properties": {
        "probability": 0.9881592392921448,
        "lat": 6.088836572926604,
        "lon": -1.6944876178815937,
        "region": "Obuasi",
        "detected_at": "2026-07-13T08:51:51.203109",
        "model_version": "48px_v3.7_2024-01-10"
      }
    },
    {
      "type": "Feature",
      "geometry": {
        "type": "Point",
        "coordinates": [
          -1.6944876178815942,
          6.086660730853658
        ]
      },
      "properties": {
        "probability": 0.9888225793838501,
        "lat": 6.086660730853658,
        "lon": -1.6944876178815942,
        "region": "Obuasi",
        "detected_at": "2026-07-13T08:51:51.203210",
        "model_version": "48px_v3.7_2024-01-10"
      }
    },
    {
      "type": "Feature",
      "geometry": {
        "type": "Point",
        "coordinates": [
          -1.6944876178815942,
          6.084484888780712
        ]
      },
      "properties": {
        "probability": 0.9999483823776245,
        "lat": 6.084484888780712,
        "lon": -1.6944876178815942,
        "region": "Obuasi",
        "detected_at": "2026-07-13T08:51:51.203310",
        "model_version": "48px_v3.7_2024-01-10"
      }
    },
    {
      "type": "Feature",
      "geometry": {
        "type": "Point",
        "coordinates": [
          -1.6923139960611415,
          6.093188257072495
        ]
      },
      "properties": {
        "probability": 1.0,
        "lat": 6.093188257072495,
        "lon": -1.6923139960611415,
        "region": "Obuasi",
        "detected_at": "2026-07-13T08:51:51.203409",
        "model_version": "48px_v3.7_2024-01-10"
      }
    },
    {
      "type": "Feature",
      "geometry": {
        "type": "Point",
        "coordinates": [
          -1.6923139960611417,
          6.091012414999549
        ]
      },
      "properties": {
        "probability": 0.999991774559021,
        "lat": 6.091012414999549,
        "lon": -1.6923139960611417,
        "region": "Obuasi",
        "detected_at": "2026-07-13T08:51:51.203554",
        "model_version": "48px_v3.7_2024-01-10"
      }
    },
    {
      "type": "Feature",
      "geometry": {
        "type": "Point",
        "coordinates": [
          -1.6923139960611417,
          6.088836572926602
        ]
      },
      "properties": {
        "probability": 0.9991451501846313,
        "lat": 6.088836572926602,
        "lon": -1.6923139960611417,
        "region": "Obuasi",
        "detected_at": "2026-07-13T08:51:51.203661",
        "model_version": "48px_v3.7_2024-01-10"
      }
    },
    {
      "type": "Feature",
      "geometry": {
        "type": "Point",
        "coordinates": [
          -1.6901403742406889,
          6.0931882570724945
        ]
      },
      "properties": {
        "probability": 0.9999648928642273,
        "lat": 6.0931882570724945,
        "lon": -1.6901403742406889,
        "region": "Obuasi",
        "detected_at": "2026-07-13T08:51:51.203760",
        "model_version": "48px_v3.7_2024-01-10"
      }
    },
    {
      "type": "Feature",
      "geometry": {
        "type": "Point",
        "coordinates": [
          -1.6901403742406889,
          6.0910124149995495
        ]
      },
      "properties": {
        "probability": 0.9738697409629822,
        "lat": 6.0910124149995495,
        "lon": -1.6901403742406889,
        "region": "Obuasi",
        "detected_at": "2026-07-13T08:51:51.203859",
        "model_version": "48px_v3.7_2024-01-10"
      }
    },
    {
      "type": "Feature",
      "geometry": {
        "type": "Point",
        "coordinates": [
          -1.6879667524202362,
          6.0931882570724945
        ]
      },
      "properties": {
        "probability": 0.9683896899223328,
        "lat": 6.0931882570724945,
        "lon": -1.6879667524202362,
        "region": "Obuasi",
        "detected_at": "2026-07-13T08:51:51.203954",
        "model_version": "48px_v3.7_2024-01-10"
      }
    },
    {
      "type": "Feature",
      "geometry": {
        "type": "Point",
        "coordinates": [
          -1.6770986433179735,
          6.0736056784159835
        ]
      },
      "properties": {
        "probability": 0.9328048825263977,
        "lat": 6.0736056784159835,
        "lon": -1.6770986433179735,
        "region": "Obuasi",
        "detected_at": "2026-07-13T08:51:51.204050",
        "model_version": "48px_v3.7_2024-01-10"
      }
    },
    {
      "type": "Feature",
      "geometry": {
        "type": "Point",
        "coordinates": [
          -1.6749250214975204,
          6.054023099759473
        ]
      },
      "properties": {
        "probability": 0.9908977746963501,
        "lat": 6.054023099759473,
        "lon": -1.6749250214975204,
        "region": "Obuasi",
        "detected_at": "2026-07-13T08:51:51.204144",
        "model_version": "48px_v3.7_2024-01-10"
      }
    },
    {
      "type": "Feature",
      "geometry": {
        "type": "Point",
        "coordinates": [
          -1.6727513996770682,
          6.077957362561874
        ]
      },
      "properties": {
        "probability": 0.9843956828117371,
        "lat": 6.077957362561874,
        "lon": -1.6727513996770682,
        "region": "Obuasi",
        "detected_at": "2026-07-13T08:51:51.204238",
        "model_version": "48px_v3.7_2024-01-10"
      }
    },
    {
      "type": "Feature",
      "geometry": {
        "type": "Point",
        "coordinates": [
          -1.6727513996770684,
          6.075781520488929
        ]
      },
      "properties": {
        "probability": 0.9617066383361816,
        "lat": 6.075781520488929,
        "lon": -1.6727513996770684,
        "region": "Obuasi",
        "detected_at": "2026-07-13T08:51:51.204332",
        "model_version": "48px_v3.7_2024-01-10"
      }
    },
    {
      "type": "Feature",
      "geometry": {
        "type": "Point",
        "coordinates": [
          -1.6727513996770682,
          6.069253994270093
        ]
      },
      "properties": {
        "probability": 0.9259563088417053,
        "lat": 6.069253994270093,
        "lon": -1.6727513996770682,
        "region": "Obuasi",
        "detected_at": "2026-07-13T08:51:51.204426",
        "model_version": "48px_v3.7_2024-01-10"
      }
    },
    {
      "type": "Feature",
      "geometry": {
        "type": "Point",
        "coordinates": [
          -1.6727513996770684,
          6.054023099759473
        ]
      },
      "properties": {
        "probability": 0.9696217775344849,
        "lat": 6.054023099759473,
        "lon": -1.6727513996770684,
        "region": "Obuasi",
        "detected_at": "2026-07-13T08:51:51.204564",
        "model_version": "48px_v3.7_2024-01-10"
      }
    },
    {
      "type": "Feature",
      "geometry": {
        "type": "Point",
        "coordinates": [
          -1.670577777856616,
          6.077957362561875
        ]
      },
      "properties": {
        "probability": 0.9375392198562622,
        "lat": 6.077957362561875,
        "lon": -1.670577777856616,
        "region": "Obuasi",
        "detected_at": "2026-07-13T08:51:51.204665",
        "model_version": "48px_v3.7_2024-01-10"
      }
    },
    {
      "type": "Feature",
      "geometry": {
        "type": "Point",
        "coordinates": [
          -1.6705777778566155,
          6.071429836343038
        ]
      },
      "properties": {
        "probability": 0.9943938255310059,
        "lat": 6.071429836343038,
        "lon": -1.6705777778566155,
        "region": "Obuasi",
        "detected_at": "2026-07-13T08:51:51.204760",
        "model_version": "48px_v3.7_2024-01-10"
      }
    },
    {
      "type": "Feature",
      "geometry": {
        "type": "Point",
        "coordinates": [
          -1.670577777856616,
          6.069253994270093
        ]
      },
      "properties": {
        "probability": 0.9952641129493713,
        "lat": 6.069253994270093,
        "lon": -1.670577777856616,
        "region": "Obuasi",
        "detected_at": "2026-07-13T08:51:51.204854",
        "model_version": "48px_v3.7_2024-01-10"
      }
    },
    {
      "type": "Feature",
      "geometry": {
        "type": "Point",
        "coordinates": [
          -1.6705777778566155,
          6.062726468051255
        ]
      },
      "properties": {
        "probability": 0.9394034147262573,
        "lat": 6.062726468051255,
        "lon": -1.6705777778566155,
        "region": "Obuasi",
        "detected_at": "2026-07-13T08:51:51.204949",
        "model_version": "48px_v3.7_2024-01-10"
      }
    },
    {
      "type": "Feature",
      "geometry": {
        "type": "Point",
        "coordinates": [
          -1.670577777856616,
          6.06055062597831
        ]
      },
      "properties": {
        "probability": 0.9987021684646606,
        "lat": 6.06055062597831,
        "lon": -1.670577777856616,
        "region": "Obuasi",
        "detected_at": "2026-07-13T08:51:51.205043",
        "model_version": "48px_v3.7_2024-01-10"
      }
    },
    {
      "type": "Feature",
      "geometry": {
        "type": "Point",
        "coordinates": [
          -1.670577777856616,
          6.058374783905364
        ]
      },
      "properties": {
        "probability": 0.998519241809845,
        "lat": 6.058374783905364,
        "lon": -1.670577777856616,
        "region": "Obuasi",
        "detected_at": "2026-07-13T08:51:51.205149",
        "model_version": "48px_v3.7_2024-01-10"
      }
    },
    {
      "type": "Feature",
      "geometry": {
        "type": "Point",
        "coordinates": [
          -1.6684041560361629,
          6.0931882570724945
        ]
      },
      "properties": {
        "probability": 0.8104503154754639,
        "lat": 6.0931882570724945,
        "lon": -1.6684041560361629,
        "region": "Obuasi",
        "detected_at": "2026-07-13T08:51:51.205250",
        "model_version": "48px_v3.7_2024-01-10"
      }
    },
    {
      "type": "Feature",
      "geometry": {
        "type": "Point",
        "coordinates": [
          -1.6684041560361629,
          6.082309046707767
        ]
      },
      "properties": {
        "probability": 0.9977219700813293,
        "lat": 6.082309046707767,
        "lon": -1.6684041560361629,
        "region": "Obuasi",
        "detected_at": "2026-07-13T08:51:51.205343",
        "model_version": "48px_v3.7_2024-01-10"
      }
    },
    {
      "type": "Feature",
      "geometry": {
        "type": "Point",
        "coordinates": [
          -1.6684041560361629,
          6.080133204634821
        ]
      },
      "properties": {
        "probability": 0.9992924332618713,
        "lat": 6.080133204634821,
        "lon": -1.6684041560361629,
        "region": "Obuasi",
        "detected_at": "2026-07-13T08:51:51.205436",
        "model_version": "48px_v3.7_2024-01-10"
      }
    },
    {
      "type": "Feature",
      "geometry": {
        "type": "Point",
        "coordinates": [
          -1.6684041560361629,
          6.071429836343038
        ]
      },
      "properties": {
        "probability": 0.9989878535270691,
        "lat": 6.071429836343038,
        "lon": -1.6684041560361629,
        "region": "Obuasi",
        "detected_at": "2026-07-13T08:51:51.205588",
        "model_version": "48px_v3.7_2024-01-10"
      }
    },
    {
      "type": "Feature",
      "geometry": {
        "type": "Point",
        "coordinates": [
          -1.6684041560361629,
          6.069253994270093
        ]
      },
      "properties": {
        "probability": 0.9993013143539429,
        "lat": 6.069253994270093,
        "lon": -1.6684041560361629,
        "region": "Obuasi",
        "detected_at": "2026-07-13T08:51:51.205690",
        "model_version": "48px_v3.7_2024-01-10"
      }
    },
    {
      "type": "Feature",
      "geometry": {
        "type": "Point",
        "coordinates": [
          -1.6684041560361629,
          6.062726468051255
        ]
      },
      "properties": {
        "probability": 0.979718029499054,
        "lat": 6.062726468051255,
        "lon": -1.6684041560361629,
        "region": "Obuasi",
        "detected_at": "2026-07-13T08:51:51.205784",
        "model_version": "48px_v3.7_2024-01-10"
      }
    },
    {
      "type": "Feature",
      "geometry": {
        "type": "Point",
        "coordinates": [
          -1.6684041560361629,
          6.06055062597831
        ]
      },
      "properties": {
        "probability": 0.9917637705802917,
        "lat": 6.06055062597831,
        "lon": -1.6684041560361629,
        "region": "Obuasi",
        "detected_at": "2026-07-13T08:51:51.205878",
        "model_version": "48px_v3.7_2024-01-10"
      }
    },
    {
      "type": "Feature",
      "geometry": {
        "type": "Point",
        "coordinates": [
          -1.6684041560361629,
          6.058374783905364
        ]
      },
      "properties": {
        "probability": 0.9975054264068604,
        "lat": 6.058374783905364,
        "lon": -1.6684041560361629,
        "region": "Obuasi",
        "detected_at": "2026-07-13T08:51:51.205972",
        "model_version": "48px_v3.7_2024-01-10"
      }
    },
    {
      "type": "Feature",
      "geometry": {
        "type": "Point",
        "coordinates": [
          -1.6684041560361629,
          6.045319731467689
        ]
      },
      "properties": {
        "probability": 0.8793430328369141,
        "lat": 6.045319731467689,
        "lon": -1.6684041560361629,
        "region": "Obuasi",
        "detected_at": "2026-07-13T08:51:51.206065",
        "model_version": "48px_v3.7_2024-01-10"
      }
    },
    {
      "type": "Feature",
      "geometry": {
        "type": "Point",
        "coordinates": [
          -1.6662305342157104,
          6.093188257072495
        ]
      },
      "properties": {
        "probability": 0.9805924296379089,
        "lat": 6.093188257072495,
        "lon": -1.6662305342157104,
        "region": "Obuasi",
        "detected_at": "2026-07-13T08:51:51.206164",
        "model_version": "48px_v3.7_2024-01-10"
      }
    },
    {
      "type": "Feature",
      "geometry": {
        "type": "Point",
        "coordinates": [
          -1.6662305342157104,
          6.084484888780712
        ]
      },
      "properties": {
        "probability": 0.9710462689399719,
        "lat": 6.084484888780712,
        "lon": -1.6662305342157104,
        "region": "Obuasi",
        "detected_at": "2026-07-13T08:51:51.206259",
        "model_version": "48px_v3.7_2024-01-10"
      }
    },
    {
      "type": "Feature",
      "geometry": {
        "type": "Point",
        "coordinates": [
          -1.6662305342157104,
          6.082309046707767
        ]
      },
      "properties": {
        "probability": 0.9980097413063049,
        "lat": 6.082309046707767,
        "lon": -1.6662305342157104,
        "region": "Obuasi",
        "detected_at": "2026-07-13T08:51:51.206352",
        "model_version": "48px_v3.7_2024-01-10"
      }
    },
    {
      "type": "Feature",
      "geometry": {
        "type": "Point",
        "coordinates": [
          -1.6662305342157107,
          6.080133204634821
        ]
      },
      "properties": {
        "probability": 0.9999717473983765,
        "lat": 6.080133204634821,
        "lon": -1.6662305342157107,
        "region": "Obuasi",
        "detected_at": "2026-07-13T08:51:51.206444",
        "model_version": "48px_v3.7_2024-01-10"
      }
    },
    {
      "type": "Feature",
      "geometry": {
        "type": "Point",
        "coordinates": [
          -1.6662305342157107,
          6.077957362561874
        ]
      },
      "properties": {
        "probability": 0.8499026894569397,
        "lat": 6.077957362561874,
        "lon": -1.6662305342157107,
        "region": "Obuasi",
        "detected_at": "2026-07-13T08:51:51.206593",
        "model_version": "48px_v3.7_2024-01-10"
      }
    },
    {
      "type": "Feature",
      "geometry": {
        "type": "Point",
        "coordinates": [
          -1.6662305342157104,
          6.075781520488929
        ]
      },
      "properties": {
        "probability": 0.8813316226005554,
        "lat": 6.075781520488929,
        "lon": -1.6662305342157104,
        "region": "Obuasi",
        "detected_at": "2026-07-13T08:51:51.206690",
        "model_version": "48px_v3.7_2024-01-10"
      }
    },
    {
      "type": "Feature",
      "geometry": {
        "type": "Point",
        "coordinates": [
          -1.6662305342157104,
          6.0736056784159835
        ]
      },
      "properties": {
        "probability": 0.99883633852005,
        "lat": 6.0736056784159835,
        "lon": -1.6662305342157104,
        "region": "Obuasi",
        "detected_at": "2026-07-13T08:51:51.206784",
        "model_version": "48px_v3.7_2024-01-10"
      }
    },
    {
      "type": "Feature",
      "geometry": {
        "type": "Point",
        "coordinates": [
          -1.6662305342157104,
          6.071429836343039
        ]
      },
      "properties": {
        "probability": 0.989372968673706,
        "lat": 6.071429836343039,
        "lon": -1.6662305342157104,
        "region": "Obuasi",
        "detected_at": "2026-07-13T08:51:51.206877",
        "model_version": "48px_v3.7_2024-01-10"
      }
    },
    {
      "type": "Feature",
      "geometry": {
        "type": "Point",
        "coordinates": [
          -1.6662305342157107,
          6.069253994270093
        ]
      },
      "properties": {
        "probability": 0.840448796749115,
        "lat": 6.069253994270093,
        "lon": -1.6662305342157107,
        "region": "Obuasi",
        "detected_at": "2026-07-13T08:51:51.206968",
        "model_version": "48px_v3.7_2024-01-10"
      }
    },
    {
      "type": "Feature",
      "geometry": {
        "type": "Point",
        "coordinates": [
          -1.6662305342157107,
          6.06055062597831
        ]
      },
      "properties": {
        "probability": 0.886535108089447,
        "lat": 6.06055062597831,
        "lon": -1.6662305342157107,
        "region": "Obuasi",
        "detected_at": "2026-07-13T08:51:51.207060",
        "model_version": "48px_v3.7_2024-01-10"
      }
    },
    {
      "type": "Feature",
      "geometry": {
        "type": "Point",
        "coordinates": [
          -1.664056912395258,
          6.0910124149995495
        ]
      },
      "properties": {
        "probability": 0.9299145936965942,
        "lat": 6.0910124149995495,
        "lon": -1.664056912395258,
        "region": "Obuasi",
        "detected_at": "2026-07-13T08:51:51.207151",
        "model_version": "48px_v3.7_2024-01-10"
      }
    },
    {
      "type": "Feature",
      "geometry": {
        "type": "Point",
        "coordinates": [
          -1.664056912395258,
          6.088836572926604
        ]
      },
      "properties": {
        "probability": 0.9633761048316956,
        "lat": 6.088836572926604,
        "lon": -1.664056912395258,
        "region": "Obuasi",
        "detected_at": "2026-07-13T08:51:51.207245",
        "model_version": "48px_v3.7_2024-01-10"
      }
    },
    {
      "type": "Feature",
      "geometry": {
        "type": "Point",
        "coordinates": [
          -1.6640569123952578,
          6.084484888780712
        ]
      },
      "properties": {
        "probability": 0.9455636739730835,
        "lat": 6.084484888780712,
        "lon": -1.6640569123952578,
        "region": "Obuasi",
        "detected_at": "2026-07-13T08:51:51.207337",
        "model_version": "48px_v3.7_2024-01-10"
      }
    },
    {
      "type": "Feature",
      "geometry": {
        "type": "Point",
        "coordinates": [
          -1.6640569123952578,
          6.082309046707767
        ]
      },
      "properties": {
        "probability": 0.9984767436981201,
        "lat": 6.082309046707767,
        "lon": -1.6640569123952578,
        "region": "Obuasi",
        "detected_at": "2026-07-13T08:51:51.207470",
        "model_version": "48px_v3.7_2024-01-10"
      }
    },
    {
      "type": "Feature",
      "geometry": {
        "type": "Point",
        "coordinates": [
          -1.664056912395258,
          6.080133204634821
        ]
      },
      "properties": {
        "probability": 0.9818613529205322,
        "lat": 6.080133204634821,
        "lon": -1.664056912395258,
        "region": "Obuasi",
        "detected_at": "2026-07-13T08:51:51.207601",
        "model_version": "48px_v3.7_2024-01-10"
      }
    },
    {
      "type": "Feature",
      "geometry": {
        "type": "Point",
        "coordinates": [
          -1.6640569123952578,
          6.0736056784159835
        ]
      },
      "properties": {
        "probability": 0.989577054977417,
        "lat": 6.0736056784159835,
        "lon": -1.6640569123952578,
        "region": "Obuasi",
        "detected_at": "2026-07-13T08:51:51.207701",
        "model_version": "48px_v3.7_2024-01-10"
      }
    },
    {
      "type": "Feature",
      "geometry": {
        "type": "Point",
        "coordinates": [
          -1.664056912395258,
          6.06055062597831
        ]
      },
      "properties": {
        "probability": 0.8665843605995178,
        "lat": 6.06055062597831,
        "lon": -1.664056912395258,
        "region": "Obuasi",
        "detected_at": "2026-07-13T08:51:51.207796",
        "model_version": "48px_v3.7_2024-01-10"
      }
    },
    {
      "type": "Feature",
      "geometry": {
        "type": "Point",
        "coordinates": [
          -1.6618832905748049,
          6.0931882570724945
        ]
      },
      "properties": {
        "probability": 0.9959510564804077,
        "lat": 6.0931882570724945,
        "lon": -1.6618832905748049,
        "region": "Obuasi",
        "detected_at": "2026-07-13T08:51:51.207890",
        "model_version": "48px_v3.7_2024-01-10"
      }
    },
    {
      "type": "Feature",
      "geometry": {
        "type": "Point",
        "coordinates": [
          -1.6618832905748049,
          6.0910124149995495
        ]
      },
      "properties": {
        "probability": 0.9903743863105774,
        "lat": 6.0910124149995495,
        "lon": -1.6618832905748049,
        "region": "Obuasi",
        "detected_at": "2026-07-13T08:51:51.207982",
        "model_version": "48px_v3.7_2024-01-10"
      }
    },
    {
      "type": "Feature",
      "geometry": {
        "type": "Point",
        "coordinates": [
          -1.6618832905748049,
          6.088836572926604
        ]
      },
      "properties": {
        "probability": 0.8302929401397705,
        "lat": 6.088836572926604,
        "lon": -1.6618832905748049,
        "region": "Obuasi",
        "detected_at": "2026-07-13T08:51:51.208074",
        "model_version": "48px_v3.7_2024-01-10"
      }
    },
    {
      "type": "Feature",
      "geometry": {
        "type": "Point",
        "coordinates": [
          -1.6597096687543524,
          6.093188257072495
        ]
      },
      "properties": {
        "probability": 0.9520593881607056,
        "lat": 6.093188257072495,
        "lon": -1.6597096687543524,
        "region": "Obuasi",
        "detected_at": "2026-07-13T08:51:51.208165",
        "model_version": "48px_v3.7_2024-01-10"
      }
    },
    {
      "type": "Feature",
      "geometry": {
        "type": "Point",
        "coordinates": [
          -1.6597096687543527,
          6.091012414999549
        ]
      },
      "properties": {
        "probability": 0.9770660400390625,
        "lat": 6.091012414999549,
        "lon": -1.6597096687543527,
        "region": "Obuasi",
        "detected_at": "2026-07-13T08:51:51.208258",
        "model_version": "48px_v3.7_2024-01-10"
      }
    },
    {
      "type": "Feature",
      "geometry": {
        "type": "Point",
        "coordinates": [
          -1.6597096687543527,
          6.088836572926602
        ]
      },
      "properties": {
        "probability": 0.99387127161026,
        "lat": 6.088836572926602,
        "lon": -1.6597096687543527,
        "region": "Obuasi",
        "detected_at": "2026-07-13T08:51:51.208351",
        "model_version": "48px_v3.7_2024-01-10"
      }
    },
    {
      "type": "Feature",
      "geometry": {
        "type": "Point",
        "coordinates": [
          -1.6597096687543524,
          6.086660730853658
        ]
      },
      "properties": {
        "probability": 0.9716893434524536,
        "lat": 6.086660730853658,
        "lon": -1.6597096687543524,
        "region": "Obuasi",
        "detected_at": "2026-07-13T08:51:51.208444",
        "model_version": "48px_v3.7_2024-01-10"
      }
    },
    {
      "type": "Feature",
      "geometry": {
        "type": "Point",
        "coordinates": [
          -1.6597096687543524,
          6.075781520488929
        ]
      },
      "properties": {
        "probability": 0.9844650030136108,
        "lat": 6.075781520488929,
        "lon": -1.6597096687543524,
        "region": "Obuasi",
        "detected_at": "2026-07-13T08:51:51.208586",
        "model_version": "48px_v3.7_2024-01-10"
      }
    },
    {
      "type": "Feature",
      "geometry": {
        "type": "Point",
        "coordinates": [
          -1.6575360469339002,
          6.088836572926604
        ]
      },
      "properties": {
        "probability": 0.9910707473754883,
        "lat": 6.088836572926604,
        "lon": -1.6575360469339002,
        "region": "Obuasi",
        "detected_at": "2026-07-13T08:51:51.208682",
        "model_version": "48px_v3.7_2024-01-10"
      }
    },
    {
      "type": "Feature",
      "geometry": {
        "type": "Point",
        "coordinates": [
          -1.6575360469339002,
          6.086660730853658
        ]
      },
      "properties": {
        "probability": 0.996610164642334,
        "lat": 6.086660730853658,
        "lon": -1.6575360469339002,
        "region": "Obuasi",
        "detected_at": "2026-07-13T08:51:51.208775",
        "model_version": "48px_v3.7_2024-01-10"
      }
    },
    {
      "type": "Feature",
      "geometry": {
        "type": "Point",
        "coordinates": [
          -1.6575360469339002,
          6.077957362561875
        ]
      },
      "properties": {
        "probability": 0.9985185861587524,
        "lat": 6.077957362561875,
        "lon": -1.6575360469339002,
        "region": "Obuasi",
        "detected_at": "2026-07-13T08:51:51.208867",
        "model_version": "48px_v3.7_2024-01-10"
      }
    },
    {
      "type": "Feature",
      "geometry": {
        "type": "Point",
        "coordinates": [
          -1.6575360469339002,
          6.07578152048893
        ]
      },
      "properties": {
        "probability": 0.9997344613075256,
        "lat": 6.07578152048893,
        "lon": -1.6575360469339002,
        "region": "Obuasi",
        "detected_at": "2026-07-13T08:51:51.208960",
        "model_version": "48px_v3.7_2024-01-10"
      }
    },
    {
      "type": "Feature",
      "geometry": {
        "type": "Point",
        "coordinates": [
          -1.6575360469339002,
          6.0736056784159835
        ]
      },
      "properties": {
        "probability": 0.9462074041366577,
        "lat": 6.0736056784159835,
        "lon": -1.6575360469339002,
        "region": "Obuasi",
        "detected_at": "2026-07-13T08:51:51.209052",
        "model_version": "48px_v3.7_2024-01-10"
      }
    },
    {
      "type": "Feature",
      "geometry": {
        "type": "Point",
        "coordinates": [
          -1.6553624251134471,
          6.086660730853658
        ]
      },
      "properties": {
        "probability": 0.8436465859413147,
        "lat": 6.086660730853658,
        "lon": -1.6553624251134471,
        "region": "Obuasi",
        "detected_at": "2026-07-13T08:51:51.209144",
        "model_version": "48px_v3.7_2024-01-10"
      }
    },
    {
      "type": "Feature",
      "geometry": {
        "type": "Point",
        "coordinates": [
          -1.6553624251134473,
          6.080133204634821
        ]
      },
      "properties": {
        "probability": 0.9687903523445129,
        "lat": 6.080133204634821,
        "lon": -1.6553624251134473,
        "region": "Obuasi",
        "detected_at": "2026-07-13T08:51:51.209235",
        "model_version": "48px_v3.7_2024-01-10"
      }
    },
    {
      "type": "Feature",
      "geometry": {
        "type": "Point",
        "coordinates": [
          -1.6553624251134473,
          6.077957362561875
        ]
      },
      "properties": {
        "probability": 0.9923303723335266,
        "lat": 6.077957362561875,
        "lon": -1.6553624251134473,
        "region": "Obuasi",
        "detected_at": "2026-07-13T08:51:51.209327",
        "model_version": "48px_v3.7_2024-01-10"
      }
    },
    {
      "type": "Feature",
      "geometry": {
        "type": "Point",
        "coordinates": [
          -1.6553624251134471,
          6.07578152048893
        ]
      },
      "properties": {
        "probability": 0.9965102076530457,
        "lat": 6.07578152048893,
        "lon": -1.6553624251134471,
        "region": "Obuasi",
        "detected_at": "2026-07-13T08:51:51.209421",
        "model_version": "48px_v3.7_2024-01-10"
      }
    },
    {
      "type": "Feature",
      "geometry": {
        "type": "Point",
        "coordinates": [
          -1.5121464770306594,
          6.10352679971049
        ]
      },
      "properties": {
        "probability": 0.9435292482376099,
        "lat": 6.10352679971049,
        "lon": -1.5121464770306594,
        "region": "Obuasi",
        "detected_at": "2026-07-13T08:51:51.209540",
        "model_version": "48px_v3.7_2024-01-10"
      }
    },
    {
      "type": "Feature",
      "geometry": {
        "type": "Point",
        "coordinates": [
          -1.5121464770306594,
          6.1013504317106335
        ]
      },
      "properties": {
        "probability": 0.9256541132926941,
        "lat": 6.1013504317106335,
        "lon": -1.5121464770306594,
        "region": "Obuasi",
        "detected_at": "2026-07-13T08:51:51.209635",
        "model_version": "48px_v3.7_2024-01-10"
      }
    },
    {
      "type": "Feature",
      "geometry": {
        "type": "Point",
        "coordinates": [
          -1.5901420586386528,
          6.181874217913241
        ]
      },
      "properties": {
        "probability": 0.9558238387107849,
        "lat": 6.181874217913241,
        "lon": -1.5901420586386528,
        "region": "Obuasi",
        "detected_at": "2026-07-13T08:51:51.209728",
        "model_version": "48px_v3.7_2024-01-10"
      }
    },
    {
      "type": "Feature",
      "geometry": {
        "type": "Point",
        "coordinates": [
          -1.5879675971759468,
          6.186226725188945
        ]
      },
      "properties": {
        "probability": 0.9992181062698364,
        "lat": 6.186226725188945,
        "lon": -1.5879675971759468,
        "region": "Obuasi",
        "detected_at": "2026-07-13T08:51:51.209820",
        "model_version": "48px_v3.7_2024-01-10"
      }
    },
    {
      "type": "Feature",
      "geometry": {
        "type": "Point",
        "coordinates": [
          -1.5879675971759468,
          6.1840504715510916
        ]
      },
      "properties": {
        "probability": 0.961959183216095,
        "lat": 6.1840504715510916,
        "lon": -1.5879675971759468,
        "region": "Obuasi",
        "detected_at": "2026-07-13T08:51:51.209910",
        "model_version": "48px_v3.7_2024-01-10"
      }
    },
    {
      "type": "Feature",
      "geometry": {
        "type": "Point",
        "coordinates": [
          -1.5857931357132409,
          6.184050471551092
        ]
      },
      "properties": {
        "probability": 0.9852561354637146,
        "lat": 6.184050471551092,
        "lon": -1.5857931357132409,
        "region": "Obuasi",
        "detected_at": "2026-07-13T08:51:51.210000",
        "model_version": "48px_v3.7_2024-01-10"
      }
    },
    {
      "type": "Feature",
      "geometry": {
        "type": "Point",
        "coordinates": [
          -1.5054777438696383,
          6.159968193230435
        ]
      },
      "properties": {
        "probability": 0.8657888770103455,
        "lat": 6.159968193230435,
        "lon": -1.5054777438696383,
        "region": "Obuasi",
        "detected_at": "2026-07-13T08:51:51.210090",
        "model_version": "48px_v3.7_2024-01-10"
      }
    },
    {
      "type": "Feature",
      "geometry": {
        "type": "Point",
        "coordinates": [
          -1.503303121748104,
          6.159968193230435
        ]
      },
      "properties": {
        "probability": 0.8664941191673279,
        "lat": 6.159968193230435,
        "lon": -1.503303121748104,
        "region": "Obuasi",
        "detected_at": "2026-07-13T08:51:51.210181",
        "model_version": "48px_v3.7_2024-01-10"
      }
    },
    {
      "type": "Feature",
      "geometry": {
        "type": "Point",
        "coordinates": [
          -1.6423198581426723,
          6.11903927159777
        ]
      },
      "properties": {
        "probability": 0.9331952929496765,
        "lat": 6.11903927159777,
        "lon": -1.6423198581426723,
        "region": "Obuasi",
        "detected_at": "2026-07-13T08:51:51.210271",
        "model_version": "48px_v3.7_2024-01-10"
      }
    },
    {
      "type": "Feature",
      "geometry": {
        "type": "Point",
        "coordinates": [
          -1.6401458182981905,
          6.123391365575492
        ]
      },
      "properties": {
        "probability": 0.9691902995109558,
        "lat": 6.123391365575492,
        "lon": -1.6401458182981905,
        "region": "Obuasi",
        "detected_at": "2026-07-13T08:51:51.210364",
        "model_version": "48px_v3.7_2024-01-10"
      }
    },
    {
      "type": "Feature",
      "geometry": {
        "type": "Point",
        "coordinates": [
          -1.6379717784537082,
          6.1233913655754915
        ]
      },
      "properties": {
        "probability": 0.9634876847267151,
        "lat": 6.1233913655754915,
        "lon": -1.6379717784537082,
        "region": "Obuasi",
        "detected_at": "2026-07-13T08:51:51.210476",
        "model_version": "48px_v3.7_2024-01-10"
      }
    },
    {
      "type": "Feature",
      "geometry": {
        "type": "Point",
        "coordinates": [
          -1.6271015792312975,
          6.13862369449752
        ]
      },
      "properties": {
        "probability": 0.9678589701652527,
        "lat": 6.13862369449752,
        "lon": -1.6271015792312975,
        "region": "Obuasi",
        "detected_at": "2026-07-13T08:51:51.210574",
        "model_version": "48px_v3.7_2024-01-10"
      }
    },
    {
      "type": "Feature",
      "geometry": {
        "type": "Point",
        "coordinates": [
          -1.6271015792312975,
          6.13644764750866
        ]
      },
      "properties": {
        "probability": 0.997779130935669,
        "lat": 6.13644764750866,
        "lon": -1.6271015792312975,
        "region": "Obuasi",
        "detected_at": "2026-07-13T08:51:51.210667",
        "model_version": "48px_v3.7_2024-01-10"
      }
    },
    {
      "type": "Feature",
      "geometry": {
        "type": "Point",
        "coordinates": [
          -1.696536001854385,
          6.11481889125526
        ]
      },
      "properties": {
        "probability": 0.9999645352363586,
        "lat": 6.11481889125526,
        "lon": -1.696536001854385,
        "region": "Obuasi",
        "detected_at": "2026-07-13T08:51:51.210760",
        "model_version": "48px_v3.7_2024-01-10"
      }
    },
    {
      "type": "Feature",
      "geometry": {
        "type": "Point",
        "coordinates": [
          -1.696536001854385,
          6.112643007508252
        ]
      },
      "properties": {
        "probability": 0.9999382495880127,
        "lat": 6.112643007508252,
        "lon": -1.696536001854385,
        "region": "Obuasi",
        "detected_at": "2026-07-13T08:51:51.210851",
        "model_version": "48px_v3.7_2024-01-10"
      }
    },
    {
      "type": "Feature",
      "geometry": {
        "type": "Point",
        "coordinates": [
          -1.696536001854385,
          6.110467123761244
        ]
      },
      "properties": {
        "probability": 0.9994856119155884,
        "lat": 6.110467123761244,
        "lon": -1.696536001854385,
        "region": "Obuasi",
        "detected_at": "2026-07-13T08:51:51.210943",
        "model_version": "48px_v3.7_2024-01-10"
      }
    },
    {
      "type": "Feature",
      "geometry": {
        "type": "Point",
        "coordinates": [
          -1.6943621245599754,
          6.11481889125526
        ]
      },
      "properties": {
        "probability": 0.9985495209693909,
        "lat": 6.11481889125526,
        "lon": -1.6943621245599754,
        "region": "Obuasi",
        "detected_at": "2026-07-13T08:51:51.211032",
        "model_version": "48px_v3.7_2024-01-10"
      }
    },
    {
      "type": "Feature",
      "geometry": {
        "type": "Point",
        "coordinates": [
          -1.6943621245599754,
          6.097411821279194
        ]
      },
      "properties": {
        "probability": 0.986805260181427,
        "lat": 6.097411821279194,
        "lon": -1.6943621245599754,
        "region": "Obuasi",
        "detected_at": "2026-07-13T08:51:51.211122",
        "model_version": "48px_v3.7_2024-01-10"
      }
    },
    {
      "type": "Feature",
      "geometry": {
        "type": "Point",
        "coordinates": [
          -1.6921882472655663,
          6.097411821279195
        ]
      },
      "properties": {
        "probability": 0.9999533891677856,
        "lat": 6.097411821279195,
        "lon": -1.6921882472655663,
        "region": "Obuasi",
        "detected_at": "2026-07-13T08:51:51.211212",
        "model_version": "48px_v3.7_2024-01-10"
      }
    },
    {
      "type": "Feature",
      "geometry": {
        "type": "Point",
        "coordinates": [
          -1.6900143699711567,
          6.103939472520219
        ]
      },
      "properties": {
        "probability": 0.9905312061309814,
        "lat": 6.103939472520219,
        "lon": -1.6900143699711567,
        "region": "Obuasi",
        "detected_at": "2026-07-13T08:51:51.211303",
        "model_version": "48px_v3.7_2024-01-10"
      }
    },
    {
      "type": "Feature",
      "geometry": {
        "type": "Point",
        "coordinates": [
          -1.6900143699711567,
          6.099587705026202
        ]
      },
      "properties": {
        "probability": 0.9986180663108826,
        "lat": 6.099587705026202,
        "lon": -1.6900143699711567,
        "region": "Obuasi",
        "detected_at": "2026-07-13T08:51:51.211394",
        "model_version": "48px_v3.7_2024-01-10"
      }
    },
    {
      "type": "Feature",
      "geometry": {
        "type": "Point",
        "coordinates": [
          -1.6900143699711567,
          6.097411821279194
        ]
      },
      "properties": {
        "probability": 0.9999943971633911,
        "lat": 6.097411821279194,
        "lon": -1.6900143699711567,
        "region": "Obuasi",
        "detected_at": "2026-07-13T08:51:51.211531",
        "model_version": "48px_v3.7_2024-01-10"
      }
    },
    {
      "type": "Feature",
      "geometry": {
        "type": "Point",
        "coordinates": [
          -1.6878404926767472,
          6.106115356267227
        ]
      },
      "properties": {
        "probability": 0.995847761631012,
        "lat": 6.106115356267227,
        "lon": -1.6878404926767472,
        "region": "Obuasi",
        "detected_at": "2026-07-13T08:51:51.211637",
        "model_version": "48px_v3.7_2024-01-10"
      }
    },
    {
      "type": "Feature",
      "geometry": {
        "type": "Point",
        "coordinates": [
          -1.6878404926767472,
          6.103939472520219
        ]
      },
      "properties": {
        "probability": 0.9998405575752258,
        "lat": 6.103939472520219,
        "lon": -1.6878404926767472,
        "region": "Obuasi",
        "detected_at": "2026-07-13T08:51:51.211731",
        "model_version": "48px_v3.7_2024-01-10"
      }
    },
    {
      "type": "Feature",
      "geometry": {
        "type": "Point",
        "coordinates": [
          -1.6878404926767472,
          6.101763588773211
        ]
      },
      "properties": {
        "probability": 0.9996494054794312,
        "lat": 6.101763588773211,
        "lon": -1.6878404926767472,
        "region": "Obuasi",
        "detected_at": "2026-07-13T08:51:51.211824",
        "model_version": "48px_v3.7_2024-01-10"
      }
    },
    {
      "type": "Feature",
      "geometry": {
        "type": "Point",
        "coordinates": [
          -1.6878404926767472,
          6.099587705026202
        ]
      },
      "properties": {
        "probability": 0.9999930262565613,
        "lat": 6.099587705026202,
        "lon": -1.6878404926767472,
        "region": "Obuasi",
        "detected_at": "2026-07-13T08:51:51.211915",
        "model_version": "48px_v3.7_2024-01-10"
      }
    },
    {
      "type": "Feature",
      "geometry": {
        "type": "Point",
        "coordinates": [
          -1.6878404926767472,
          6.097411821279194
        ]
      },
      "properties": {
        "probability": 0.9999998211860657,
        "lat": 6.097411821279194,
        "lon": -1.6878404926767472,
        "region": "Obuasi",
        "detected_at": "2026-07-13T08:51:51.212006",
        "model_version": "48px_v3.7_2024-01-10"
      }
    },
    {
      "type": "Feature",
      "geometry": {
        "type": "Point",
        "coordinates": [
          -1.6856666153823383,
          6.106115356267227
        ]
      },
      "properties": {
        "probability": 0.9999629855155945,
        "lat": 6.106115356267227,
        "lon": -1.6856666153823383,
        "region": "Obuasi",
        "detected_at": "2026-07-13T08:51:51.212100",
        "model_version": "48px_v3.7_2024-01-10"
      }
    },
    {
      "type": "Feature",
      "geometry": {
        "type": "Point",
        "coordinates": [
          -1.6856666153823383,
          6.10393947252022
        ]
      },
      "properties": {
        "probability": 0.9999948143959045,
        "lat": 6.10393947252022,
        "lon": -1.6856666153823383,
        "region": "Obuasi",
        "detected_at": "2026-07-13T08:51:51.212205",
        "model_version": "48px_v3.7_2024-01-10"
      }
    },
    {
      "type": "Feature",
      "geometry": {
        "type": "Point",
        "coordinates": [
          -1.6856666153823383,
          6.101763588773211
        ]
      },
      "properties": {
        "probability": 0.999998927116394,
        "lat": 6.101763588773211,
        "lon": -1.6856666153823383,
        "region": "Obuasi",
        "detected_at": "2026-07-13T08:51:51.212299",
        "model_version": "48px_v3.7_2024-01-10"
      }
    },
    {
      "type": "Feature",
      "geometry": {
        "type": "Point",
        "coordinates": [
          -1.6856666153823383,
          6.099587705026202
        ]
      },
      "properties": {
        "probability": 0.9999997615814209,
        "lat": 6.099587705026202,
        "lon": -1.6856666153823383,
        "region": "Obuasi",
        "detected_at": "2026-07-13T08:51:51.212390",
        "model_version": "48px_v3.7_2024-01-10"
      }
    },
    {
      "type": "Feature",
      "geometry": {
        "type": "Point",
        "coordinates": [
          -1.6856666153823383,
          6.097411821279195
        ]
      },
      "properties": {
        "probability": 0.9999995231628418,
        "lat": 6.097411821279195,
        "lon": -1.6856666153823383,
        "region": "Obuasi",
        "detected_at": "2026-07-13T08:51:51.212522",
        "model_version": "48px_v3.7_2024-01-10"
      }
    },
    {
      "type": "Feature",
      "geometry": {
        "type": "Point",
        "coordinates": [
          -1.683492738087929,
          6.1235224262432935
        ]
      },
      "properties": {
        "probability": 0.8399932384490967,
        "lat": 6.1235224262432935,
        "lon": -1.683492738087929,
        "region": "Obuasi",
        "detected_at": "2026-07-13T08:51:51.212629",
        "model_version": "48px_v3.7_2024-01-10"
      }
    },
    {
      "type": "Feature",
      "geometry": {
        "type": "Point",
        "coordinates": [
          -1.683492738087929,
          6.121346542496284
        ]
      },
      "properties": {
        "probability": 0.8151198625564575,
        "lat": 6.121346542496284,
        "lon": -1.683492738087929,
        "region": "Obuasi",
        "detected_at": "2026-07-13T08:51:51.212724",
        "model_version": "48px_v3.7_2024-01-10"
      }
    },
    {
      "type": "Feature",
      "geometry": {
        "type": "Point",
        "coordinates": [
          -1.6834927380879292,
          6.106115356267227
        ]
      },
      "properties": {
        "probability": 0.9988361597061157,
        "lat": 6.106115356267227,
        "lon": -1.6834927380879292,
        "region": "Obuasi",
        "detected_at": "2026-07-13T08:51:51.212818",
        "model_version": "48px_v3.7_2024-01-10"
      }
    },
    {
      "type": "Feature",
      "geometry": {
        "type": "Point",
        "coordinates": [
          -1.6834927380879292,
          6.099587705026202
        ]
      },
      "properties": {
        "probability": 0.9504077434539795,
        "lat": 6.099587705026202,
        "lon": -1.6834927380879292,
        "region": "Obuasi",
        "detected_at": "2026-07-13T08:51:51.212910",
        "model_version": "48px_v3.7_2024-01-10"
      }
    },
    {
      "type": "Feature",
      "geometry": {
        "type": "Point",
        "coordinates": [
          -1.6834927380879292,
          6.097411821279194
        ]
      },
      "properties": {
        "probability": 0.9787369966506958,
        "lat": 6.097411821279194,
        "lon": -1.6834927380879292,
        "region": "Obuasi",
        "detected_at": "2026-07-13T08:51:51.213003",
        "model_version": "48px_v3.7_2024-01-10"
      }
    },
    {
      "type": "Feature",
      "geometry": {
        "type": "Point",
        "coordinates": [
          -1.6813188607935197,
          6.1235224262432935
        ]
      },
      "properties": {
        "probability": 0.9722833037376404,
        "lat": 6.1235224262432935,
        "lon": -1.6813188607935197,
        "region": "Obuasi",
        "detected_at": "2026-07-13T08:51:51.213093",
        "model_version": "48px_v3.7_2024-01-10"
      }
    },
    {
      "type": "Feature",
      "geometry": {
        "type": "Point",
        "coordinates": [
          -1.6704494743214737,
          6.099587705026202
        ]
      },
      "properties": {
        "probability": 0.8839649558067322,
        "lat": 6.099587705026202,
        "lon": -1.6704494743214737,
        "region": "Obuasi",
        "detected_at": "2026-07-13T08:51:51.213185",
        "model_version": "48px_v3.7_2024-01-10"
      }
    },
    {
      "type": "Feature",
      "geometry": {
        "type": "Point",
        "coordinates": [
          -1.6704494743214737,
          6.097411821279194
        ]
      },
      "properties": {
        "probability": 0.976224958896637,
        "lat": 6.097411821279194,
        "lon": -1.6704494743214737,
        "region": "Obuasi",
        "detected_at": "2026-07-13T08:51:51.213278",
        "model_version": "48px_v3.7_2024-01-10"
      }
    },
    {
      "type": "Feature",
      "geometry": {
        "type": "Point",
        "coordinates": [
          -1.6617539651438362,
          6.1235224262432935
        ]
      },
      "properties": {
        "probability": 0.993090033531189,
        "lat": 6.1235224262432935,
        "lon": -1.6617539651438362,
        "region": "Obuasi",
        "detected_at": "2026-07-13T08:51:51.213369",
        "model_version": "48px_v3.7_2024-01-10"
      }
    },
    {
      "type": "Feature",
      "geometry": {
        "type": "Point",
        "coordinates": [
          -1.6595800878494276,
          6.1256983099903035
        ]
      },
      "properties": {
        "probability": 0.9368777871131897,
        "lat": 6.1256983099903035,
        "lon": -1.6595800878494276,
        "region": "Obuasi",
        "detected_at": "2026-07-13T08:51:51.213486",
        "model_version": "48px_v3.7_2024-01-10"
      }
    },
    {
      "type": "Feature",
      "geometry": {
        "type": "Point",
        "coordinates": [
          -1.657406210555018,
          6.13005007748432
        ]
      },
      "properties": {
        "probability": 0.9669234752655029,
        "lat": 6.13005007748432,
        "lon": -1.657406210555018,
        "region": "Obuasi",
        "detected_at": "2026-07-13T08:51:51.213586",
        "model_version": "48px_v3.7_2024-01-10"
      }
    },
    {
      "type": "Feature",
      "geometry": {
        "type": "Point",
        "coordinates": [
          -1.657406210555018,
          6.127874193737311
        ]
      },
      "properties": {
        "probability": 0.9976175427436829,
        "lat": 6.127874193737311,
        "lon": -1.657406210555018,
        "region": "Obuasi",
        "detected_at": "2026-07-13T08:51:51.213678",
        "model_version": "48px_v3.7_2024-01-10"
      }
    },
    {
      "type": "Feature",
      "geometry": {
        "type": "Point",
        "coordinates": [
          -1.657406210555018,
          6.125698309990303
        ]
      },
      "properties": {
        "probability": 0.9995076656341553,
        "lat": 6.125698309990303,
        "lon": -1.657406210555018,
        "region": "Obuasi",
        "detected_at": "2026-07-13T08:51:51.213771",
        "model_version": "48px_v3.7_2024-01-10"
      }
    },
    {
      "type": "Feature",
      "geometry": {
        "type": "Point",
        "coordinates": [
          -1.6552323332606085,
          6.13005007748432
        ]
      },
      "properties": {
        "probability": 0.9954657554626465,
        "lat": 6.13005007748432,
        "lon": -1.6552323332606085,
        "region": "Obuasi",
        "detected_at": "2026-07-13T08:51:51.213862",
        "model_version": "48px_v3.7_2024-01-10"
      }
    },
    {
      "type": "Feature",
      "geometry": {
        "type": "Point",
        "coordinates": [
          -1.6552323332606085,
          6.127874193737311
        ]
      },
      "properties": {
        "probability": 0.9735010862350464,
        "lat": 6.127874193737311,
        "lon": -1.6552323332606085,
        "region": "Obuasi",
        "detected_at": "2026-07-13T08:51:51.213953",
        "model_version": "48px_v3.7_2024-01-10"
      }
    },
    {
      "type": "Feature",
      "geometry": {
        "type": "Point",
        "coordinates": [
          -1.6552323332606085,
          6.125698309990303
        ]
      },
      "properties": {
        "probability": 0.9299604892730713,
        "lat": 6.125698309990303,
        "lon": -1.6552323332606085,
        "region": "Obuasi",
        "detected_at": "2026-07-13T08:51:51.214044",
        "model_version": "48px_v3.7_2024-01-10"
      }
    },
    {
      "type": "Feature",
      "geometry": {
        "type": "Point",
        "coordinates": [
          -1.6530584559661996,
          6.130050077484319
        ]
      },
      "properties": {
        "probability": 0.986056387424469,
        "lat": 6.130050077484319,
        "lon": -1.6530584559661996,
        "region": "Obuasi",
        "detected_at": "2026-07-13T08:51:51.214142",
        "model_version": "48px_v3.7_2024-01-10"
      }
    },
    {
      "type": "Feature",
      "geometry": {
        "type": "Point",
        "coordinates": [
          -1.657275246191381,
          6.188670464927676
        ]
      },
      "properties": {
        "probability": 0.9056524634361267,
        "lat": 6.188670464927676,
        "lon": -1.657275246191381,
        "region": "Obuasi",
        "detected_at": "2026-07-13T08:51:51.214234",
        "model_version": "48px_v3.7_2024-01-10"
      }
    },
    {
      "type": "Feature",
      "geometry": {
        "type": "Point",
        "coordinates": [
          -1.8007386936386867,
          6.078201247039655
        ]
      },
      "properties": {
        "probability": 0.9999736547470093,
        "lat": 6.078201247039655,
        "lon": -1.8007386936386867,
        "region": "Obuasi",
        "detected_at": "2026-07-13T08:51:51.214324",
        "model_version": "48px_v3.7_2024-01-10"
      }
    },
    {
      "type": "Feature",
      "geometry": {
        "type": "Point",
        "coordinates": [
          -1.8007386936386867,
          6.0760257333334495
        ]
      },
      "properties": {
        "probability": 1.0,
        "lat": 6.0760257333334495,
        "lon": -1.8007386936386867,
        "region": "Obuasi",
        "detected_at": "2026-07-13T08:51:51.214414",
        "model_version": "48px_v3.7_2024-01-10"
      }
    },
    {
      "type": "Feature",
      "geometry": {
        "type": "Point",
        "coordinates": [
          -1.8007386936386867,
          6.073850219627244
        ]
      },
      "properties": {
        "probability": 0.9999972581863403,
        "lat": 6.073850219627244,
        "lon": -1.8007386936386867,
        "region": "Obuasi",
        "detected_at": "2026-07-13T08:51:51.214530",
        "model_version": "48px_v3.7_2024-01-10"
      }
    },
    {
      "type": "Feature",
      "geometry": {
        "type": "Point",
        "coordinates": [
          -1.8007386936386867,
          6.06079713739001
        ]
      },
      "properties": {
        "probability": 0.999945342540741,
        "lat": 6.06079713739001,
        "lon": -1.8007386936386867,
        "region": "Obuasi",
        "detected_at": "2026-07-13T08:51:51.214626",
        "model_version": "48px_v3.7_2024-01-10"
      }
    },
    {
      "type": "Feature",
      "geometry": {
        "type": "Point",
        "coordinates": [
          -1.8007386936386867,
          6.058621623683803
        ]
      },
      "properties": {
        "probability": 0.9993053078651428,
        "lat": 6.058621623683803,
        "lon": -1.8007386936386867,
        "region": "Obuasi",
        "detected_at": "2026-07-13T08:51:51.214717",
        "model_version": "48px_v3.7_2024-01-10"
      }
    },
    {
      "type": "Feature",
      "geometry": {
        "type": "Point",
        "coordinates": [
          -1.7985653988475172,
          6.078201247039655
        ]
      },
      "properties": {
        "probability": 0.848977267742157,
        "lat": 6.078201247039655,
        "lon": -1.7985653988475172,
        "region": "Obuasi",
        "detected_at": "2026-07-13T08:51:51.214808",
        "model_version": "48px_v3.7_2024-01-10"
      }
    },
    {
      "type": "Feature",
      "geometry": {
        "type": "Point",
        "coordinates": [
          -1.7985653988475172,
          6.0760257333334495
        ]
      },
      "properties": {
        "probability": 0.9999443888664246,
        "lat": 6.0760257333334495,
        "lon": -1.7985653988475172,
        "region": "Obuasi",
        "detected_at": "2026-07-13T08:51:51.214900",
        "model_version": "48px_v3.7_2024-01-10"
      }
    },
    {
      "type": "Feature",
      "geometry": {
        "type": "Point",
        "coordinates": [
          -1.7985653988475172,
          6.073850219627244
        ]
      },
      "properties": {
        "probability": 0.9997241497039795,
        "lat": 6.073850219627244,
        "lon": -1.7985653988475172,
        "region": "Obuasi",
        "detected_at": "2026-07-13T08:51:51.214993",
        "model_version": "48px_v3.7_2024-01-10"
      }
    },
    {
      "type": "Feature",
      "geometry": {
        "type": "Point",
        "coordinates": [
          -1.7985653988475172,
          6.065148164802421
        ]
      },
      "properties": {
        "probability": 0.9984608292579651,
        "lat": 6.065148164802421,
        "lon": -1.7985653988475172,
        "region": "Obuasi",
        "detected_at": "2026-07-13T08:51:51.215085",
        "model_version": "48px_v3.7_2024-01-10"
      }
    },
    {
      "type": "Feature",
      "geometry": {
        "type": "Point",
        "coordinates": [
          -1.7963921040563482,
          6.078201247039655
        ]
      },
      "properties": {
        "probability": 0.9187651872634888,
        "lat": 6.078201247039655,
        "lon": -1.7963921040563482,
        "region": "Obuasi",
        "detected_at": "2026-07-13T08:51:51.215183",
        "model_version": "48px_v3.7_2024-01-10"
      }
    },
    {
      "type": "Feature",
      "geometry": {
        "type": "Point",
        "coordinates": [
          -1.7963921040563482,
          6.0760257333334495
        ]
      },
      "properties": {
        "probability": 0.9679476022720337,
        "lat": 6.0760257333334495,
        "lon": -1.7963921040563482,
        "region": "Obuasi",
        "detected_at": "2026-07-13T08:51:51.215284",
        "model_version": "48px_v3.7_2024-01-10"
      }
    },
    {
      "type": "Feature",
      "geometry": {
        "type": "Point",
        "coordinates": [
          -1.7963921040563482,
          6.056446109977597
        ]
      },
      "properties": {
        "probability": 0.9971031546592712,
        "lat": 6.056446109977597,
        "lon": -1.7963921040563482,
        "region": "Obuasi",
        "detected_at": "2026-07-13T08:51:51.215378",
        "model_version": "48px_v3.7_2024-01-10"
      }
    },
    {
      "type": "Feature",
      "geometry": {
        "type": "Point",
        "coordinates": [
          -1.7942188092651798,
          6.056446109977597
        ]
      },
      "properties": {
        "probability": 0.9329914450645447,
        "lat": 6.056446109977597,
        "lon": -1.7942188092651798,
        "region": "Obuasi",
        "detected_at": "2026-07-13T08:51:51.215494",
        "model_version": "48px_v3.7_2024-01-10"
      }
    },
    {
      "type": "Feature",
      "geometry": {
        "type": "Point",
        "coordinates": [
          -1.7942188092651798,
          6.054270596271391
        ]
      },
      "properties": {
        "probability": 0.9999265670776367,
        "lat": 6.054270596271391,
        "lon": -1.7942188092651798,
        "region": "Obuasi",
        "detected_at": "2026-07-13T08:51:51.215593",
        "model_version": "48px_v3.7_2024-01-10"
      }
    },
    {
      "type": "Feature",
      "geometry": {
        "type": "Point",
        "coordinates": [
          -1.7942188092651798,
          6.052095082565185
        ]
      },
      "properties": {
        "probability": 0.8282211422920227,
        "lat": 6.052095082565185,
        "lon": -1.7942188092651798,
        "region": "Obuasi",
        "detected_at": "2026-07-13T08:51:51.215686",
        "model_version": "48px_v3.7_2024-01-10"
      }
    },
    {
      "type": "Feature",
      "geometry": {
        "type": "Point",
        "coordinates": [
          -1.7920455144740106,
          6.065148164802421
        ]
      },
      "properties": {
        "probability": 0.9714856147766113,
        "lat": 6.065148164802421,
        "lon": -1.7920455144740106,
        "region": "Obuasi",
        "detected_at": "2026-07-13T08:51:51.215778",
        "model_version": "48px_v3.7_2024-01-10"
      }
    },
    {
      "type": "Feature",
      "geometry": {
        "type": "Point",
        "coordinates": [
          -1.7920455144740106,
          6.054270596271391
        ]
      },
      "properties": {
        "probability": 0.9799425005912781,
        "lat": 6.054270596271391,
        "lon": -1.7920455144740106,
        "region": "Obuasi",
        "detected_at": "2026-07-13T08:51:51.215870",
        "model_version": "48px_v3.7_2024-01-10"
      }
    },
    {
      "type": "Feature",
      "geometry": {
        "type": "Point",
        "coordinates": [
          -1.7920455144740106,
          6.052095082565185
        ]
      },
      "properties": {
        "probability": 0.9475392699241638,
        "lat": 6.052095082565185,
        "lon": -1.7920455144740106,
        "region": "Obuasi",
        "detected_at": "2026-07-13T08:51:51.215968",
        "model_version": "48px_v3.7_2024-01-10"
      }
    },
    {
      "type": "Feature",
      "geometry": {
        "type": "Point",
        "coordinates": [
          -1.7898722196828414,
          6.067323678508627
        ]
      },
      "properties": {
        "probability": 0.8104645013809204,
        "lat": 6.067323678508627,
        "lon": -1.7898722196828414,
        "region": "Obuasi",
        "detected_at": "2026-07-13T08:51:51.216060",
        "model_version": "48px_v3.7_2024-01-10"
      }
    },
    {
      "type": "Feature",
      "geometry": {
        "type": "Point",
        "coordinates": [
          -1.7898722196828414,
          6.065148164802421
        ]
      },
      "properties": {
        "probability": 0.9926133751869202,
        "lat": 6.065148164802421,
        "lon": -1.7898722196828414,
        "region": "Obuasi",
        "detected_at": "2026-07-13T08:51:51.216150",
        "model_version": "48px_v3.7_2024-01-10"
      }
    },
    {
      "type": "Feature",
      "geometry": {
        "type": "Point",
        "coordinates": [
          -1.7898722196828414,
          6.056446109977597
        ]
      },
      "properties": {
        "probability": 0.8078068494796753,
        "lat": 6.056446109977597,
        "lon": -1.7898722196828414,
        "region": "Obuasi",
        "detected_at": "2026-07-13T08:51:51.216241",
        "model_version": "48px_v3.7_2024-01-10"
      }
    },
    {
      "type": "Feature",
      "geometry": {
        "type": "Point",
        "coordinates": [
          -1.7898722196828414,
          6.052095082565185
        ]
      },
      "properties": {
        "probability": 0.8887919187545776,
        "lat": 6.052095082565185,
        "lon": -1.7898722196828414,
        "region": "Obuasi",
        "detected_at": "2026-07-13T08:51:51.216333",
        "model_version": "48px_v3.7_2024-01-10"
      }
    },
    {
      "type": "Feature",
      "geometry": {
        "type": "Point",
        "coordinates": [
          -1.7898722196828414,
          6.0499195688589795
        ]
      },
      "properties": {
        "probability": 0.9434002637863159,
        "lat": 6.0499195688589795,
        "lon": -1.7898722196828414,
        "region": "Obuasi",
        "detected_at": "2026-07-13T08:51:51.216425",
        "model_version": "48px_v3.7_2024-01-10"
      }
    },
    {
      "type": "Feature",
      "geometry": {
        "type": "Point",
        "coordinates": [
          -1.7876989248916728,
          6.052095082565185
        ]
      },
      "properties": {
        "probability": 0.99143385887146,
        "lat": 6.052095082565185,
        "lon": -1.7876989248916728,
        "region": "Obuasi",
        "detected_at": "2026-07-13T08:51:51.216543",
        "model_version": "48px_v3.7_2024-01-10"
      }
    },
    {
      "type": "Feature",
      "geometry": {
        "type": "Point",
        "coordinates": [
          -1.7876989248916728,
          6.04991956885898
        ]
      },
      "properties": {
        "probability": 0.9805684685707092,
        "lat": 6.04991956885898,
        "lon": -1.7876989248916728,
        "region": "Obuasi",
        "detected_at": "2026-07-13T08:51:51.216637",
        "model_version": "48px_v3.7_2024-01-10"
      }
    },
    {
      "type": "Feature",
      "geometry": {
        "type": "Point",
        "coordinates": [
          -1.7855256301005036,
          6.052095082565185
        ]
      },
      "properties": {
        "probability": 0.9958332777023315,
        "lat": 6.052095082565185,
        "lon": -1.7855256301005036,
        "region": "Obuasi",
        "detected_at": "2026-07-13T08:51:51.216729",
        "model_version": "48px_v3.7_2024-01-10"
      }
    },
    {
      "type": "Feature",
      "geometry": {
        "type": "Point",
        "coordinates": [
          -1.7855256301005036,
          6.04991956885898
        ]
      },
      "properties": {
        "probability": 0.9986312985420227,
        "lat": 6.04991956885898,
        "lon": -1.7855256301005036,
        "region": "Obuasi",
        "detected_at": "2026-07-13T08:51:51.216819",
        "model_version": "48px_v3.7_2024-01-10"
      }
    },
    {
      "type": "Feature",
      "geometry": {
        "type": "Point",
        "coordinates": [
          -1.783352335309335,
          6.0499195688589795
        ]
      },
      "properties": {
        "probability": 0.8409299850463867,
        "lat": 6.0499195688589795,
        "lon": -1.783352335309335,
        "region": "Obuasi",
        "detected_at": "2026-07-13T08:51:51.216910",
        "model_version": "48px_v3.7_2024-01-10"
      }
    },
    {
      "type": "Feature",
      "geometry": {
        "type": "Point",
        "coordinates": [
          -1.7811790405181662,
          6.047744055152775
        ]
      },
      "properties": {
        "probability": 0.9620003700256348,
        "lat": 6.047744055152775,
        "lon": -1.7811790405181662,
        "region": "Obuasi",
        "detected_at": "2026-07-13T08:51:51.217000",
        "model_version": "48px_v3.7_2024-01-10"
      }
    },
    {
      "type": "Feature",
      "geometry": {
        "type": "Point",
        "coordinates": [
          -1.7811790405181662,
          6.045568541446568
        ]
      },
      "properties": {
        "probability": 0.9026657342910767,
        "lat": 6.045568541446568,
        "lon": -1.7811790405181662,
        "region": "Obuasi",
        "detected_at": "2026-07-13T08:51:51.217090",
        "model_version": "48px_v3.7_2024-01-10"
      }
    },
    {
      "type": "Feature",
      "geometry": {
        "type": "Point",
        "coordinates": [
          -1.7768324509358282,
          6.052095082565185
        ]
      },
      "properties": {
        "probability": 0.8793118596076965,
        "lat": 6.052095082565185,
        "lon": -1.7768324509358282,
        "region": "Obuasi",
        "detected_at": "2026-07-13T08:51:51.217183",
        "model_version": "48px_v3.7_2024-01-10"
      }
    },
    {
      "type": "Feature",
      "geometry": {
        "type": "Point",
        "coordinates": [
          -1.7724858613534902,
          6.058621623683803
        ]
      },
      "properties": {
        "probability": 0.8962768912315369,
        "lat": 6.058621623683803,
        "lon": -1.7724858613534902,
        "region": "Obuasi",
        "detected_at": "2026-07-13T08:51:51.217274",
        "model_version": "48px_v3.7_2024-01-10"
      }
    },
    {
      "type": "Feature",
      "geometry": {
        "type": "Point",
        "coordinates": [
          -1.7724858613534902,
          6.056446109977597
        ]
      },
      "properties": {
        "probability": 0.9358490705490112,
        "lat": 6.056446109977597,
        "lon": -1.7724858613534902,
        "region": "Obuasi",
        "detected_at": "2026-07-13T08:51:51.217365",
        "model_version": "48px_v3.7_2024-01-10"
      }
    },
    {
      "type": "Feature",
      "geometry": {
        "type": "Point",
        "coordinates": [
          -1.7724858613534902,
          6.054270596271391
        ]
      },
      "properties": {
        "probability": 0.8644046783447266,
        "lat": 6.054270596271391,
        "lon": -1.7724858613534902,
        "region": "Obuasi",
        "detected_at": "2026-07-13T08:51:51.217479",
        "model_version": "48px_v3.7_2024-01-10"
      }
    },
    {
      "type": "Feature",
      "geometry": {
        "type": "Point",
        "coordinates": [
          -1.7703125665623212,
          6.058621623683804
        ]
      },
      "properties": {
        "probability": 0.9897434115409851,
        "lat": 6.058621623683804,
        "lon": -1.7703125665623212,
        "region": "Obuasi",
        "detected_at": "2026-07-13T08:51:51.217576",
        "model_version": "48px_v3.7_2024-01-10"
      }
    },
    {
      "type": "Feature",
      "geometry": {
        "type": "Point",
        "coordinates": [
          -1.7703125665623212,
          6.056446109977597
        ]
      },
      "properties": {
        "probability": 0.9198191165924072,
        "lat": 6.056446109977597,
        "lon": -1.7703125665623212,
        "region": "Obuasi",
        "detected_at": "2026-07-13T08:51:51.217668",
        "model_version": "48px_v3.7_2024-01-10"
      }
    },
    {
      "type": "Feature",
      "geometry": {
        "type": "Point",
        "coordinates": [
          -1.7616193873976456,
          6.082552274452068
        ]
      },
      "properties": {
        "probability": 0.9965600371360779,
        "lat": 6.082552274452068,
        "lon": -1.7616193873976456,
        "region": "Obuasi",
        "detected_at": "2026-07-13T08:51:51.217758",
        "model_version": "48px_v3.7_2024-01-10"
      }
    },
    {
      "type": "Feature",
      "geometry": {
        "type": "Point",
        "coordinates": [
          -1.6269681334525217,
          6.158074005157487
        ]
      },
      "properties": {
        "probability": 0.9578178524971008,
        "lat": 6.158074005157487,
        "lon": -1.6269681334525217,
        "region": "Obuasi",
        "detected_at": "2026-07-13T08:51:51.217855",
        "model_version": "48px_v3.7_2024-01-10"
      }
    },
    {
      "type": "Feature",
      "geometry": {
        "type": "Point",
        "coordinates": [
          -1.6247938344935824,
          6.158074005157486
        ]
      },
      "properties": {
        "probability": 0.9940090775489807,
        "lat": 6.158074005157486,
        "lon": -1.6247938344935824,
        "region": "Obuasi",
        "detected_at": "2026-07-13T08:51:51.217945",
        "model_version": "48px_v3.7_2024-01-10"
      }
    },
    {
      "type": "Feature",
      "geometry": {
        "type": "Point",
        "coordinates": [
          -1.6204452365757047,
          6.160250095585389
        ]
      },
      "properties": {
        "probability": 0.9029374122619629,
        "lat": 6.160250095585389,
        "lon": -1.6204452365757047,
        "region": "Obuasi",
        "detected_at": "2026-07-13T08:51:51.218036",
        "model_version": "48px_v3.7_2024-01-10"
      }
    },
    {
      "type": "Feature",
      "geometry": {
        "type": "Point",
        "coordinates": [
          -1.6160966386578273,
          6.16025009558539
        ]
      },
      "properties": {
        "probability": 0.9599686861038208,
        "lat": 6.16025009558539,
        "lon": -1.6160966386578273,
        "region": "Obuasi",
        "detected_at": "2026-07-13T08:51:51.218126",
        "model_version": "48px_v3.7_2024-01-10"
      }
    },
    {
      "type": "Feature",
      "geometry": {
        "type": "Point",
        "coordinates": [
          -1.6095737417810105,
          6.16025009558539
        ]
      },
      "properties": {
        "probability": 0.9970561265945435,
        "lat": 6.16025009558539,
        "lon": -1.6095737417810105,
        "region": "Obuasi",
        "detected_at": "2026-07-13T08:51:51.218216",
        "model_version": "48px_v3.7_2024-01-10"
      }
    },
    {
      "type": "Feature",
      "geometry": {
        "type": "Point",
        "coordinates": [
          -1.6073994428220715,
          6.160250095585389
        ]
      },
      "properties": {
        "probability": 0.9998461604118347,
        "lat": 6.160250095585389,
        "lon": -1.6073994428220715,
        "region": "Obuasi",
        "detected_at": "2026-07-13T08:51:51.218311",
        "model_version": "48px_v3.7_2024-01-10"
      }
    },
    {
      "type": "Feature",
      "geometry": {
        "type": "Point",
        "coordinates": [
          -1.8484326958640762,
          6.076140330515617
        ]
      },
      "properties": {
        "probability": 0.9999951124191284,
        "lat": 6.076140330515617,
        "lon": -1.8484326958640762,
        "region": "Obuasi",
        "detected_at": "2026-07-13T08:51:51.218402",
        "model_version": "48px_v3.7_2024-01-10"
      }
    },
    {
      "type": "Feature",
      "geometry": {
        "type": "Point",
        "coordinates": [
          -1.8462595673480755,
          6.076140330515616
        ]
      },
      "properties": {
        "probability": 0.9999956488609314,
        "lat": 6.076140330515616,
        "lon": -1.8462595673480755,
        "region": "Obuasi",
        "detected_at": "2026-07-13T08:51:51.218515",
        "model_version": "48px_v3.7_2024-01-10"
      }
    },
    {
      "type": "Feature",
      "geometry": {
        "type": "Point",
        "coordinates": [
          -1.8462595673480755,
          6.073964983725344
        ]
      },
      "properties": {
        "probability": 0.993155300617218,
        "lat": 6.073964983725344,
        "lon": -1.8462595673480755,
        "region": "Obuasi",
        "detected_at": "2026-07-13T08:51:51.218611",
        "model_version": "48px_v3.7_2024-01-10"
      }
    },
    {
      "type": "Feature",
      "geometry": {
        "type": "Point",
        "coordinates": [
          -1.8440864388320743,
          6.073964983725344
        ]
      },
      "properties": {
        "probability": 0.9568471312522888,
        "lat": 6.073964983725344,
        "lon": -1.8440864388320743,
        "region": "Obuasi",
        "detected_at": "2026-07-13T08:51:51.218703",
        "model_version": "48px_v3.7_2024-01-10"
      }
    },
    {
      "type": "Feature",
      "geometry": {
        "type": "Point",
        "coordinates": [
          -1.8419133103160732,
          6.065263596564248
        ]
      },
      "properties": {
        "probability": 0.9373229742050171,
        "lat": 6.065263596564248,
        "lon": -1.8419133103160732,
        "region": "Obuasi",
        "detected_at": "2026-07-13T08:51:51.218795",
        "model_version": "48px_v3.7_2024-01-10"
      }
    },
    {
      "type": "Feature",
      "geometry": {
        "type": "Point",
        "coordinates": [
          -1.8419133103160732,
          6.050036169032331
        ]
      },
      "properties": {
        "probability": 0.9797073006629944,
        "lat": 6.050036169032331,
        "lon": -1.8419133103160732,
        "region": "Obuasi",
        "detected_at": "2026-07-13T08:51:51.218885",
        "model_version": "48px_v3.7_2024-01-10"
      }
    },
    {
      "type": "Feature",
      "geometry": {
        "type": "Point",
        "coordinates": [
          -1.8419133103160732,
          6.047860822242057
        ]
      },
      "properties": {
        "probability": 0.9933003187179565,
        "lat": 6.047860822242057,
        "lon": -1.8419133103160732,
        "region": "Obuasi",
        "detected_at": "2026-07-13T08:51:51.218975",
        "model_version": "48px_v3.7_2024-01-10"
      }
    },
    {
      "type": "Feature",
      "geometry": {
        "type": "Point",
        "coordinates": [
          -1.8419133103160734,
          6.0456854754517835
        ]
      },
      "properties": {
        "probability": 0.9998592734336853,
        "lat": 6.0456854754517835,
        "lon": -1.8419133103160734,
        "region": "Obuasi",
        "detected_at": "2026-07-13T08:51:51.219064",
        "model_version": "48px_v3.7_2024-01-10"
      }
    },
    {
      "type": "Feature",
      "geometry": {
        "type": "Point",
        "coordinates": [
          -1.8397401818000723,
          6.067438943354521
        ]
      },
      "properties": {
        "probability": 0.9857897758483887,
        "lat": 6.067438943354521,
        "lon": -1.8397401818000723,
        "region": "Obuasi",
        "detected_at": "2026-07-13T08:51:51.219154",
        "model_version": "48px_v3.7_2024-01-10"
      }
    },
    {
      "type": "Feature",
      "geometry": {
        "type": "Point",
        "coordinates": [
          -1.8397401818000723,
          6.054386862612879
        ]
      },
      "properties": {
        "probability": 0.9348168969154358,
        "lat": 6.054386862612879,
        "lon": -1.8397401818000723,
        "region": "Obuasi",
        "detected_at": "2026-07-13T08:51:51.219245",
        "model_version": "48px_v3.7_2024-01-10"
      }
    },
    {
      "type": "Feature",
      "geometry": {
        "type": "Point",
        "coordinates": [
          -1.8397401818000723,
          6.052211515822604
        ]
      },
      "properties": {
        "probability": 0.9489783048629761,
        "lat": 6.052211515822604,
        "lon": -1.8397401818000723,
        "region": "Obuasi",
        "detected_at": "2026-07-13T08:51:51.219334",
        "model_version": "48px_v3.7_2024-01-10"
      }
    },
    {
      "type": "Feature",
      "geometry": {
        "type": "Point",
        "coordinates": [
          -1.8397401818000723,
          6.0500361690323325
        ]
      },
      "properties": {
        "probability": 0.9880601167678833,
        "lat": 6.0500361690323325,
        "lon": -1.8397401818000723,
        "region": "Obuasi",
        "detected_at": "2026-07-13T08:51:51.219424",
        "model_version": "48px_v3.7_2024-01-10"
      }
    },
    {
      "type": "Feature",
      "geometry": {
        "type": "Point",
        "coordinates": [
          -1.8397401818000723,
          6.0478608222420585
        ]
      },
      "properties": {
        "probability": 0.9962629675865173,
        "lat": 6.0478608222420585,
        "lon": -1.8397401818000723,
        "region": "Obuasi",
        "detected_at": "2026-07-13T08:51:51.219555",
        "model_version": "48px_v3.7_2024-01-10"
      }
    },
    {
      "type": "Feature",
      "geometry": {
        "type": "Point",
        "coordinates": [
          -1.8397401818000723,
          6.045685475451783
        ]
      },
      "properties": {
        "probability": 0.9054354429244995,
        "lat": 6.045685475451783,
        "lon": -1.8397401818000723,
        "region": "Obuasi",
        "detected_at": "2026-07-13T08:51:51.219657",
        "model_version": "48px_v3.7_2024-01-10"
      }
    },
    {
      "type": "Feature",
      "geometry": {
        "type": "Point",
        "coordinates": [
          -1.8375670532840709,
          6.054386862612879
        ]
      },
      "properties": {
        "probability": 0.8147139549255371,
        "lat": 6.054386862612879,
        "lon": -1.8375670532840709,
        "region": "Obuasi",
        "detected_at": "2026-07-13T08:51:51.219751",
        "model_version": "48px_v3.7_2024-01-10"
      }
    },
    {
      "type": "Feature",
      "geometry": {
        "type": "Point",
        "coordinates": [
          -1.8353939247680697,
          6.091367758047535
        ]
      },
      "properties": {
        "probability": 0.9906066656112671,
        "lat": 6.091367758047535,
        "lon": -1.8353939247680697,
        "region": "Obuasi",
        "detected_at": "2026-07-13T08:51:51.219843",
        "model_version": "48px_v3.7_2024-01-10"
      }
    },
    {
      "type": "Feature",
      "geometry": {
        "type": "Point",
        "coordinates": [
          -1.8353939247680697,
          6.089192411257262
        ]
      },
      "properties": {
        "probability": 0.8013062477111816,
        "lat": 6.089192411257262,
        "lon": -1.8353939247680697,
        "region": "Obuasi",
        "detected_at": "2026-07-13T08:51:51.219934",
        "model_version": "48px_v3.7_2024-01-10"
      }
    },
    {
      "type": "Feature",
      "geometry": {
        "type": "Point",
        "coordinates": [
          -1.8353939247680697,
          6.050036169032331
        ]
      },
      "properties": {
        "probability": 0.8091827630996704,
        "lat": 6.050036169032331,
        "lon": -1.8353939247680697,
        "region": "Obuasi",
        "detected_at": "2026-07-13T08:51:51.220025",
        "model_version": "48px_v3.7_2024-01-10"
      }
    },
    {
      "type": "Feature",
      "geometry": {
        "type": "Point",
        "coordinates": [
          -1.833220796252069,
          6.089192411257261
        ]
      },
      "properties": {
        "probability": 0.9998425245285034,
        "lat": 6.089192411257261,
        "lon": -1.833220796252069,
        "region": "Obuasi",
        "detected_at": "2026-07-13T08:51:51.220116",
        "model_version": "48px_v3.7_2024-01-10"
      }
    },
    {
      "type": "Feature",
      "geometry": {
        "type": "Point",
        "coordinates": [
          -1.833220796252069,
          6.0826663708864395
        ]
      },
      "properties": {
        "probability": 0.9732645750045776,
        "lat": 6.0826663708864395,
        "lon": -1.833220796252069,
        "region": "Obuasi",
        "detected_at": "2026-07-13T08:51:51.220205",
        "model_version": "48px_v3.7_2024-01-10"
      }
    },
    {
      "type": "Feature",
      "geometry": {
        "type": "Point",
        "coordinates": [
          -1.8332207962520692,
          6.080491024096165
        ]
      },
      "properties": {
        "probability": 0.8944557309150696,
        "lat": 6.080491024096165,
        "lon": -1.8332207962520692,
        "region": "Obuasi",
        "detected_at": "2026-07-13T08:51:51.220295",
        "model_version": "48px_v3.7_2024-01-10"
      }
    },
    {
      "type": "Feature",
      "geometry": {
        "type": "Point",
        "coordinates": [
          -1.8332207962520692,
          6.076140330515616
        ]
      },
      "properties": {
        "probability": 0.9542132616043091,
        "lat": 6.076140330515616,
        "lon": -1.8332207962520692,
        "region": "Obuasi",
        "detected_at": "2026-07-13T08:51:51.220387",
        "model_version": "48px_v3.7_2024-01-10"
      }
    },
    {
      "type": "Feature",
      "geometry": {
        "type": "Point",
        "coordinates": [
          -1.8310476677360676,
          6.089192411257261
        ]
      },
      "properties": {
        "probability": 0.9992552995681763,
        "lat": 6.089192411257261,
        "lon": -1.8310476677360676,
        "region": "Obuasi",
        "detected_at": "2026-07-13T08:51:51.220517",
        "model_version": "48px_v3.7_2024-01-10"
      }
    },
    {
      "type": "Feature",
      "geometry": {
        "type": "Point",
        "coordinates": [
          -1.8310476677360672,
          6.087017064466987
        ]
      },
      "properties": {
        "probability": 0.9991975426673889,
        "lat": 6.087017064466987,
        "lon": -1.8310476677360672,
        "region": "Obuasi",
        "detected_at": "2026-07-13T08:51:51.220622",
        "model_version": "48px_v3.7_2024-01-10"
      }
    },
    {
      "type": "Feature",
      "geometry": {
        "type": "Point",
        "coordinates": [
          -1.8310476677360676,
          6.084841717676714
        ]
      },
      "properties": {
        "probability": 0.9999936819076538,
        "lat": 6.084841717676714,
        "lon": -1.8310476677360676,
        "region": "Obuasi",
        "detected_at": "2026-07-13T08:51:51.220715",
        "model_version": "48px_v3.7_2024-01-10"
      }
    },
    {
      "type": "Feature",
      "geometry": {
        "type": "Point",
        "coordinates": [
          -1.8310476677360676,
          6.0826663708864395
        ]
      },
      "properties": {
        "probability": 0.9954172968864441,
        "lat": 6.0826663708864395,
        "lon": -1.8310476677360676,
        "region": "Obuasi",
        "detected_at": "2026-07-13T08:51:51.220807",
        "model_version": "48px_v3.7_2024-01-10"
      }
    },
    {
      "type": "Feature",
      "geometry": {
        "type": "Point",
        "coordinates": [
          -1.8310476677360672,
          6.078315677305892
        ]
      },
      "properties": {
        "probability": 0.9746142625808716,
        "lat": 6.078315677305892,
        "lon": -1.8310476677360672,
        "region": "Obuasi",
        "detected_at": "2026-07-13T08:51:51.220900",
        "model_version": "48px_v3.7_2024-01-10"
      }
    },
    {
      "type": "Feature",
      "geometry": {
        "type": "Point",
        "coordinates": [
          -1.8310476677360672,
          6.076140330515616
        ]
      },
      "properties": {
        "probability": 0.9775177836418152,
        "lat": 6.076140330515616,
        "lon": -1.8310476677360672,
        "region": "Obuasi",
        "detected_at": "2026-07-13T08:51:51.220991",
        "model_version": "48px_v3.7_2024-01-10"
      }
    },
    {
      "type": "Feature",
      "geometry": {
        "type": "Point",
        "coordinates": [
          -1.828874539220067,
          6.087017064466988
        ]
      },
      "properties": {
        "probability": 0.9999022483825684,
        "lat": 6.087017064466988,
        "lon": -1.828874539220067,
        "region": "Obuasi",
        "detected_at": "2026-07-13T08:51:51.221084",
        "model_version": "48px_v3.7_2024-01-10"
      }
    },
    {
      "type": "Feature",
      "geometry": {
        "type": "Point",
        "coordinates": [
          -1.8288745392200667,
          6.084841717676714
        ]
      },
      "properties": {
        "probability": 0.9999968409538269,
        "lat": 6.084841717676714,
        "lon": -1.8288745392200667,
        "region": "Obuasi",
        "detected_at": "2026-07-13T08:51:51.221175",
        "model_version": "48px_v3.7_2024-01-10"
      }
    },
    {
      "type": "Feature",
      "geometry": {
        "type": "Point",
        "coordinates": [
          -1.8288745392200667,
          6.0826663708864395
        ]
      },
      "properties": {
        "probability": 0.9990991950035095,
        "lat": 6.0826663708864395,
        "lon": -1.8288745392200667,
        "region": "Obuasi",
        "detected_at": "2026-07-13T08:51:51.221267",
        "model_version": "48px_v3.7_2024-01-10"
      }
    },
    {
      "type": "Feature",
      "geometry": {
        "type": "Point",
        "coordinates": [
          -1.828874539220067,
          6.0804910240961645
        ]
      },
      "properties": {
        "probability": 0.9871591329574585,
        "lat": 6.0804910240961645,
        "lon": -1.828874539220067,
        "region": "Obuasi",
        "detected_at": "2026-07-13T08:51:51.221366",
        "model_version": "48px_v3.7_2024-01-10"
      }
    },
    {
      "type": "Feature",
      "geometry": {
        "type": "Point",
        "coordinates": [
          -1.828874539220067,
          6.078315677305891
        ]
      },
      "properties": {
        "probability": 0.9999725818634033,
        "lat": 6.078315677305891,
        "lon": -1.828874539220067,
        "region": "Obuasi",
        "detected_at": "2026-07-13T08:51:51.221483",
        "model_version": "48px_v3.7_2024-01-10"
      }
    },
    {
      "type": "Feature",
      "geometry": {
        "type": "Point",
        "coordinates": [
          -1.828874539220067,
          6.076140330515617
        ]
      },
      "properties": {
        "probability": 0.9997009038925171,
        "lat": 6.076140330515617,
        "lon": -1.828874539220067,
        "region": "Obuasi",
        "detected_at": "2026-07-13T08:51:51.221588",
        "model_version": "48px_v3.7_2024-01-10"
      }
    },
    {
      "type": "Feature",
      "geometry": {
        "type": "Point",
        "coordinates": [
          -1.828874539220067,
          6.058737556193425
        ]
      },
      "properties": {
        "probability": 0.9661197066307068,
        "lat": 6.058737556193425,
        "lon": -1.828874539220067,
        "region": "Obuasi",
        "detected_at": "2026-07-13T08:51:51.221682",
        "model_version": "48px_v3.7_2024-01-10"
      }
    },
    {
      "type": "Feature",
      "geometry": {
        "type": "Point",
        "coordinates": [
          -1.8267014107040656,
          6.0826663708864395
        ]
      },
      "properties": {
        "probability": 0.989413321018219,
        "lat": 6.0826663708864395,
        "lon": -1.8267014107040656,
        "region": "Obuasi",
        "detected_at": "2026-07-13T08:51:51.221772",
        "model_version": "48px_v3.7_2024-01-10"
      }
    },
    {
      "type": "Feature",
      "geometry": {
        "type": "Point",
        "coordinates": [
          -1.8267014107040658,
          6.080491024096165
        ]
      },
      "properties": {
        "probability": 0.9999865889549255,
        "lat": 6.080491024096165,
        "lon": -1.8267014107040658,
        "region": "Obuasi",
        "detected_at": "2026-07-13T08:51:51.221864",
        "model_version": "48px_v3.7_2024-01-10"
      }
    },
    {
      "type": "Feature",
      "geometry": {
        "type": "Point",
        "coordinates": [
          -1.8267014107040658,
          6.078315677305892
        ]
      },
      "properties": {
        "probability": 0.9999926090240479,
        "lat": 6.078315677305892,
        "lon": -1.8267014107040658,
        "region": "Obuasi",
        "detected_at": "2026-07-13T08:51:51.221955",
        "model_version": "48px_v3.7_2024-01-10"
      }
    },
    {
      "type": "Feature",
      "geometry": {
        "type": "Point",
        "coordinates": [
          -1.8267014107040658,
          6.076140330515616
        ]
      },
      "properties": {
        "probability": 0.9903399348258972,
        "lat": 6.076140330515616,
        "lon": -1.8267014107040658,
        "region": "Obuasi",
        "detected_at": "2026-07-13T08:51:51.222044",
        "model_version": "48px_v3.7_2024-01-10"
      }
    },
    {
      "type": "Feature",
      "geometry": {
        "type": "Point",
        "coordinates": [
          -1.8267014107040656,
          6.073964983725344
        ]
      },
      "properties": {
        "probability": 0.9791061878204346,
        "lat": 6.073964983725344,
        "lon": -1.8267014107040656,
        "region": "Obuasi",
        "detected_at": "2026-07-13T08:51:51.222134",
        "model_version": "48px_v3.7_2024-01-10"
      }
    },
    {
      "type": "Feature",
      "geometry": {
        "type": "Point",
        "coordinates": [
          -1.8267014107040658,
          6.0587375561934245
        ]
      },
      "properties": {
        "probability": 0.9790160059928894,
        "lat": 6.0587375561934245,
        "lon": -1.8267014107040658,
        "region": "Obuasi",
        "detected_at": "2026-07-13T08:51:51.222225",
        "model_version": "48px_v3.7_2024-01-10"
      }
    },
    {
      "type": "Feature",
      "geometry": {
        "type": "Point",
        "coordinates": [
          -1.8245282821880646,
          6.084841717676714
        ]
      },
      "properties": {
        "probability": 0.8847880959510803,
        "lat": 6.084841717676714,
        "lon": -1.8245282821880646,
        "region": "Obuasi",
        "detected_at": "2026-07-13T08:51:51.222315",
        "model_version": "48px_v3.7_2024-01-10"
      }
    },
    {
      "type": "Feature",
      "geometry": {
        "type": "Point",
        "coordinates": [
          -1.8245282821880646,
          6.0826663708864395
        ]
      },
      "properties": {
        "probability": 0.9941557049751282,
        "lat": 6.0826663708864395,
        "lon": -1.8245282821880646,
        "region": "Obuasi",
        "detected_at": "2026-07-13T08:51:51.222405",
        "model_version": "48px_v3.7_2024-01-10"
      }
    },
    {
      "type": "Feature",
      "geometry": {
        "type": "Point",
        "coordinates": [
          -1.8245282821880646,
          6.080491024096165
        ]
      },
      "properties": {
        "probability": 0.9998935461044312,
        "lat": 6.080491024096165,
        "lon": -1.8245282821880646,
        "region": "Obuasi",
        "detected_at": "2026-07-13T08:51:51.222519",
        "model_version": "48px_v3.7_2024-01-10"
      }
    },
    {
      "type": "Feature",
      "geometry": {
        "type": "Point",
        "coordinates": [
          -1.8245282821880646,
          6.078315677305892
        ]
      },
      "properties": {
        "probability": 0.9985520243644714,
        "lat": 6.078315677305892,
        "lon": -1.8245282821880646,
        "region": "Obuasi",
        "detected_at": "2026-07-13T08:51:51.222612",
        "model_version": "48px_v3.7_2024-01-10"
      }
    },
    {
      "type": "Feature",
      "geometry": {
        "type": "Point",
        "coordinates": [
          -1.8245282821880646,
          6.076140330515616
        ]
      },
      "properties": {
        "probability": 0.9954746961593628,
        "lat": 6.076140330515616,
        "lon": -1.8245282821880646,
        "region": "Obuasi",
        "detected_at": "2026-07-13T08:51:51.222796",
        "model_version": "48px_v3.7_2024-01-10"
      }
    },
    {
      "type": "Feature",
      "geometry": {
        "type": "Point",
        "coordinates": [
          -1.8245282821880646,
          6.073964983725344
        ]
      },
      "properties": {
        "probability": 0.9367290735244751,
        "lat": 6.073964983725344,
        "lon": -1.8245282821880646,
        "region": "Obuasi",
        "detected_at": "2026-07-13T08:51:51.222889",
        "model_version": "48px_v3.7_2024-01-10"
      }
    },
    {
      "type": "Feature",
      "geometry": {
        "type": "Point",
        "coordinates": [
          -1.8245282821880646,
          6.07178963693507
        ]
      },
      "properties": {
        "probability": 0.9650654196739197,
        "lat": 6.07178963693507,
        "lon": -1.8245282821880646,
        "region": "Obuasi",
        "detected_at": "2026-07-13T08:51:51.222978",
        "model_version": "48px_v3.7_2024-01-10"
      }
    },
    {
      "type": "Feature",
      "geometry": {
        "type": "Point",
        "coordinates": [
          -1.8245282821880646,
          6.069614290144796
        ]
      },
      "properties": {
        "probability": 0.8269064426422119,
        "lat": 6.069614290144796,
        "lon": -1.8245282821880646,
        "region": "Obuasi",
        "detected_at": "2026-07-13T08:51:51.223069",
        "model_version": "48px_v3.7_2024-01-10"
      }
    },
    {
      "type": "Feature",
      "geometry": {
        "type": "Point",
        "coordinates": [
          -1.8245282821880646,
          6.067438943354521
        ]
      },
      "properties": {
        "probability": 0.8524749279022217,
        "lat": 6.067438943354521,
        "lon": -1.8245282821880646,
        "region": "Obuasi",
        "detected_at": "2026-07-13T08:51:51.223158",
        "model_version": "48px_v3.7_2024-01-10"
      }
    },
    {
      "type": "Feature",
      "geometry": {
        "type": "Point",
        "coordinates": [
          -1.8245282821880646,
          6.063088249773974
        ]
      },
      "properties": {
        "probability": 0.9941102266311646,
        "lat": 6.063088249773974,
        "lon": -1.8245282821880646,
        "region": "Obuasi",
        "detected_at": "2026-07-13T08:51:51.223248",
        "model_version": "48px_v3.7_2024-01-10"
      }
    },
    {
      "type": "Feature",
      "geometry": {
        "type": "Point",
        "coordinates": [
          -1.8245282821880646,
          6.0609129029837
        ]
      },
      "properties": {
        "probability": 0.9977538585662842,
        "lat": 6.0609129029837,
        "lon": -1.8245282821880646,
        "region": "Obuasi",
        "detected_at": "2026-07-13T08:51:51.223349",
        "model_version": "48px_v3.7_2024-01-10"
      }
    },
    {
      "type": "Feature",
      "geometry": {
        "type": "Point",
        "coordinates": [
          -1.8245282821880646,
          6.0587375561934245
        ]
      },
      "properties": {
        "probability": 0.9953616261482239,
        "lat": 6.0587375561934245,
        "lon": -1.8245282821880646,
        "region": "Obuasi",
        "detected_at": "2026-07-13T08:51:51.223467",
        "model_version": "48px_v3.7_2024-01-10"
      }
    },
    {
      "type": "Feature",
      "geometry": {
        "type": "Point",
        "coordinates": [
          -1.8245282821880646,
          6.056562209403152
        ]
      },
      "properties": {
        "probability": 0.9301208257675171,
        "lat": 6.056562209403152,
        "lon": -1.8245282821880646,
        "region": "Obuasi",
        "detected_at": "2026-07-13T08:51:51.223567",
        "model_version": "48px_v3.7_2024-01-10"
      }
    },
    {
      "type": "Feature",
      "geometry": {
        "type": "Point",
        "coordinates": [
          -1.8223551536720637,
          6.084841717676714
        ]
      },
      "properties": {
        "probability": 0.9713687300682068,
        "lat": 6.084841717676714,
        "lon": -1.8223551536720637,
        "region": "Obuasi",
        "detected_at": "2026-07-13T08:51:51.223659",
        "model_version": "48px_v3.7_2024-01-10"
      }
    },
    {
      "type": "Feature",
      "geometry": {
        "type": "Point",
        "coordinates": [
          -1.8223551536720635,
          6.0609129029836994
        ]
      },
      "properties": {
        "probability": 0.9761109948158264,
        "lat": 6.0609129029836994,
        "lon": -1.8223551536720635,
        "region": "Obuasi",
        "detected_at": "2026-07-13T08:51:51.223750",
        "model_version": "48px_v3.7_2024-01-10"
      }
    },
    {
      "type": "Feature",
      "geometry": {
        "type": "Point",
        "coordinates": [
          -1.8223551536720635,
          6.058737556193425
        ]
      },
      "properties": {
        "probability": 0.9844166040420532,
        "lat": 6.058737556193425,
        "lon": -1.8223551536720635,
        "region": "Obuasi",
        "detected_at": "2026-07-13T08:51:51.223840",
        "model_version": "48px_v3.7_2024-01-10"
      }
    },
    {
      "type": "Feature",
      "geometry": {
        "type": "Point",
        "coordinates": [
          -1.8223551536720637,
          6.056562209403152
        ]
      },
      "properties": {
        "probability": 0.9994553923606873,
        "lat": 6.056562209403152,
        "lon": -1.8223551536720637,
        "region": "Obuasi",
        "detected_at": "2026-07-13T08:51:51.223931",
        "model_version": "48px_v3.7_2024-01-10"
      }
    },
    {
      "type": "Feature",
      "geometry": {
        "type": "Point",
        "coordinates": [
          -1.8223551536720635,
          6.0456854754517835
        ]
      },
      "properties": {
        "probability": 0.9686086177825928,
        "lat": 6.0456854754517835,
        "lon": -1.8223551536720635,
        "region": "Obuasi",
        "detected_at": "2026-07-13T08:51:51.224021",
        "model_version": "48px_v3.7_2024-01-10"
      }
    },
    {
      "type": "Feature",
      "geometry": {
        "type": "Point",
        "coordinates": [
          -1.8201820251560623,
          6.076140330515616
        ]
      },
      "properties": {
        "probability": 0.8642861247062683,
        "lat": 6.076140330515616,
        "lon": -1.8201820251560623,
        "region": "Obuasi",
        "detected_at": "2026-07-13T08:51:51.224119",
        "model_version": "48px_v3.7_2024-01-10"
      }
    },
    {
      "type": "Feature",
      "geometry": {
        "type": "Point",
        "coordinates": [
          -1.8201820251560625,
          6.073964983725344
        ]
      },
      "properties": {
        "probability": 0.9184156060218811,
        "lat": 6.073964983725344,
        "lon": -1.8201820251560625,
        "region": "Obuasi",
        "detected_at": "2026-07-13T08:51:51.224211",
        "model_version": "48px_v3.7_2024-01-10"
      }
    },
    {
      "type": "Feature",
      "geometry": {
        "type": "Point",
        "coordinates": [
          -1.8201820251560625,
          6.0500361690323325
        ]
      },
      "properties": {
        "probability": 0.9985253214836121,
        "lat": 6.0500361690323325,
        "lon": -1.8201820251560625,
        "region": "Obuasi",
        "detected_at": "2026-07-13T08:51:51.224302",
        "model_version": "48px_v3.7_2024-01-10"
      }
    },
    {
      "type": "Feature",
      "geometry": {
        "type": "Point",
        "coordinates": [
          -1.8201820251560625,
          6.0478608222420585
        ]
      },
      "properties": {
        "probability": 0.9820695519447327,
        "lat": 6.0478608222420585,
        "lon": -1.8201820251560625,
        "region": "Obuasi",
        "detected_at": "2026-07-13T08:51:51.224394",
        "model_version": "48px_v3.7_2024-01-10"
      }
    },
    {
      "type": "Feature",
      "geometry": {
        "type": "Point",
        "coordinates": [
          -1.818008896640061,
          6.0500361690323325
        ]
      },
      "properties": {
        "probability": 0.9995241761207581,
        "lat": 6.0500361690323325,
        "lon": -1.818008896640061,
        "region": "Obuasi",
        "detected_at": "2026-07-13T08:51:51.224516",
        "model_version": "48px_v3.7_2024-01-10"
      }
    },
    {
      "type": "Feature",
      "geometry": {
        "type": "Point",
        "coordinates": [
          -1.818008896640061,
          6.0478608222420585
        ]
      },
      "properties": {
        "probability": 0.867331326007843,
        "lat": 6.0478608222420585,
        "lon": -1.818008896640061,
        "region": "Obuasi",
        "detected_at": "2026-07-13T08:51:51.224623",
        "model_version": "48px_v3.7_2024-01-10"
      }
    },
    {
      "type": "Feature",
      "geometry": {
        "type": "Point",
        "coordinates": [
          -1.8180088966400612,
          6.045685475451783
        ]
      },
      "properties": {
        "probability": 0.944962739944458,
        "lat": 6.045685475451783,
        "lon": -1.8180088966400612,
        "region": "Obuasi",
        "detected_at": "2026-07-13T08:51:51.224717",
        "model_version": "48px_v3.7_2024-01-10"
      }
    },
    {
      "type": "Feature",
      "geometry": {
        "type": "Point",
        "coordinates": [
          -1.8158357681240602,
          6.087017064466988
        ]
      },
      "properties": {
        "probability": 0.8774358034133911,
        "lat": 6.087017064466988,
        "lon": -1.8158357681240602,
        "region": "Obuasi",
        "detected_at": "2026-07-13T08:51:51.224809",
        "model_version": "48px_v3.7_2024-01-10"
      }
    },
    {
      "type": "Feature",
      "geometry": {
        "type": "Point",
        "coordinates": [
          -1.8136626396080593,
          6.087017064466987
        ]
      },
      "properties": {
        "probability": 0.9916360974311829,
        "lat": 6.087017064466987,
        "lon": -1.8136626396080593,
        "region": "Obuasi",
        "detected_at": "2026-07-13T08:51:51.224901",
        "model_version": "48px_v3.7_2024-01-10"
      }
    },
    {
      "type": "Feature",
      "geometry": {
        "type": "Point",
        "coordinates": [
          -1.811489511092058,
          6.089192411257261
        ]
      },
      "properties": {
        "probability": 0.9991689324378967,
        "lat": 6.089192411257261,
        "lon": -1.811489511092058,
        "region": "Obuasi",
        "detected_at": "2026-07-13T08:51:51.224992",
        "model_version": "48px_v3.7_2024-01-10"
      }
    },
    {
      "type": "Feature",
      "geometry": {
        "type": "Point",
        "coordinates": [
          -1.8114895110920581,
          6.087017064466987
        ]
      },
      "properties": {
        "probability": 0.9972347617149353,
        "lat": 6.087017064466987,
        "lon": -1.8114895110920581,
        "region": "Obuasi",
        "detected_at": "2026-07-13T08:51:51.225083",
        "model_version": "48px_v3.7_2024-01-10"
      }
    },
    {
      "type": "Feature",
      "geometry": {
        "type": "Point",
        "coordinates": [
          -1.809316382576057,
          6.091367758047535
        ]
      },
      "properties": {
        "probability": 0.9962759613990784,
        "lat": 6.091367758047535,
        "lon": -1.809316382576057,
        "region": "Obuasi",
        "detected_at": "2026-07-13T08:51:51.225181",
        "model_version": "48px_v3.7_2024-01-10"
      }
    },
    {
      "type": "Feature",
      "geometry": {
        "type": "Point",
        "coordinates": [
          -1.809316382576057,
          6.089192411257262
        ]
      },
      "properties": {
        "probability": 0.9255849719047546,
        "lat": 6.089192411257262,
        "lon": -1.809316382576057,
        "region": "Obuasi",
        "detected_at": "2026-07-13T08:51:51.225273",
        "model_version": "48px_v3.7_2024-01-10"
      }
    },
    {
      "type": "Feature",
      "geometry": {
        "type": "Point",
        "coordinates": [
          -1.8049701255440547,
          6.0587375561934245
        ]
      },
      "properties": {
        "probability": 0.973812460899353,
        "lat": 6.0587375561934245,
        "lon": -1.8049701255440547,
        "region": "Obuasi",
        "detected_at": "2026-07-13T08:51:51.225372",
        "model_version": "48px_v3.7_2024-01-10"
      }
    },
    {
      "type": "Feature",
      "geometry": {
        "type": "Point",
        "coordinates": [
          -1.8049701255440547,
          6.056562209403152
        ]
      },
      "properties": {
        "probability": 0.9999998211860657,
        "lat": 6.056562209403152,
        "lon": -1.8049701255440547,
        "region": "Obuasi",
        "detected_at": "2026-07-13T08:51:51.225485",
        "model_version": "48px_v3.7_2024-01-10"
      }
    },
    {
      "type": "Feature",
      "geometry": {
        "type": "Point",
        "coordinates": [
          -1.8049701255440547,
          6.054386862612879
        ]
      },
      "properties": {
        "probability": 0.9999990463256836,
        "lat": 6.054386862612879,
        "lon": -1.8049701255440547,
        "region": "Obuasi",
        "detected_at": "2026-07-13T08:51:51.225583",
        "model_version": "48px_v3.7_2024-01-10"
      }
    },
    {
      "type": "Feature",
      "geometry": {
        "type": "Point",
        "coordinates": [
          -1.7421790636730161,
          6.051973663020121
        ]
      },
      "properties": {
        "probability": 0.8395787477493286,
        "lat": 6.051973663020121,
        "lon": -1.7421790636730161,
        "region": "Obuasi",
        "detected_at": "2026-07-13T08:51:51.225676",
        "model_version": "48px_v3.7_2024-01-10"
      }
    },
    {
      "type": "Feature",
      "geometry": {
        "type": "Point",
        "coordinates": [
          -1.7400056044468049,
          6.051973663020121
        ]
      },
      "properties": {
        "probability": 0.9860007166862488,
        "lat": 6.051973663020121,
        "lon": -1.7400056044468049,
        "region": "Obuasi",
        "detected_at": "2026-07-13T08:51:51.225766",
        "model_version": "48px_v3.7_2024-01-10"
      }
    },
    {
      "type": "Feature",
      "geometry": {
        "type": "Point",
        "coordinates": [
          -1.7400056044468049,
          6.049797984219466
        ]
      },
      "properties": {
        "probability": 0.9865080118179321,
        "lat": 6.049797984219466,
        "lon": -1.7400056044468049,
        "region": "Obuasi",
        "detected_at": "2026-07-13T08:51:51.225858",
        "model_version": "48px_v3.7_2024-01-10"
      }
    },
    {
      "type": "Feature",
      "geometry": {
        "type": "Point",
        "coordinates": [
          -1.7400056044468049,
          6.047622305418812
        ]
      },
      "properties": {
        "probability": 0.9876585602760315,
        "lat": 6.047622305418812,
        "lon": -1.7400056044468049,
        "region": "Obuasi",
        "detected_at": "2026-07-13T08:51:51.225950",
        "model_version": "48px_v3.7_2024-01-10"
      }
    },
    {
      "type": "Feature",
      "geometry": {
        "type": "Point",
        "coordinates": [
          -1.7400056044468049,
          6.0454466266181575
        ]
      },
      "properties": {
        "probability": 0.9997638463973999,
        "lat": 6.0454466266181575,
        "lon": -1.7400056044468049,
        "region": "Obuasi",
        "detected_at": "2026-07-13T08:51:51.226044",
        "model_version": "48px_v3.7_2024-01-10"
      }
    },
    {
      "type": "Feature",
      "geometry": {
        "type": "Point",
        "coordinates": [
          -1.7378321452205938,
          6.051973663020121
        ]
      },
      "properties": {
        "probability": 0.9699805378913879,
        "lat": 6.051973663020121,
        "lon": -1.7378321452205938,
        "region": "Obuasi",
        "detected_at": "2026-07-13T08:51:51.226136",
        "model_version": "48px_v3.7_2024-01-10"
      }
    },
    {
      "type": "Feature",
      "geometry": {
        "type": "Point",
        "coordinates": [
          -1.7378321452205938,
          6.049797984219468
        ]
      },
      "properties": {
        "probability": 0.9557797312736511,
        "lat": 6.049797984219468,
        "lon": -1.7378321452205938,
        "region": "Obuasi",
        "detected_at": "2026-07-13T08:51:51.226227",
        "model_version": "48px_v3.7_2024-01-10"
      }
    },
    {
      "type": "Feature",
      "geometry": {
        "type": "Point",
        "coordinates": [
          -1.7356586859943826,
          6.054149341820777
        ]
      },
      "properties": {
        "probability": 0.8083174228668213,
        "lat": 6.054149341820777,
        "lon": -1.7356586859943826,
        "region": "Obuasi",
        "detected_at": "2026-07-13T08:51:51.226320",
        "model_version": "48px_v3.7_2024-01-10"
      }
    },
    {
      "type": "Feature",
      "geometry": {
        "type": "Point",
        "coordinates": [
          -1.7356586859943826,
          6.051973663020121
        ]
      },
      "properties": {
        "probability": 0.9851642847061157,
        "lat": 6.051973663020121,
        "lon": -1.7356586859943826,
        "region": "Obuasi",
        "detected_at": "2026-07-13T08:51:51.226410",
        "model_version": "48px_v3.7_2024-01-10"
      }
    },
    {
      "type": "Feature",
      "geometry": {
        "type": "Point",
        "coordinates": [
          -1.7356586859943826,
          6.049797984219466
        ]
      },
      "properties": {
        "probability": 0.9058538675308228,
        "lat": 6.049797984219466,
        "lon": -1.7356586859943826,
        "region": "Obuasi",
        "detected_at": "2026-07-13T08:51:51.226527",
        "model_version": "48px_v3.7_2024-01-10"
      }
    },
    {
      "type": "Feature",
      "geometry": {
        "type": "Point",
        "coordinates": [
          -1.7334852267681717,
          6.054149341820777
        ]
      },
      "properties": {
        "probability": 0.8197024464607239,
        "lat": 6.054149341820777,
        "lon": -1.7334852267681717,
        "region": "Obuasi",
        "detected_at": "2026-07-13T08:51:51.226624",
        "model_version": "48px_v3.7_2024-01-10"
      }
    },
    {
      "type": "Feature",
      "geometry": {
        "type": "Point",
        "coordinates": [
          -1.7334852267681717,
          6.051973663020121
        ]
      },
      "properties": {
        "probability": 0.9998932480812073,
        "lat": 6.051973663020121,
        "lon": -1.7334852267681717,
        "region": "Obuasi",
        "detected_at": "2026-07-13T08:51:51.226716",
        "model_version": "48px_v3.7_2024-01-10"
      }
    },
    {
      "type": "Feature",
      "geometry": {
        "type": "Point",
        "coordinates": [
          -1.7334852267681717,
          6.049797984219466
        ]
      },
      "properties": {
        "probability": 0.9800163507461548,
        "lat": 6.049797984219466,
        "lon": -1.7334852267681717,
        "region": "Obuasi",
        "detected_at": "2026-07-13T08:51:51.226807",
        "model_version": "48px_v3.7_2024-01-10"
      }
    },
    {
      "type": "Feature",
      "geometry": {
        "type": "Point",
        "coordinates": [
          -1.7313117675419607,
          6.051973663020121
        ]
      },
      "properties": {
        "probability": 0.9929335713386536,
        "lat": 6.051973663020121,
        "lon": -1.7313117675419607,
        "region": "Obuasi",
        "detected_at": "2026-07-13T08:51:51.226949",
        "model_version": "48px_v3.7_2024-01-10"
      }
    },
    {
      "type": "Feature",
      "geometry": {
        "type": "Point",
        "coordinates": [
          -1.7313117675419607,
          6.049797984219468
        ]
      },
      "properties": {
        "probability": 0.9260364770889282,
        "lat": 6.049797984219468,
        "lon": -1.7313117675419607,
        "region": "Obuasi",
        "detected_at": "2026-07-13T08:51:51.227056",
        "model_version": "48px_v3.7_2024-01-10"
      }
    },
    {
      "type": "Feature",
      "geometry": {
        "type": "Point",
        "coordinates": [
          -1.7291383083157492,
          6.065027735824052
        ]
      },
      "properties": {
        "probability": 0.9999016523361206,
        "lat": 6.065027735824052,
        "lon": -1.7291383083157492,
        "region": "Obuasi",
        "detected_at": "2026-07-13T08:51:51.227150",
        "model_version": "48px_v3.7_2024-01-10"
      }
    },
    {
      "type": "Feature",
      "geometry": {
        "type": "Point",
        "coordinates": [
          -1.7291383083157492,
          6.062852057023397
        ]
      },
      "properties": {
        "probability": 0.9999819397926331,
        "lat": 6.062852057023397,
        "lon": -1.7291383083157492,
        "region": "Obuasi",
        "detected_at": "2026-07-13T08:51:51.227250",
        "model_version": "48px_v3.7_2024-01-10"
      }
    },
    {
      "type": "Feature",
      "geometry": {
        "type": "Point",
        "coordinates": [
          -1.7291383083157492,
          6.060676378222743
        ]
      },
      "properties": {
        "probability": 0.9974638819694519,
        "lat": 6.060676378222743,
        "lon": -1.7291383083157492,
        "region": "Obuasi",
        "detected_at": "2026-07-13T08:51:51.227343",
        "model_version": "48px_v3.7_2024-01-10"
      }
    },
    {
      "type": "Feature",
      "geometry": {
        "type": "Point",
        "coordinates": [
          -1.7291383083157492,
          6.058500699422087
        ]
      },
      "properties": {
        "probability": 0.9202187657356262,
        "lat": 6.058500699422087,
        "lon": -1.7291383083157492,
        "region": "Obuasi",
        "detected_at": "2026-07-13T08:51:51.227435",
        "model_version": "48px_v3.7_2024-01-10"
      }
    },
    {
      "type": "Feature",
      "geometry": {
        "type": "Point",
        "coordinates": [
          -1.7291383083157492,
          6.056325020621432
        ]
      },
      "properties": {
        "probability": 0.9612048864364624,
        "lat": 6.056325020621432,
        "lon": -1.7291383083157492,
        "region": "Obuasi",
        "detected_at": "2026-07-13T08:51:51.227560",
        "model_version": "48px_v3.7_2024-01-10"
      }
    },
    {
      "type": "Feature",
      "geometry": {
        "type": "Point",
        "coordinates": [
          -1.7291383083157492,
          6.054149341820777
        ]
      },
      "properties": {
        "probability": 0.9973023533821106,
        "lat": 6.054149341820777,
        "lon": -1.7291383083157492,
        "region": "Obuasi",
        "detected_at": "2026-07-13T08:51:51.227656",
        "model_version": "48px_v3.7_2024-01-10"
      }
    },
    {
      "type": "Feature",
      "geometry": {
        "type": "Point",
        "coordinates": [
          -1.7269648490895386,
          6.071554772226016
        ]
      },
      "properties": {
        "probability": 0.8785490989685059,
        "lat": 6.071554772226016,
        "lon": -1.7269648490895386,
        "region": "Obuasi",
        "detected_at": "2026-07-13T08:51:51.227748",
        "model_version": "48px_v3.7_2024-01-10"
      }
    },
    {
      "type": "Feature",
      "geometry": {
        "type": "Point",
        "coordinates": [
          -1.7269648490895384,
          6.069379093425361
        ]
      },
      "properties": {
        "probability": 0.9854385256767273,
        "lat": 6.069379093425361,
        "lon": -1.7269648490895384,
        "region": "Obuasi",
        "detected_at": "2026-07-13T08:51:51.227841",
        "model_version": "48px_v3.7_2024-01-10"
      }
    },
    {
      "type": "Feature",
      "geometry": {
        "type": "Point",
        "coordinates": [
          -1.7269648490895384,
          6.067203414624708
        ]
      },
      "properties": {
        "probability": 0.9860713481903076,
        "lat": 6.067203414624708,
        "lon": -1.7269648490895384,
        "region": "Obuasi",
        "detected_at": "2026-07-13T08:51:51.227932",
        "model_version": "48px_v3.7_2024-01-10"
      }
    },
    {
      "type": "Feature",
      "geometry": {
        "type": "Point",
        "coordinates": [
          -1.7269648490895386,
          6.065027735824052
        ]
      },
      "properties": {
        "probability": 0.9999287724494934,
        "lat": 6.065027735824052,
        "lon": -1.7269648490895386,
        "region": "Obuasi",
        "detected_at": "2026-07-13T08:51:51.228024",
        "model_version": "48px_v3.7_2024-01-10"
      }
    },
    {
      "type": "Feature",
      "geometry": {
        "type": "Point",
        "coordinates": [
          -1.7269648490895386,
          6.062852057023397
        ]
      },
      "properties": {
        "probability": 0.9980525374412537,
        "lat": 6.062852057023397,
        "lon": -1.7269648490895386,
        "region": "Obuasi",
        "detected_at": "2026-07-13T08:51:51.228114",
        "model_version": "48px_v3.7_2024-01-10"
      }
    },
    {
      "type": "Feature",
      "geometry": {
        "type": "Point",
        "coordinates": [
          -1.7269648490895386,
          6.058500699422087
        ]
      },
      "properties": {
        "probability": 0.8682019114494324,
        "lat": 6.058500699422087,
        "lon": -1.7269648490895386,
        "region": "Obuasi",
        "detected_at": "2026-07-13T08:51:51.228205",
        "model_version": "48px_v3.7_2024-01-10"
      }
    },
    {
      "type": "Feature",
      "geometry": {
        "type": "Point",
        "coordinates": [
          -1.7269648490895386,
          6.056325020621432
        ]
      },
      "properties": {
        "probability": 0.998503565788269,
        "lat": 6.056325020621432,
        "lon": -1.7269648490895386,
        "region": "Obuasi",
        "detected_at": "2026-07-13T08:51:51.228297",
        "model_version": "48px_v3.7_2024-01-10"
      }
    },
    {
      "type": "Feature",
      "geometry": {
        "type": "Point",
        "coordinates": [
          -1.7269648490895386,
          6.054149341820777
        ]
      },
      "properties": {
        "probability": 0.989482581615448,
        "lat": 6.054149341820777,
        "lon": -1.7269648490895386,
        "region": "Obuasi",
        "detected_at": "2026-07-13T08:51:51.228388",
        "model_version": "48px_v3.7_2024-01-10"
      }
    },
    {
      "type": "Feature",
      "geometry": {
        "type": "Point",
        "coordinates": [
          -1.7247913898633271,
          6.073730451026671
        ]
      },
      "properties": {
        "probability": 0.995427668094635,
        "lat": 6.073730451026671,
        "lon": -1.7247913898633271,
        "region": "Obuasi",
        "detected_at": "2026-07-13T08:51:51.228501",
        "model_version": "48px_v3.7_2024-01-10"
      }
    },
    {
      "type": "Feature",
      "geometry": {
        "type": "Point",
        "coordinates": [
          -1.7247913898633271,
          6.0715547722260155
        ]
      },
      "properties": {
        "probability": 0.9970865249633789,
        "lat": 6.0715547722260155,
        "lon": -1.7247913898633271,
        "region": "Obuasi",
        "detected_at": "2026-07-13T08:51:51.228600",
        "model_version": "48px_v3.7_2024-01-10"
      }
    },
    {
      "type": "Feature",
      "geometry": {
        "type": "Point",
        "coordinates": [
          -1.7247913898633271,
          6.069379093425361
        ]
      },
      "properties": {
        "probability": 0.9838802218437195,
        "lat": 6.069379093425361,
        "lon": -1.7247913898633271,
        "region": "Obuasi",
        "detected_at": "2026-07-13T08:51:51.228691",
        "model_version": "48px_v3.7_2024-01-10"
      }
    },
    {
      "type": "Feature",
      "geometry": {
        "type": "Point",
        "coordinates": [
          -1.7247913898633271,
          6.067203414624707
        ]
      },
      "properties": {
        "probability": 0.9553068280220032,
        "lat": 6.067203414624707,
        "lon": -1.7247913898633271,
        "region": "Obuasi",
        "detected_at": "2026-07-13T08:51:51.228783",
        "model_version": "48px_v3.7_2024-01-10"
      }
    },
    {
      "type": "Feature",
      "geometry": {
        "type": "Point",
        "coordinates": [
          -1.7247913898633271,
          6.056325020621432
        ]
      },
      "properties": {
        "probability": 0.9942263960838318,
        "lat": 6.056325020621432,
        "lon": -1.7247913898633271,
        "region": "Obuasi",
        "detected_at": "2026-07-13T08:51:51.228874",
        "model_version": "48px_v3.7_2024-01-10"
      }
    },
    {
      "type": "Feature",
      "geometry": {
        "type": "Point",
        "coordinates": [
          -1.7247913898633271,
          6.054149341820777
        ]
      },
      "properties": {
        "probability": 0.9707127213478088,
        "lat": 6.054149341820777,
        "lon": -1.7247913898633271,
        "region": "Obuasi",
        "detected_at": "2026-07-13T08:51:51.228965",
        "model_version": "48px_v3.7_2024-01-10"
      }
    },
    {
      "type": "Feature",
      "geometry": {
        "type": "Point",
        "coordinates": [
          -1.7226179306371157,
          6.056325020621432
        ]
      },
      "properties": {
        "probability": 0.9703636765480042,
        "lat": 6.056325020621432,
        "lon": -1.7226179306371157,
        "region": "Obuasi",
        "detected_at": "2026-07-13T08:51:51.229060",
        "model_version": "48px_v3.7_2024-01-10"
      }
    },
    {
      "type": "Feature",
      "geometry": {
        "type": "Point",
        "coordinates": [
          -1.720444471410905,
          6.058500699422087
        ]
      },
      "properties": {
        "probability": 0.940268874168396,
        "lat": 6.058500699422087,
        "lon": -1.720444471410905,
        "region": "Obuasi",
        "detected_at": "2026-07-13T08:51:51.229160",
        "model_version": "48px_v3.7_2024-01-10"
      }
    },
    {
      "type": "Feature",
      "geometry": {
        "type": "Point",
        "coordinates": [
          -1.720444471410905,
          6.056325020621432
        ]
      },
      "properties": {
        "probability": 0.9634209871292114,
        "lat": 6.056325020621432,
        "lon": -1.720444471410905,
        "region": "Obuasi",
        "detected_at": "2026-07-13T08:51:51.229253",
        "model_version": "48px_v3.7_2024-01-10"
      }
    },
    {
      "type": "Feature",
      "geometry": {
        "type": "Point",
        "coordinates": [
          -1.720444471410905,
          6.054149341820777
        ]
      },
      "properties": {
        "probability": 0.8275484442710876,
        "lat": 6.054149341820777,
        "lon": -1.720444471410905,
        "region": "Obuasi",
        "detected_at": "2026-07-13T08:51:51.229344",
        "model_version": "48px_v3.7_2024-01-10"
      }
    },
    {
      "type": "Feature",
      "geometry": {
        "type": "Point",
        "coordinates": [
          -1.7182710121846938,
          6.060676378222743
        ]
      },
      "properties": {
        "probability": 0.9685220718383789,
        "lat": 6.060676378222743,
        "lon": -1.7182710121846938,
        "region": "Obuasi",
        "detected_at": "2026-07-13T08:51:51.229435",
        "model_version": "48px_v3.7_2024-01-10"
      }
    },
    {
      "type": "Feature",
      "geometry": {
        "type": "Point",
        "coordinates": [
          -1.7182710121846938,
          6.058500699422087
        ]
      },
      "properties": {
        "probability": 0.9887951016426086,
        "lat": 6.058500699422087,
        "lon": -1.7182710121846938,
        "region": "Obuasi",
        "detected_at": "2026-07-13T08:51:51.229553",
        "model_version": "48px_v3.7_2024-01-10"
      }
    },
    {
      "type": "Feature",
      "geometry": {
        "type": "Point",
        "coordinates": [
          -1.7182710121846938,
          6.056325020621432
        ]
      },
      "properties": {
        "probability": 0.9958233833312988,
        "lat": 6.056325020621432,
        "lon": -1.7182710121846938,
        "region": "Obuasi",
        "detected_at": "2026-07-13T08:51:51.229647",
        "model_version": "48px_v3.7_2024-01-10"
      }
    },
    {
      "type": "Feature",
      "geometry": {
        "type": "Point",
        "coordinates": [
          -1.7182710121846938,
          6.054149341820777
        ]
      },
      "properties": {
        "probability": 0.998113751411438,
        "lat": 6.054149341820777,
        "lon": -1.7182710121846938,
        "region": "Obuasi",
        "detected_at": "2026-07-13T08:51:51.229738",
        "model_version": "48px_v3.7_2024-01-10"
      }
    },
    {
      "type": "Feature",
      "geometry": {
        "type": "Point",
        "coordinates": [
          -1.7182710121846938,
          6.051973663020121
        ]
      },
      "properties": {
        "probability": 0.9939180612564087,
        "lat": 6.051973663020121,
        "lon": -1.7182710121846938,
        "region": "Obuasi",
        "detected_at": "2026-07-13T08:51:51.229830",
        "model_version": "48px_v3.7_2024-01-10"
      }
    },
    {
      "type": "Feature",
      "geometry": {
        "type": "Point",
        "coordinates": [
          -1.7160975529584825,
          6.060676378222743
        ]
      },
      "properties": {
        "probability": 0.9549980163574219,
        "lat": 6.060676378222743,
        "lon": -1.7160975529584825,
        "region": "Obuasi",
        "detected_at": "2026-07-13T08:51:51.229920",
        "model_version": "48px_v3.7_2024-01-10"
      }
    },
    {
      "type": "Feature",
      "geometry": {
        "type": "Point",
        "coordinates": [
          -1.7160975529584825,
          6.058500699422087
        ]
      },
      "properties": {
        "probability": 0.9678397178649902,
        "lat": 6.058500699422087,
        "lon": -1.7160975529584825,
        "region": "Obuasi",
        "detected_at": "2026-07-13T08:51:51.230012",
        "model_version": "48px_v3.7_2024-01-10"
      }
    },
    {
      "type": "Feature",
      "geometry": {
        "type": "Point",
        "coordinates": [
          -1.7160975529584825,
          6.056325020621432
        ]
      },
      "properties": {
        "probability": 0.9892451167106628,
        "lat": 6.056325020621432,
        "lon": -1.7160975529584825,
        "region": "Obuasi",
        "detected_at": "2026-07-13T08:51:51.230102",
        "model_version": "48px_v3.7_2024-01-10"
      }
    },
    {
      "type": "Feature",
      "geometry": {
        "type": "Point",
        "coordinates": [
          -1.7160975529584825,
          6.054149341820777
        ]
      },
      "properties": {
        "probability": 0.9998864531517029,
        "lat": 6.054149341820777,
        "lon": -1.7160975529584825,
        "region": "Obuasi",
        "detected_at": "2026-07-13T08:51:51.230193",
        "model_version": "48px_v3.7_2024-01-10"
      }
    },
    {
      "type": "Feature",
      "geometry": {
        "type": "Point",
        "coordinates": [
          -1.7160975529584825,
          6.051973663020121
        ]
      },
      "properties": {
        "probability": 0.9999751448631287,
        "lat": 6.051973663020121,
        "lon": -1.7160975529584825,
        "region": "Obuasi",
        "detected_at": "2026-07-13T08:51:51.230284",
        "model_version": "48px_v3.7_2024-01-10"
      }
    },
    {
      "type": "Feature",
      "geometry": {
        "type": "Point",
        "coordinates": [
          -1.7160975529584825,
          6.049797984219466
        ]
      },
      "properties": {
        "probability": 0.858214259147644,
        "lat": 6.049797984219466,
        "lon": -1.7160975529584825,
        "region": "Obuasi",
        "detected_at": "2026-07-13T08:51:51.230376",
        "model_version": "48px_v3.7_2024-01-10"
      }
    },
    {
      "type": "Feature",
      "geometry": {
        "type": "Point",
        "coordinates": [
          -1.7139240937322715,
          6.060676378222743
        ]
      },
      "properties": {
        "probability": 0.9462290406227112,
        "lat": 6.060676378222743,
        "lon": -1.7139240937322715,
        "region": "Obuasi",
        "detected_at": "2026-07-13T08:51:51.230489",
        "model_version": "48px_v3.7_2024-01-10"
      }
    },
    {
      "type": "Feature",
      "geometry": {
        "type": "Point",
        "coordinates": [
          -1.7139240937322715,
          6.056325020621432
        ]
      },
      "properties": {
        "probability": 0.9851363897323608,
        "lat": 6.056325020621432,
        "lon": -1.7139240937322715,
        "region": "Obuasi",
        "detected_at": "2026-07-13T08:51:51.230592",
        "model_version": "48px_v3.7_2024-01-10"
      }
    },
    {
      "type": "Feature",
      "geometry": {
        "type": "Point",
        "coordinates": [
          -1.7139240937322715,
          6.054149341820777
        ]
      },
      "properties": {
        "probability": 0.9999753832817078,
        "lat": 6.054149341820777,
        "lon": -1.7139240937322715,
        "region": "Obuasi",
        "detected_at": "2026-07-13T08:51:51.230685",
        "model_version": "48px_v3.7_2024-01-10"
      }
    },
    {
      "type": "Feature",
      "geometry": {
        "type": "Point",
        "coordinates": [
          -1.7139240937322715,
          6.051973663020121
        ]
      },
      "properties": {
        "probability": 0.9999467730522156,
        "lat": 6.051973663020121,
        "lon": -1.7139240937322715,
        "region": "Obuasi",
        "detected_at": "2026-07-13T08:51:51.230778",
        "model_version": "48px_v3.7_2024-01-10"
      }
    },
    {
      "type": "Feature",
      "geometry": {
        "type": "Point",
        "coordinates": [
          -1.7139240937322715,
          6.049797984219466
        ]
      },
      "properties": {
        "probability": 0.9979726076126099,
        "lat": 6.049797984219466,
        "lon": -1.7139240937322715,
        "region": "Obuasi",
        "detected_at": "2026-07-13T08:51:51.230871",
        "model_version": "48px_v3.7_2024-01-10"
      }
    },
    {
      "type": "Feature",
      "geometry": {
        "type": "Point",
        "coordinates": [
          -1.7117506345060605,
          6.056325020621432
        ]
      },
      "properties": {
        "probability": 0.9978883862495422,
        "lat": 6.056325020621432,
        "lon": -1.7117506345060605,
        "region": "Obuasi",
        "detected_at": "2026-07-13T08:51:51.230972",
        "model_version": "48px_v3.7_2024-01-10"
      }
    },
    {
      "type": "Feature",
      "geometry": {
        "type": "Point",
        "coordinates": [
          -1.7117506345060605,
          6.054149341820777
        ]
      },
      "properties": {
        "probability": 0.9999722838401794,
        "lat": 6.054149341820777,
        "lon": -1.7117506345060605,
        "region": "Obuasi",
        "detected_at": "2026-07-13T08:51:51.231063",
        "model_version": "48px_v3.7_2024-01-10"
      }
    },
    {
      "type": "Feature",
      "geometry": {
        "type": "Point",
        "coordinates": [
          -1.7117506345060605,
          6.051973663020121
        ]
      },
      "properties": {
        "probability": 0.9993278384208679,
        "lat": 6.051973663020121,
        "lon": -1.7117506345060605,
        "region": "Obuasi",
        "detected_at": "2026-07-13T08:51:51.231237",
        "model_version": "48px_v3.7_2024-01-10"
      }
    },
    {
      "type": "Feature",
      "geometry": {
        "type": "Point",
        "coordinates": [
          -1.7117506345060605,
          6.049797984219468
        ]
      },
      "properties": {
        "probability": 0.987199604511261,
        "lat": 6.049797984219468,
        "lon": -1.7117506345060605,
        "region": "Obuasi",
        "detected_at": "2026-07-13T08:51:51.231397",
        "model_version": "48px_v3.7_2024-01-10"
      }
    },
    {
      "type": "Feature",
      "geometry": {
        "type": "Point",
        "coordinates": [
          -1.7117506345060605,
          6.047622305418812
        ]
      },
      "properties": {
        "probability": 0.9135788679122925,
        "lat": 6.047622305418812,
        "lon": -1.7117506345060605,
        "region": "Obuasi",
        "detected_at": "2026-07-13T08:51:51.231574",
        "model_version": "48px_v3.7_2024-01-10"
      }
    },
    {
      "type": "Feature",
      "geometry": {
        "type": "Point",
        "coordinates": [
          -1.7117506345060605,
          6.045446626618157
        ]
      },
      "properties": {
        "probability": 0.9557586312294006,
        "lat": 6.045446626618157,
        "lon": -1.7117506345060605,
        "region": "Obuasi",
        "detected_at": "2026-07-13T08:51:51.231714",
        "model_version": "48px_v3.7_2024-01-10"
      }
    },
    {
      "type": "Feature",
      "geometry": {
        "type": "Point",
        "coordinates": [
          -1.7095771752798494,
          6.078081808627982
        ]
      },
      "properties": {
        "probability": 0.9980913996696472,
        "lat": 6.078081808627982,
        "lon": -1.7095771752798494,
        "region": "Obuasi",
        "detected_at": "2026-07-13T08:51:51.231815",
        "model_version": "48px_v3.7_2024-01-10"
      }
    },
    {
      "type": "Feature",
      "geometry": {
        "type": "Point",
        "coordinates": [
          -1.7095771752798494,
          6.0454466266181575
        ]
      },
      "properties": {
        "probability": 0.9227056503295898,
        "lat": 6.0454466266181575,
        "lon": -1.7095771752798494,
        "region": "Obuasi",
        "detected_at": "2026-07-13T08:51:51.231908",
        "model_version": "48px_v3.7_2024-01-10"
      }
    },
    {
      "type": "Feature",
      "geometry": {
        "type": "Point",
        "coordinates": [
          -1.7074037160536386,
          6.080257487428637
        ]
      },
      "properties": {
        "probability": 0.9712836146354675,
        "lat": 6.080257487428637,
        "lon": -1.7074037160536386,
        "region": "Obuasi",
        "detected_at": "2026-07-13T08:51:51.232000",
        "model_version": "48px_v3.7_2024-01-10"
      }
    },
    {
      "type": "Feature",
      "geometry": {
        "type": "Point",
        "coordinates": [
          -1.7074037160536386,
          6.078081808627982
        ]
      },
      "properties": {
        "probability": 0.9999997019767761,
        "lat": 6.078081808627982,
        "lon": -1.7074037160536386,
        "region": "Obuasi",
        "detected_at": "2026-07-13T08:51:51.232092",
        "model_version": "48px_v3.7_2024-01-10"
      }
    },
    {
      "type": "Feature",
      "geometry": {
        "type": "Point",
        "coordinates": [
          -1.7052302568274271,
          6.0759061298273265
        ]
      },
      "properties": {
        "probability": 0.9979202747344971,
        "lat": 6.0759061298273265,
        "lon": -1.7052302568274271,
        "region": "Obuasi",
        "detected_at": "2026-07-13T08:51:51.232184",
        "model_version": "48px_v3.7_2024-01-10"
      }
    },
    {
      "type": "Feature",
      "geometry": {
        "type": "Point",
        "coordinates": [
          -1.7052302568274271,
          6.073730451026671
        ]
      },
      "properties": {
        "probability": 0.9857703447341919,
        "lat": 6.073730451026671,
        "lon": -1.7052302568274271,
        "region": "Obuasi",
        "detected_at": "2026-07-13T08:51:51.232275",
        "model_version": "48px_v3.7_2024-01-10"
      }
    },
    {
      "type": "Feature",
      "geometry": {
        "type": "Point",
        "coordinates": [
          -1.705230256827427,
          6.067203414624707
        ]
      },
      "properties": {
        "probability": 0.9999688267707825,
        "lat": 6.067203414624707,
        "lon": -1.705230256827427,
        "region": "Obuasi",
        "detected_at": "2026-07-13T08:51:51.232366",
        "model_version": "48px_v3.7_2024-01-10"
      }
    },
    {
      "type": "Feature",
      "geometry": {
        "type": "Point",
        "coordinates": [
          -1.7052302568274271,
          6.065027735824052
        ]
      },
      "properties": {
        "probability": 0.9990954399108887,
        "lat": 6.065027735824052,
        "lon": -1.7052302568274271,
        "region": "Obuasi",
        "detected_at": "2026-07-13T08:51:51.232499",
        "model_version": "48px_v3.7_2024-01-10"
      }
    },
    {
      "type": "Feature",
      "geometry": {
        "type": "Point",
        "coordinates": [
          -1.703056797601216,
          6.067203414624708
        ]
      },
      "properties": {
        "probability": 0.9995504021644592,
        "lat": 6.067203414624708,
        "lon": -1.703056797601216,
        "region": "Obuasi",
        "detected_at": "2026-07-13T08:51:51.232611",
        "model_version": "48px_v3.7_2024-01-10"
      }
    },
    {
      "type": "Feature",
      "geometry": {
        "type": "Point",
        "coordinates": [
          -1.7030567976012159,
          6.065027735824052
        ]
      },
      "properties": {
        "probability": 0.9859248995780945,
        "lat": 6.065027735824052,
        "lon": -1.7030567976012159,
        "region": "Obuasi",
        "detected_at": "2026-07-13T08:51:51.232705",
        "model_version": "48px_v3.7_2024-01-10"
      }
    },
    {
      "type": "Feature",
      "geometry": {
        "type": "Point",
        "coordinates": [
          -1.700883338375005,
          6.065027735824052
        ]
      },
      "properties": {
        "probability": 0.9825493693351746,
        "lat": 6.065027735824052,
        "lon": -1.700883338375005,
        "region": "Obuasi",
        "detected_at": "2026-07-13T08:51:51.232797",
        "model_version": "48px_v3.7_2024-01-10"
      }
    },
    {
      "type": "Feature",
      "geometry": {
        "type": "Point",
        "coordinates": [
          -1.700883338375005,
          6.062852057023397
        ]
      },
      "properties": {
        "probability": 0.8733895421028137,
        "lat": 6.062852057023397,
        "lon": -1.700883338375005,
        "region": "Obuasi",
        "detected_at": "2026-07-13T08:51:51.232889",
        "model_version": "48px_v3.7_2024-01-10"
      }
    },
    {
      "type": "Feature",
      "geometry": {
        "type": "Point",
        "coordinates": [
          -1.800623450360707,
          6.123769412354305
        ]
      },
      "properties": {
        "probability": 0.9646252989768982,
        "lat": 6.123769412354305,
        "lon": -1.800623450360707,
        "region": "Obuasi",
        "detected_at": "2026-07-13T08:51:51.232981",
        "model_version": "48px_v3.7_2024-01-10"
      }
    },
    {
      "type": "Feature",
      "geometry": {
        "type": "Point",
        "coordinates": [
          -1.8006234503607068,
          6.121593860560376
        ]
      },
      "properties": {
        "probability": 0.9938939213752747,
        "lat": 6.121593860560376,
        "lon": -1.8006234503607068,
        "region": "Obuasi",
        "detected_at": "2026-07-13T08:51:51.233072",
        "model_version": "48px_v3.7_2024-01-10"
      }
    },
    {
      "type": "Feature",
      "geometry": {
        "type": "Point",
        "coordinates": [
          -1.79844990369336,
          6.123769412354305
        ]
      },
      "properties": {
        "probability": 0.9834399819374084,
        "lat": 6.123769412354305,
        "lon": -1.79844990369336,
        "region": "Obuasi",
        "detected_at": "2026-07-13T08:51:51.233171",
        "model_version": "48px_v3.7_2024-01-10"
      }
    },
    {
      "type": "Feature",
      "geometry": {
        "type": "Point",
        "coordinates": [
          -1.79844990369336,
          6.121593860560376
        ]
      },
      "properties": {
        "probability": 0.8522282242774963,
        "lat": 6.121593860560376,
        "lon": -1.79844990369336,
        "region": "Obuasi",
        "detected_at": "2026-07-13T08:51:51.233260",
        "model_version": "48px_v3.7_2024-01-10"
      }
    },
    {
      "type": "Feature",
      "geometry": {
        "type": "Point",
        "coordinates": [
          -1.7962763570260132,
          6.128120515942165
        ]
      },
      "properties": {
        "probability": 0.993443489074707,
        "lat": 6.128120515942165,
        "lon": -1.7962763570260132,
        "region": "Obuasi",
        "detected_at": "2026-07-13T08:51:51.233352",
        "model_version": "48px_v3.7_2024-01-10"
      }
    },
    {
      "type": "Feature",
      "geometry": {
        "type": "Point",
        "coordinates": [
          -1.794102810358666,
          6.128120515942165
        ]
      },
      "properties": {
        "probability": 0.9513751268386841,
        "lat": 6.128120515942165,
        "lon": -1.794102810358666,
        "region": "Obuasi",
        "detected_at": "2026-07-13T08:51:51.233440",
        "model_version": "48px_v3.7_2024-01-10"
      }
    },
    {
      "type": "Feature",
      "geometry": {
        "type": "Point",
        "coordinates": [
          -1.794102810358666,
          6.117242756972517
        ]
      },
      "properties": {
        "probability": 0.9997453689575195,
        "lat": 6.117242756972517,
        "lon": -1.794102810358666,
        "region": "Obuasi",
        "detected_at": "2026-07-13T08:51:51.233559",
        "model_version": "48px_v3.7_2024-01-10"
      }
    },
    {
      "type": "Feature",
      "geometry": {
        "type": "Point",
        "coordinates": [
          -1.794102810358666,
          6.115067205178587
        ]
      },
      "properties": {
        "probability": 0.9999996423721313,
        "lat": 6.115067205178587,
        "lon": -1.794102810358666,
        "region": "Obuasi",
        "detected_at": "2026-07-13T08:51:51.233651",
        "model_version": "48px_v3.7_2024-01-10"
      }
    },
    {
      "type": "Feature",
      "geometry": {
        "type": "Point",
        "coordinates": [
          -1.7941028103586663,
          6.112891653384658
        ]
      },
      "properties": {
        "probability": 0.9999995231628418,
        "lat": 6.112891653384658,
        "lon": -1.7941028103586663,
        "region": "Obuasi",
        "detected_at": "2026-07-13T08:51:51.233742",
        "model_version": "48px_v3.7_2024-01-10"
      }
    },
    {
      "type": "Feature",
      "geometry": {
        "type": "Point",
        "coordinates": [
          -1.794102810358666,
          6.110716101590729
        ]
      },
      "properties": {
        "probability": 0.9183118343353271,
        "lat": 6.110716101590729,
        "lon": -1.794102810358666,
        "region": "Obuasi",
        "detected_at": "2026-07-13T08:51:51.233831",
        "model_version": "48px_v3.7_2024-01-10"
      }
    },
    {
      "type": "Feature",
      "geometry": {
        "type": "Point",
        "coordinates": [
          -1.791929263691319,
          6.115067205178587
        ]
      },
      "properties": {
        "probability": 0.9102047085762024,
        "lat": 6.115067205178587,
        "lon": -1.791929263691319,
        "region": "Obuasi",
        "detected_at": "2026-07-13T08:51:51.233926",
        "model_version": "48px_v3.7_2024-01-10"
      }
    },
    {
      "type": "Feature",
      "geometry": {
        "type": "Point",
        "coordinates": [
          -1.7919292636913193,
          6.112891653384658
        ]
      },
      "properties": {
        "probability": 0.99314945936203,
        "lat": 6.112891653384658,
        "lon": -1.7919292636913193,
        "region": "Obuasi",
        "detected_at": "2026-07-13T08:51:51.234019",
        "model_version": "48px_v3.7_2024-01-10"
      }
    },
    {
      "type": "Feature",
      "geometry": {
        "type": "Point",
        "coordinates": [
          -1.7897557170239722,
          6.128120515942165
        ]
      },
      "properties": {
        "probability": 0.8069432377815247,
        "lat": 6.128120515942165,
        "lon": -1.7897557170239722,
        "region": "Obuasi",
        "detected_at": "2026-07-13T08:51:51.234116",
        "model_version": "48px_v3.7_2024-01-10"
      }
    },
    {
      "type": "Feature",
      "geometry": {
        "type": "Point",
        "coordinates": [
          -1.7897557170239722,
          6.123769412354305
        ]
      },
      "properties": {
        "probability": 0.9862921237945557,
        "lat": 6.123769412354305,
        "lon": -1.7897557170239722,
        "region": "Obuasi",
        "detected_at": "2026-07-13T08:51:51.234217",
        "model_version": "48px_v3.7_2024-01-10"
      }
    },
    {
      "type": "Feature",
      "geometry": {
        "type": "Point",
        "coordinates": [
          -1.7897557170239724,
          6.121593860560376
        ]
      },
      "properties": {
        "probability": 0.9924529790878296,
        "lat": 6.121593860560376,
        "lon": -1.7897557170239724,
        "region": "Obuasi",
        "detected_at": "2026-07-13T08:51:51.234308",
        "model_version": "48px_v3.7_2024-01-10"
      }
    },
    {
      "type": "Feature",
      "geometry": {
        "type": "Point",
        "coordinates": [
          -1.7897557170239722,
          6.115067205178587
        ]
      },
      "properties": {
        "probability": 0.9637518525123596,
        "lat": 6.115067205178587,
        "lon": -1.7897557170239722,
        "region": "Obuasi",
        "detected_at": "2026-07-13T08:51:51.234400",
        "model_version": "48px_v3.7_2024-01-10"
      }
    },
    {
      "type": "Feature",
      "geometry": {
        "type": "Point",
        "coordinates": [
          -1.787582170356625,
          6.128120515942165
        ]
      },
      "properties": {
        "probability": 0.9997966885566711,
        "lat": 6.128120515942165,
        "lon": -1.787582170356625,
        "region": "Obuasi",
        "detected_at": "2026-07-13T08:51:51.234516",
        "model_version": "48px_v3.7_2024-01-10"
      }
    },
    {
      "type": "Feature",
      "geometry": {
        "type": "Point",
        "coordinates": [
          -1.7875821703566255,
          6.125944964148235
        ]
      },
      "properties": {
        "probability": 0.9616152048110962,
        "lat": 6.125944964148235,
        "lon": -1.7875821703566255,
        "region": "Obuasi",
        "detected_at": "2026-07-13T08:51:51.234613",
        "model_version": "48px_v3.7_2024-01-10"
      }
    },
    {
      "type": "Feature",
      "geometry": {
        "type": "Point",
        "coordinates": [
          -1.787582170356625,
          6.123769412354305
        ]
      },
      "properties": {
        "probability": 0.9615346789360046,
        "lat": 6.123769412354305,
        "lon": -1.787582170356625,
        "region": "Obuasi",
        "detected_at": "2026-07-13T08:51:51.234704",
        "model_version": "48px_v3.7_2024-01-10"
      }
    },
    {
      "type": "Feature",
      "geometry": {
        "type": "Point",
        "coordinates": [
          -1.7875821703566255,
          6.121593860560376
        ]
      },
      "properties": {
        "probability": 0.9999743700027466,
        "lat": 6.121593860560376,
        "lon": -1.7875821703566255,
        "region": "Obuasi",
        "detected_at": "2026-07-13T08:51:51.234795",
        "model_version": "48px_v3.7_2024-01-10"
      }
    },
    {
      "type": "Feature",
      "geometry": {
        "type": "Point",
        "coordinates": [
          -1.787582170356625,
          6.119418308766446
        ]
      },
      "properties": {
        "probability": 0.9996665120124817,
        "lat": 6.119418308766446,
        "lon": -1.787582170356625,
        "region": "Obuasi",
        "detected_at": "2026-07-13T08:51:51.234886",
        "model_version": "48px_v3.7_2024-01-10"
      }
    },
    {
      "type": "Feature",
      "geometry": {
        "type": "Point",
        "coordinates": [
          -1.7875821703566255,
          6.117242756972517
        ]
      },
      "properties": {
        "probability": 0.952940046787262,
        "lat": 6.117242756972517,
        "lon": -1.7875821703566255,
        "region": "Obuasi",
        "detected_at": "2026-07-13T08:51:51.234982",
        "model_version": "48px_v3.7_2024-01-10"
      }
    },
    {
      "type": "Feature",
      "geometry": {
        "type": "Point",
        "coordinates": [
          -1.787582170356625,
          6.115067205178587
        ]
      },
      "properties": {
        "probability": 0.9958673119544983,
        "lat": 6.115067205178587,
        "lon": -1.787582170356625,
        "region": "Obuasi",
        "detected_at": "2026-07-13T08:51:51.235073",
        "model_version": "48px_v3.7_2024-01-10"
      }
    },
    {
      "type": "Feature",
      "geometry": {
        "type": "Point",
        "coordinates": [
          -1.7875821703566255,
          6.112891653384658
        ]
      },
      "properties": {
        "probability": 0.9999997019767761,
        "lat": 6.112891653384658,
        "lon": -1.7875821703566255,
        "region": "Obuasi",
        "detected_at": "2026-07-13T08:51:51.235171",
        "model_version": "48px_v3.7_2024-01-10"
      }
    },
    {
      "type": "Feature",
      "geometry": {
        "type": "Point",
        "coordinates": [
          -1.787582170356625,
          6.110716101590729
        ]
      },
      "properties": {
        "probability": 0.9999997615814209,
        "lat": 6.110716101590729,
        "lon": -1.787582170356625,
        "region": "Obuasi",
        "detected_at": "2026-07-13T08:51:51.235266",
        "model_version": "48px_v3.7_2024-01-10"
      }
    },
    {
      "type": "Feature",
      "geometry": {
        "type": "Point",
        "coordinates": [
          -1.7875821703566255,
          6.108540549796799
        ]
      },
      "properties": {
        "probability": 0.9990943670272827,
        "lat": 6.108540549796799,
        "lon": -1.7875821703566255,
        "region": "Obuasi",
        "detected_at": "2026-07-13T08:51:51.235357",
        "model_version": "48px_v3.7_2024-01-10"
      }
    },
    {
      "type": "Feature",
      "geometry": {
        "type": "Point",
        "coordinates": [
          -1.787582170356625,
          6.106364998002869
        ]
      },
      "properties": {
        "probability": 0.9999912977218628,
        "lat": 6.106364998002869,
        "lon": -1.787582170356625,
        "region": "Obuasi",
        "detected_at": "2026-07-13T08:51:51.235466",
        "model_version": "48px_v3.7_2024-01-10"
      }
    },
    {
      "type": "Feature",
      "geometry": {
        "type": "Point",
        "coordinates": [
          -1.7854086236892783,
          6.125944964148235
        ]
      },
      "properties": {
        "probability": 0.980938196182251,
        "lat": 6.125944964148235,
        "lon": -1.7854086236892783,
        "region": "Obuasi",
        "detected_at": "2026-07-13T08:51:51.235566",
        "model_version": "48px_v3.7_2024-01-10"
      }
    },
    {
      "type": "Feature",
      "geometry": {
        "type": "Point",
        "coordinates": [
          -1.785408623689278,
          6.123769412354305
        ]
      },
      "properties": {
        "probability": 0.986530065536499,
        "lat": 6.123769412354305,
        "lon": -1.785408623689278,
        "region": "Obuasi",
        "detected_at": "2026-07-13T08:51:51.235665",
        "model_version": "48px_v3.7_2024-01-10"
      }
    },
    {
      "type": "Feature",
      "geometry": {
        "type": "Point",
        "coordinates": [
          -1.7854086236892783,
          6.121593860560376
        ]
      },
      "properties": {
        "probability": 0.9999995231628418,
        "lat": 6.121593860560376,
        "lon": -1.7854086236892783,
        "region": "Obuasi",
        "detected_at": "2026-07-13T08:51:51.235755",
        "model_version": "48px_v3.7_2024-01-10"
      }
    },
    {
      "type": "Feature",
      "geometry": {
        "type": "Point",
        "coordinates": [
          -1.785408623689278,
          6.119418308766446
        ]
      },
      "properties": {
        "probability": 0.9999992251396179,
        "lat": 6.119418308766446,
        "lon": -1.785408623689278,
        "region": "Obuasi",
        "detected_at": "2026-07-13T08:51:51.235846",
        "model_version": "48px_v3.7_2024-01-10"
      }
    },
    {
      "type": "Feature",
      "geometry": {
        "type": "Point",
        "coordinates": [
          -1.7854086236892783,
          6.117242756972517
        ]
      },
      "properties": {
        "probability": 0.9999871850013733,
        "lat": 6.117242756972517,
        "lon": -1.7854086236892783,
        "region": "Obuasi",
        "detected_at": "2026-07-13T08:51:51.235936",
        "model_version": "48px_v3.7_2024-01-10"
      }
    },
    {
      "type": "Feature",
      "geometry": {
        "type": "Point",
        "coordinates": [
          -1.785408623689278,
          6.115067205178587
        ]
      },
      "properties": {
        "probability": 0.9999913573265076,
        "lat": 6.115067205178587,
        "lon": -1.785408623689278,
        "region": "Obuasi",
        "detected_at": "2026-07-13T08:51:51.236027",
        "model_version": "48px_v3.7_2024-01-10"
      }
    },
    {
      "type": "Feature",
      "geometry": {
        "type": "Point",
        "coordinates": [
          -1.7854086236892783,
          6.112891653384658
        ]
      },
      "properties": {
        "probability": 1.0,
        "lat": 6.112891653384658,
        "lon": -1.7854086236892783,
        "region": "Obuasi",
        "detected_at": "2026-07-13T08:51:51.236118",
        "model_version": "48px_v3.7_2024-01-10"
      }
    },
    {
      "type": "Feature",
      "geometry": {
        "type": "Point",
        "coordinates": [
          -1.785408623689278,
          6.110716101590729
        ]
      },
      "properties": {
        "probability": 1.0,
        "lat": 6.110716101590729,
        "lon": -1.785408623689278,
        "region": "Obuasi",
        "detected_at": "2026-07-13T08:51:51.236208",
        "model_version": "48px_v3.7_2024-01-10"
      }
    },
    {
      "type": "Feature",
      "geometry": {
        "type": "Point",
        "coordinates": [
          -1.7854086236892783,
          6.108540549796799
        ]
      },
      "properties": {
        "probability": 0.9999648332595825,
        "lat": 6.108540549796799,
        "lon": -1.7854086236892783,
        "region": "Obuasi",
        "detected_at": "2026-07-13T08:51:51.236298",
        "model_version": "48px_v3.7_2024-01-10"
      }
    },
    {
      "type": "Feature",
      "geometry": {
        "type": "Point",
        "coordinates": [
          -1.7832350770219314,
          6.125944964148235
        ]
      },
      "properties": {
        "probability": 0.9906067252159119,
        "lat": 6.125944964148235,
        "lon": -1.7832350770219314,
        "region": "Obuasi",
        "detected_at": "2026-07-13T08:51:51.236389",
        "model_version": "48px_v3.7_2024-01-10"
      }
    },
    {
      "type": "Feature",
      "geometry": {
        "type": "Point",
        "coordinates": [
          -1.7832350770219314,
          6.123769412354305
        ]
      },
      "properties": {
        "probability": 0.9997922778129578,
        "lat": 6.123769412354305,
        "lon": -1.7832350770219314,
        "region": "Obuasi",
        "detected_at": "2026-07-13T08:51:51.236507",
        "model_version": "48px_v3.7_2024-01-10"
      }
    },
    {
      "type": "Feature",
      "geometry": {
        "type": "Point",
        "coordinates": [
          -1.7832350770219314,
          6.121593860560376
        ]
      },
      "properties": {
        "probability": 0.9999997615814209,
        "lat": 6.121593860560376,
        "lon": -1.7832350770219314,
        "region": "Obuasi",
        "detected_at": "2026-07-13T08:51:51.236603",
        "model_version": "48px_v3.7_2024-01-10"
      }
    },
    {
      "type": "Feature",
      "geometry": {
        "type": "Point",
        "coordinates": [
          -1.7832350770219314,
          6.119418308766446
        ]
      },
      "properties": {
        "probability": 0.999997615814209,
        "lat": 6.119418308766446,
        "lon": -1.7832350770219314,
        "region": "Obuasi",
        "detected_at": "2026-07-13T08:51:51.236695",
        "model_version": "48px_v3.7_2024-01-10"
      }
    },
    {
      "type": "Feature",
      "geometry": {
        "type": "Point",
        "coordinates": [
          -1.7832350770219314,
          6.117242756972517
        ]
      },
      "properties": {
        "probability": 0.999981701374054,
        "lat": 6.117242756972517,
        "lon": -1.7832350770219314,
        "region": "Obuasi",
        "detected_at": "2026-07-13T08:51:51.236786",
        "model_version": "48px_v3.7_2024-01-10"
      }
    },
    {
      "type": "Feature",
      "geometry": {
        "type": "Point",
        "coordinates": [
          -1.7832350770219314,
          6.115067205178587
        ]
      },
      "properties": {
        "probability": 0.9999774098396301,
        "lat": 6.115067205178587,
        "lon": -1.7832350770219314,
        "region": "Obuasi",
        "detected_at": "2026-07-13T08:51:51.236882",
        "model_version": "48px_v3.7_2024-01-10"
      }
    },
    {
      "type": "Feature",
      "geometry": {
        "type": "Point",
        "coordinates": [
          -1.7832350770219314,
          6.112891653384658
        ]
      },
      "properties": {
        "probability": 0.9999995231628418,
        "lat": 6.112891653384658,
        "lon": -1.7832350770219314,
        "region": "Obuasi",
        "detected_at": "2026-07-13T08:51:51.236982",
        "model_version": "48px_v3.7_2024-01-10"
      }
    },
    {
      "type": "Feature",
      "geometry": {
        "type": "Point",
        "coordinates": [
          -1.7832350770219314,
          6.110716101590729
        ]
      },
      "properties": {
        "probability": 1.0,
        "lat": 6.110716101590729,
        "lon": -1.7832350770219314,
        "region": "Obuasi",
        "detected_at": "2026-07-13T08:51:51.237082",
        "model_version": "48px_v3.7_2024-01-10"
      }
    },
    {
      "type": "Feature",
      "geometry": {
        "type": "Point",
        "coordinates": [
          -1.7832350770219314,
          6.108540549796799
        ]
      },
      "properties": {
        "probability": 0.9999281764030457,
        "lat": 6.108540549796799,
        "lon": -1.7832350770219314,
        "region": "Obuasi",
        "detected_at": "2026-07-13T08:51:51.237173",
        "model_version": "48px_v3.7_2024-01-10"
      }
    },
    {
      "type": "Feature",
      "geometry": {
        "type": "Point",
        "coordinates": [
          -1.7810615303545847,
          6.1455249302936
        ]
      },
      "properties": {
        "probability": 0.9999808669090271,
        "lat": 6.1455249302936,
        "lon": -1.7810615303545847,
        "region": "Obuasi",
        "detected_at": "2026-07-13T08:51:51.237265",
        "model_version": "48px_v3.7_2024-01-10"
      }
    },
    {
      "type": "Feature",
      "geometry": {
        "type": "Point",
        "coordinates": [
          -1.7810615303545845,
          6.14334937849967
        ]
      },
      "properties": {
        "probability": 0.9981849193572998,
        "lat": 6.14334937849967,
        "lon": -1.7810615303545845,
        "region": "Obuasi",
        "detected_at": "2026-07-13T08:51:51.237358",
        "model_version": "48px_v3.7_2024-01-10"
      }
    },
    {
      "type": "Feature",
      "geometry": {
        "type": "Point",
        "coordinates": [
          -1.7810615303545847,
          6.1411738267057405
        ]
      },
      "properties": {
        "probability": 0.9996544122695923,
        "lat": 6.1411738267057405,
        "lon": -1.7810615303545847,
        "region": "Obuasi",
        "detected_at": "2026-07-13T08:51:51.237467",
        "model_version": "48px_v3.7_2024-01-10"
      }
    },
    {
      "type": "Feature",
      "geometry": {
        "type": "Point",
        "coordinates": [
          -1.7810615303545845,
          6.1346471713239525
        ]
      },
      "properties": {
        "probability": 0.9802205562591553,
        "lat": 6.1346471713239525,
        "lon": -1.7810615303545845,
        "region": "Obuasi",
        "detected_at": "2026-07-13T08:51:51.237567",
        "model_version": "48px_v3.7_2024-01-10"
      }
    },
    {
      "type": "Feature",
      "geometry": {
        "type": "Point",
        "coordinates": [
          -1.7810615303545845,
          6.130296067736094
        ]
      },
      "properties": {
        "probability": 0.9947777986526489,
        "lat": 6.130296067736094,
        "lon": -1.7810615303545845,
        "region": "Obuasi",
        "detected_at": "2026-07-13T08:51:51.237660",
        "model_version": "48px_v3.7_2024-01-10"
      }
    },
    {
      "type": "Feature",
      "geometry": {
        "type": "Point",
        "coordinates": [
          -1.7810615303545847,
          6.128120515942165
        ]
      },
      "properties": {
        "probability": 0.9999982118606567,
        "lat": 6.128120515942165,
        "lon": -1.7810615303545847,
        "region": "Obuasi",
        "detected_at": "2026-07-13T08:51:51.237752",
        "model_version": "48px_v3.7_2024-01-10"
      }
    },
    {
      "type": "Feature",
      "geometry": {
        "type": "Point",
        "coordinates": [
          -1.7810615303545845,
          6.125944964148235
        ]
      },
      "properties": {
        "probability": 0.9995126724243164,
        "lat": 6.125944964148235,
        "lon": -1.7810615303545845,
        "region": "Obuasi",
        "detected_at": "2026-07-13T08:51:51.237844",
        "model_version": "48px_v3.7_2024-01-10"
      }
    },
    {
      "type": "Feature",
      "geometry": {
        "type": "Point",
        "coordinates": [
          -1.7810615303545847,
          6.123769412354305
        ]
      },
      "properties": {
        "probability": 0.9999998807907104,
        "lat": 6.123769412354305,
        "lon": -1.7810615303545847,
        "region": "Obuasi",
        "detected_at": "2026-07-13T08:51:51.237935",
        "model_version": "48px_v3.7_2024-01-10"
      }
    },
    {
      "type": "Feature",
      "geometry": {
        "type": "Point",
        "coordinates": [
          -1.7810615303545845,
          6.121593860560376
        ]
      },
      "properties": {
        "probability": 0.9999970197677612,
        "lat": 6.121593860560376,
        "lon": -1.7810615303545845,
        "region": "Obuasi",
        "detected_at": "2026-07-13T08:51:51.238026",
        "model_version": "48px_v3.7_2024-01-10"
      }
    },
    {
      "type": "Feature",
      "geometry": {
        "type": "Point",
        "coordinates": [
          -1.7810615303545847,
          6.119418308766446
        ]
      },
      "properties": {
        "probability": 0.9973918199539185,
        "lat": 6.119418308766446,
        "lon": -1.7810615303545847,
        "region": "Obuasi",
        "detected_at": "2026-07-13T08:51:51.238118",
        "model_version": "48px_v3.7_2024-01-10"
      }
    },
    {
      "type": "Feature",
      "geometry": {
        "type": "Point",
        "coordinates": [
          -1.7810615303545845,
          6.117242756972517
        ]
      },
      "properties": {
        "probability": 0.999226987361908,
        "lat": 6.117242756972517,
        "lon": -1.7810615303545845,
        "region": "Obuasi",
        "detected_at": "2026-07-13T08:51:51.238208",
        "model_version": "48px_v3.7_2024-01-10"
      }
    },
    {
      "type": "Feature",
      "geometry": {
        "type": "Point",
        "coordinates": [
          -1.7810615303545847,
          6.115067205178587
        ]
      },
      "properties": {
        "probability": 0.9950268864631653,
        "lat": 6.115067205178587,
        "lon": -1.7810615303545847,
        "region": "Obuasi",
        "detected_at": "2026-07-13T08:51:51.238299",
        "model_version": "48px_v3.7_2024-01-10"
      }
    },
    {
      "type": "Feature",
      "geometry": {
        "type": "Point",
        "coordinates": [
          -1.7810615303545845,
          6.112891653384658
        ]
      },
      "properties": {
        "probability": 0.9986703395843506,
        "lat": 6.112891653384658,
        "lon": -1.7810615303545845,
        "region": "Obuasi",
        "detected_at": "2026-07-13T08:51:51.238390",
        "model_version": "48px_v3.7_2024-01-10"
      }
    },
    {
      "type": "Feature",
      "geometry": {
        "type": "Point",
        "coordinates": [
          -1.7810615303545847,
          6.110716101590729
        ]
      },
      "properties": {
        "probability": 0.9999995827674866,
        "lat": 6.110716101590729,
        "lon": -1.7810615303545847,
        "region": "Obuasi",
        "detected_at": "2026-07-13T08:51:51.238502",
        "model_version": "48px_v3.7_2024-01-10"
      }
    },
    {
      "type": "Feature",
      "geometry": {
        "type": "Point",
        "coordinates": [
          -1.7810615303545845,
          6.108540549796799
        ]
      },
      "properties": {
        "probability": 0.9999734163284302,
        "lat": 6.108540549796799,
        "lon": -1.7810615303545845,
        "region": "Obuasi",
        "detected_at": "2026-07-13T08:51:51.238604",
        "model_version": "48px_v3.7_2024-01-10"
      }
    },
    {
      "type": "Feature",
      "geometry": {
        "type": "Point",
        "coordinates": [
          -1.7788879836872376,
          6.1455249302936
        ]
      },
      "properties": {
        "probability": 0.9996046423912048,
        "lat": 6.1455249302936,
        "lon": -1.7788879836872376,
        "region": "Obuasi",
        "detected_at": "2026-07-13T08:51:51.238700",
        "model_version": "48px_v3.7_2024-01-10"
      }
    },
    {
      "type": "Feature",
      "geometry": {
        "type": "Point",
        "coordinates": [
          -1.7788879836872376,
          6.14334937849967
        ]
      },
      "properties": {
        "probability": 0.9999986886978149,
        "lat": 6.14334937849967,
        "lon": -1.7788879836872376,
        "region": "Obuasi",
        "detected_at": "2026-07-13T08:51:51.238789",
        "model_version": "48px_v3.7_2024-01-10"
      }
    },
    {
      "type": "Feature",
      "geometry": {
        "type": "Point",
        "coordinates": [
          -1.7788879836872376,
          6.1411738267057405
        ]
      },
      "properties": {
        "probability": 0.9999997019767761,
        "lat": 6.1411738267057405,
        "lon": -1.7788879836872376,
        "region": "Obuasi",
        "detected_at": "2026-07-13T08:51:51.238879",
        "model_version": "48px_v3.7_2024-01-10"
      }
    },
    {
      "type": "Feature",
      "geometry": {
        "type": "Point",
        "coordinates": [
          -1.7788879836872376,
          6.138998274911812
        ]
      },
      "properties": {
        "probability": 0.9999998211860657,
        "lat": 6.138998274911812,
        "lon": -1.7788879836872376,
        "region": "Obuasi",
        "detected_at": "2026-07-13T08:51:51.238968",
        "model_version": "48px_v3.7_2024-01-10"
      }
    },
    {
      "type": "Feature",
      "geometry": {
        "type": "Point",
        "coordinates": [
          -1.7788879836872376,
          6.128120515942165
        ]
      },
      "properties": {
        "probability": 0.9999992847442627,
        "lat": 6.128120515942165,
        "lon": -1.7788879836872376,
        "region": "Obuasi",
        "detected_at": "2026-07-13T08:51:51.239058",
        "model_version": "48px_v3.7_2024-01-10"
      }
    },
    {
      "type": "Feature",
      "geometry": {
        "type": "Point",
        "coordinates": [
          -1.7788879836872376,
          6.125944964148235
        ]
      },
      "properties": {
        "probability": 0.9280399680137634,
        "lat": 6.125944964148235,
        "lon": -1.7788879836872376,
        "region": "Obuasi",
        "detected_at": "2026-07-13T08:51:51.239148",
        "model_version": "48px_v3.7_2024-01-10"
      }
    },
    {
      "type": "Feature",
      "geometry": {
        "type": "Point",
        "coordinates": [
          -1.7788879836872376,
          6.123769412354305
        ]
      },
      "properties": {
        "probability": 0.9999955892562866,
        "lat": 6.123769412354305,
        "lon": -1.7788879836872376,
        "region": "Obuasi",
        "detected_at": "2026-07-13T08:51:51.239238",
        "model_version": "48px_v3.7_2024-01-10"
      }
    },
    {
      "type": "Feature",
      "geometry": {
        "type": "Point",
        "coordinates": [
          -1.7788879836872376,
          6.121593860560376
        ]
      },
      "properties": {
        "probability": 0.9999608993530273,
        "lat": 6.121593860560376,
        "lon": -1.7788879836872376,
        "region": "Obuasi",
        "detected_at": "2026-07-13T08:51:51.239328",
        "model_version": "48px_v3.7_2024-01-10"
      }
    },
    {
      "type": "Feature",
      "geometry": {
        "type": "Point",
        "coordinates": [
          -1.7788879836872376,
          6.119418308766446
        ]
      },
      "properties": {
        "probability": 0.9955713748931885,
        "lat": 6.119418308766446,
        "lon": -1.7788879836872376,
        "region": "Obuasi",
        "detected_at": "2026-07-13T08:51:51.239417",
        "model_version": "48px_v3.7_2024-01-10"
      }
    },
    {
      "type": "Feature",
      "geometry": {
        "type": "Point",
        "coordinates": [
          -1.7788879836872376,
          6.117242756972517
        ]
      },
      "properties": {
        "probability": 0.9932034611701965,
        "lat": 6.117242756972517,
        "lon": -1.7788879836872376,
        "region": "Obuasi",
        "detected_at": "2026-07-13T08:51:51.239572",
        "model_version": "48px_v3.7_2024-01-10"
      }
    },
    {
      "type": "Feature",
      "geometry": {
        "type": "Point",
        "coordinates": [
          -1.7788879836872376,
          6.110716101590729
        ]
      },
      "properties": {
        "probability": 0.9997466206550598,
        "lat": 6.110716101590729,
        "lon": -1.7788879836872376,
        "region": "Obuasi",
        "detected_at": "2026-07-13T08:51:51.239674",
        "model_version": "48px_v3.7_2024-01-10"
      }
    },
    {
      "type": "Feature",
      "geometry": {
        "type": "Point",
        "coordinates": [
          -1.7788879836872376,
          6.108540549796799
        ]
      },
      "properties": {
        "probability": 0.9999867677688599,
        "lat": 6.108540549796799,
        "lon": -1.7788879836872376,
        "region": "Obuasi",
        "detected_at": "2026-07-13T08:51:51.239765",
        "model_version": "48px_v3.7_2024-01-10"
      }
    },
    {
      "type": "Feature",
      "geometry": {
        "type": "Point",
        "coordinates": [
          -1.7767144370198908,
          6.14334937849967
        ]
      },
      "properties": {
        "probability": 0.9836467504501343,
        "lat": 6.14334937849967,
        "lon": -1.7767144370198908,
        "region": "Obuasi",
        "detected_at": "2026-07-13T08:51:51.239856",
        "model_version": "48px_v3.7_2024-01-10"
      }
    },
    {
      "type": "Feature",
      "geometry": {
        "type": "Point",
        "coordinates": [
          -1.7767144370198906,
          6.1411738267057405
        ]
      },
      "properties": {
        "probability": 0.9986867308616638,
        "lat": 6.1411738267057405,
        "lon": -1.7767144370198906,
        "region": "Obuasi",
        "detected_at": "2026-07-13T08:51:51.239951",
        "model_version": "48px_v3.7_2024-01-10"
      }
    },
    {
      "type": "Feature",
      "geometry": {
        "type": "Point",
        "coordinates": [
          -1.7767144370198906,
          6.138998274911812
        ]
      },
      "properties": {
        "probability": 0.9999997615814209,
        "lat": 6.138998274911812,
        "lon": -1.7767144370198906,
        "region": "Obuasi",
        "detected_at": "2026-07-13T08:51:51.240043",
        "model_version": "48px_v3.7_2024-01-10"
      }
    },
    {
      "type": "Feature",
      "geometry": {
        "type": "Point",
        "coordinates": [
          -1.7767144370198906,
          6.128120515942165
        ]
      },
      "properties": {
        "probability": 0.9351930618286133,
        "lat": 6.128120515942165,
        "lon": -1.7767144370198906,
        "region": "Obuasi",
        "detected_at": "2026-07-13T08:51:51.240140",
        "model_version": "48px_v3.7_2024-01-10"
      }
    },
    {
      "type": "Feature",
      "geometry": {
        "type": "Point",
        "coordinates": [
          -1.7767144370198908,
          6.125944964148235
        ]
      },
      "properties": {
        "probability": 0.9999416470527649,
        "lat": 6.125944964148235,
        "lon": -1.7767144370198908,
        "region": "Obuasi",
        "detected_at": "2026-07-13T08:51:51.240232",
        "model_version": "48px_v3.7_2024-01-10"
      }
    },
    {
      "type": "Feature",
      "geometry": {
        "type": "Point",
        "coordinates": [
          -1.7767144370198906,
          6.123769412354305
        ]
      },
      "properties": {
        "probability": 0.9999947547912598,
        "lat": 6.123769412354305,
        "lon": -1.7767144370198906,
        "region": "Obuasi",
        "detected_at": "2026-07-13T08:51:51.240323",
        "model_version": "48px_v3.7_2024-01-10"
      }
    },
    {
      "type": "Feature",
      "geometry": {
        "type": "Point",
        "coordinates": [
          -1.7767144370198906,
          6.121593860560376
        ]
      },
      "properties": {
        "probability": 0.9668383002281189,
        "lat": 6.121593860560376,
        "lon": -1.7767144370198906,
        "region": "Obuasi",
        "detected_at": "2026-07-13T08:51:51.240413",
        "model_version": "48px_v3.7_2024-01-10"
      }
    },
    {
      "type": "Feature",
      "geometry": {
        "type": "Point",
        "coordinates": [
          -1.7767144370198906,
          6.119418308766446
        ]
      },
      "properties": {
        "probability": 0.8425137996673584,
        "lat": 6.119418308766446,
        "lon": -1.7767144370198906,
        "region": "Obuasi",
        "detected_at": "2026-07-13T08:51:51.240530",
        "model_version": "48px_v3.7_2024-01-10"
      }
    },
    {
      "type": "Feature",
      "geometry": {
        "type": "Point",
        "coordinates": [
          -1.7767144370198906,
          6.110716101590729
        ]
      },
      "properties": {
        "probability": 0.9992344975471497,
        "lat": 6.110716101590729,
        "lon": -1.7767144370198906,
        "region": "Obuasi",
        "detected_at": "2026-07-13T08:51:51.240631",
        "model_version": "48px_v3.7_2024-01-10"
      }
    },
    {
      "type": "Feature",
      "geometry": {
        "type": "Point",
        "coordinates": [
          -1.7767144370198908,
          6.108540549796799
        ]
      },
      "properties": {
        "probability": 0.9909248352050781,
        "lat": 6.108540549796799,
        "lon": -1.7767144370198908,
        "region": "Obuasi",
        "detected_at": "2026-07-13T08:51:51.240722",
        "model_version": "48px_v3.7_2024-01-10"
      }
    },
    {
      "type": "Feature",
      "geometry": {
        "type": "Point",
        "coordinates": [
          -1.774540890352544,
          6.1411738267057405
        ]
      },
      "properties": {
        "probability": 0.9999901652336121,
        "lat": 6.1411738267057405,
        "lon": -1.774540890352544,
        "region": "Obuasi",
        "detected_at": "2026-07-13T08:51:51.240812",
        "model_version": "48px_v3.7_2024-01-10"
      }
    },
    {
      "type": "Feature",
      "geometry": {
        "type": "Point",
        "coordinates": [
          -1.7745408903525437,
          6.138998274911812
        ]
      },
      "properties": {
        "probability": 0.9967659711837769,
        "lat": 6.138998274911812,
        "lon": -1.7745408903525437,
        "region": "Obuasi",
        "detected_at": "2026-07-13T08:51:51.240903",
        "model_version": "48px_v3.7_2024-01-10"
      }
    },
    {
      "type": "Feature",
      "geometry": {
        "type": "Point",
        "coordinates": [
          -1.774540890352544,
          6.128120515942165
        ]
      },
      "properties": {
        "probability": 0.952893853187561,
        "lat": 6.128120515942165,
        "lon": -1.774540890352544,
        "region": "Obuasi",
        "detected_at": "2026-07-13T08:51:51.240993",
        "model_version": "48px_v3.7_2024-01-10"
      }
    },
    {
      "type": "Feature",
      "geometry": {
        "type": "Point",
        "coordinates": [
          -1.7745408903525437,
          6.125944964148235
        ]
      },
      "properties": {
        "probability": 1.0,
        "lat": 6.125944964148235,
        "lon": -1.7745408903525437,
        "region": "Obuasi",
        "detected_at": "2026-07-13T08:51:51.241083",
        "model_version": "48px_v3.7_2024-01-10"
      }
    },
    {
      "type": "Feature",
      "geometry": {
        "type": "Point",
        "coordinates": [
          -1.774540890352544,
          6.123769412354305
        ]
      },
      "properties": {
        "probability": 0.9999914765357971,
        "lat": 6.123769412354305,
        "lon": -1.774540890352544,
        "region": "Obuasi",
        "detected_at": "2026-07-13T08:51:51.241172",
        "model_version": "48px_v3.7_2024-01-10"
      }
    },
    {
      "type": "Feature",
      "geometry": {
        "type": "Point",
        "coordinates": [
          -1.774540890352544,
          6.110716101590729
        ]
      },
      "properties": {
        "probability": 0.9998313784599304,
        "lat": 6.110716101590729,
        "lon": -1.774540890352544,
        "region": "Obuasi",
        "detected_at": "2026-07-13T08:51:51.241262",
        "model_version": "48px_v3.7_2024-01-10"
      }
    },
    {
      "type": "Feature",
      "geometry": {
        "type": "Point",
        "coordinates": [
          -1.7745408903525437,
          6.108540549796799
        ]
      },
      "properties": {
        "probability": 0.9999595284461975,
        "lat": 6.108540549796799,
        "lon": -1.7745408903525437,
        "region": "Obuasi",
        "detected_at": "2026-07-13T08:51:51.241353",
        "model_version": "48px_v3.7_2024-01-10"
      }
    },
    {
      "type": "Feature",
      "geometry": {
        "type": "Point",
        "coordinates": [
          -1.774540890352544,
          6.106364998002869
        ]
      },
      "properties": {
        "probability": 0.9264054298400879,
        "lat": 6.106364998002869,
        "lon": -1.774540890352544,
        "region": "Obuasi",
        "detected_at": "2026-07-13T08:51:51.241443",
        "model_version": "48px_v3.7_2024-01-10"
      }
    },
    {
      "type": "Feature",
      "geometry": {
        "type": "Point",
        "coordinates": [
          -1.772367343685197,
          6.14334937849967
        ]
      },
      "properties": {
        "probability": 0.9195850491523743,
        "lat": 6.14334937849967,
        "lon": -1.772367343685197,
        "region": "Obuasi",
        "detected_at": "2026-07-13T08:51:51.241562",
        "model_version": "48px_v3.7_2024-01-10"
      }
    },
    {
      "type": "Feature",
      "geometry": {
        "type": "Point",
        "coordinates": [
          -1.7723673436851966,
          6.1411738267057405
        ]
      },
      "properties": {
        "probability": 0.9996600151062012,
        "lat": 6.1411738267057405,
        "lon": -1.7723673436851966,
        "region": "Obuasi",
        "detected_at": "2026-07-13T08:51:51.241662",
        "model_version": "48px_v3.7_2024-01-10"
      }
    },
    {
      "type": "Feature",
      "geometry": {
        "type": "Point",
        "coordinates": [
          -1.7723673436851966,
          6.128120515942165
        ]
      },
      "properties": {
        "probability": 0.9784881472587585,
        "lat": 6.128120515942165,
        "lon": -1.7723673436851966,
        "region": "Obuasi",
        "detected_at": "2026-07-13T08:51:51.241754",
        "model_version": "48px_v3.7_2024-01-10"
      }
    },
    {
      "type": "Feature",
      "geometry": {
        "type": "Point",
        "coordinates": [
          -1.772367343685197,
          6.125944964148235
        ]
      },
      "properties": {
        "probability": 0.9998878240585327,
        "lat": 6.125944964148235,
        "lon": -1.772367343685197,
        "region": "Obuasi",
        "detected_at": "2026-07-13T08:51:51.241844",
        "model_version": "48px_v3.7_2024-01-10"
      }
    },
    {
      "type": "Feature",
      "geometry": {
        "type": "Point",
        "coordinates": [
          -1.7723673436851968,
          6.112891653384658
        ]
      },
      "properties": {
        "probability": 0.9940666556358337,
        "lat": 6.112891653384658,
        "lon": -1.7723673436851968,
        "region": "Obuasi",
        "detected_at": "2026-07-13T08:51:51.241936",
        "model_version": "48px_v3.7_2024-01-10"
      }
    },
    {
      "type": "Feature",
      "geometry": {
        "type": "Point",
        "coordinates": [
          -1.7723673436851966,
          6.110716101590729
        ]
      },
      "properties": {
        "probability": 0.9986850023269653,
        "lat": 6.110716101590729,
        "lon": -1.7723673436851966,
        "region": "Obuasi",
        "detected_at": "2026-07-13T08:51:51.242027",
        "model_version": "48px_v3.7_2024-01-10"
      }
    },
    {
      "type": "Feature",
      "geometry": {
        "type": "Point",
        "coordinates": [
          -1.772367343685197,
          6.108540549796799
        ]
      },
      "properties": {
        "probability": 0.9959854483604431,
        "lat": 6.108540549796799,
        "lon": -1.772367343685197,
        "region": "Obuasi",
        "detected_at": "2026-07-13T08:51:51.242118",
        "model_version": "48px_v3.7_2024-01-10"
      }
    },
    {
      "type": "Feature",
      "geometry": {
        "type": "Point",
        "coordinates": [
          -1.7723673436851968,
          6.104189446208941
        ]
      },
      "properties": {
        "probability": 0.9905422925949097,
        "lat": 6.104189446208941,
        "lon": -1.7723673436851968,
        "region": "Obuasi",
        "detected_at": "2026-07-13T08:51:51.242207",
        "model_version": "48px_v3.7_2024-01-10"
      }
    },
    {
      "type": "Feature",
      "geometry": {
        "type": "Point",
        "coordinates": [
          -1.7701937970178498,
          6.14334937849967
        ]
      },
      "properties": {
        "probability": 0.9999991059303284,
        "lat": 6.14334937849967,
        "lon": -1.7701937970178498,
        "region": "Obuasi",
        "detected_at": "2026-07-13T08:51:51.242298",
        "model_version": "48px_v3.7_2024-01-10"
      }
    },
    {
      "type": "Feature",
      "geometry": {
        "type": "Point",
        "coordinates": [
          -1.7701937970178498,
          6.1411738267057405
        ]
      },
      "properties": {
        "probability": 0.9999884963035583,
        "lat": 6.1411738267057405,
        "lon": -1.7701937970178498,
        "region": "Obuasi",
        "detected_at": "2026-07-13T08:51:51.242395",
        "model_version": "48px_v3.7_2024-01-10"
      }
    },
    {
      "type": "Feature",
      "geometry": {
        "type": "Point",
        "coordinates": [
          -1.7701937970178498,
          6.128120515942165
        ]
      },
      "properties": {
        "probability": 0.9997960925102234,
        "lat": 6.128120515942165,
        "lon": -1.7701937970178498,
        "region": "Obuasi",
        "detected_at": "2026-07-13T08:51:51.242509",
        "model_version": "48px_v3.7_2024-01-10"
      }
    },
    {
      "type": "Feature",
      "geometry": {
        "type": "Point",
        "coordinates": [
          -1.7701937970178498,
          6.125944964148235
        ]
      },
      "properties": {
        "probability": 0.995044469833374,
        "lat": 6.125944964148235,
        "lon": -1.7701937970178498,
        "region": "Obuasi",
        "detected_at": "2026-07-13T08:51:51.242604",
        "model_version": "48px_v3.7_2024-01-10"
      }
    },
    {
      "type": "Feature",
      "geometry": {
        "type": "Point",
        "coordinates": [
          -1.768020250350503,
          6.14334937849967
        ]
      },
      "properties": {
        "probability": 0.9999728202819824,
        "lat": 6.14334937849967,
        "lon": -1.768020250350503,
        "region": "Obuasi",
        "detected_at": "2026-07-13T08:51:51.242696",
        "model_version": "48px_v3.7_2024-01-10"
      }
    },
    {
      "type": "Feature",
      "geometry": {
        "type": "Point",
        "coordinates": [
          -1.768020250350503,
          6.1411738267057405
        ]
      },
      "properties": {
        "probability": 0.9876391291618347,
        "lat": 6.1411738267057405,
        "lon": -1.768020250350503,
        "region": "Obuasi",
        "detected_at": "2026-07-13T08:51:51.242786",
        "model_version": "48px_v3.7_2024-01-10"
      }
    },
    {
      "type": "Feature",
      "geometry": {
        "type": "Point",
        "coordinates": [
          -1.768020250350503,
          6.130296067736094
        ]
      },
      "properties": {
        "probability": 0.9984928965568542,
        "lat": 6.130296067736094,
        "lon": -1.768020250350503,
        "region": "Obuasi",
        "detected_at": "2026-07-13T08:51:51.242876",
        "model_version": "48px_v3.7_2024-01-10"
      }
    },
    {
      "type": "Feature",
      "geometry": {
        "type": "Point",
        "coordinates": [
          -1.768020250350503,
          6.128120515942165
        ]
      },
      "properties": {
        "probability": 0.999997615814209,
        "lat": 6.128120515942165,
        "lon": -1.768020250350503,
        "region": "Obuasi",
        "detected_at": "2026-07-13T08:51:51.242971",
        "model_version": "48px_v3.7_2024-01-10"
      }
    },
    {
      "type": "Feature",
      "geometry": {
        "type": "Point",
        "coordinates": [
          -1.768020250350503,
          6.125944964148235
        ]
      },
      "properties": {
        "probability": 0.9961062073707581,
        "lat": 6.125944964148235,
        "lon": -1.768020250350503,
        "region": "Obuasi",
        "detected_at": "2026-07-13T08:51:51.243063",
        "model_version": "48px_v3.7_2024-01-10"
      }
    },
    {
      "type": "Feature",
      "geometry": {
        "type": "Point",
        "coordinates": [
          -1.7658467036831558,
          6.14334937849967
        ]
      },
      "properties": {
        "probability": 0.9999843835830688,
        "lat": 6.14334937849967,
        "lon": -1.7658467036831558,
        "region": "Obuasi",
        "detected_at": "2026-07-13T08:51:51.243160",
        "model_version": "48px_v3.7_2024-01-10"
      }
    },
    {
      "type": "Feature",
      "geometry": {
        "type": "Point",
        "coordinates": [
          -1.7658467036831558,
          6.130296067736094
        ]
      },
      "properties": {
        "probability": 0.9999745488166809,
        "lat": 6.130296067736094,
        "lon": -1.7658467036831558,
        "region": "Obuasi",
        "detected_at": "2026-07-13T08:51:51.243252",
        "model_version": "48px_v3.7_2024-01-10"
      }
    },
    {
      "type": "Feature",
      "geometry": {
        "type": "Point",
        "coordinates": [
          -1.7658467036831558,
          6.128120515942165
        ]
      },
      "properties": {
        "probability": 0.9999796748161316,
        "lat": 6.128120515942165,
        "lon": -1.7658467036831558,
        "region": "Obuasi",
        "detected_at": "2026-07-13T08:51:51.243342",
        "model_version": "48px_v3.7_2024-01-10"
      }
    },
    {
      "type": "Feature",
      "geometry": {
        "type": "Point",
        "coordinates": [
          -1.763673157015809,
          6.1455249302936
        ]
      },
      "properties": {
        "probability": 0.976866602897644,
        "lat": 6.1455249302936,
        "lon": -1.763673157015809,
        "region": "Obuasi",
        "detected_at": "2026-07-13T08:51:51.243431",
        "model_version": "48px_v3.7_2024-01-10"
      }
    },
    {
      "type": "Feature",
      "geometry": {
        "type": "Point",
        "coordinates": [
          -1.763673157015809,
          6.14334937849967
        ]
      },
      "properties": {
        "probability": 0.9993221163749695,
        "lat": 6.14334937849967,
        "lon": -1.763673157015809,
        "region": "Obuasi",
        "detected_at": "2026-07-13T08:51:51.243547",
        "model_version": "48px_v3.7_2024-01-10"
      }
    },
    {
      "type": "Feature",
      "geometry": {
        "type": "Point",
        "coordinates": [
          -1.7614996103484624,
          6.1455249302936
        ]
      },
      "properties": {
        "probability": 0.9249112606048584,
        "lat": 6.1455249302936,
        "lon": -1.7614996103484624,
        "region": "Obuasi",
        "detected_at": "2026-07-13T08:51:51.243640",
        "model_version": "48px_v3.7_2024-01-10"
      }
    },
    {
      "type": "Feature",
      "geometry": {
        "type": "Point",
        "coordinates": [
          -1.7614996103484624,
          6.14334937849967
        ]
      },
      "properties": {
        "probability": 0.9446713924407959,
        "lat": 6.14334937849967,
        "lon": -1.7614996103484624,
        "region": "Obuasi",
        "detected_at": "2026-07-13T08:51:51.243731",
        "model_version": "48px_v3.7_2024-01-10"
      }
    },
    {
      "type": "Feature",
      "geometry": {
        "type": "Point",
        "coordinates": [
          -1.7614996103484624,
          6.136822723117882
        ]
      },
      "properties": {
        "probability": 0.9555241465568542,
        "lat": 6.136822723117882,
        "lon": -1.7614996103484624,
        "region": "Obuasi",
        "detected_at": "2026-07-13T08:51:51.243822",
        "model_version": "48px_v3.7_2024-01-10"
      }
    },
    {
      "type": "Feature",
      "geometry": {
        "type": "Point",
        "coordinates": [
          -1.7593260636811154,
          6.136822723117882
        ]
      },
      "properties": {
        "probability": 0.9799071550369263,
        "lat": 6.136822723117882,
        "lon": -1.7593260636811154,
        "region": "Obuasi",
        "detected_at": "2026-07-13T08:51:51.243912",
        "model_version": "48px_v3.7_2024-01-10"
      }
    },
    {
      "type": "Feature",
      "geometry": {
        "type": "Point",
        "coordinates": [
          -1.7137997941110883,
          6.145405628826981
        ]
      },
      "properties": {
        "probability": 0.9172648787498474,
        "lat": 6.145405628826981,
        "lon": -1.7137997941110883,
        "region": "Obuasi",
        "detected_at": "2026-07-13T08:51:51.244003",
        "model_version": "48px_v3.7_2024-01-10"
      }
    },
    {
      "type": "Feature",
      "geometry": {
        "type": "Point",
        "coordinates": [
          -1.7137997941110883,
          6.143229910145176
        ]
      },
      "properties": {
        "probability": 0.8790466785430908,
        "lat": 6.143229910145176,
        "lon": -1.7137997941110883,
        "region": "Obuasi",
        "detected_at": "2026-07-13T08:51:51.244093",
        "model_version": "48px_v3.7_2024-01-10"
      }
    },
    {
      "type": "Feature",
      "geometry": {
        "type": "Point",
        "coordinates": [
          -1.7116260812092818,
          6.145405628826981
        ]
      },
      "properties": {
        "probability": 0.9990293979644775,
        "lat": 6.145405628826981,
        "lon": -1.7116260812092818,
        "region": "Obuasi",
        "detected_at": "2026-07-13T08:51:51.244183",
        "model_version": "48px_v3.7_2024-01-10"
      }
    },
    {
      "type": "Feature",
      "geometry": {
        "type": "Point",
        "coordinates": [
          -1.7116260812092818,
          6.143229910145176
        ]
      },
      "properties": {
        "probability": 0.9997180104255676,
        "lat": 6.143229910145176,
        "lon": -1.7116260812092818,
        "region": "Obuasi",
        "detected_at": "2026-07-13T08:51:51.244279",
        "model_version": "48px_v3.7_2024-01-10"
      }
    },
    {
      "type": "Feature",
      "geometry": {
        "type": "Point",
        "coordinates": [
          -1.7094523683074752,
          6.145405628826981
        ]
      },
      "properties": {
        "probability": 0.9139160513877869,
        "lat": 6.145405628826981,
        "lon": -1.7094523683074752,
        "region": "Obuasi",
        "detected_at": "2026-07-13T08:51:51.244369",
        "model_version": "48px_v3.7_2024-01-10"
      }
    },
    {
      "type": "Feature",
      "geometry": {
        "type": "Point",
        "coordinates": [
          -1.7094523683074754,
          6.143229910145176
        ]
      },
      "properties": {
        "probability": 0.8018463850021362,
        "lat": 6.143229910145176,
        "lon": -1.7094523683074754,
        "region": "Obuasi",
        "detected_at": "2026-07-13T08:51:51.244482",
        "model_version": "48px_v3.7_2024-01-10"
      }
    },
    {
      "type": "Feature",
      "geometry": {
        "type": "Point",
        "coordinates": [
          -1.705104942503862,
          6.1214727233271145
        ]
      },
      "properties": {
        "probability": 0.9073182940483093,
        "lat": 6.1214727233271145,
        "lon": -1.705104942503862,
        "region": "Obuasi",
        "detected_at": "2026-07-13T08:51:51.244578",
        "model_version": "48px_v3.7_2024-01-10"
      }
    },
    {
      "type": "Feature",
      "geometry": {
        "type": "Point",
        "coordinates": [
          -1.7007575167002487,
          6.117121285963501
        ]
      },
      "properties": {
        "probability": 0.9191346764564514,
        "lat": 6.117121285963501,
        "lon": -1.7007575167002487,
        "region": "Obuasi",
        "detected_at": "2026-07-13T08:51:51.244676",
        "model_version": "48px_v3.7_2024-01-10"
      }
    },
    {
      "type": "Feature",
      "geometry": {
        "type": "Point",
        "coordinates": [
          -1.7007575167002484,
          6.114945567281694
        ]
      },
      "properties": {
        "probability": 0.998562753200531,
        "lat": 6.114945567281694,
        "lon": -1.7007575167002484,
        "region": "Obuasi",
        "detected_at": "2026-07-13T08:51:51.244766",
        "model_version": "48px_v3.7_2024-01-10"
      }
    },
    {
      "type": "Feature",
      "geometry": {
        "type": "Point",
        "coordinates": [
          -1.7007575167002484,
          6.112769848599889
        ]
      },
      "properties": {
        "probability": 0.9996916055679321,
        "lat": 6.112769848599889,
        "lon": -1.7007575167002484,
        "region": "Obuasi",
        "detected_at": "2026-07-13T08:51:51.244855",
        "model_version": "48px_v3.7_2024-01-10"
      }
    },
    {
      "type": "Feature",
      "geometry": {
        "type": "Point",
        "coordinates": [
          -1.8005071996346336,
          6.197619914138481
        ]
      },
      "properties": {
        "probability": 0.9992604851722717,
        "lat": 6.197619914138481,
        "lon": -1.8005071996346336,
        "region": "Obuasi",
        "detected_at": "2026-07-13T08:51:51.244945",
        "model_version": "48px_v3.7_2024-01-10"
      }
    },
    {
      "type": "Feature",
      "geometry": {
        "type": "Point",
        "coordinates": [
          -1.8005071996346336,
          6.195444324285015
        ]
      },
      "properties": {
        "probability": 0.9952038526535034,
        "lat": 6.195444324285015,
        "lon": -1.8005071996346336,
        "region": "Obuasi",
        "detected_at": "2026-07-13T08:51:51.245036",
        "model_version": "48px_v3.7_2024-01-10"
      }
    },
    {
      "type": "Feature",
      "geometry": {
        "type": "Point",
        "coordinates": [
          -1.8005071996346336,
          6.19326873443155
        ]
      },
      "properties": {
        "probability": 0.9985926151275635,
        "lat": 6.19326873443155,
        "lon": -1.8005071996346336,
        "region": "Obuasi",
        "detected_at": "2026-07-13T08:51:51.245127",
        "model_version": "48px_v3.7_2024-01-10"
      }
    },
    {
      "type": "Feature",
      "geometry": {
        "type": "Point",
        "coordinates": [
          -1.8005071996346336,
          6.191093144578085
        ]
      },
      "properties": {
        "probability": 0.9917333126068115,
        "lat": 6.191093144578085,
        "lon": -1.8005071996346336,
        "region": "Obuasi",
        "detected_at": "2026-07-13T08:51:51.245225",
        "model_version": "48px_v3.7_2024-01-10"
      }
    },
    {
      "type": "Feature",
      "geometry": {
        "type": "Point",
        "coordinates": [
          -1.8005071996346336,
          6.18021519531076
        ]
      },
      "properties": {
        "probability": 0.986060619354248,
        "lat": 6.18021519531076,
        "lon": -1.8005071996346336,
        "region": "Obuasi",
        "detected_at": "2026-07-13T08:51:51.245316",
        "model_version": "48px_v3.7_2024-01-10"
      }
    },
    {
      "type": "Feature",
      "geometry": {
        "type": "Point",
        "coordinates": [
          -1.8005071996346336,
          6.178039605457295
        ]
      },
      "properties": {
        "probability": 0.9999876022338867,
        "lat": 6.178039605457295,
        "lon": -1.8005071996346336,
        "region": "Obuasi",
        "detected_at": "2026-07-13T08:51:51.245407",
        "model_version": "48px_v3.7_2024-01-10"
      }
    },
    {
      "type": "Feature",
      "geometry": {
        "type": "Point",
        "coordinates": [
          -1.8005071996346336,
          6.156283706922647
        ]
      },
      "properties": {
        "probability": 0.8637485504150391,
        "lat": 6.156283706922647,
        "lon": -1.8005071996346336,
        "region": "Obuasi",
        "detected_at": "2026-07-13T08:51:51.245521",
        "model_version": "48px_v3.7_2024-01-10"
      }
    },
    {
      "type": "Feature",
      "geometry": {
        "type": "Point",
        "coordinates": [
          -1.798333399249934,
          6.197619914138481
        ]
      },
      "properties": {
        "probability": 0.964295506477356,
        "lat": 6.197619914138481,
        "lon": -1.798333399249934,
        "region": "Obuasi",
        "detected_at": "2026-07-13T08:51:51.245616",
        "model_version": "48px_v3.7_2024-01-10"
      }
    },
    {
      "type": "Feature",
      "geometry": {
        "type": "Point",
        "coordinates": [
          -1.798333399249934,
          6.195444324285015
        ]
      },
      "properties": {
        "probability": 0.9957011938095093,
        "lat": 6.195444324285015,
        "lon": -1.798333399249934,
        "region": "Obuasi",
        "detected_at": "2026-07-13T08:51:51.245706",
        "model_version": "48px_v3.7_2024-01-10"
      }
    },
    {
      "type": "Feature",
      "geometry": {
        "type": "Point",
        "coordinates": [
          -1.798333399249934,
          6.19326873443155
        ]
      },
      "properties": {
        "probability": 0.999839186668396,
        "lat": 6.19326873443155,
        "lon": -1.798333399249934,
        "region": "Obuasi",
        "detected_at": "2026-07-13T08:51:51.245796",
        "model_version": "48px_v3.7_2024-01-10"
      }
    },
    {
      "type": "Feature",
      "geometry": {
        "type": "Point",
        "coordinates": [
          -1.798333399249934,
          6.191093144578085
        ]
      },
      "properties": {
        "probability": 0.9997857809066772,
        "lat": 6.191093144578085,
        "lon": -1.798333399249934,
        "region": "Obuasi",
        "detected_at": "2026-07-13T08:51:51.245886",
        "model_version": "48px_v3.7_2024-01-10"
      }
    },
    {
      "type": "Feature",
      "geometry": {
        "type": "Point",
        "coordinates": [
          -1.798333399249934,
          6.18891755472462
        ]
      },
      "properties": {
        "probability": 0.9999947547912598,
        "lat": 6.18891755472462,
        "lon": -1.798333399249934,
        "region": "Obuasi",
        "detected_at": "2026-07-13T08:51:51.245979",
        "model_version": "48px_v3.7_2024-01-10"
      }
    },
    {
      "type": "Feature",
      "geometry": {
        "type": "Point",
        "coordinates": [
          -1.798333399249934,
          6.186741964871156
        ]
      },
      "properties": {
        "probability": 0.999617874622345,
        "lat": 6.186741964871156,
        "lon": -1.798333399249934,
        "region": "Obuasi",
        "detected_at": "2026-07-13T08:51:51.246076",
        "model_version": "48px_v3.7_2024-01-10"
      }
    },
    {
      "type": "Feature",
      "geometry": {
        "type": "Point",
        "coordinates": [
          -1.798333399249934,
          6.182390785164225
        ]
      },
      "properties": {
        "probability": 0.9995189905166626,
        "lat": 6.182390785164225,
        "lon": -1.798333399249934,
        "region": "Obuasi",
        "detected_at": "2026-07-13T08:51:51.246178",
        "model_version": "48px_v3.7_2024-01-10"
      }
    },
    {
      "type": "Feature",
      "geometry": {
        "type": "Point",
        "coordinates": [
          -1.798333399249934,
          6.18021519531076
        ]
      },
      "properties": {
        "probability": 1.0,
        "lat": 6.18021519531076,
        "lon": -1.798333399249934,
        "region": "Obuasi",
        "detected_at": "2026-07-13T08:51:51.246269",
        "model_version": "48px_v3.7_2024-01-10"
      }
    },
    {
      "type": "Feature",
      "geometry": {
        "type": "Point",
        "coordinates": [
          -1.798333399249934,
          6.178039605457295
        ]
      },
      "properties": {
        "probability": 1.0,
        "lat": 6.178039605457295,
        "lon": -1.798333399249934,
        "region": "Obuasi",
        "detected_at": "2026-07-13T08:51:51.246358",
        "model_version": "48px_v3.7_2024-01-10"
      }
    },
    {
      "type": "Feature",
      "geometry": {
        "type": "Point",
        "coordinates": [
          -1.798333399249934,
          6.156283706922647
        ]
      },
      "properties": {
        "probability": 0.9954332113265991,
        "lat": 6.156283706922647,
        "lon": -1.798333399249934,
        "region": "Obuasi",
        "detected_at": "2026-07-13T08:51:51.246469",
        "model_version": "48px_v3.7_2024-01-10"
      }
    },
    {
      "type": "Feature",
      "geometry": {
        "type": "Point",
        "coordinates": [
          -1.7961595988652341,
          6.18891755472462
        ]
      },
      "properties": {
        "probability": 0.9999995231628418,
        "lat": 6.18891755472462,
        "lon": -1.7961595988652341,
        "region": "Obuasi",
        "detected_at": "2026-07-13T08:51:51.246568",
        "model_version": "48px_v3.7_2024-01-10"
      }
    },
    {
      "type": "Feature",
      "geometry": {
        "type": "Point",
        "coordinates": [
          -1.7961595988652341,
          6.186741964871156
        ]
      },
      "properties": {
        "probability": 0.9999999403953552,
        "lat": 6.186741964871156,
        "lon": -1.7961595988652341,
        "region": "Obuasi",
        "detected_at": "2026-07-13T08:51:51.246659",
        "model_version": "48px_v3.7_2024-01-10"
      }
    },
    {
      "type": "Feature",
      "geometry": {
        "type": "Point",
        "coordinates": [
          -1.7961595988652341,
          6.184566375017691
        ]
      },
      "properties": {
        "probability": 1.0,
        "lat": 6.184566375017691,
        "lon": -1.7961595988652341,
        "region": "Obuasi",
        "detected_at": "2026-07-13T08:51:51.246748",
        "model_version": "48px_v3.7_2024-01-10"
      }
    },
    {
      "type": "Feature",
      "geometry": {
        "type": "Point",
        "coordinates": [
          -1.7961595988652341,
          6.182390785164225
        ]
      },
      "properties": {
        "probability": 1.0,
        "lat": 6.182390785164225,
        "lon": -1.7961595988652341,
        "region": "Obuasi",
        "detected_at": "2026-07-13T08:51:51.246838",
        "model_version": "48px_v3.7_2024-01-10"
      }
    },
    {
      "type": "Feature",
      "geometry": {
        "type": "Point",
        "coordinates": [
          -1.7961595988652341,
          6.18021519531076
        ]
      },
      "properties": {
        "probability": 1.0,
        "lat": 6.18021519531076,
        "lon": -1.7961595988652341,
        "region": "Obuasi",
        "detected_at": "2026-07-13T08:51:51.246928",
        "model_version": "48px_v3.7_2024-01-10"
      }
    },
    {
      "type": "Feature",
      "geometry": {
        "type": "Point",
        "coordinates": [
          -1.7961595988652341,
          6.178039605457295
        ]
      },
      "properties": {
        "probability": 1.0,
        "lat": 6.178039605457295,
        "lon": -1.7961595988652341,
        "region": "Obuasi",
        "detected_at": "2026-07-13T08:51:51.247017",
        "model_version": "48px_v3.7_2024-01-10"
      }
    },
    {
      "type": "Feature",
      "geometry": {
        "type": "Point",
        "coordinates": [
          -1.7961595988652341,
          6.156283706922647
        ]
      },
      "properties": {
        "probability": 0.8148204684257507,
        "lat": 6.156283706922647,
        "lon": -1.7961595988652341,
        "region": "Obuasi",
        "detected_at": "2026-07-13T08:51:51.247106",
        "model_version": "48px_v3.7_2024-01-10"
      }
    },
    {
      "type": "Feature",
      "geometry": {
        "type": "Point",
        "coordinates": [
          -1.7939857984805343,
          6.18891755472462
        ]
      },
      "properties": {
        "probability": 0.9667774438858032,
        "lat": 6.18891755472462,
        "lon": -1.7939857984805343,
        "region": "Obuasi",
        "detected_at": "2026-07-13T08:51:51.247197",
        "model_version": "48px_v3.7_2024-01-10"
      }
    },
    {
      "type": "Feature",
      "geometry": {
        "type": "Point",
        "coordinates": [
          -1.7939857984805345,
          6.186741964871156
        ]
      },
      "properties": {
        "probability": 0.9998739957809448,
        "lat": 6.186741964871156,
        "lon": -1.7939857984805345,
        "region": "Obuasi",
        "detected_at": "2026-07-13T08:51:51.247287",
        "model_version": "48px_v3.7_2024-01-10"
      }
    },
    {
      "type": "Feature",
      "geometry": {
        "type": "Point",
        "coordinates": [
          -1.7939857984805345,
          6.184566375017691
        ]
      },
      "properties": {
        "probability": 1.0,
        "lat": 6.184566375017691,
        "lon": -1.7939857984805345,
        "region": "Obuasi",
        "detected_at": "2026-07-13T08:51:51.247377",
        "model_version": "48px_v3.7_2024-01-10"
      }
    },
    {
      "type": "Feature",
      "geometry": {
        "type": "Point",
        "coordinates": [
          -1.7939857984805343,
          6.182390785164225
        ]
      },
      "properties": {
        "probability": 1.0,
        "lat": 6.182390785164225,
        "lon": -1.7939857984805343,
        "region": "Obuasi",
        "detected_at": "2026-07-13T08:51:51.247489",
        "model_version": "48px_v3.7_2024-01-10"
      }
    },
    {
      "type": "Feature",
      "geometry": {
        "type": "Point",
        "coordinates": [
          -1.7939857984805343,
          6.18021519531076
        ]
      },
      "properties": {
        "probability": 0.999998927116394,
        "lat": 6.18021519531076,
        "lon": -1.7939857984805343,
        "region": "Obuasi",
        "detected_at": "2026-07-13T08:51:51.247585",
        "model_version": "48px_v3.7_2024-01-10"
      }
    },
    {
      "type": "Feature",
      "geometry": {
        "type": "Point",
        "coordinates": [
          -1.7939857984805343,
          6.178039605457295
        ]
      },
      "properties": {
        "probability": 0.9916629195213318,
        "lat": 6.178039605457295,
        "lon": -1.7939857984805343,
        "region": "Obuasi",
        "detected_at": "2026-07-13T08:51:51.247684",
        "model_version": "48px_v3.7_2024-01-10"
      }
    },
    {
      "type": "Feature",
      "geometry": {
        "type": "Point",
        "coordinates": [
          -1.7918119980958347,
          6.191093144578085
        ]
      },
      "properties": {
        "probability": 0.9026088714599609,
        "lat": 6.191093144578085,
        "lon": -1.7918119980958347,
        "region": "Obuasi",
        "detected_at": "2026-07-13T08:51:51.247775",
        "model_version": "48px_v3.7_2024-01-10"
      }
    },
    {
      "type": "Feature",
      "geometry": {
        "type": "Point",
        "coordinates": [
          -1.7918119980958347,
          6.18891755472462
        ]
      },
      "properties": {
        "probability": 0.9996165633201599,
        "lat": 6.18891755472462,
        "lon": -1.7918119980958347,
        "region": "Obuasi",
        "detected_at": "2026-07-13T08:51:51.247866",
        "model_version": "48px_v3.7_2024-01-10"
      }
    },
    {
      "type": "Feature",
      "geometry": {
        "type": "Point",
        "coordinates": [
          -1.7918119980958345,
          6.186741964871156
        ]
      },
      "properties": {
        "probability": 1.0,
        "lat": 6.186741964871156,
        "lon": -1.7918119980958345,
        "region": "Obuasi",
        "detected_at": "2026-07-13T08:51:51.247964",
        "model_version": "48px_v3.7_2024-01-10"
      }
    },
    {
      "type": "Feature",
      "geometry": {
        "type": "Point",
        "coordinates": [
          -1.7918119980958345,
          6.184566375017691
        ]
      },
      "properties": {
        "probability": 1.0,
        "lat": 6.184566375017691,
        "lon": -1.7918119980958345,
        "region": "Obuasi",
        "detected_at": "2026-07-13T08:51:51.248055",
        "model_version": "48px_v3.7_2024-01-10"
      }
    },
    {
      "type": "Feature",
      "geometry": {
        "type": "Point",
        "coordinates": [
          -1.7918119980958347,
          6.182390785164225
        ]
      },
      "properties": {
        "probability": 0.999999463558197,
        "lat": 6.182390785164225,
        "lon": -1.7918119980958347,
        "region": "Obuasi",
        "detected_at": "2026-07-13T08:51:51.248147",
        "model_version": "48px_v3.7_2024-01-10"
      }
    },
    {
      "type": "Feature",
      "geometry": {
        "type": "Point",
        "coordinates": [
          -1.7918119980958347,
          6.18021519531076
        ]
      },
      "properties": {
        "probability": 0.9982169270515442,
        "lat": 6.18021519531076,
        "lon": -1.7918119980958347,
        "region": "Obuasi",
        "detected_at": "2026-07-13T08:51:51.248237",
        "model_version": "48px_v3.7_2024-01-10"
      }
    },
    {
      "type": "Feature",
      "geometry": {
        "type": "Point",
        "coordinates": [
          -1.7918119980958347,
          6.16716165618997
        ]
      },
      "properties": {
        "probability": 0.9567187428474426,
        "lat": 6.16716165618997,
        "lon": -1.7918119980958347,
        "region": "Obuasi",
        "detected_at": "2026-07-13T08:51:51.248328",
        "model_version": "48px_v3.7_2024-01-10"
      }
    },
    {
      "type": "Feature",
      "geometry": {
        "type": "Point",
        "coordinates": [
          -1.7896381977111344,
          6.197619914138481
        ]
      },
      "properties": {
        "probability": 0.999809980392456,
        "lat": 6.197619914138481,
        "lon": -1.7896381977111344,
        "region": "Obuasi",
        "detected_at": "2026-07-13T08:51:51.248418",
        "model_version": "48px_v3.7_2024-01-10"
      }
    },
    {
      "type": "Feature",
      "geometry": {
        "type": "Point",
        "coordinates": [
          -1.7896381977111344,
          6.195444324285015
        ]
      },
      "properties": {
        "probability": 0.9981952905654907,
        "lat": 6.195444324285015,
        "lon": -1.7896381977111344,
        "region": "Obuasi",
        "detected_at": "2026-07-13T08:51:51.248534",
        "model_version": "48px_v3.7_2024-01-10"
      }
    },
    {
      "type": "Feature",
      "geometry": {
        "type": "Point",
        "coordinates": [
          -1.7896381977111344,
          6.19326873443155
        ]
      },
      "properties": {
        "probability": 0.9999834895133972,
        "lat": 6.19326873443155,
        "lon": -1.7896381977111344,
        "region": "Obuasi",
        "detected_at": "2026-07-13T08:51:51.248628",
        "model_version": "48px_v3.7_2024-01-10"
      }
    },
    {
      "type": "Feature",
      "geometry": {
        "type": "Point",
        "coordinates": [
          -1.7896381977111344,
          6.191093144578085
        ]
      },
      "properties": {
        "probability": 0.999963641166687,
        "lat": 6.191093144578085,
        "lon": -1.7896381977111344,
        "region": "Obuasi",
        "detected_at": "2026-07-13T08:51:51.248718",
        "model_version": "48px_v3.7_2024-01-10"
      }
    },
    {
      "type": "Feature",
      "geometry": {
        "type": "Point",
        "coordinates": [
          -1.7896381977111344,
          6.18891755472462
        ]
      },
      "properties": {
        "probability": 0.999999463558197,
        "lat": 6.18891755472462,
        "lon": -1.7896381977111344,
        "region": "Obuasi",
        "detected_at": "2026-07-13T08:51:51.248809",
        "model_version": "48px_v3.7_2024-01-10"
      }
    },
    {
      "type": "Feature",
      "geometry": {
        "type": "Point",
        "coordinates": [
          -1.7896381977111344,
          6.186741964871156
        ]
      },
      "properties": {
        "probability": 1.0,
        "lat": 6.186741964871156,
        "lon": -1.7896381977111344,
        "region": "Obuasi",
        "detected_at": "2026-07-13T08:51:51.248900",
        "model_version": "48px_v3.7_2024-01-10"
      }
    },
    {
      "type": "Feature",
      "geometry": {
        "type": "Point",
        "coordinates": [
          -1.7896381977111344,
          6.184566375017691
        ]
      },
      "properties": {
        "probability": 0.9999998211860657,
        "lat": 6.184566375017691,
        "lon": -1.7896381977111344,
        "region": "Obuasi",
        "detected_at": "2026-07-13T08:51:51.248994",
        "model_version": "48px_v3.7_2024-01-10"
      }
    },
    {
      "type": "Feature",
      "geometry": {
        "type": "Point",
        "coordinates": [
          -1.7896381977111344,
          6.182390785164225
        ]
      },
      "properties": {
        "probability": 0.8777908086776733,
        "lat": 6.182390785164225,
        "lon": -1.7896381977111344,
        "region": "Obuasi",
        "detected_at": "2026-07-13T08:51:51.249092",
        "model_version": "48px_v3.7_2024-01-10"
      }
    },
    {
      "type": "Feature",
      "geometry": {
        "type": "Point",
        "coordinates": [
          -1.7874643973264348,
          6.197619914138481
        ]
      },
      "properties": {
        "probability": 1.0,
        "lat": 6.197619914138481,
        "lon": -1.7874643973264348,
        "region": "Obuasi",
        "detected_at": "2026-07-13T08:51:51.249184",
        "model_version": "48px_v3.7_2024-01-10"
      }
    },
    {
      "type": "Feature",
      "geometry": {
        "type": "Point",
        "coordinates": [
          -1.7874643973264348,
          6.195444324285015
        ]
      },
      "properties": {
        "probability": 1.0,
        "lat": 6.195444324285015,
        "lon": -1.7874643973264348,
        "region": "Obuasi",
        "detected_at": "2026-07-13T08:51:51.249274",
        "model_version": "48px_v3.7_2024-01-10"
      }
    },
    {
      "type": "Feature",
      "geometry": {
        "type": "Point",
        "coordinates": [
          -1.7874643973264348,
          6.19326873443155
        ]
      },
      "properties": {
        "probability": 1.0,
        "lat": 6.19326873443155,
        "lon": -1.7874643973264348,
        "region": "Obuasi",
        "detected_at": "2026-07-13T08:51:51.249372",
        "model_version": "48px_v3.7_2024-01-10"
      }
    },
    {
      "type": "Feature",
      "geometry": {
        "type": "Point",
        "coordinates": [
          -1.7874643973264348,
          6.191093144578085
        ]
      },
      "properties": {
        "probability": 1.0,
        "lat": 6.191093144578085,
        "lon": -1.7874643973264348,
        "region": "Obuasi",
        "detected_at": "2026-07-13T08:51:51.249486",
        "model_version": "48px_v3.7_2024-01-10"
      }
    },
    {
      "type": "Feature",
      "geometry": {
        "type": "Point",
        "coordinates": [
          -1.7874643973264348,
          6.18891755472462
        ]
      },
      "properties": {
        "probability": 1.0,
        "lat": 6.18891755472462,
        "lon": -1.7874643973264348,
        "region": "Obuasi",
        "detected_at": "2026-07-13T08:51:51.249583",
        "model_version": "48px_v3.7_2024-01-10"
      }
    },
    {
      "type": "Feature",
      "geometry": {
        "type": "Point",
        "coordinates": [
          -1.7874643973264348,
          6.186741964871156
        ]
      },
      "properties": {
        "probability": 1.0,
        "lat": 6.186741964871156,
        "lon": -1.7874643973264348,
        "region": "Obuasi",
        "detected_at": "2026-07-13T08:51:51.249675",
        "model_version": "48px_v3.7_2024-01-10"
      }
    },
    {
      "type": "Feature",
      "geometry": {
        "type": "Point",
        "coordinates": [
          -1.7874643973264348,
          6.184566375017691
        ]
      },
      "properties": {
        "probability": 0.999384343624115,
        "lat": 6.184566375017691,
        "lon": -1.7874643973264348,
        "region": "Obuasi",
        "detected_at": "2026-07-13T08:51:51.249772",
        "model_version": "48px_v3.7_2024-01-10"
      }
    },
    {
      "type": "Feature",
      "geometry": {
        "type": "Point",
        "coordinates": [
          -1.7874643973264348,
          6.1715128358969
        ]
      },
      "properties": {
        "probability": 0.9708545207977295,
        "lat": 6.1715128358969,
        "lon": -1.7874643973264348,
        "region": "Obuasi",
        "detected_at": "2026-07-13T08:51:51.249863",
        "model_version": "48px_v3.7_2024-01-10"
      }
    },
    {
      "type": "Feature",
      "geometry": {
        "type": "Point",
        "coordinates": [
          -1.785290596941735,
          6.197619914138481
        ]
      },
      "properties": {
        "probability": 1.0,
        "lat": 6.197619914138481,
        "lon": -1.785290596941735,
        "region": "Obuasi",
        "detected_at": "2026-07-13T08:51:51.249953",
        "model_version": "48px_v3.7_2024-01-10"
      }
    },
    {
      "type": "Feature",
      "geometry": {
        "type": "Point",
        "coordinates": [
          -1.785290596941735,
          6.195444324285015
        ]
      },
      "properties": {
        "probability": 1.0,
        "lat": 6.195444324285015,
        "lon": -1.785290596941735,
        "region": "Obuasi",
        "detected_at": "2026-07-13T08:51:51.250044",
        "model_version": "48px_v3.7_2024-01-10"
      }
    },
    {
      "type": "Feature",
      "geometry": {
        "type": "Point",
        "coordinates": [
          -1.785290596941735,
          6.19326873443155
        ]
      },
      "properties": {
        "probability": 1.0,
        "lat": 6.19326873443155,
        "lon": -1.785290596941735,
        "region": "Obuasi",
        "detected_at": "2026-07-13T08:51:51.250134",
        "model_version": "48px_v3.7_2024-01-10"
      }
    },
    {
      "type": "Feature",
      "geometry": {
        "type": "Point",
        "coordinates": [
          -1.785290596941735,
          6.191093144578085
        ]
      },
      "properties": {
        "probability": 1.0,
        "lat": 6.191093144578085,
        "lon": -1.785290596941735,
        "region": "Obuasi",
        "detected_at": "2026-07-13T08:51:51.250224",
        "model_version": "48px_v3.7_2024-01-10"
      }
    },
    {
      "type": "Feature",
      "geometry": {
        "type": "Point",
        "coordinates": [
          -1.785290596941735,
          6.18891755472462
        ]
      },
      "properties": {
        "probability": 1.0,
        "lat": 6.18891755472462,
        "lon": -1.785290596941735,
        "region": "Obuasi",
        "detected_at": "2026-07-13T08:51:51.250314",
        "model_version": "48px_v3.7_2024-01-10"
      }
    },
    {
      "type": "Feature",
      "geometry": {
        "type": "Point",
        "coordinates": [
          -1.7852905969417352,
          6.186741964871156
        ]
      },
      "properties": {
        "probability": 0.9999714493751526,
        "lat": 6.186741964871156,
        "lon": -1.7852905969417352,
        "region": "Obuasi",
        "detected_at": "2026-07-13T08:51:51.250404",
        "model_version": "48px_v3.7_2024-01-10"
      }
    },
    {
      "type": "Feature",
      "geometry": {
        "type": "Point",
        "coordinates": [
          -1.785290596941735,
          6.1715128358969
        ]
      },
      "properties": {
        "probability": 0.9713617563247681,
        "lat": 6.1715128358969,
        "lon": -1.785290596941735,
        "region": "Obuasi",
        "detected_at": "2026-07-13T08:51:51.250518",
        "model_version": "48px_v3.7_2024-01-10"
      }
    },
    {
      "type": "Feature",
      "geometry": {
        "type": "Point",
        "coordinates": [
          -1.7831167965570351,
          6.197619914138481
        ]
      },
      "properties": {
        "probability": 1.0,
        "lat": 6.197619914138481,
        "lon": -1.7831167965570351,
        "region": "Obuasi",
        "detected_at": "2026-07-13T08:51:51.250620",
        "model_version": "48px_v3.7_2024-01-10"
      }
    },
    {
      "type": "Feature",
      "geometry": {
        "type": "Point",
        "coordinates": [
          -1.7831167965570351,
          6.195444324285015
        ]
      },
      "properties": {
        "probability": 1.0,
        "lat": 6.195444324285015,
        "lon": -1.7831167965570351,
        "region": "Obuasi",
        "detected_at": "2026-07-13T08:51:51.250710",
        "model_version": "48px_v3.7_2024-01-10"
      }
    },
    {
      "type": "Feature",
      "geometry": {
        "type": "Point",
        "coordinates": [
          -1.7831167965570351,
          6.19326873443155
        ]
      },
      "properties": {
        "probability": 1.0,
        "lat": 6.19326873443155,
        "lon": -1.7831167965570351,
        "region": "Obuasi",
        "detected_at": "2026-07-13T08:51:51.250800",
        "model_version": "48px_v3.7_2024-01-10"
      }
    },
    {
      "type": "Feature",
      "geometry": {
        "type": "Point",
        "coordinates": [
          -1.7831167965570351,
          6.191093144578085
        ]
      },
      "properties": {
        "probability": 1.0,
        "lat": 6.191093144578085,
        "lon": -1.7831167965570351,
        "region": "Obuasi",
        "detected_at": "2026-07-13T08:51:51.250890",
        "model_version": "48px_v3.7_2024-01-10"
      }
    },
    {
      "type": "Feature",
      "geometry": {
        "type": "Point",
        "coordinates": [
          -1.7831167965570351,
          6.18891755472462
        ]
      },
      "properties": {
        "probability": 0.9999998211860657,
        "lat": 6.18891755472462,
        "lon": -1.7831167965570351,
        "region": "Obuasi",
        "detected_at": "2026-07-13T08:51:51.250982",
        "model_version": "48px_v3.7_2024-01-10"
      }
    },
    {
      "type": "Feature",
      "geometry": {
        "type": "Point",
        "coordinates": [
          -1.7831167965570351,
          6.1715128358969
        ]
      },
      "properties": {
        "probability": 0.9999746084213257,
        "lat": 6.1715128358969,
        "lon": -1.7831167965570351,
        "region": "Obuasi",
        "detected_at": "2026-07-13T08:51:51.251072",
        "model_version": "48px_v3.7_2024-01-10"
      }
    },
    {
      "type": "Feature",
      "geometry": {
        "type": "Point",
        "coordinates": [
          -1.7809429961723355,
          6.197619914138481
        ]
      },
      "properties": {
        "probability": 0.9999999403953552,
        "lat": 6.197619914138481,
        "lon": -1.7809429961723355,
        "region": "Obuasi",
        "detected_at": "2026-07-13T08:51:51.251162",
        "model_version": "48px_v3.7_2024-01-10"
      }
    },
    {
      "type": "Feature",
      "geometry": {
        "type": "Point",
        "coordinates": [
          -1.7809429961723355,
          6.195444324285015
        ]
      },
      "properties": {
        "probability": 1.0,
        "lat": 6.195444324285015,
        "lon": -1.7809429961723355,
        "region": "Obuasi",
        "detected_at": "2026-07-13T08:51:51.251251",
        "model_version": "48px_v3.7_2024-01-10"
      }
    },
    {
      "type": "Feature",
      "geometry": {
        "type": "Point",
        "coordinates": [
          -1.7809429961723355,
          6.19326873443155
        ]
      },
      "properties": {
        "probability": 0.9999994039535522,
        "lat": 6.19326873443155,
        "lon": -1.7809429961723355,
        "region": "Obuasi",
        "detected_at": "2026-07-13T08:51:51.251341",
        "model_version": "48px_v3.7_2024-01-10"
      }
    },
    {
      "type": "Feature",
      "geometry": {
        "type": "Point",
        "coordinates": [
          -1.7809429961723355,
          6.191093144578085
        ]
      },
      "properties": {
        "probability": 0.9999632239341736,
        "lat": 6.191093144578085,
        "lon": -1.7809429961723355,
        "region": "Obuasi",
        "detected_at": "2026-07-13T08:51:51.251431",
        "model_version": "48px_v3.7_2024-01-10"
      }
    },
    {
      "type": "Feature",
      "geometry": {
        "type": "Point",
        "coordinates": [
          -1.7809429961723355,
          6.18891755472462
        ]
      },
      "properties": {
        "probability": 0.9979090690612793,
        "lat": 6.18891755472462,
        "lon": -1.7809429961723355,
        "region": "Obuasi",
        "detected_at": "2026-07-13T08:51:51.251547",
        "model_version": "48px_v3.7_2024-01-10"
      }
    },
    {
      "type": "Feature",
      "geometry": {
        "type": "Point",
        "coordinates": [
          -1.7809429961723355,
          6.1715128358969
        ]
      },
      "properties": {
        "probability": 0.999887228012085,
        "lat": 6.1715128358969,
        "lon": -1.7809429961723355,
        "region": "Obuasi",
        "detected_at": "2026-07-13T08:51:51.251673",
        "model_version": "48px_v3.7_2024-01-10"
      }
    },
    {
      "type": "Feature",
      "geometry": {
        "type": "Point",
        "coordinates": [
          -1.7787691957876353,
          6.197619914138481
        ]
      },
      "properties": {
        "probability": 1.0,
        "lat": 6.197619914138481,
        "lon": -1.7787691957876353,
        "region": "Obuasi",
        "detected_at": "2026-07-13T08:51:51.251764",
        "model_version": "48px_v3.7_2024-01-10"
      }
    },
    {
      "type": "Feature",
      "geometry": {
        "type": "Point",
        "coordinates": [
          -1.7787691957876353,
          6.195444324285015
        ]
      },
      "properties": {
        "probability": 0.9999997615814209,
        "lat": 6.195444324285015,
        "lon": -1.7787691957876353,
        "region": "Obuasi",
        "detected_at": "2026-07-13T08:51:51.251856",
        "model_version": "48px_v3.7_2024-01-10"
      }
    },
    {
      "type": "Feature",
      "geometry": {
        "type": "Point",
        "coordinates": [
          -1.7787691957876353,
          6.19326873443155
        ]
      },
      "properties": {
        "probability": 0.9996851086616516,
        "lat": 6.19326873443155,
        "lon": -1.7787691957876353,
        "region": "Obuasi",
        "detected_at": "2026-07-13T08:51:51.251947",
        "model_version": "48px_v3.7_2024-01-10"
      }
    },
    {
      "type": "Feature",
      "geometry": {
        "type": "Point",
        "coordinates": [
          -1.7787691957876353,
          6.191093144578085
        ]
      },
      "properties": {
        "probability": 0.8687075972557068,
        "lat": 6.191093144578085,
        "lon": -1.7787691957876353,
        "region": "Obuasi",
        "detected_at": "2026-07-13T08:51:51.252044",
        "model_version": "48px_v3.7_2024-01-10"
      }
    },
    {
      "type": "Feature",
      "geometry": {
        "type": "Point",
        "coordinates": [
          -1.7765953954029354,
          6.197619914138481
        ]
      },
      "properties": {
        "probability": 1.0,
        "lat": 6.197619914138481,
        "lon": -1.7765953954029354,
        "region": "Obuasi",
        "detected_at": "2026-07-13T08:51:51.252141",
        "model_version": "48px_v3.7_2024-01-10"
      }
    },
    {
      "type": "Feature",
      "geometry": {
        "type": "Point",
        "coordinates": [
          -1.7765953954029354,
          6.195444324285015
        ]
      },
      "properties": {
        "probability": 0.9999986886978149,
        "lat": 6.195444324285015,
        "lon": -1.7765953954029354,
        "region": "Obuasi",
        "detected_at": "2026-07-13T08:51:51.252233",
        "model_version": "48px_v3.7_2024-01-10"
      }
    },
    {
      "type": "Feature",
      "geometry": {
        "type": "Point",
        "coordinates": [
          -1.7765953954029354,
          6.19326873443155
        ]
      },
      "properties": {
        "probability": 0.9662201404571533,
        "lat": 6.19326873443155,
        "lon": -1.7765953954029354,
        "region": "Obuasi",
        "detected_at": "2026-07-13T08:51:51.252324",
        "model_version": "48px_v3.7_2024-01-10"
      }
    },
    {
      "type": "Feature",
      "geometry": {
        "type": "Point",
        "coordinates": [
          -1.7744215950182358,
          6.197619914138481
        ]
      },
      "properties": {
        "probability": 0.9989850521087646,
        "lat": 6.197619914138481,
        "lon": -1.7744215950182358,
        "region": "Obuasi",
        "detected_at": "2026-07-13T08:51:51.252414",
        "model_version": "48px_v3.7_2024-01-10"
      }
    },
    {
      "type": "Feature",
      "geometry": {
        "type": "Point",
        "coordinates": [
          -1.7744215950182358,
          6.195444324285015
        ]
      },
      "properties": {
        "probability": 0.9995768070220947,
        "lat": 6.195444324285015,
        "lon": -1.7744215950182358,
        "region": "Obuasi",
        "detected_at": "2026-07-13T08:51:51.252529",
        "model_version": "48px_v3.7_2024-01-10"
      }
    },
    {
      "type": "Feature",
      "geometry": {
        "type": "Point",
        "coordinates": [
          -1.772247794633536,
          6.197619914138481
        ]
      },
      "properties": {
        "probability": 0.9996285438537598,
        "lat": 6.197619914138481,
        "lon": -1.772247794633536,
        "region": "Obuasi",
        "detected_at": "2026-07-13T08:51:51.252623",
        "model_version": "48px_v3.7_2024-01-10"
      }
    },
    {
      "type": "Feature",
      "geometry": {
        "type": "Point",
        "coordinates": [
          -1.772247794633536,
          6.195444324285015
        ]
      },
      "properties": {
        "probability": 0.9997442960739136,
        "lat": 6.195444324285015,
        "lon": -1.772247794633536,
        "region": "Obuasi",
        "detected_at": "2026-07-13T08:51:51.252713",
        "model_version": "48px_v3.7_2024-01-10"
      }
    },
    {
      "type": "Feature",
      "geometry": {
        "type": "Point",
        "coordinates": [
          -1.772247794633536,
          6.19326873443155
        ]
      },
      "properties": {
        "probability": 0.9859777092933655,
        "lat": 6.19326873443155,
        "lon": -1.772247794633536,
        "region": "Obuasi",
        "detected_at": "2026-07-13T08:51:51.252804",
        "model_version": "48px_v3.7_2024-01-10"
      }
    },
    {
      "type": "Feature",
      "geometry": {
        "type": "Point",
        "coordinates": [
          -1.7700739942488364,
          6.195444324285015
        ]
      },
      "properties": {
        "probability": 0.9095688462257385,
        "lat": 6.195444324285015,
        "lon": -1.7700739942488364,
        "region": "Obuasi",
        "detected_at": "2026-07-13T08:51:51.252894",
        "model_version": "48px_v3.7_2024-01-10"
      }
    },
    {
      "type": "Feature",
      "geometry": {
        "type": "Point",
        "coordinates": [
          -1.7700739942488364,
          6.19326873443155
        ]
      },
      "properties": {
        "probability": 0.9969860911369324,
        "lat": 6.19326873443155,
        "lon": -1.7700739942488364,
        "region": "Obuasi",
        "detected_at": "2026-07-13T08:51:51.252986",
        "model_version": "48px_v3.7_2024-01-10"
      }
    },
    {
      "type": "Feature",
      "geometry": {
        "type": "Point",
        "coordinates": [
          -1.7679001938641363,
          6.19326873443155
        ]
      },
      "properties": {
        "probability": 0.9999998211860657,
        "lat": 6.19326873443155,
        "lon": -1.7679001938641363,
        "region": "Obuasi",
        "detected_at": "2026-07-13T08:51:51.253077",
        "model_version": "48px_v3.7_2024-01-10"
      }
    },
    {
      "type": "Feature",
      "geometry": {
        "type": "Point",
        "coordinates": [
          -1.7093264770458263,
          6.1887965596259935
        ]
      },
      "properties": {
        "probability": 0.9499606490135193,
        "lat": 6.1887965596259935,
        "lon": -1.7093264770458263,
        "region": "Obuasi",
        "detected_at": "2026-07-13T08:51:51.253167",
        "model_version": "48px_v3.7_2024-01-10"
      }
    },
    {
      "type": "Feature",
      "geometry": {
        "type": "Point",
        "coordinates": [
          -1.709326477045826,
          6.186620801090963
        ]
      },
      "properties": {
        "probability": 0.8487869501113892,
        "lat": 6.186620801090963,
        "lon": -1.709326477045826,
        "region": "Obuasi",
        "detected_at": "2026-07-13T08:51:51.253258",
        "model_version": "48px_v3.7_2024-01-10"
      }
    },
    {
      "type": "Feature",
      "geometry": {
        "type": "Point",
        "coordinates": [
          -1.709326477045826,
          6.1844450425559305
        ]
      },
      "properties": {
        "probability": 0.9654774069786072,
        "lat": 6.1844450425559305,
        "lon": -1.709326477045826,
        "region": "Obuasi",
        "detected_at": "2026-07-13T08:51:51.253394",
        "model_version": "48px_v3.7_2024-01-10"
      }
    },
    {
      "type": "Feature",
      "geometry": {
        "type": "Point",
        "coordinates": [
          -1.7071525086265686,
          6.1887965596259935
        ]
      },
      "properties": {
        "probability": 0.9999833703041077,
        "lat": 6.1887965596259935,
        "lon": -1.7071525086265686,
        "region": "Obuasi",
        "detected_at": "2026-07-13T08:51:51.253583",
        "model_version": "48px_v3.7_2024-01-10"
      }
    },
    {
      "type": "Feature",
      "geometry": {
        "type": "Point",
        "coordinates": [
          -1.7071525086265686,
          6.186620801090963
        ]
      },
      "properties": {
        "probability": 0.8818132877349854,
        "lat": 6.186620801090963,
        "lon": -1.7071525086265686,
        "region": "Obuasi",
        "detected_at": "2026-07-13T08:51:51.253734",
        "model_version": "48px_v3.7_2024-01-10"
      }
    },
    {
      "type": "Feature",
      "geometry": {
        "type": "Point",
        "coordinates": [
          -1.7071525086265686,
          6.1844450425559305
        ]
      },
      "properties": {
        "probability": 0.8270111083984375,
        "lat": 6.1844450425559305,
        "lon": -1.7071525086265686,
        "region": "Obuasi",
        "detected_at": "2026-07-13T08:51:51.253892",
        "model_version": "48px_v3.7_2024-01-10"
      }
    },
    {
      "type": "Feature",
      "geometry": {
        "type": "Point",
        "coordinates": [
          -1.7049785402073103,
          6.188796559625994
        ]
      },
      "properties": {
        "probability": 0.9741936326026917,
        "lat": 6.188796559625994,
        "lon": -1.7049785402073103,
        "region": "Obuasi",
        "detected_at": "2026-07-13T08:51:51.254038",
        "model_version": "48px_v3.7_2024-01-10"
      }
    },
    {
      "type": "Feature",
      "geometry": {
        "type": "Point",
        "coordinates": [
          -1.8526687076287716,
          6.1108330382777325
        ]
      },
      "properties": {
        "probability": 0.9795224070549011,
        "lat": 6.1108330382777325,
        "lon": -1.8526687076287716,
        "region": "Obuasi",
        "detected_at": "2026-07-13T08:51:51.254178",
        "model_version": "48px_v3.7_2024-01-10"
      }
    },
    {
      "type": "Feature",
      "geometry": {
        "type": "Point",
        "coordinates": [
          -1.8526687076287716,
          6.108657655193671
        ]
      },
      "properties": {
        "probability": 0.9999722838401794,
        "lat": 6.108657655193671,
        "lon": -1.8526687076287716,
        "region": "Obuasi",
        "detected_at": "2026-07-13T08:51:51.254298",
        "model_version": "48px_v3.7_2024-01-10"
      }
    },
    {
      "type": "Feature",
      "geometry": {
        "type": "Point",
        "coordinates": [
          -1.8526687076287716,
          6.106482272109608
        ]
      },
      "properties": {
        "probability": 0.9870957136154175,
        "lat": 6.106482272109608,
        "lon": -1.8526687076287716,
        "region": "Obuasi",
        "detected_at": "2026-07-13T08:51:51.254393",
        "model_version": "48px_v3.7_2024-01-10"
      }
    },
    {
      "type": "Feature",
      "geometry": {
        "type": "Point",
        "coordinates": [
          -1.8504953290370572,
          6.108657655193671
        ]
      },
      "properties": {
        "probability": 0.9704995155334473,
        "lat": 6.108657655193671,
        "lon": -1.8504953290370572,
        "region": "Obuasi",
        "detected_at": "2026-07-13T08:51:51.254530",
        "model_version": "48px_v3.7_2024-01-10"
      }
    },
    {
      "type": "Feature",
      "geometry": {
        "type": "Point",
        "coordinates": [
          -1.8504953290370572,
          6.106482272109608
        ]
      },
      "properties": {
        "probability": 0.8319312334060669,
        "lat": 6.106482272109608,
        "lon": -1.8504953290370572,
        "region": "Obuasi",
        "detected_at": "2026-07-13T08:51:51.254632",
        "model_version": "48px_v3.7_2024-01-10"
      }
    },
    {
      "type": "Feature",
      "geometry": {
        "type": "Point",
        "coordinates": [
          -1.8461485718536272,
          6.115183804445855
        ]
      },
      "properties": {
        "probability": 0.9617270231246948,
        "lat": 6.115183804445855,
        "lon": -1.8461485718536272,
        "region": "Obuasi",
        "detected_at": "2026-07-13T08:51:51.254724",
        "model_version": "48px_v3.7_2024-01-10"
      }
    },
    {
      "type": "Feature",
      "geometry": {
        "type": "Point",
        "coordinates": [
          -1.8418018146701982,
          6.141288401454592
        ]
      },
      "properties": {
        "probability": 0.9999097585678101,
        "lat": 6.141288401454592,
        "lon": -1.8418018146701982,
        "region": "Obuasi",
        "detected_at": "2026-07-13T08:51:51.254815",
        "model_version": "48px_v3.7_2024-01-10"
      }
    },
    {
      "type": "Feature",
      "geometry": {
        "type": "Point",
        "coordinates": [
          -1.8418018146701982,
          6.13911301837053
        ]
      },
      "properties": {
        "probability": 0.9999720454216003,
        "lat": 6.13911301837053,
        "lon": -1.8418018146701982,
        "region": "Obuasi",
        "detected_at": "2026-07-13T08:51:51.254908",
        "model_version": "48px_v3.7_2024-01-10"
      }
    },
    {
      "type": "Feature",
      "geometry": {
        "type": "Point",
        "coordinates": [
          -1.8374550574867687,
          6.134762252202407
        ]
      },
      "properties": {
        "probability": 0.8416566848754883,
        "lat": 6.134762252202407,
        "lon": -1.8374550574867687,
        "region": "Obuasi",
        "detected_at": "2026-07-13T08:51:51.255001",
        "model_version": "48px_v3.7_2024-01-10"
      }
    },
    {
      "type": "Feature",
      "geometry": {
        "type": "Point",
        "coordinates": [
          -1.8374550574867687,
          6.119534570613978
        ]
      },
      "properties": {
        "probability": 0.9999680519104004,
        "lat": 6.119534570613978,
        "lon": -1.8374550574867687,
        "region": "Obuasi",
        "detected_at": "2026-07-13T08:51:51.255093",
        "model_version": "48px_v3.7_2024-01-10"
      }
    },
    {
      "type": "Feature",
      "geometry": {
        "type": "Point",
        "coordinates": [
          -1.8352816788950543,
          6.119534570613977
        ]
      },
      "properties": {
        "probability": 0.9342318177223206,
        "lat": 6.119534570613977,
        "lon": -1.8352816788950543,
        "region": "Obuasi",
        "detected_at": "2026-07-13T08:51:51.255191",
        "model_version": "48px_v3.7_2024-01-10"
      }
    },
    {
      "type": "Feature",
      "geometry": {
        "type": "Point",
        "coordinates": [
          -1.8331083003033395,
          6.132586869118346
        ]
      },
      "properties": {
        "probability": 0.8169479370117188,
        "lat": 6.132586869118346,
        "lon": -1.8331083003033395,
        "region": "Obuasi",
        "detected_at": "2026-07-13T08:51:51.255284",
        "model_version": "48px_v3.7_2024-01-10"
      }
    },
    {
      "type": "Feature",
      "geometry": {
        "type": "Point",
        "coordinates": [
          -1.8331083003033395,
          6.119534570613978
        ]
      },
      "properties": {
        "probability": 0.9988691806793213,
        "lat": 6.119534570613978,
        "lon": -1.8331083003033395,
        "region": "Obuasi",
        "detected_at": "2026-07-13T08:51:51.255376",
        "model_version": "48px_v3.7_2024-01-10"
      }
    },
    {
      "type": "Feature",
      "geometry": {
        "type": "Point",
        "coordinates": [
          -1.8331083003033395,
          6.108657655193671
        ]
      },
      "properties": {
        "probability": 0.9882382154464722,
        "lat": 6.108657655193671,
        "lon": -1.8331083003033395,
        "region": "Obuasi",
        "detected_at": "2026-07-13T08:51:51.255500",
        "model_version": "48px_v3.7_2024-01-10"
      }
    },
    {
      "type": "Feature",
      "geometry": {
        "type": "Point",
        "coordinates": [
          -1.8309349217116249,
          6.132586869118346
        ]
      },
      "properties": {
        "probability": 0.9523118138313293,
        "lat": 6.132586869118346,
        "lon": -1.8309349217116249,
        "region": "Obuasi",
        "detected_at": "2026-07-13T08:51:51.255605",
        "model_version": "48px_v3.7_2024-01-10"
      }
    },
    {
      "type": "Feature",
      "geometry": {
        "type": "Point",
        "coordinates": [
          -1.8309349217116246,
          6.113008421361795
        ]
      },
      "properties": {
        "probability": 0.8360925912857056,
        "lat": 6.113008421361795,
        "lon": -1.8309349217116246,
        "region": "Obuasi",
        "detected_at": "2026-07-13T08:51:51.255698",
        "model_version": "48px_v3.7_2024-01-10"
      }
    },
    {
      "type": "Feature",
      "geometry": {
        "type": "Point",
        "coordinates": [
          -1.8309349217116249,
          6.1108330382777325
        ]
      },
      "properties": {
        "probability": 0.9946019053459167,
        "lat": 6.1108330382777325,
        "lon": -1.8309349217116249,
        "region": "Obuasi",
        "detected_at": "2026-07-13T08:51:51.255797",
        "model_version": "48px_v3.7_2024-01-10"
      }
    },
    {
      "type": "Feature",
      "geometry": {
        "type": "Point",
        "coordinates": [
          -1.8309349217116246,
          6.108657655193671
        ]
      },
      "properties": {
        "probability": 0.9991130232810974,
        "lat": 6.108657655193671,
        "lon": -1.8309349217116246,
        "region": "Obuasi",
        "detected_at": "2026-07-13T08:51:51.255901",
        "model_version": "48px_v3.7_2024-01-10"
      }
    },
    {
      "type": "Feature",
      "geometry": {
        "type": "Point",
        "coordinates": [
          -1.8309349217116246,
          6.106482272109608
        ]
      },
      "properties": {
        "probability": 0.9904171228408813,
        "lat": 6.106482272109608,
        "lon": -1.8309349217116246,
        "region": "Obuasi",
        "detected_at": "2026-07-13T08:51:51.256006",
        "model_version": "48px_v3.7_2024-01-10"
      }
    },
    {
      "type": "Feature",
      "geometry": {
        "type": "Point",
        "coordinates": [
          -1.8309349217116246,
          6.099956122857426
        ]
      },
      "properties": {
        "probability": 0.9830226898193359,
        "lat": 6.099956122857426,
        "lon": -1.8309349217116246,
        "region": "Obuasi",
        "detected_at": "2026-07-13T08:51:51.256099",
        "model_version": "48px_v3.7_2024-01-10"
      }
    },
    {
      "type": "Feature",
      "geometry": {
        "type": "Point",
        "coordinates": [
          -1.8287615431199098,
          6.134762252202407
        ]
      },
      "properties": {
        "probability": 0.9999998211860657,
        "lat": 6.134762252202407,
        "lon": -1.8287615431199098,
        "region": "Obuasi",
        "detected_at": "2026-07-13T08:51:51.256193",
        "model_version": "48px_v3.7_2024-01-10"
      }
    },
    {
      "type": "Feature",
      "geometry": {
        "type": "Point",
        "coordinates": [
          -1.82876154311991,
          6.132586869118346
        ]
      },
      "properties": {
        "probability": 0.9991265535354614,
        "lat": 6.132586869118346,
        "lon": -1.82876154311991,
        "region": "Obuasi",
        "detected_at": "2026-07-13T08:51:51.256313",
        "model_version": "48px_v3.7_2024-01-10"
      }
    },
    {
      "type": "Feature",
      "geometry": {
        "type": "Point",
        "coordinates": [
          -1.8287615431199098,
          6.113008421361794
        ]
      },
      "properties": {
        "probability": 0.9948972463607788,
        "lat": 6.113008421361794,
        "lon": -1.8287615431199098,
        "region": "Obuasi",
        "detected_at": "2026-07-13T08:51:51.256405",
        "model_version": "48px_v3.7_2024-01-10"
      }
    },
    {
      "type": "Feature",
      "geometry": {
        "type": "Point",
        "coordinates": [
          -1.82876154311991,
          6.1108330382777325
        ]
      },
      "properties": {
        "probability": 0.9779538512229919,
        "lat": 6.1108330382777325,
        "lon": -1.82876154311991,
        "region": "Obuasi",
        "detected_at": "2026-07-13T08:51:51.256522",
        "model_version": "48px_v3.7_2024-01-10"
      }
    },
    {
      "type": "Feature",
      "geometry": {
        "type": "Point",
        "coordinates": [
          -1.82876154311991,
          6.102131505941487
        ]
      },
      "properties": {
        "probability": 0.8683770298957825,
        "lat": 6.102131505941487,
        "lon": -1.82876154311991,
        "region": "Obuasi",
        "detected_at": "2026-07-13T08:51:51.256621",
        "model_version": "48px_v3.7_2024-01-10"
      }
    },
    {
      "type": "Feature",
      "geometry": {
        "type": "Point",
        "coordinates": [
          -1.8287615431199098,
          6.099956122857425
        ]
      },
      "properties": {
        "probability": 0.999907910823822,
        "lat": 6.099956122857425,
        "lon": -1.8287615431199098,
        "region": "Obuasi",
        "detected_at": "2026-07-13T08:51:51.256714",
        "model_version": "48px_v3.7_2024-01-10"
      }
    },
    {
      "type": "Feature",
      "geometry": {
        "type": "Point",
        "coordinates": [
          -1.8265881645281952,
          6.134762252202407
        ]
      },
      "properties": {
        "probability": 0.9999979138374329,
        "lat": 6.134762252202407,
        "lon": -1.8265881645281952,
        "region": "Obuasi",
        "detected_at": "2026-07-13T08:51:51.256805",
        "model_version": "48px_v3.7_2024-01-10"
      }
    },
    {
      "type": "Feature",
      "geometry": {
        "type": "Point",
        "coordinates": [
          -1.8265881645281952,
          6.132586869118346
        ]
      },
      "properties": {
        "probability": 0.9999973177909851,
        "lat": 6.132586869118346,
        "lon": -1.8265881645281952,
        "region": "Obuasi",
        "detected_at": "2026-07-13T08:51:51.256897",
        "model_version": "48px_v3.7_2024-01-10"
      }
    },
    {
      "type": "Feature",
      "geometry": {
        "type": "Point",
        "coordinates": [
          -1.8265881645281952,
          6.102131505941488
        ]
      },
      "properties": {
        "probability": 0.9655736088752747,
        "lat": 6.102131505941488,
        "lon": -1.8265881645281952,
        "region": "Obuasi",
        "detected_at": "2026-07-13T08:51:51.256987",
        "model_version": "48px_v3.7_2024-01-10"
      }
    },
    {
      "type": "Feature",
      "geometry": {
        "type": "Point",
        "coordinates": [
          -1.8265881645281952,
          6.099956122857426
        ]
      },
      "properties": {
        "probability": 0.9909574389457703,
        "lat": 6.099956122857426,
        "lon": -1.8265881645281952,
        "region": "Obuasi",
        "detected_at": "2026-07-13T08:51:51.257077",
        "model_version": "48px_v3.7_2024-01-10"
      }
    },
    {
      "type": "Feature",
      "geometry": {
        "type": "Point",
        "coordinates": [
          -1.8244147859364805,
          6.134762252202407
        ]
      },
      "properties": {
        "probability": 0.8136561512947083,
        "lat": 6.134762252202407,
        "lon": -1.8244147859364805,
        "region": "Obuasi",
        "detected_at": "2026-07-13T08:51:51.257174",
        "model_version": "48px_v3.7_2024-01-10"
      }
    },
    {
      "type": "Feature",
      "geometry": {
        "type": "Point",
        "coordinates": [
          -1.8222414073447657,
          6.13911301837053
        ]
      },
      "properties": {
        "probability": 0.8634718656539917,
        "lat": 6.13911301837053,
        "lon": -1.8222414073447657,
        "region": "Obuasi",
        "detected_at": "2026-07-13T08:51:51.257265",
        "model_version": "48px_v3.7_2024-01-10"
      }
    },
    {
      "type": "Feature",
      "geometry": {
        "type": "Point",
        "coordinates": [
          -1.8222414073447657,
          6.136937635286469
        ]
      },
      "properties": {
        "probability": 0.9721230864524841,
        "lat": 6.136937635286469,
        "lon": -1.8222414073447657,
        "region": "Obuasi",
        "detected_at": "2026-07-13T08:51:51.257356",
        "model_version": "48px_v3.7_2024-01-10"
      }
    },
    {
      "type": "Feature",
      "geometry": {
        "type": "Point",
        "coordinates": [
          -1.8222414073447657,
          6.134762252202407
        ]
      },
      "properties": {
        "probability": 0.999760627746582,
        "lat": 6.134762252202407,
        "lon": -1.8222414073447657,
        "region": "Obuasi",
        "detected_at": "2026-07-13T08:51:51.257465",
        "model_version": "48px_v3.7_2024-01-10"
      }
    },
    {
      "type": "Feature",
      "geometry": {
        "type": "Point",
        "coordinates": [
          -1.820068028753051,
          6.134762252202407
        ]
      },
      "properties": {
        "probability": 0.9970846176147461,
        "lat": 6.134762252202407,
        "lon": -1.820068028753051,
        "region": "Obuasi",
        "detected_at": "2026-07-13T08:51:51.257566",
        "model_version": "48px_v3.7_2024-01-10"
      }
    },
    {
      "type": "Feature",
      "geometry": {
        "type": "Point",
        "coordinates": [
          -1.8178946501613364,
          6.121709953698039
        ]
      },
      "properties": {
        "probability": 1.0,
        "lat": 6.121709953698039,
        "lon": -1.8178946501613364,
        "region": "Obuasi",
        "detected_at": "2026-07-13T08:51:51.257666",
        "model_version": "48px_v3.7_2024-01-10"
      }
    },
    {
      "type": "Feature",
      "geometry": {
        "type": "Point",
        "coordinates": [
          -1.8178946501613364,
          6.119534570613978
        ]
      },
      "properties": {
        "probability": 0.9999428391456604,
        "lat": 6.119534570613978,
        "lon": -1.8178946501613364,
        "region": "Obuasi",
        "detected_at": "2026-07-13T08:51:51.257758",
        "model_version": "48px_v3.7_2024-01-10"
      }
    },
    {
      "type": "Feature",
      "geometry": {
        "type": "Point",
        "coordinates": [
          -1.8178946501613364,
          6.099956122857426
        ]
      },
      "properties": {
        "probability": 0.9950313568115234,
        "lat": 6.099956122857426,
        "lon": -1.8178946501613364,
        "region": "Obuasi",
        "detected_at": "2026-07-13T08:51:51.257849",
        "model_version": "48px_v3.7_2024-01-10"
      }
    },
    {
      "type": "Feature",
      "geometry": {
        "type": "Point",
        "coordinates": [
          -1.815721271569622,
          6.136937635286469
        ]
      },
      "properties": {
        "probability": 0.8004733324050903,
        "lat": 6.136937635286469,
        "lon": -1.815721271569622,
        "region": "Obuasi",
        "detected_at": "2026-07-13T08:51:51.257940",
        "model_version": "48px_v3.7_2024-01-10"
      }
    },
    {
      "type": "Feature",
      "geometry": {
        "type": "Point",
        "coordinates": [
          -1.815721271569622,
          6.134762252202407
        ]
      },
      "properties": {
        "probability": 0.9999867081642151,
        "lat": 6.134762252202407,
        "lon": -1.815721271569622,
        "region": "Obuasi",
        "detected_at": "2026-07-13T08:51:51.258030",
        "model_version": "48px_v3.7_2024-01-10"
      }
    },
    {
      "type": "Feature",
      "geometry": {
        "type": "Point",
        "coordinates": [
          -1.815721271569622,
          6.121709953698039
        ]
      },
      "properties": {
        "probability": 1.0,
        "lat": 6.121709953698039,
        "lon": -1.815721271569622,
        "region": "Obuasi",
        "detected_at": "2026-07-13T08:51:51.258121",
        "model_version": "48px_v3.7_2024-01-10"
      }
    },
    {
      "type": "Feature",
      "geometry": {
        "type": "Point",
        "coordinates": [
          -1.815721271569622,
          6.119534570613977
        ]
      },
      "properties": {
        "probability": 0.9999999403953552,
        "lat": 6.119534570613977,
        "lon": -1.815721271569622,
        "region": "Obuasi",
        "detected_at": "2026-07-13T08:51:51.258212",
        "model_version": "48px_v3.7_2024-01-10"
      }
    },
    {
      "type": "Feature",
      "geometry": {
        "type": "Point",
        "coordinates": [
          -1.8157212715696218,
          6.1173591875299165
        ]
      },
      "properties": {
        "probability": 0.9947145581245422,
        "lat": 6.1173591875299165,
        "lon": -1.8157212715696218,
        "region": "Obuasi",
        "detected_at": "2026-07-13T08:51:51.258303",
        "model_version": "48px_v3.7_2024-01-10"
      }
    },
    {
      "type": "Feature",
      "geometry": {
        "type": "Point",
        "coordinates": [
          -1.813547892977907,
          6.143463784538653
        ]
      },
      "properties": {
        "probability": 0.9846776127815247,
        "lat": 6.143463784538653,
        "lon": -1.813547892977907,
        "region": "Obuasi",
        "detected_at": "2026-07-13T08:51:51.258394",
        "model_version": "48px_v3.7_2024-01-10"
      }
    },
    {
      "type": "Feature",
      "geometry": {
        "type": "Point",
        "coordinates": [
          -1.813547892977907,
          6.141288401454592
        ]
      },
      "properties": {
        "probability": 0.9999785423278809,
        "lat": 6.141288401454592,
        "lon": -1.813547892977907,
        "region": "Obuasi",
        "detected_at": "2026-07-13T08:51:51.258513",
        "model_version": "48px_v3.7_2024-01-10"
      }
    },
    {
      "type": "Feature",
      "geometry": {
        "type": "Point",
        "coordinates": [
          -1.813547892977907,
          6.139113018370531
        ]
      },
      "properties": {
        "probability": 0.9972829222679138,
        "lat": 6.139113018370531,
        "lon": -1.813547892977907,
        "region": "Obuasi",
        "detected_at": "2026-07-13T08:51:51.258618",
        "model_version": "48px_v3.7_2024-01-10"
      }
    },
    {
      "type": "Feature",
      "geometry": {
        "type": "Point",
        "coordinates": [
          -1.813547892977907,
          6.134762252202407
        ]
      },
      "properties": {
        "probability": 0.9896882176399231,
        "lat": 6.134762252202407,
        "lon": -1.813547892977907,
        "region": "Obuasi",
        "detected_at": "2026-07-13T08:51:51.258716",
        "model_version": "48px_v3.7_2024-01-10"
      }
    },
    {
      "type": "Feature",
      "geometry": {
        "type": "Point",
        "coordinates": [
          -1.813547892977907,
          6.121709953698039
        ]
      },
      "properties": {
        "probability": 0.9995787143707275,
        "lat": 6.121709953698039,
        "lon": -1.813547892977907,
        "region": "Obuasi",
        "detected_at": "2026-07-13T08:51:51.258812",
        "model_version": "48px_v3.7_2024-01-10"
      }
    },
    {
      "type": "Feature",
      "geometry": {
        "type": "Point",
        "coordinates": [
          -1.813547892977907,
          6.119534570613978
        ]
      },
      "properties": {
        "probability": 1.0,
        "lat": 6.119534570613978,
        "lon": -1.813547892977907,
        "region": "Obuasi",
        "detected_at": "2026-07-13T08:51:51.258907",
        "model_version": "48px_v3.7_2024-01-10"
      }
    },
    {
      "type": "Feature",
      "geometry": {
        "type": "Point",
        "coordinates": [
          -1.813547892977907,
          6.1173591875299165
        ]
      },
      "properties": {
        "probability": 0.9999988079071045,
        "lat": 6.1173591875299165,
        "lon": -1.813547892977907,
        "region": "Obuasi",
        "detected_at": "2026-07-13T08:51:51.258999",
        "model_version": "48px_v3.7_2024-01-10"
      }
    },
    {
      "type": "Feature",
      "geometry": {
        "type": "Point",
        "coordinates": [
          -1.813547892977907,
          6.115183804445855
        ]
      },
      "properties": {
        "probability": 0.9565251469612122,
        "lat": 6.115183804445855,
        "lon": -1.813547892977907,
        "region": "Obuasi",
        "detected_at": "2026-07-13T08:51:51.259097",
        "model_version": "48px_v3.7_2024-01-10"
      }
    },
    {
      "type": "Feature",
      "geometry": {
        "type": "Point",
        "coordinates": [
          -1.813547892977907,
          6.102131505941488
        ]
      },
      "properties": {
        "probability": 0.994902491569519,
        "lat": 6.102131505941488,
        "lon": -1.813547892977907,
        "region": "Obuasi",
        "detected_at": "2026-07-13T08:51:51.259190",
        "model_version": "48px_v3.7_2024-01-10"
      }
    },
    {
      "type": "Feature",
      "geometry": {
        "type": "Point",
        "coordinates": [
          -1.8113745143861926,
          6.145639167622716
        ]
      },
      "properties": {
        "probability": 1.0,
        "lat": 6.145639167622716,
        "lon": -1.8113745143861926,
        "region": "Obuasi",
        "detected_at": "2026-07-13T08:51:51.259281",
        "model_version": "48px_v3.7_2024-01-10"
      }
    },
    {
      "type": "Feature",
      "geometry": {
        "type": "Point",
        "coordinates": [
          -1.8113745143861926,
          6.143463784538653
        ]
      },
      "properties": {
        "probability": 1.0,
        "lat": 6.143463784538653,
        "lon": -1.8113745143861926,
        "region": "Obuasi",
        "detected_at": "2026-07-13T08:51:51.259373",
        "model_version": "48px_v3.7_2024-01-10"
      }
    },
    {
      "type": "Feature",
      "geometry": {
        "type": "Point",
        "coordinates": [
          -1.8113745143861923,
          6.141288401454592
        ]
      },
      "properties": {
        "probability": 1.0,
        "lat": 6.141288401454592,
        "lon": -1.8113745143861923,
        "region": "Obuasi",
        "detected_at": "2026-07-13T08:51:51.259487",
        "model_version": "48px_v3.7_2024-01-10"
      }
    },
    {
      "type": "Feature",
      "geometry": {
        "type": "Point",
        "coordinates": [
          -1.8113745143861923,
          6.139113018370531
        ]
      },
      "properties": {
        "probability": 1.0,
        "lat": 6.139113018370531,
        "lon": -1.8113745143861923,
        "region": "Obuasi",
        "detected_at": "2026-07-13T08:51:51.259591",
        "model_version": "48px_v3.7_2024-01-10"
      }
    },
    {
      "type": "Feature",
      "geometry": {
        "type": "Point",
        "coordinates": [
          -1.8113745143861926,
          6.136937635286469
        ]
      },
      "properties": {
        "probability": 0.9997552037239075,
        "lat": 6.136937635286469,
        "lon": -1.8113745143861926,
        "region": "Obuasi",
        "detected_at": "2026-07-13T08:51:51.259683",
        "model_version": "48px_v3.7_2024-01-10"
      }
    },
    {
      "type": "Feature",
      "geometry": {
        "type": "Point",
        "coordinates": [
          -1.8113745143861926,
          6.134762252202407
        ]
      },
      "properties": {
        "probability": 0.9998676180839539,
        "lat": 6.134762252202407,
        "lon": -1.8113745143861926,
        "region": "Obuasi",
        "detected_at": "2026-07-13T08:51:51.259774",
        "model_version": "48px_v3.7_2024-01-10"
      }
    },
    {
      "type": "Feature",
      "geometry": {
        "type": "Point",
        "coordinates": [
          -1.8113745143861923,
          6.132586869118346
        ]
      },
      "properties": {
        "probability": 0.9999644756317139,
        "lat": 6.132586869118346,
        "lon": -1.8113745143861923,
        "region": "Obuasi",
        "detected_at": "2026-07-13T08:51:51.259865",
        "model_version": "48px_v3.7_2024-01-10"
      }
    },
    {
      "type": "Feature",
      "geometry": {
        "type": "Point",
        "coordinates": [
          -1.8113745143861926,
          6.121709953698039
        ]
      },
      "properties": {
        "probability": 0.8376197218894958,
        "lat": 6.121709953698039,
        "lon": -1.8113745143861926,
        "region": "Obuasi",
        "detected_at": "2026-07-13T08:51:51.259956",
        "model_version": "48px_v3.7_2024-01-10"
      }
    },
    {
      "type": "Feature",
      "geometry": {
        "type": "Point",
        "coordinates": [
          -1.8113745143861926,
          6.115183804445855
        ]
      },
      "properties": {
        "probability": 0.9451766610145569,
        "lat": 6.115183804445855,
        "lon": -1.8113745143861926,
        "region": "Obuasi",
        "detected_at": "2026-07-13T08:51:51.260046",
        "model_version": "48px_v3.7_2024-01-10"
      }
    },
    {
      "type": "Feature",
      "geometry": {
        "type": "Point",
        "coordinates": [
          -1.8113745143861923,
          6.1043068890255485
        ]
      },
      "properties": {
        "probability": 0.9990447759628296,
        "lat": 6.1043068890255485,
        "lon": -1.8113745143861923,
        "region": "Obuasi",
        "detected_at": "2026-07-13T08:51:51.260139",
        "model_version": "48px_v3.7_2024-01-10"
      }
    },
    {
      "type": "Feature",
      "geometry": {
        "type": "Point",
        "coordinates": [
          -1.8113745143861923,
          6.102131505941488
        ]
      },
      "properties": {
        "probability": 0.9933815002441406,
        "lat": 6.102131505941488,
        "lon": -1.8113745143861923,
        "region": "Obuasi",
        "detected_at": "2026-07-13T08:51:51.260236",
        "model_version": "48px_v3.7_2024-01-10"
      }
    },
    {
      "type": "Feature",
      "geometry": {
        "type": "Point",
        "coordinates": [
          -1.8092011357944777,
          6.145639167622715
        ]
      },
      "properties": {
        "probability": 1.0,
        "lat": 6.145639167622715,
        "lon": -1.8092011357944777,
        "region": "Obuasi",
        "detected_at": "2026-07-13T08:51:51.260327",
        "model_version": "48px_v3.7_2024-01-10"
      }
    },
    {
      "type": "Feature",
      "geometry": {
        "type": "Point",
        "coordinates": [
          -1.8092011357944777,
          6.143463784538652
        ]
      },
      "properties": {
        "probability": 1.0,
        "lat": 6.143463784538652,
        "lon": -1.8092011357944777,
        "region": "Obuasi",
        "detected_at": "2026-07-13T08:51:51.260418",
        "model_version": "48px_v3.7_2024-01-10"
      }
    },
    {
      "type": "Feature",
      "geometry": {
        "type": "Point",
        "coordinates": [
          -1.8092011357944777,
          6.141288401454592
        ]
      },
      "properties": {
        "probability": 1.0,
        "lat": 6.141288401454592,
        "lon": -1.8092011357944777,
        "region": "Obuasi",
        "detected_at": "2026-07-13T08:51:51.260535",
        "model_version": "48px_v3.7_2024-01-10"
      }
    },
    {
      "type": "Feature",
      "geometry": {
        "type": "Point",
        "coordinates": [
          -1.8092011357944777,
          6.13911301837053
        ]
      },
      "properties": {
        "probability": 0.999998927116394,
        "lat": 6.13911301837053,
        "lon": -1.8092011357944777,
        "region": "Obuasi",
        "detected_at": "2026-07-13T08:51:51.260633",
        "model_version": "48px_v3.7_2024-01-10"
      }
    },
    {
      "type": "Feature",
      "geometry": {
        "type": "Point",
        "coordinates": [
          -1.8092011357944777,
          6.136937635286469
        ]
      },
      "properties": {
        "probability": 0.99998939037323,
        "lat": 6.136937635286469,
        "lon": -1.8092011357944777,
        "region": "Obuasi",
        "detected_at": "2026-07-13T08:51:51.260724",
        "model_version": "48px_v3.7_2024-01-10"
      }
    },
    {
      "type": "Feature",
      "geometry": {
        "type": "Point",
        "coordinates": [
          -1.8092011357944777,
          6.134762252202407
        ]
      },
      "properties": {
        "probability": 0.9999999403953552,
        "lat": 6.134762252202407,
        "lon": -1.8092011357944777,
        "region": "Obuasi",
        "detected_at": "2026-07-13T08:51:51.260815",
        "model_version": "48px_v3.7_2024-01-10"
      }
    },
    {
      "type": "Feature",
      "geometry": {
        "type": "Point",
        "coordinates": [
          -1.8092011357944777,
          6.132586869118346
        ]
      },
      "properties": {
        "probability": 1.0,
        "lat": 6.132586869118346,
        "lon": -1.8092011357944777,
        "region": "Obuasi",
        "detected_at": "2026-07-13T08:51:51.260905",
        "model_version": "48px_v3.7_2024-01-10"
      }
    },
    {
      "type": "Feature",
      "geometry": {
        "type": "Point",
        "coordinates": [
          -1.8092011357944777,
          6.1238853367821005
        ]
      },
      "properties": {
        "probability": 0.9999998211860657,
        "lat": 6.1238853367821005,
        "lon": -1.8092011357944777,
        "region": "Obuasi",
        "detected_at": "2026-07-13T08:51:51.260996",
        "model_version": "48px_v3.7_2024-01-10"
      }
    },
    {
      "type": "Feature",
      "geometry": {
        "type": "Point",
        "coordinates": [
          -1.8092011357944777,
          6.121709953698039
        ]
      },
      "properties": {
        "probability": 0.9999995827674866,
        "lat": 6.121709953698039,
        "lon": -1.8092011357944777,
        "region": "Obuasi",
        "detected_at": "2026-07-13T08:51:51.261086",
        "model_version": "48px_v3.7_2024-01-10"
      }
    },
    {
      "type": "Feature",
      "geometry": {
        "type": "Point",
        "coordinates": [
          -1.8092011357944777,
          6.115183804445856
        ]
      },
      "properties": {
        "probability": 0.9975764155387878,
        "lat": 6.115183804445856,
        "lon": -1.8092011357944777,
        "region": "Obuasi",
        "detected_at": "2026-07-13T08:51:51.261176",
        "model_version": "48px_v3.7_2024-01-10"
      }
    },
    {
      "type": "Feature",
      "geometry": {
        "type": "Point",
        "coordinates": [
          -1.8092011357944777,
          6.113008421361794
        ]
      },
      "properties": {
        "probability": 0.9996710419654846,
        "lat": 6.113008421361794,
        "lon": -1.8092011357944777,
        "region": "Obuasi",
        "detected_at": "2026-07-13T08:51:51.261266",
        "model_version": "48px_v3.7_2024-01-10"
      }
    },
    {
      "type": "Feature",
      "geometry": {
        "type": "Point",
        "coordinates": [
          -1.8092011357944777,
          6.1108330382777325
        ]
      },
      "properties": {
        "probability": 0.8189742565155029,
        "lat": 6.1108330382777325,
        "lon": -1.8092011357944777,
        "region": "Obuasi",
        "detected_at": "2026-07-13T08:51:51.261362",
        "model_version": "48px_v3.7_2024-01-10"
      }
    },
    {
      "type": "Feature",
      "geometry": {
        "type": "Point",
        "coordinates": [
          -1.8092011357944777,
          6.1043068890255485
        ]
      },
      "properties": {
        "probability": 0.9964616298675537,
        "lat": 6.1043068890255485,
        "lon": -1.8092011357944777,
        "region": "Obuasi",
        "detected_at": "2026-07-13T08:51:51.261479",
        "model_version": "48px_v3.7_2024-01-10"
      }
    },
    {
      "type": "Feature",
      "geometry": {
        "type": "Point",
        "coordinates": [
          -1.8070277572027629,
          6.145639167622716
        ]
      },
      "properties": {
        "probability": 0.9999862313270569,
        "lat": 6.145639167622716,
        "lon": -1.8070277572027629,
        "region": "Obuasi",
        "detected_at": "2026-07-13T08:51:51.261577",
        "model_version": "48px_v3.7_2024-01-10"
      }
    },
    {
      "type": "Feature",
      "geometry": {
        "type": "Point",
        "coordinates": [
          -1.8070277572027629,
          6.143463784538653
        ]
      },
      "properties": {
        "probability": 0.9999819993972778,
        "lat": 6.143463784538653,
        "lon": -1.8070277572027629,
        "region": "Obuasi",
        "detected_at": "2026-07-13T08:51:51.261679",
        "model_version": "48px_v3.7_2024-01-10"
      }
    },
    {
      "type": "Feature",
      "geometry": {
        "type": "Point",
        "coordinates": [
          -1.807027757202763,
          6.141288401454592
        ]
      },
      "properties": {
        "probability": 0.9999995827674866,
        "lat": 6.141288401454592,
        "lon": -1.807027757202763,
        "region": "Obuasi",
        "detected_at": "2026-07-13T08:51:51.261772",
        "model_version": "48px_v3.7_2024-01-10"
      }
    },
    {
      "type": "Feature",
      "geometry": {
        "type": "Point",
        "coordinates": [
          -1.807027757202763,
          6.139113018370531
        ]
      },
      "properties": {
        "probability": 0.9999874234199524,
        "lat": 6.139113018370531,
        "lon": -1.807027757202763,
        "region": "Obuasi",
        "detected_at": "2026-07-13T08:51:51.261863",
        "model_version": "48px_v3.7_2024-01-10"
      }
    },
    {
      "type": "Feature",
      "geometry": {
        "type": "Point",
        "coordinates": [
          -1.8070277572027629,
          6.136937635286469
        ]
      },
      "properties": {
        "probability": 0.9999985694885254,
        "lat": 6.136937635286469,
        "lon": -1.8070277572027629,
        "region": "Obuasi",
        "detected_at": "2026-07-13T08:51:51.261953",
        "model_version": "48px_v3.7_2024-01-10"
      }
    },
    {
      "type": "Feature",
      "geometry": {
        "type": "Point",
        "coordinates": [
          -1.8070277572027629,
          6.134762252202407
        ]
      },
      "properties": {
        "probability": 1.0,
        "lat": 6.134762252202407,
        "lon": -1.8070277572027629,
        "region": "Obuasi",
        "detected_at": "2026-07-13T08:51:51.262049",
        "model_version": "48px_v3.7_2024-01-10"
      }
    },
    {
      "type": "Feature",
      "geometry": {
        "type": "Point",
        "coordinates": [
          -1.807027757202763,
          6.132586869118346
        ]
      },
      "properties": {
        "probability": 0.9048106670379639,
        "lat": 6.132586869118346,
        "lon": -1.807027757202763,
        "region": "Obuasi",
        "detected_at": "2026-07-13T08:51:51.262141",
        "model_version": "48px_v3.7_2024-01-10"
      }
    },
    {
      "type": "Feature",
      "geometry": {
        "type": "Point",
        "coordinates": [
          -1.807027757202763,
          6.123885336782101
        ]
      },
      "properties": {
        "probability": 1.0,
        "lat": 6.123885336782101,
        "lon": -1.807027757202763,
        "region": "Obuasi",
        "detected_at": "2026-07-13T08:51:51.262231",
        "model_version": "48px_v3.7_2024-01-10"
      }
    },
    {
      "type": "Feature",
      "geometry": {
        "type": "Point",
        "coordinates": [
          -1.807027757202763,
          6.1043068890255485
        ]
      },
      "properties": {
        "probability": 0.9234510064125061,
        "lat": 6.1043068890255485,
        "lon": -1.807027757202763,
        "region": "Obuasi",
        "detected_at": "2026-07-13T08:51:51.262322",
        "model_version": "48px_v3.7_2024-01-10"
      }
    },
    {
      "type": "Feature",
      "geometry": {
        "type": "Point",
        "coordinates": [
          -1.8048543786110485,
          6.141288401454592
        ]
      },
      "properties": {
        "probability": 0.9114859104156494,
        "lat": 6.141288401454592,
        "lon": -1.8048543786110485,
        "region": "Obuasi",
        "detected_at": "2026-07-13T08:51:51.262413",
        "model_version": "48px_v3.7_2024-01-10"
      }
    },
    {
      "type": "Feature",
      "geometry": {
        "type": "Point",
        "coordinates": [
          -1.8048543786110485,
          6.139113018370531
        ]
      },
      "properties": {
        "probability": 0.9800695776939392,
        "lat": 6.139113018370531,
        "lon": -1.8048543786110485,
        "region": "Obuasi",
        "detected_at": "2026-07-13T08:51:51.262528",
        "model_version": "48px_v3.7_2024-01-10"
      }
    },
    {
      "type": "Feature",
      "geometry": {
        "type": "Point",
        "coordinates": [
          -1.8048543786110485,
          6.136937635286469
        ]
      },
      "properties": {
        "probability": 0.9984385967254639,
        "lat": 6.136937635286469,
        "lon": -1.8048543786110485,
        "region": "Obuasi",
        "detected_at": "2026-07-13T08:51:51.262623",
        "model_version": "48px_v3.7_2024-01-10"
      }
    },
    {
      "type": "Feature",
      "geometry": {
        "type": "Point",
        "coordinates": [
          -1.8048543786110485,
          6.134762252202407
        ]
      },
      "properties": {
        "probability": 0.9999998807907104,
        "lat": 6.134762252202407,
        "lon": -1.8048543786110485,
        "region": "Obuasi",
        "detected_at": "2026-07-13T08:51:51.262714",
        "model_version": "48px_v3.7_2024-01-10"
      }
    },
    {
      "type": "Feature",
      "geometry": {
        "type": "Point",
        "coordinates": [
          -1.8048543786110485,
          6.132586869118346
        ]
      },
      "properties": {
        "probability": 0.9918840527534485,
        "lat": 6.132586869118346,
        "lon": -1.8048543786110485,
        "region": "Obuasi",
        "detected_at": "2026-07-13T08:51:51.262805",
        "model_version": "48px_v3.7_2024-01-10"
      }
    },
    {
      "type": "Feature",
      "geometry": {
        "type": "Point",
        "coordinates": [
          -1.8048543786110485,
          6.126060719866162
        ]
      },
      "properties": {
        "probability": 0.9999996423721313,
        "lat": 6.126060719866162,
        "lon": -1.8048543786110485,
        "region": "Obuasi",
        "detected_at": "2026-07-13T08:51:51.262896",
        "model_version": "48px_v3.7_2024-01-10"
      }
    },
    {
      "type": "Feature",
      "geometry": {
        "type": "Point",
        "coordinates": [
          -1.8048543786110485,
          6.123885336782101
        ]
      },
      "properties": {
        "probability": 0.9274306297302246,
        "lat": 6.123885336782101,
        "lon": -1.8048543786110485,
        "region": "Obuasi",
        "detected_at": "2026-07-13T08:51:51.262987",
        "model_version": "48px_v3.7_2024-01-10"
      }
    },
    {
      "type": "Feature",
      "geometry": {
        "type": "Point",
        "coordinates": [
          -1.8048543786110485,
          6.106482272109608
        ]
      },
      "properties": {
        "probability": 0.9993537068367004,
        "lat": 6.106482272109608,
        "lon": -1.8048543786110485,
        "region": "Obuasi",
        "detected_at": "2026-07-13T08:51:51.263078",
        "model_version": "48px_v3.7_2024-01-10"
      }
    },
    {
      "type": "Feature",
      "geometry": {
        "type": "Point",
        "coordinates": [
          -1.8048543786110485,
          6.1043068890255485
        ]
      },
      "properties": {
        "probability": 0.999973714351654,
        "lat": 6.1043068890255485,
        "lon": -1.8048543786110485,
        "region": "Obuasi",
        "detected_at": "2026-07-13T08:51:51.263174",
        "model_version": "48px_v3.7_2024-01-10"
      }
    },
    {
      "type": "Feature",
      "geometry": {
        "type": "Point",
        "coordinates": [
          -1.5401290197848365,
          6.2381742900611465
        ]
      },
      "properties": {
        "probability": 0.8177713751792908,
        "lat": 6.2381742900611465,
        "lon": -1.5401290197848365,
        "region": "Obuasi",
        "detected_at": "2026-07-13T08:51:51.263272",
        "model_version": "48px_v3.7_2024-01-10"
      }
    },
    {
      "type": "Feature",
      "geometry": {
        "type": "Point",
        "coordinates": [
          -1.5401290197848365,
          6.235997828042646
        ]
      },
      "properties": {
        "probability": 0.9999514222145081,
        "lat": 6.235997828042646,
        "lon": -1.5401290197848365,
        "region": "Obuasi",
        "detected_at": "2026-07-13T08:51:51.263363",
        "model_version": "48px_v3.7_2024-01-10"
      }
    },
    {
      "type": "Feature",
      "geometry": {
        "type": "Point",
        "coordinates": [
          -1.5401290197848365,
          6.233821366024148
        ]
      },
      "properties": {
        "probability": 0.9991902709007263,
        "lat": 6.233821366024148,
        "lon": -1.5401290197848365,
        "region": "Obuasi",
        "detected_at": "2026-07-13T08:51:51.263475",
        "model_version": "48px_v3.7_2024-01-10"
      }
    },
    {
      "type": "Feature",
      "geometry": {
        "type": "Point",
        "coordinates": [
          -1.537954133110548,
          6.2381742900611465
        ]
      },
      "properties": {
        "probability": 0.972146213054657,
        "lat": 6.2381742900611465,
        "lon": -1.537954133110548,
        "region": "Obuasi",
        "detected_at": "2026-07-13T08:51:51.263579",
        "model_version": "48px_v3.7_2024-01-10"
      }
    },
    {
      "type": "Feature",
      "geometry": {
        "type": "Point",
        "coordinates": [
          -1.537954133110548,
          6.235997828042646
        ]
      },
      "properties": {
        "probability": 0.9992249608039856,
        "lat": 6.235997828042646,
        "lon": -1.537954133110548,
        "region": "Obuasi",
        "detected_at": "2026-07-13T08:51:51.263672",
        "model_version": "48px_v3.7_2024-01-10"
      }
    },
    {
      "type": "Feature",
      "geometry": {
        "type": "Point",
        "coordinates": [
          -1.5357792464362596,
          6.2381742900611465
        ]
      },
      "properties": {
        "probability": 0.9777301549911499,
        "lat": 6.2381742900611465,
        "lon": -1.5357792464362596,
        "region": "Obuasi",
        "detected_at": "2026-07-13T08:51:51.263762",
        "model_version": "48px_v3.7_2024-01-10"
      }
    },
    {
      "type": "Feature",
      "geometry": {
        "type": "Point",
        "coordinates": [
          -1.5357792464362596,
          6.235997828042648
        ]
      },
      "properties": {
        "probability": 0.9986535906791687,
        "lat": 6.235997828042648,
        "lon": -1.5357792464362596,
        "region": "Obuasi",
        "detected_at": "2026-07-13T08:51:51.263858",
        "model_version": "48px_v3.7_2024-01-10"
      }
    },
    {
      "type": "Feature",
      "geometry": {
        "type": "Point",
        "coordinates": [
          -1.5357792464362596,
          6.233821366024148
        ]
      },
      "properties": {
        "probability": 0.868808388710022,
        "lat": 6.233821366024148,
        "lon": -1.5357792464362596,
        "region": "Obuasi",
        "detected_at": "2026-07-13T08:51:51.263948",
        "model_version": "48px_v3.7_2024-01-10"
      }
    },
    {
      "type": "Feature",
      "geometry": {
        "type": "Point",
        "coordinates": [
          -1.5053308329962207,
          6.220762593913152
        ]
      },
      "properties": {
        "probability": 0.9401934146881104,
        "lat": 6.220762593913152,
        "lon": -1.5053308329962207,
        "region": "Obuasi",
        "detected_at": "2026-07-13T08:51:51.264039",
        "model_version": "48px_v3.7_2024-01-10"
      }
    },
    {
      "type": "Feature",
      "geometry": {
        "type": "Point",
        "coordinates": [
          -1.5053308329962207,
          6.218586131894654
        ]
      },
      "properties": {
        "probability": 0.8189986348152161,
        "lat": 6.218586131894654,
        "lon": -1.5053308329962207,
        "region": "Obuasi",
        "detected_at": "2026-07-13T08:51:51.264129",
        "model_version": "48px_v3.7_2024-01-10"
      }
    },
    {
      "type": "Feature",
      "geometry": {
        "type": "Point",
        "coordinates": [
          -1.8156057799709373,
          6.195559707774209
        ]
      },
      "properties": {
        "probability": 0.9888964295387268,
        "lat": 6.195559707774209,
        "lon": -1.8156057799709373,
        "region": "Obuasi",
        "detected_at": "2026-07-13T08:51:51.264220",
        "model_version": "48px_v3.7_2024-01-10"
      }
    },
    {
      "type": "Feature",
      "geometry": {
        "type": "Point",
        "coordinates": [
          -1.8134321494630232,
          6.175980933629657
        ]
      },
      "properties": {
        "probability": 0.9999693632125854,
        "lat": 6.175980933629657,
        "lon": -1.8134321494630232,
        "region": "Obuasi",
        "detected_at": "2026-07-13T08:51:51.264311",
        "model_version": "48px_v3.7_2024-01-10"
      }
    },
    {
      "type": "Feature",
      "geometry": {
        "type": "Point",
        "coordinates": [
          -1.8112585189551094,
          6.186858030376631
        ]
      },
      "properties": {
        "probability": 0.9917958974838257,
        "lat": 6.186858030376631,
        "lon": -1.8112585189551094,
        "region": "Obuasi",
        "detected_at": "2026-07-13T08:51:51.264403",
        "model_version": "48px_v3.7_2024-01-10"
      }
    },
    {
      "type": "Feature",
      "geometry": {
        "type": "Point",
        "coordinates": [
          -1.8112585189551091,
          6.175980933629657
        ]
      },
      "properties": {
        "probability": 0.9044691920280457,
        "lat": 6.175980933629657,
        "lon": -1.8112585189551091,
        "region": "Obuasi",
        "detected_at": "2026-07-13T08:51:51.264519",
        "model_version": "48px_v3.7_2024-01-10"
      }
    },
    {
      "type": "Feature",
      "geometry": {
        "type": "Point",
        "coordinates": [
          -1.8090848884471953,
          6.1890334497260255
        ]
      },
      "properties": {
        "probability": 0.9126224517822266,
        "lat": 6.1890334497260255,
        "lon": -1.8090848884471953,
        "region": "Obuasi",
        "detected_at": "2026-07-13T08:51:51.264619",
        "model_version": "48px_v3.7_2024-01-10"
      }
    },
    {
      "type": "Feature",
      "geometry": {
        "type": "Point",
        "coordinates": [
          -1.8090848884471953,
          6.186858030376631
        ]
      },
      "properties": {
        "probability": 0.9988064765930176,
        "lat": 6.186858030376631,
        "lon": -1.8090848884471953,
        "region": "Obuasi",
        "detected_at": "2026-07-13T08:51:51.264715",
        "model_version": "48px_v3.7_2024-01-10"
      }
    },
    {
      "type": "Feature",
      "geometry": {
        "type": "Point",
        "coordinates": [
          -1.8090848884471953,
          6.184682611027236
        ]
      },
      "properties": {
        "probability": 0.9960119724273682,
        "lat": 6.184682611027236,
        "lon": -1.8090848884471953,
        "region": "Obuasi",
        "detected_at": "2026-07-13T08:51:51.264807",
        "model_version": "48px_v3.7_2024-01-10"
      }
    },
    {
      "type": "Feature",
      "geometry": {
        "type": "Point",
        "coordinates": [
          -1.8090848884471953,
          6.175980933629659
        ]
      },
      "properties": {
        "probability": 0.8376488089561462,
        "lat": 6.175980933629659,
        "lon": -1.8090848884471953,
        "region": "Obuasi",
        "detected_at": "2026-07-13T08:51:51.264897",
        "model_version": "48px_v3.7_2024-01-10"
      }
    },
    {
      "type": "Feature",
      "geometry": {
        "type": "Point",
        "coordinates": [
          -1.8090848884471953,
          6.149875901436924
        ]
      },
      "properties": {
        "probability": 0.9378438591957092,
        "lat": 6.149875901436924,
        "lon": -1.8090848884471953,
        "region": "Obuasi",
        "detected_at": "2026-07-13T08:51:51.264988",
        "model_version": "48px_v3.7_2024-01-10"
      }
    },
    {
      "type": "Feature",
      "geometry": {
        "type": "Point",
        "coordinates": [
          -1.8069112579392816,
          6.180331772328448
        ]
      },
      "properties": {
        "probability": 0.9497989416122437,
        "lat": 6.180331772328448,
        "lon": -1.8069112579392816,
        "region": "Obuasi",
        "detected_at": "2026-07-13T08:51:51.265088",
        "model_version": "48px_v3.7_2024-01-10"
      }
    },
    {
      "type": "Feature",
      "geometry": {
        "type": "Point",
        "coordinates": [
          -1.8069112579392816,
          6.178156352979053
        ]
      },
      "properties": {
        "probability": 0.8773887753486633,
        "lat": 6.178156352979053,
        "lon": -1.8069112579392816,
        "region": "Obuasi",
        "detected_at": "2026-07-13T08:51:51.265186",
        "model_version": "48px_v3.7_2024-01-10"
      }
    },
    {
      "type": "Feature",
      "geometry": {
        "type": "Point",
        "coordinates": [
          -1.8069112579392816,
          6.175980933629657
        ]
      },
      "properties": {
        "probability": 0.9999567270278931,
        "lat": 6.175980933629657,
        "lon": -1.8069112579392816,
        "region": "Obuasi",
        "detected_at": "2026-07-13T08:51:51.265281",
        "model_version": "48px_v3.7_2024-01-10"
      }
    },
    {
      "type": "Feature",
      "geometry": {
        "type": "Point",
        "coordinates": [
          -1.8069112579392816,
          6.149875901436925
        ]
      },
      "properties": {
        "probability": 0.9999991655349731,
        "lat": 6.149875901436925,
        "lon": -1.8069112579392816,
        "region": "Obuasi",
        "detected_at": "2026-07-13T08:51:51.265372",
        "model_version": "48px_v3.7_2024-01-10"
      }
    },
    {
      "type": "Feature",
      "geometry": {
        "type": "Point",
        "coordinates": [
          -1.8047376274313673,
          6.175980933629657
        ]
      },
      "properties": {
        "probability": 0.9996771812438965,
        "lat": 6.175980933629657,
        "lon": -1.8047376274313673,
        "region": "Obuasi",
        "detected_at": "2026-07-13T08:51:51.265484",
        "model_version": "48px_v3.7_2024-01-10"
      }
    },
    {
      "type": "Feature",
      "geometry": {
        "type": "Point",
        "coordinates": [
          -1.804737627431367,
          6.149875901436925
        ]
      },
      "properties": {
        "probability": 0.9999718070030212,
        "lat": 6.149875901436925,
        "lon": -1.804737627431367,
        "region": "Obuasi",
        "detected_at": "2026-07-13T08:51:51.265580",
        "model_version": "48px_v3.7_2024-01-10"
      }
    },
    {
      "type": "Feature",
      "geometry": {
        "type": "Point",
        "coordinates": [
          -1.559558061564502,
          6.233964445108022
        ]
      },
      "properties": {
        "probability": 0.9954673051834106,
        "lat": 6.233964445108022,
        "lon": -1.559558061564502,
        "region": "Obuasi",
        "detected_at": "2026-07-13T08:51:51.265671",
        "model_version": "48px_v3.7_2024-01-10"
      }
    },
    {
      "type": "Feature",
      "geometry": {
        "type": "Point",
        "coordinates": [
          -1.559558061564502,
          6.2317881462660765
        ]
      },
      "properties": {
        "probability": 0.9999186992645264,
        "lat": 6.2317881462660765,
        "lon": -1.559558061564502,
        "region": "Obuasi",
        "detected_at": "2026-07-13T08:51:51.265762",
        "model_version": "48px_v3.7_2024-01-10"
      }
    },
    {
      "type": "Feature",
      "geometry": {
        "type": "Point",
        "coordinates": [
          -1.557383337345506,
          6.233964445108022
        ]
      },
      "properties": {
        "probability": 0.9069454669952393,
        "lat": 6.233964445108022,
        "lon": -1.557383337345506,
        "region": "Obuasi",
        "detected_at": "2026-07-13T08:51:51.265852",
        "model_version": "48px_v3.7_2024-01-10"
      }
    },
    {
      "type": "Feature",
      "geometry": {
        "type": "Point",
        "coordinates": [
          -1.557383337345506,
          6.2317881462660765
        ]
      },
      "properties": {
        "probability": 0.9994621872901917,
        "lat": 6.2317881462660765,
        "lon": -1.557383337345506,
        "region": "Obuasi",
        "detected_at": "2026-07-13T08:51:51.265942",
        "model_version": "48px_v3.7_2024-01-10"
      }
    },
    {
      "type": "Feature",
      "geometry": {
        "type": "Point",
        "coordinates": [
          -1.550859164688518,
          6.229611847424131
        ]
      },
      "properties": {
        "probability": 0.9506974816322327,
        "lat": 6.229611847424131,
        "lon": -1.550859164688518,
        "region": "Obuasi",
        "detected_at": "2026-07-13T08:51:51.266033",
        "model_version": "48px_v3.7_2024-01-10"
      }
    },
    {
      "type": "Feature",
      "geometry": {
        "type": "Point",
        "coordinates": [
          -1.5486844404695217,
          6.229611847424131
        ]
      },
      "properties": {
        "probability": 0.9719752073287964,
        "lat": 6.229611847424131,
        "lon": -1.5486844404695217,
        "region": "Obuasi",
        "detected_at": "2026-07-13T08:51:51.266123",
        "model_version": "48px_v3.7_2024-01-10"
      }
    },
    {
      "type": "Feature",
      "geometry": {
        "type": "Point",
        "coordinates": [
          -1.546509716250526,
          6.2317881462660765
        ]
      },
      "properties": {
        "probability": 0.9668012261390686,
        "lat": 6.2317881462660765,
        "lon": -1.546509716250526,
        "region": "Obuasi",
        "detected_at": "2026-07-13T08:51:51.266220",
        "model_version": "48px_v3.7_2024-01-10"
      }
    },
    {
      "type": "Feature",
      "geometry": {
        "type": "Point",
        "coordinates": [
          -1.5465097162505261,
          6.229611847424131
        ]
      },
      "properties": {
        "probability": 0.9610565900802612,
        "lat": 6.229611847424131,
        "lon": -1.5465097162505261,
        "region": "Obuasi",
        "detected_at": "2026-07-13T08:51:51.266317",
        "model_version": "48px_v3.7_2024-01-10"
      }
    },
    {
      "type": "Feature",
      "geometry": {
        "type": "Point",
        "coordinates": [
          -1.54433499203153,
          6.233964445108022
        ]
      },
      "properties": {
        "probability": 0.9977659583091736,
        "lat": 6.233964445108022,
        "lon": -1.54433499203153,
        "region": "Obuasi",
        "detected_at": "2026-07-13T08:51:51.266408",
        "model_version": "48px_v3.7_2024-01-10"
      }
    },
    {
      "type": "Feature",
      "geometry": {
        "type": "Point",
        "coordinates": [
          -1.54433499203153,
          6.2317881462660765
        ]
      },
      "properties": {
        "probability": 0.999833881855011,
        "lat": 6.2317881462660765,
        "lon": -1.54433499203153,
        "region": "Obuasi",
        "detected_at": "2026-07-13T08:51:51.266522",
        "model_version": "48px_v3.7_2024-01-10"
      }
    },
    {
      "type": "Feature",
      "geometry": {
        "type": "Point",
        "coordinates": [
          -1.54433499203153,
          6.229611847424131
        ]
      },
      "properties": {
        "probability": 0.8845855593681335,
        "lat": 6.229611847424131,
        "lon": -1.54433499203153,
        "region": "Obuasi",
        "detected_at": "2026-07-13T08:51:51.266623",
        "model_version": "48px_v3.7_2024-01-10"
      }
    },
    {
      "type": "Feature",
      "geometry": {
        "type": "Point",
        "coordinates": [
          -1.5550653363291007,
          6.272996502362889
        ]
      },
      "properties": {
        "probability": 0.801112949848175,
        "lat": 6.272996502362889,
        "lon": -1.5550653363291007,
        "region": "Obuasi",
        "detected_at": "2026-07-13T08:51:51.266714",
        "model_version": "48px_v3.7_2024-01-10"
      }
    },
    {
      "type": "Feature",
      "geometry": {
        "type": "Point",
        "coordinates": [
          -1.5550653363291005,
          6.270820158343815
        ]
      },
      "properties": {
        "probability": 0.9810922741889954,
        "lat": 6.270820158343815,
        "lon": -1.5550653363291005,
        "region": "Obuasi",
        "detected_at": "2026-07-13T08:51:51.266871",
        "model_version": "48px_v3.7_2024-01-10"
      }
    },
    {
      "type": "Feature",
      "geometry": {
        "type": "Point",
        "coordinates": [
          -1.5528903475077827,
          6.270820158343815
        ]
      },
      "properties": {
        "probability": 0.9621896743774414,
        "lat": 6.270820158343815,
        "lon": -1.5528903475077827,
        "region": "Obuasi",
        "detected_at": "2026-07-13T08:51:51.266975",
        "model_version": "48px_v3.7_2024-01-10"
      }
    },
    {
      "type": "Feature",
      "geometry": {
        "type": "Point",
        "coordinates": [
          -1.550715358686465,
          6.270820158343815
        ]
      },
      "properties": {
        "probability": 0.9516816735267639,
        "lat": 6.270820158343815,
        "lon": -1.550715358686465,
        "region": "Obuasi",
        "detected_at": "2026-07-13T08:51:51.267080",
        "model_version": "48px_v3.7_2024-01-10"
      }
    },
    {
      "type": "Feature",
      "geometry": {
        "type": "Point",
        "coordinates": [
          -1.5463653810438296,
          6.275172846381965
        ]
      },
      "properties": {
        "probability": 0.9995952248573303,
        "lat": 6.275172846381965,
        "lon": -1.5463653810438296,
        "region": "Obuasi",
        "detected_at": "2026-07-13T08:51:51.267172",
        "model_version": "48px_v3.7_2024-01-10"
      }
    },
    {
      "type": "Feature",
      "geometry": {
        "type": "Point",
        "coordinates": [
          -1.5441903922225122,
          6.277349190401038
        ]
      },
      "properties": {
        "probability": 0.9937239289283752,
        "lat": 6.277349190401038,
        "lon": -1.5441903922225122,
        "region": "Obuasi",
        "detected_at": "2026-07-13T08:51:51.267264",
        "model_version": "48px_v3.7_2024-01-10"
      }
    },
    {
      "type": "Feature",
      "geometry": {
        "type": "Point",
        "coordinates": [
          -1.5441903922225122,
          6.275172846381965
        ]
      },
      "properties": {
        "probability": 0.9925435185432434,
        "lat": 6.275172846381965,
        "lon": -1.5441903922225122,
        "region": "Obuasi",
        "detected_at": "2026-07-13T08:51:51.267355",
        "model_version": "48px_v3.7_2024-01-10"
      }
    },
    {
      "type": "Feature",
      "geometry": {
        "type": "Point",
        "coordinates": [
          -1.4727041024493226,
          6.259640754656011
        ]
      },
      "properties": {
        "probability": 0.956690788269043,
        "lat": 6.259640754656011,
        "lon": -1.4727041024493226,
        "region": "Obuasi",
        "detected_at": "2026-07-13T08:51:51.267446",
        "model_version": "48px_v3.7_2024-01-10"
      }
    },
    {
      "type": "Feature",
      "geometry": {
        "type": "Point",
        "coordinates": [
          -1.470528786970963,
          6.2596407546560116
        ]
      },
      "properties": {
        "probability": 0.9963122606277466,
        "lat": 6.2596407546560116,
        "lon": -1.470528786970963,
        "region": "Obuasi",
        "detected_at": "2026-07-13T08:51:51.267568",
        "model_version": "48px_v3.7_2024-01-10"
      }
    },
    {
      "type": "Feature",
      "geometry": {
        "type": "Point",
        "coordinates": [
          -1.4683534714926034,
          6.259640754656011
        ]
      },
      "properties": {
        "probability": 0.8787188529968262,
        "lat": 6.259640754656011,
        "lon": -1.4683534714926034,
        "region": "Obuasi",
        "detected_at": "2026-07-13T08:51:51.267661",
        "model_version": "48px_v3.7_2024-01-10"
      }
    },
    {
      "type": "Feature",
      "geometry": {
        "type": "Point",
        "coordinates": [
          -1.6854102723236153,
          6.249466964568881
        ]
      },
      "properties": {
        "probability": 0.9776850938796997,
        "lat": 6.249466964568881,
        "lon": -1.6854102723236153,
        "region": "Obuasi",
        "detected_at": "2026-07-13T08:51:51.267758",
        "model_version": "48px_v3.7_2024-01-10"
      }
    },
    {
      "type": "Feature",
      "geometry": {
        "type": "Point",
        "coordinates": [
          -1.5399851147387942,
          6.279380755575996
        ]
      },
      "properties": {
        "probability": 0.9997506737709045,
        "lat": 6.279380755575996,
        "lon": -1.5399851147387942,
        "region": "Obuasi",
        "detected_at": "2026-07-13T08:51:51.267855",
        "model_version": "48px_v3.7_2024-01-10"
      }
    },
    {
      "type": "Feature",
      "geometry": {
        "type": "Point",
        "coordinates": [
          -1.5399851147387942,
          6.277204246588287
        ]
      },
      "properties": {
        "probability": 0.8620268702507019,
        "lat": 6.277204246588287,
        "lon": -1.5399851147387942,
        "region": "Obuasi",
        "detected_at": "2026-07-13T08:51:51.267947",
        "model_version": "48px_v3.7_2024-01-10"
      }
    },
    {
      "type": "Feature",
      "geometry": {
        "type": "Point",
        "coordinates": [
          -1.5378099616650545,
          6.296792827477669
        ]
      },
      "properties": {
        "probability": 0.9418837428092957,
        "lat": 6.296792827477669,
        "lon": -1.5378099616650545,
        "region": "Obuasi",
        "detected_at": "2026-07-13T08:51:51.268038",
        "model_version": "48px_v3.7_2024-01-10"
      }
    },
    {
      "type": "Feature",
      "geometry": {
        "type": "Point",
        "coordinates": [
          -1.5378099616650545,
          6.2815572645637054
        ]
      },
      "properties": {
        "probability": 0.9948093891143799,
        "lat": 6.2815572645637054,
        "lon": -1.5378099616650545,
        "region": "Obuasi",
        "detected_at": "2026-07-13T08:51:51.268129",
        "model_version": "48px_v3.7_2024-01-10"
      }
    },
    {
      "type": "Feature",
      "geometry": {
        "type": "Point",
        "coordinates": [
          -1.5378099616650545,
          6.279380755575996
        ]
      },
      "properties": {
        "probability": 0.999632716178894,
        "lat": 6.279380755575996,
        "lon": -1.5378099616650545,
        "region": "Obuasi",
        "detected_at": "2026-07-13T08:51:51.268228",
        "model_version": "48px_v3.7_2024-01-10"
      }
    },
    {
      "type": "Feature",
      "geometry": {
        "type": "Point",
        "coordinates": [
          -1.5396936212078587,
          6.390087793918497
        ]
      },
      "properties": {
        "probability": 0.9999260902404785,
        "lat": 6.390087793918497,
        "lon": -1.5396936212078587,
        "region": "Obuasi",
        "detected_at": "2026-07-13T08:51:51.268329",
        "model_version": "48px_v3.7_2024-01-10"
      }
    },
    {
      "type": "Feature",
      "geometry": {
        "type": "Point",
        "coordinates": [
          -1.5375179297906787,
          6.387911191072103
        ]
      },
      "properties": {
        "probability": 0.8650539517402649,
        "lat": 6.387911191072103,
        "lon": -1.5375179297906787,
        "region": "Obuasi",
        "detected_at": "2026-07-13T08:51:51.268422",
        "model_version": "48px_v3.7_2024-01-10"
      }
    },
    {
      "type": "Feature",
      "geometry": {
        "type": "Point",
        "coordinates": [
          -1.5353422383734987,
          6.387911191072103
        ]
      },
      "properties": {
        "probability": 0.9272071719169617,
        "lat": 6.387911191072103,
        "lon": -1.5353422383734987,
        "region": "Obuasi",
        "detected_at": "2026-07-13T08:51:51.268539",
        "model_version": "48px_v3.7_2024-01-10"
      }
    },
    {
      "type": "Feature",
      "geometry": {
        "type": "Point",
        "coordinates": [
          -1.5331665469563183,
          6.387911191072103
        ]
      },
      "properties": {
        "probability": 0.8626982569694519,
        "lat": 6.387911191072103,
        "lon": -1.5331665469563183,
        "region": "Obuasi",
        "detected_at": "2026-07-13T08:51:51.268634",
        "model_version": "48px_v3.7_2024-01-10"
      }
    },
    {
      "type": "Feature",
      "geometry": {
        "type": "Point",
        "coordinates": [
          -1.5309908555391385,
          6.387911191072103
        ]
      },
      "properties": {
        "probability": 0.9187803268432617,
        "lat": 6.387911191072103,
        "lon": -1.5309908555391385,
        "region": "Obuasi",
        "detected_at": "2026-07-13T08:51:51.268728",
        "model_version": "48px_v3.7_2024-01-10"
      }
    },
    {
      "type": "Feature",
      "geometry": {
        "type": "Point",
        "coordinates": [
          -1.5244637812875985,
          6.387911191072103
        ]
      },
      "properties": {
        "probability": 0.9753116369247437,
        "lat": 6.387911191072103,
        "lon": -1.5244637812875985,
        "region": "Obuasi",
        "detected_at": "2026-07-13T08:51:51.268819",
        "model_version": "48px_v3.7_2024-01-10"
      }
    },
    {
      "type": "Feature",
      "geometry": {
        "type": "Point",
        "coordinates": [
          -1.5222880898704183,
          6.390087793918496
        ]
      },
      "properties": {
        "probability": 0.9555935263633728,
        "lat": 6.390087793918496,
        "lon": -1.5222880898704183,
        "region": "Obuasi",
        "detected_at": "2026-07-13T08:51:51.268918",
        "model_version": "48px_v3.7_2024-01-10"
      }
    },
    {
      "type": "Feature",
      "geometry": {
        "type": "Point",
        "coordinates": [
          -1.5222880898704183,
          6.387911191072103
        ]
      },
      "properties": {
        "probability": 0.9999954700469971,
        "lat": 6.387911191072103,
        "lon": -1.5222880898704183,
        "region": "Obuasi",
        "detected_at": "2026-07-13T08:51:51.269009",
        "model_version": "48px_v3.7_2024-01-10"
      }
    },
    {
      "type": "Feature",
      "geometry": {
        "type": "Point",
        "coordinates": [
          -1.5201123984532379,
          6.390087793918497
        ]
      },
      "properties": {
        "probability": 0.8375500440597534,
        "lat": 6.390087793918497,
        "lon": -1.5201123984532379,
        "region": "Obuasi",
        "detected_at": "2026-07-13T08:51:51.269100",
        "model_version": "48px_v3.7_2024-01-10"
      }
    },
    {
      "type": "Feature",
      "geometry": {
        "type": "Point",
        "coordinates": [
          -1.520112398453238,
          6.387911191072103
        ]
      },
      "properties": {
        "probability": 0.9999972581863403,
        "lat": 6.387911191072103,
        "lon": -1.520112398453238,
        "region": "Obuasi",
        "detected_at": "2026-07-13T08:51:51.269190",
        "model_version": "48px_v3.7_2024-01-10"
      }
    },
    {
      "type": "Feature",
      "geometry": {
        "type": "Point",
        "coordinates": [
          -1.517936707036058,
          6.387911191072103
        ]
      },
      "properties": {
        "probability": 0.9984476566314697,
        "lat": 6.387911191072103,
        "lon": -1.517936707036058,
        "region": "Obuasi",
        "detected_at": "2026-07-13T08:51:51.269282",
        "model_version": "48px_v3.7_2024-01-10"
      }
    },
    {
      "type": "Feature",
      "geometry": {
        "type": "Point",
        "coordinates": [
          -1.515761015618878,
          6.390087793918496
        ]
      },
      "properties": {
        "probability": 0.9994271993637085,
        "lat": 6.390087793918496,
        "lon": -1.515761015618878,
        "region": "Obuasi",
        "detected_at": "2026-07-13T08:51:51.269381",
        "model_version": "48px_v3.7_2024-01-10"
      }
    },
    {
      "type": "Feature",
      "geometry": {
        "type": "Point",
        "coordinates": [
          -1.5135853242016981,
          6.390087793918497
        ]
      },
      "properties": {
        "probability": 0.9974680542945862,
        "lat": 6.390087793918497,
        "lon": -1.5135853242016981,
        "region": "Obuasi",
        "detected_at": "2026-07-13T08:51:51.269495",
        "model_version": "48px_v3.7_2024-01-10"
      }
    },
    {
      "type": "Feature",
      "geometry": {
        "type": "Point",
        "coordinates": [
          -1.511409632784518,
          6.3922643967648884
        ]
      },
      "properties": {
        "probability": 0.872830867767334,
        "lat": 6.3922643967648884,
        "lon": -1.511409632784518,
        "region": "Obuasi",
        "detected_at": "2026-07-13T08:51:51.269593",
        "model_version": "48px_v3.7_2024-01-10"
      }
    },
    {
      "type": "Feature",
      "geometry": {
        "type": "Point",
        "coordinates": [
          -1.5743548484058356,
          6.377175882498747
        ]
      },
      "properties": {
        "probability": 0.8514508008956909,
        "lat": 6.377175882498747,
        "lon": -1.5743548484058356,
        "region": "Obuasi",
        "detected_at": "2026-07-13T08:51:51.269685",
        "model_version": "48px_v3.7_2024-01-10"
      }
    },
    {
      "type": "Feature",
      "geometry": {
        "type": "Point",
        "coordinates": [
          -1.570003801268898,
          6.377175882498747
        ]
      },
      "properties": {
        "probability": 0.9981231093406677,
        "lat": 6.377175882498747,
        "lon": -1.570003801268898,
        "region": "Obuasi",
        "detected_at": "2026-07-13T08:51:51.269781",
        "model_version": "48px_v3.7_2024-01-10"
      }
    },
    {
      "type": "Feature",
      "geometry": {
        "type": "Point",
        "coordinates": [
          -1.570003801268898,
          6.374999448205933
        ]
      },
      "properties": {
        "probability": 0.996515691280365,
        "lat": 6.374999448205933,
        "lon": -1.570003801268898,
        "region": "Obuasi",
        "detected_at": "2026-07-13T08:51:51.269871",
        "model_version": "48px_v3.7_2024-01-10"
      }
    },
    {
      "type": "Feature",
      "geometry": {
        "type": "Point",
        "coordinates": [
          -1.5678282777004284,
          6.377175882498747
        ]
      },
      "properties": {
        "probability": 0.999994695186615,
        "lat": 6.377175882498747,
        "lon": -1.5678282777004284,
        "region": "Obuasi",
        "detected_at": "2026-07-13T08:51:51.269961",
        "model_version": "48px_v3.7_2024-01-10"
      }
    },
    {
      "type": "Feature",
      "geometry": {
        "type": "Point",
        "coordinates": [
          -1.5678282777004284,
          6.374999448205934
        ]
      },
      "properties": {
        "probability": 1.0,
        "lat": 6.374999448205934,
        "lon": -1.5678282777004284,
        "region": "Obuasi",
        "detected_at": "2026-07-13T08:51:51.270050",
        "model_version": "48px_v3.7_2024-01-10"
      }
    },
    {
      "type": "Feature",
      "geometry": {
        "type": "Point",
        "coordinates": [
          -1.5678282777004284,
          6.372823013913118
        ]
      },
      "properties": {
        "probability": 0.9999998807907104,
        "lat": 6.372823013913118,
        "lon": -1.5678282777004284,
        "region": "Obuasi",
        "detected_at": "2026-07-13T08:51:51.270141",
        "model_version": "48px_v3.7_2024-01-10"
      }
    },
    {
      "type": "Feature",
      "geometry": {
        "type": "Point",
        "coordinates": [
          -1.5656527541319591,
          6.374999448205933
        ]
      },
      "properties": {
        "probability": 0.9997091293334961,
        "lat": 6.374999448205933,
        "lon": -1.5656527541319591,
        "region": "Obuasi",
        "detected_at": "2026-07-13T08:51:51.270231",
        "model_version": "48px_v3.7_2024-01-10"
      }
    },
    {
      "type": "Feature",
      "geometry": {
        "type": "Point",
        "coordinates": [
          -1.4985069769812185,
          6.331469424337218
        ]
      },
      "properties": {
        "probability": 0.9976565837860107,
        "lat": 6.331469424337218,
        "lon": -1.4985069769812185,
        "region": "Obuasi",
        "detected_at": "2026-07-13T08:51:51.270321",
        "model_version": "48px_v3.7_2024-01-10"
      }
    },
    {
      "type": "Feature",
      "geometry": {
        "type": "Point",
        "coordinates": [
          -1.4963315556602195,
          6.331469424337218
        ]
      },
      "properties": {
        "probability": 0.9614108800888062,
        "lat": 6.331469424337218,
        "lon": -1.4963315556602195,
        "region": "Obuasi",
        "detected_at": "2026-07-13T08:51:51.270410",
        "model_version": "48px_v3.7_2024-01-10"
      }
    },
    {
      "type": "Feature",
      "geometry": {
        "type": "Point",
        "coordinates": [
          -1.4963315556602195,
          6.3292928684069105
        ]
      },
      "properties": {
        "probability": 0.9904853701591492,
        "lat": 6.3292928684069105,
        "lon": -1.4963315556602195,
        "region": "Obuasi",
        "detected_at": "2026-07-13T08:51:51.270525",
        "model_version": "48px_v3.7_2024-01-10"
      }
    },
    {
      "type": "Feature",
      "geometry": {
        "type": "Point",
        "coordinates": [
          -1.5894409112935342,
          6.4205594930273255
        ]
      },
      "properties": {
        "probability": 0.938208818435669,
        "lat": 6.4205594930273255,
        "lon": -1.5894409112935342,
        "region": "Obuasi",
        "detected_at": "2026-07-13T08:51:51.270621",
        "model_version": "48px_v3.7_2024-01-10"
      }
    },
    {
      "type": "Feature",
      "geometry": {
        "type": "Point",
        "coordinates": [
          -1.58726511757801,
          6.427088931196169
        ]
      },
      "properties": {
        "probability": 0.9999999403953552,
        "lat": 6.427088931196169,
        "lon": -1.58726511757801,
        "region": "Obuasi",
        "detected_at": "2026-07-13T08:51:51.270712",
        "model_version": "48px_v3.7_2024-01-10"
      }
    },
    {
      "type": "Feature",
      "geometry": {
        "type": "Point",
        "coordinates": [
          -1.58726511757801,
          6.424912451806555
        ]
      },
      "properties": {
        "probability": 0.9999908804893494,
        "lat": 6.424912451806555,
        "lon": -1.58726511757801,
        "region": "Obuasi",
        "detected_at": "2026-07-13T08:51:51.270812",
        "model_version": "48px_v3.7_2024-01-10"
      }
    },
    {
      "type": "Feature",
      "geometry": {
        "type": "Point",
        "coordinates": [
          -1.58726511757801,
          6.422735972416939
        ]
      },
      "properties": {
        "probability": 0.9999187588691711,
        "lat": 6.422735972416939,
        "lon": -1.58726511757801,
        "region": "Obuasi",
        "detected_at": "2026-07-13T08:51:51.270908",
        "model_version": "48px_v3.7_2024-01-10"
      }
    },
    {
      "type": "Feature",
      "geometry": {
        "type": "Point",
        "coordinates": [
          -1.5850893238624855,
          6.429265410585785
        ]
      },
      "properties": {
        "probability": 0.9999871850013733,
        "lat": 6.429265410585785,
        "lon": -1.5850893238624855,
        "region": "Obuasi",
        "detected_at": "2026-07-13T08:51:51.270998",
        "model_version": "48px_v3.7_2024-01-10"
      }
    },
    {
      "type": "Feature",
      "geometry": {
        "type": "Point",
        "coordinates": [
          -1.5850893238624855,
          6.42708893119617
        ]
      },
      "properties": {
        "probability": 1.0,
        "lat": 6.42708893119617,
        "lon": -1.5850893238624855,
        "region": "Obuasi",
        "detected_at": "2026-07-13T08:51:51.271088",
        "model_version": "48px_v3.7_2024-01-10"
      }
    },
    {
      "type": "Feature",
      "geometry": {
        "type": "Point",
        "coordinates": [
          -1.5850893238624857,
          6.424912451806556
        ]
      },
      "properties": {
        "probability": 0.9999993443489075,
        "lat": 6.424912451806556,
        "lon": -1.5850893238624857,
        "region": "Obuasi",
        "detected_at": "2026-07-13T08:51:51.271178",
        "model_version": "48px_v3.7_2024-01-10"
      }
    },
    {
      "type": "Feature",
      "geometry": {
        "type": "Point",
        "coordinates": [
          -1.582913530146962,
          6.429265410585785
        ]
      },
      "properties": {
        "probability": 0.9999949932098389,
        "lat": 6.429265410585785,
        "lon": -1.582913530146962,
        "region": "Obuasi",
        "detected_at": "2026-07-13T08:51:51.271277",
        "model_version": "48px_v3.7_2024-01-10"
      }
    },
    {
      "type": "Feature",
      "geometry": {
        "type": "Point",
        "coordinates": [
          -1.5807377364314374,
          6.422735972416939
        ]
      },
      "properties": {
        "probability": 0.9547489285469055,
        "lat": 6.422735972416939,
        "lon": -1.5807377364314374,
        "region": "Obuasi",
        "detected_at": "2026-07-13T08:51:51.271368",
        "model_version": "48px_v3.7_2024-01-10"
      }
    },
    {
      "type": "Feature",
      "geometry": {
        "type": "Point",
        "coordinates": [
          -1.5785619427159134,
          6.422735972416939
        ]
      },
      "properties": {
        "probability": 0.9662138223648071,
        "lat": 6.422735972416939,
        "lon": -1.5785619427159134,
        "region": "Obuasi",
        "detected_at": "2026-07-13T08:51:51.271479",
        "model_version": "48px_v3.7_2024-01-10"
      }
    },
    {
      "type": "Feature",
      "geometry": {
        "type": "Point",
        "coordinates": [
          -1.5742103552848654,
          6.422735972416939
        ]
      },
      "properties": {
        "probability": 0.9136691093444824,
        "lat": 6.422735972416939,
        "lon": -1.5742103552848654,
        "region": "Obuasi",
        "detected_at": "2026-07-13T08:51:51.271576",
        "model_version": "48px_v3.7_2024-01-10"
      }
    },
    {
      "type": "Feature",
      "geometry": {
        "type": "Point",
        "coordinates": [
          -1.572034561569341,
          6.429265410585785
        ]
      },
      "properties": {
        "probability": 0.9999997615814209,
        "lat": 6.429265410585785,
        "lon": -1.572034561569341,
        "region": "Obuasi",
        "detected_at": "2026-07-13T08:51:51.271667",
        "model_version": "48px_v3.7_2024-01-10"
      }
    },
    {
      "type": "Feature",
      "geometry": {
        "type": "Point",
        "coordinates": [
          -1.572034561569341,
          6.42708893119617
        ]
      },
      "properties": {
        "probability": 1.0,
        "lat": 6.42708893119617,
        "lon": -1.572034561569341,
        "region": "Obuasi",
        "detected_at": "2026-07-13T08:51:51.271758",
        "model_version": "48px_v3.7_2024-01-10"
      }
    },
    {
      "type": "Feature",
      "geometry": {
        "type": "Point",
        "coordinates": [
          -1.5698587678538174,
          6.429265410585785
        ]
      },
      "properties": {
        "probability": 1.0,
        "lat": 6.429265410585785,
        "lon": -1.5698587678538174,
        "region": "Obuasi",
        "detected_at": "2026-07-13T08:51:51.271849",
        "model_version": "48px_v3.7_2024-01-10"
      }
    },
    {
      "type": "Feature",
      "geometry": {
        "type": "Point",
        "coordinates": [
          -1.5633313867072451,
          6.4205594930273255
        ]
      },
      "properties": {
        "probability": 0.9807770848274231,
        "lat": 6.4205594930273255,
        "lon": -1.5633313867072451,
        "region": "Obuasi",
        "detected_at": "2026-07-13T08:51:51.271939",
        "model_version": "48px_v3.7_2024-01-10"
      }
    },
    {
      "type": "Feature",
      "geometry": {
        "type": "Point",
        "coordinates": [
          -1.5633313867072454,
          6.418383013637708
        ]
      },
      "properties": {
        "probability": 0.9998684525489807,
        "lat": 6.418383013637708,
        "lon": -1.5633313867072454,
        "region": "Obuasi",
        "detected_at": "2026-07-13T08:51:51.272028",
        "model_version": "48px_v3.7_2024-01-10"
      }
    },
    {
      "type": "Feature",
      "geometry": {
        "type": "Point",
        "coordinates": [
          -1.5633313867072451,
          6.416206534248094
        ]
      },
      "properties": {
        "probability": 0.9999921321868896,
        "lat": 6.416206534248094,
        "lon": -1.5633313867072451,
        "region": "Obuasi",
        "detected_at": "2026-07-13T08:51:51.272118",
        "model_version": "48px_v3.7_2024-01-10"
      }
    },
    {
      "type": "Feature",
      "geometry": {
        "type": "Point",
        "coordinates": [
          -1.561155592991721,
          6.418383013637709
        ]
      },
      "properties": {
        "probability": 0.9989311695098877,
        "lat": 6.418383013637709,
        "lon": -1.561155592991721,
        "region": "Obuasi",
        "detected_at": "2026-07-13T08:51:51.272209",
        "model_version": "48px_v3.7_2024-01-10"
      }
    },
    {
      "type": "Feature",
      "geometry": {
        "type": "Point",
        "coordinates": [
          -1.561155592991721,
          6.416206534248094
        ]
      },
      "properties": {
        "probability": 1.0,
        "lat": 6.416206534248094,
        "lon": -1.561155592991721,
        "region": "Obuasi",
        "detected_at": "2026-07-13T08:51:51.272298",
        "model_version": "48px_v3.7_2024-01-10"
      }
    },
    {
      "type": "Feature",
      "geometry": {
        "type": "Point",
        "coordinates": [
          -1.561155592991721,
          6.414030054858479
        ]
      },
      "properties": {
        "probability": 1.0,
        "lat": 6.414030054858479,
        "lon": -1.561155592991721,
        "region": "Obuasi",
        "detected_at": "2026-07-13T08:51:51.272394",
        "model_version": "48px_v3.7_2024-01-10"
      }
    },
    {
      "type": "Feature",
      "geometry": {
        "type": "Point",
        "coordinates": [
          -1.5589797992761967,
          6.414030054858479
        ]
      },
      "properties": {
        "probability": 0.9754077196121216,
        "lat": 6.414030054858479,
        "lon": -1.5589797992761967,
        "region": "Obuasi",
        "detected_at": "2026-07-13T08:51:51.272508",
        "model_version": "48px_v3.7_2024-01-10"
      }
    },
    {
      "type": "Feature",
      "geometry": {
        "type": "Point",
        "coordinates": [
          -1.693849179392499,
          6.351476192907603
        ]
      },
      "properties": {
        "probability": 0.9947368502616882,
        "lat": 6.351476192907603,
        "lon": -1.693849179392499,
        "region": "Obuasi",
        "detected_at": "2026-07-13T08:51:51.272611",
        "model_version": "48px_v3.7_2024-01-10"
      }
    },
    {
      "type": "Feature",
      "geometry": {
        "type": "Point",
        "coordinates": [
          -1.6916742617662128,
          6.351476192907603
        ]
      },
      "properties": {
        "probability": 0.9934994578361511,
        "lat": 6.351476192907603,
        "lon": -1.6916742617662128,
        "region": "Obuasi",
        "detected_at": "2026-07-13T08:51:51.272703",
        "model_version": "48px_v3.7_2024-01-10"
      }
    },
    {
      "type": "Feature",
      "geometry": {
        "type": "Point",
        "coordinates": [
          -1.6894993441399275,
          6.351476192907603
        ]
      },
      "properties": {
        "probability": 0.9960966110229492,
        "lat": 6.351476192907603,
        "lon": -1.6894993441399275,
        "region": "Obuasi",
        "detected_at": "2026-07-13T08:51:51.272822",
        "model_version": "48px_v3.7_2024-01-10"
      }
    },
    {
      "type": "Feature",
      "geometry": {
        "type": "Point",
        "coordinates": [
          -1.6894993441399275,
          6.349300142740109
        ]
      },
      "properties": {
        "probability": 0.9944502711296082,
        "lat": 6.349300142740109,
        "lon": -1.6894993441399275,
        "region": "Obuasi",
        "detected_at": "2026-07-13T08:51:51.272914",
        "model_version": "48px_v3.7_2024-01-10"
      }
    },
    {
      "type": "Feature",
      "geometry": {
        "type": "Point",
        "coordinates": [
          -1.6873244265136418,
          6.351476192907603
        ]
      },
      "properties": {
        "probability": 0.9523119926452637,
        "lat": 6.351476192907603,
        "lon": -1.6873244265136418,
        "region": "Obuasi",
        "detected_at": "2026-07-13T08:51:51.273004",
        "model_version": "48px_v3.7_2024-01-10"
      }
    },
    {
      "type": "Feature",
      "geometry": {
        "type": "Point",
        "coordinates": [
          -1.687324426513642,
          6.349300142740109
        ]
      },
      "properties": {
        "probability": 0.8556231260299683,
        "lat": 6.349300142740109,
        "lon": -1.687324426513642,
        "region": "Obuasi",
        "detected_at": "2026-07-13T08:51:51.273095",
        "model_version": "48px_v3.7_2024-01-10"
      }
    },
    {
      "type": "Feature",
      "geometry": {
        "type": "Point",
        "coordinates": [
          -1.6829745912610705,
          6.338419891902638
        ]
      },
      "properties": {
        "probability": 0.9776223301887512,
        "lat": 6.338419891902638,
        "lon": -1.6829745912610705,
        "region": "Obuasi",
        "detected_at": "2026-07-13T08:51:51.273184",
        "model_version": "48px_v3.7_2024-01-10"
      }
    },
    {
      "type": "Feature",
      "geometry": {
        "type": "Point",
        "coordinates": [
          -1.6829745912610703,
          6.336243841735143
        ]
      },
      "properties": {
        "probability": 0.9591848850250244,
        "lat": 6.336243841735143,
        "lon": -1.6829745912610703,
        "region": "Obuasi",
        "detected_at": "2026-07-13T08:51:51.273277",
        "model_version": "48px_v3.7_2024-01-10"
      }
    },
    {
      "type": "Feature",
      "geometry": {
        "type": "Point",
        "coordinates": [
          -1.6829745912610703,
          6.33406779156765
        ]
      },
      "properties": {
        "probability": 0.9623870253562927,
        "lat": 6.33406779156765,
        "lon": -1.6829745912610703,
        "region": "Obuasi",
        "detected_at": "2026-07-13T08:51:51.273367",
        "model_version": "48px_v3.7_2024-01-10"
      }
    },
    {
      "type": "Feature",
      "geometry": {
        "type": "Point",
        "coordinates": [
          -1.680799673634785,
          6.338419891902638
        ]
      },
      "properties": {
        "probability": 0.9979191422462463,
        "lat": 6.338419891902638,
        "lon": -1.680799673634785,
        "region": "Obuasi",
        "detected_at": "2026-07-13T08:51:51.273478",
        "model_version": "48px_v3.7_2024-01-10"
      }
    },
    {
      "type": "Feature",
      "geometry": {
        "type": "Point",
        "coordinates": [
          -1.6807996736347854,
          6.336243841735143
        ]
      },
      "properties": {
        "probability": 0.9973463416099548,
        "lat": 6.336243841735143,
        "lon": -1.6807996736347854,
        "region": "Obuasi",
        "detected_at": "2026-07-13T08:51:51.273576",
        "model_version": "48px_v3.7_2024-01-10"
      }
    },
    {
      "type": "Feature",
      "geometry": {
        "type": "Point",
        "coordinates": [
          -1.6807996736347852,
          6.33406779156765
        ]
      },
      "properties": {
        "probability": 0.9861679077148438,
        "lat": 6.33406779156765,
        "lon": -1.6807996736347852,
        "region": "Obuasi",
        "detected_at": "2026-07-13T08:51:51.273676",
        "model_version": "48px_v3.7_2024-01-10"
      }
    },
    {
      "type": "Feature",
      "geometry": {
        "type": "Point",
        "coordinates": [
          -1.6786247560084993,
          6.338419891902638
        ]
      },
      "properties": {
        "probability": 0.9802381992340088,
        "lat": 6.338419891902638,
        "lon": -1.6786247560084993,
        "region": "Obuasi",
        "detected_at": "2026-07-13T08:51:51.273768",
        "model_version": "48px_v3.7_2024-01-10"
      }
    },
    {
      "type": "Feature",
      "geometry": {
        "type": "Point",
        "coordinates": [
          -1.6786247560084995,
          6.336243841735143
        ]
      },
      "properties": {
        "probability": 0.9957577586174011,
        "lat": 6.336243841735143,
        "lon": -1.6786247560084995,
        "region": "Obuasi",
        "detected_at": "2026-07-13T08:51:51.273868",
        "model_version": "48px_v3.7_2024-01-10"
      }
    },
    {
      "type": "Feature",
      "geometry": {
        "type": "Point",
        "coordinates": [
          -1.6786247560084993,
          6.33406779156765
        ]
      },
      "properties": {
        "probability": 0.988068163394928,
        "lat": 6.33406779156765,
        "lon": -1.6786247560084993,
        "region": "Obuasi",
        "detected_at": "2026-07-13T08:51:51.273965",
        "model_version": "48px_v3.7_2024-01-10"
      }
    },
    {
      "type": "Feature",
      "geometry": {
        "type": "Point",
        "coordinates": [
          -1.6786247560084993,
          6.3297156912326615
        ]
      },
      "properties": {
        "probability": 0.956861674785614,
        "lat": 6.3297156912326615,
        "lon": -1.6786247560084993,
        "region": "Obuasi",
        "detected_at": "2026-07-13T08:51:51.274056",
        "model_version": "48px_v3.7_2024-01-10"
      }
    },
    {
      "type": "Feature",
      "geometry": {
        "type": "Point",
        "coordinates": [
          -1.6786247560084995,
          6.327539641065167
        ]
      },
      "properties": {
        "probability": 0.9848592281341553,
        "lat": 6.327539641065167,
        "lon": -1.6786247560084995,
        "region": "Obuasi",
        "detected_at": "2026-07-13T08:51:51.274147",
        "model_version": "48px_v3.7_2024-01-10"
      }
    },
    {
      "type": "Feature",
      "geometry": {
        "type": "Point",
        "coordinates": [
          -1.6764498383822137,
          6.336243841735143
        ]
      },
      "properties": {
        "probability": 0.915526270866394,
        "lat": 6.336243841735143,
        "lon": -1.6764498383822137,
        "region": "Obuasi",
        "detected_at": "2026-07-13T08:51:51.274238",
        "model_version": "48px_v3.7_2024-01-10"
      }
    },
    {
      "type": "Feature",
      "geometry": {
        "type": "Point",
        "coordinates": [
          -1.676449838382214,
          6.33406779156765
        ]
      },
      "properties": {
        "probability": 0.9337950944900513,
        "lat": 6.33406779156765,
        "lon": -1.676449838382214,
        "region": "Obuasi",
        "detected_at": "2026-07-13T08:51:51.274335",
        "model_version": "48px_v3.7_2024-01-10"
      }
    },
    {
      "type": "Feature",
      "geometry": {
        "type": "Point",
        "coordinates": [
          -1.676449838382214,
          6.3297156912326615
        ]
      },
      "properties": {
        "probability": 0.9957248568534851,
        "lat": 6.3297156912326615,
        "lon": -1.676449838382214,
        "region": "Obuasi",
        "detected_at": "2026-07-13T08:51:51.274428",
        "model_version": "48px_v3.7_2024-01-10"
      }
    },
    {
      "type": "Feature",
      "geometry": {
        "type": "Point",
        "coordinates": [
          -1.6764498383822137,
          6.327539641065166
        ]
      },
      "properties": {
        "probability": 0.9776013493537903,
        "lat": 6.327539641065166,
        "lon": -1.6764498383822137,
        "region": "Obuasi",
        "detected_at": "2026-07-13T08:51:51.274562",
        "model_version": "48px_v3.7_2024-01-10"
      }
    },
    {
      "type": "Feature",
      "geometry": {
        "type": "Point",
        "coordinates": [
          -1.6742749207559284,
          6.3297156912326615
        ]
      },
      "properties": {
        "probability": 0.9200047254562378,
        "lat": 6.3297156912326615,
        "lon": -1.6742749207559284,
        "region": "Obuasi",
        "detected_at": "2026-07-13T08:51:51.274655",
        "model_version": "48px_v3.7_2024-01-10"
      }
    },
    {
      "type": "Feature",
      "geometry": {
        "type": "Point",
        "coordinates": [
          -1.6481759092405013,
          6.33406779156765
        ]
      },
      "properties": {
        "probability": 0.8325778841972351,
        "lat": 6.33406779156765,
        "lon": -1.6481759092405013,
        "region": "Obuasi",
        "detected_at": "2026-07-13T08:51:51.274747",
        "model_version": "48px_v3.7_2024-01-10"
      }
    },
    {
      "type": "Feature",
      "geometry": {
        "type": "Point",
        "coordinates": [
          -1.6958933797987137,
          6.399216446668256
        ]
      },
      "properties": {
        "probability": 0.9996978640556335,
        "lat": 6.399216446668256,
        "lon": -1.6958933797987137,
        "region": "Obuasi",
        "detected_at": "2026-07-13T08:51:51.274838",
        "model_version": "48px_v3.7_2024-01-10"
      }
    },
    {
      "type": "Feature",
      "geometry": {
        "type": "Point",
        "coordinates": [
          -1.6958933797987137,
          6.397040354964137
        ]
      },
      "properties": {
        "probability": 0.8254489898681641,
        "lat": 6.397040354964137,
        "lon": -1.6958933797987137,
        "region": "Obuasi",
        "detected_at": "2026-07-13T08:51:51.274927",
        "model_version": "48px_v3.7_2024-01-10"
      }
    },
    {
      "type": "Feature",
      "geometry": {
        "type": "Point",
        "coordinates": [
          -1.6958933797987137,
          6.39486426326002
        ]
      },
      "properties": {
        "probability": 0.971159815788269,
        "lat": 6.39486426326002,
        "lon": -1.6958933797987137,
        "region": "Obuasi",
        "detected_at": "2026-07-13T08:51:51.275018",
        "model_version": "48px_v3.7_2024-01-10"
      }
    },
    {
      "type": "Feature",
      "geometry": {
        "type": "Point",
        "coordinates": [
          -1.6893678328276944,
          6.39486426326002
        ]
      },
      "properties": {
        "probability": 0.8790974617004395,
        "lat": 6.39486426326002,
        "lon": -1.6893678328276944,
        "region": "Obuasi",
        "detected_at": "2026-07-13T08:51:51.275108",
        "model_version": "48px_v3.7_2024-01-10"
      }
    },
    {
      "type": "Feature",
      "geometry": {
        "type": "Point",
        "coordinates": [
          -1.689367832827694,
          6.3926881715559025
        ]
      },
      "properties": {
        "probability": 0.9988493919372559,
        "lat": 6.3926881715559025,
        "lon": -1.689367832827694,
        "region": "Obuasi",
        "detected_at": "2026-07-13T08:51:51.275206",
        "model_version": "48px_v3.7_2024-01-10"
      }
    },
    {
      "type": "Feature",
      "geometry": {
        "type": "Point",
        "coordinates": [
          -1.689367832827694,
          6.390512079851784
        ]
      },
      "properties": {
        "probability": 0.9959428906440735,
        "lat": 6.390512079851784,
        "lon": -1.689367832827694,
        "region": "Obuasi",
        "detected_at": "2026-07-13T08:51:51.275299",
        "model_version": "48px_v3.7_2024-01-10"
      }
    },
    {
      "type": "Feature",
      "geometry": {
        "type": "Point",
        "coordinates": [
          -1.6871926505040213,
          6.405744721780608
        ]
      },
      "properties": {
        "probability": 0.9831433892250061,
        "lat": 6.405744721780608,
        "lon": -1.6871926505040213,
        "region": "Obuasi",
        "detected_at": "2026-07-13T08:51:51.275397",
        "model_version": "48px_v3.7_2024-01-10"
      }
    },
    {
      "type": "Feature",
      "geometry": {
        "type": "Point",
        "coordinates": [
          -1.6871926505040213,
          6.397040354964137
        ]
      },
      "properties": {
        "probability": 0.9957910180091858,
        "lat": 6.397040354964137,
        "lon": -1.6871926505040213,
        "region": "Obuasi",
        "detected_at": "2026-07-13T08:51:51.275534",
        "model_version": "48px_v3.7_2024-01-10"
      }
    },
    {
      "type": "Feature",
      "geometry": {
        "type": "Point",
        "coordinates": [
          -1.6871926505040213,
          6.39486426326002
        ]
      },
      "properties": {
        "probability": 0.9999921917915344,
        "lat": 6.39486426326002,
        "lon": -1.6871926505040213,
        "region": "Obuasi",
        "detected_at": "2026-07-13T08:51:51.275634",
        "model_version": "48px_v3.7_2024-01-10"
      }
    },
    {
      "type": "Feature",
      "geometry": {
        "type": "Point",
        "coordinates": [
          -1.6871926505040213,
          6.3926881715559025
        ]
      },
      "properties": {
        "probability": 0.9999769926071167,
        "lat": 6.3926881715559025,
        "lon": -1.6871926505040213,
        "region": "Obuasi",
        "detected_at": "2026-07-13T08:51:51.275726",
        "model_version": "48px_v3.7_2024-01-10"
      }
    },
    {
      "type": "Feature",
      "geometry": {
        "type": "Point",
        "coordinates": [
          -1.6871926505040213,
          6.390512079851784
        ]
      },
      "properties": {
        "probability": 0.9466109871864319,
        "lat": 6.390512079851784,
        "lon": -1.6871926505040213,
        "region": "Obuasi",
        "detected_at": "2026-07-13T08:51:51.275816",
        "model_version": "48px_v3.7_2024-01-10"
      }
    },
    {
      "type": "Feature",
      "geometry": {
        "type": "Point",
        "coordinates": [
          -1.6850174681803483,
          6.405744721780608
        ]
      },
      "properties": {
        "probability": 0.8585240840911865,
        "lat": 6.405744721780608,
        "lon": -1.6850174681803483,
        "region": "Obuasi",
        "detected_at": "2026-07-13T08:51:51.275913",
        "model_version": "48px_v3.7_2024-01-10"
      }
    },
    {
      "type": "Feature",
      "geometry": {
        "type": "Point",
        "coordinates": [
          -1.6850174681803483,
          6.399216446668256
        ]
      },
      "properties": {
        "probability": 0.9999625086784363,
        "lat": 6.399216446668256,
        "lon": -1.6850174681803483,
        "region": "Obuasi",
        "detected_at": "2026-07-13T08:51:51.276005",
        "model_version": "48px_v3.7_2024-01-10"
      }
    },
    {
      "type": "Feature",
      "geometry": {
        "type": "Point",
        "coordinates": [
          -1.6850174681803483,
          6.397040354964137
        ]
      },
      "properties": {
        "probability": 0.9999715089797974,
        "lat": 6.397040354964137,
        "lon": -1.6850174681803483,
        "region": "Obuasi",
        "detected_at": "2026-07-13T08:51:51.276095",
        "model_version": "48px_v3.7_2024-01-10"
      }
    },
    {
      "type": "Feature",
      "geometry": {
        "type": "Point",
        "coordinates": [
          -1.6850174681803483,
          6.39486426326002
        ]
      },
      "properties": {
        "probability": 0.9973295331001282,
        "lat": 6.39486426326002,
        "lon": -1.6850174681803483,
        "region": "Obuasi",
        "detected_at": "2026-07-13T08:51:51.276192",
        "model_version": "48px_v3.7_2024-01-10"
      }
    },
    {
      "type": "Feature",
      "geometry": {
        "type": "Point",
        "coordinates": [
          -1.685017468180348,
          6.392688171555902
        ]
      },
      "properties": {
        "probability": 0.8193957805633545,
        "lat": 6.392688171555902,
        "lon": -1.685017468180348,
        "region": "Obuasi",
        "detected_at": "2026-07-13T08:51:51.276282",
        "model_version": "48px_v3.7_2024-01-10"
      }
    },
    {
      "type": "Feature",
      "geometry": {
        "type": "Point",
        "coordinates": [
          -1.6828422858566747,
          6.401392538372375
        ]
      },
      "properties": {
        "probability": 0.9678717851638794,
        "lat": 6.401392538372375,
        "lon": -1.6828422858566747,
        "region": "Obuasi",
        "detected_at": "2026-07-13T08:51:51.276378",
        "model_version": "48px_v3.7_2024-01-10"
      }
    },
    {
      "type": "Feature",
      "geometry": {
        "type": "Point",
        "coordinates": [
          -1.6828422858566747,
          6.399216446668256
        ]
      },
      "properties": {
        "probability": 0.9995466470718384,
        "lat": 6.399216446668256,
        "lon": -1.6828422858566747,
        "region": "Obuasi",
        "detected_at": "2026-07-13T08:51:51.276512",
        "model_version": "48px_v3.7_2024-01-10"
      }
    },
    {
      "type": "Feature",
      "geometry": {
        "type": "Point",
        "coordinates": [
          -1.6828422858566747,
          6.397040354964137
        ]
      },
      "properties": {
        "probability": 0.9999775290489197,
        "lat": 6.397040354964137,
        "lon": -1.6828422858566747,
        "region": "Obuasi",
        "detected_at": "2026-07-13T08:51:51.276616",
        "model_version": "48px_v3.7_2024-01-10"
      }
    },
    {
      "type": "Feature",
      "geometry": {
        "type": "Point",
        "coordinates": [
          -1.6828422858566747,
          6.39486426326002
        ]
      },
      "properties": {
        "probability": 0.9867583513259888,
        "lat": 6.39486426326002,
        "lon": -1.6828422858566747,
        "region": "Obuasi",
        "detected_at": "2026-07-13T08:51:51.276708",
        "model_version": "48px_v3.7_2024-01-10"
      }
    },
    {
      "type": "Feature",
      "geometry": {
        "type": "Point",
        "coordinates": [
          -1.6828422858566747,
          6.362222887698253
        ]
      },
      "properties": {
        "probability": 0.9126182794570923,
        "lat": 6.362222887698253,
        "lon": -1.6828422858566747,
        "region": "Obuasi",
        "detected_at": "2026-07-13T08:51:51.276800",
        "model_version": "48px_v3.7_2024-01-10"
      }
    },
    {
      "type": "Feature",
      "geometry": {
        "type": "Point",
        "coordinates": [
          -1.6806671035330019,
          6.401392538372375
        ]
      },
      "properties": {
        "probability": 0.9895554780960083,
        "lat": 6.401392538372375,
        "lon": -1.6806671035330019,
        "region": "Obuasi",
        "detected_at": "2026-07-13T08:51:51.276891",
        "model_version": "48px_v3.7_2024-01-10"
      }
    },
    {
      "type": "Feature",
      "geometry": {
        "type": "Point",
        "coordinates": [
          -1.680667103533002,
          6.399216446668256
        ]
      },
      "properties": {
        "probability": 0.9980344176292419,
        "lat": 6.399216446668256,
        "lon": -1.680667103533002,
        "region": "Obuasi",
        "detected_at": "2026-07-13T08:51:51.276990",
        "model_version": "48px_v3.7_2024-01-10"
      }
    },
    {
      "type": "Feature",
      "geometry": {
        "type": "Point",
        "coordinates": [
          -1.680667103533002,
          6.397040354964137
        ]
      },
      "properties": {
        "probability": 0.9999907612800598,
        "lat": 6.397040354964137,
        "lon": -1.680667103533002,
        "region": "Obuasi",
        "detected_at": "2026-07-13T08:51:51.277082",
        "model_version": "48px_v3.7_2024-01-10"
      }
    },
    {
      "type": "Feature",
      "geometry": {
        "type": "Point",
        "coordinates": [
          -1.680667103533002,
          6.39486426326002
        ]
      },
      "properties": {
        "probability": 0.9943904280662537,
        "lat": 6.39486426326002,
        "lon": -1.680667103533002,
        "region": "Obuasi",
        "detected_at": "2026-07-13T08:51:51.277172",
        "model_version": "48px_v3.7_2024-01-10"
      }
    },
    {
      "type": "Feature",
      "geometry": {
        "type": "Point",
        "coordinates": [
          -1.6806671035330019,
          6.362222887698253
        ]
      },
      "properties": {
        "probability": 0.9288420677185059,
        "lat": 6.362222887698253,
        "lon": -1.6806671035330019,
        "region": "Obuasi",
        "detected_at": "2026-07-13T08:51:51.277263",
        "model_version": "48px_v3.7_2024-01-10"
      }
    },
    {
      "type": "Feature",
      "geometry": {
        "type": "Point",
        "coordinates": [
          -1.6784919212093283,
          6.397040354964137
        ]
      },
      "properties": {
        "probability": 0.9859611988067627,
        "lat": 6.397040354964137,
        "lon": -1.6784919212093283,
        "region": "Obuasi",
        "detected_at": "2026-07-13T08:51:51.277352",
        "model_version": "48px_v3.7_2024-01-10"
      }
    },
    {
      "type": "Feature",
      "geometry": {
        "type": "Point",
        "coordinates": [
          -1.6784919212093283,
          6.39486426326002
        ]
      },
      "properties": {
        "probability": 0.9909282922744751,
        "lat": 6.39486426326002,
        "lon": -1.6784919212093283,
        "region": "Obuasi",
        "detected_at": "2026-07-13T08:51:51.277449",
        "model_version": "48px_v3.7_2024-01-10"
      }
    },
    {
      "type": "Feature",
      "geometry": {
        "type": "Point",
        "coordinates": [
          -1.6763167388856552,
          6.3578707042900175
        ]
      },
      "properties": {
        "probability": 0.8576503992080688,
        "lat": 6.3578707042900175,
        "lon": -1.6763167388856552,
        "region": "Obuasi",
        "detected_at": "2026-07-13T08:51:51.277577",
        "model_version": "48px_v3.7_2024-01-10"
      }
    },
    {
      "type": "Feature",
      "geometry": {
        "type": "Point",
        "coordinates": [
          -1.6741415565619824,
          6.403568630076491
        ]
      },
      "properties": {
        "probability": 0.9461594820022583,
        "lat": 6.403568630076491,
        "lon": -1.6741415565619824,
        "region": "Obuasi",
        "detected_at": "2026-07-13T08:51:51.277668",
        "model_version": "48px_v3.7_2024-01-10"
      }
    },
    {
      "type": "Feature",
      "geometry": {
        "type": "Point",
        "coordinates": [
          -1.6719663742383093,
          6.401392538372375
        ]
      },
      "properties": {
        "probability": 0.9633087515830994,
        "lat": 6.401392538372375,
        "lon": -1.6719663742383093,
        "region": "Obuasi",
        "detected_at": "2026-07-13T08:51:51.277759",
        "model_version": "48px_v3.7_2024-01-10"
      }
    },
    {
      "type": "Feature",
      "geometry": {
        "type": "Point",
        "coordinates": [
          -1.6719663742383093,
          6.399216446668256
        ]
      },
      "properties": {
        "probability": 0.8433109521865845,
        "lat": 6.399216446668256,
        "lon": -1.6719663742383093,
        "region": "Obuasi",
        "detected_at": "2026-07-13T08:51:51.277850",
        "model_version": "48px_v3.7_2024-01-10"
      }
    },
    {
      "type": "Feature",
      "geometry": {
        "type": "Point",
        "coordinates": [
          -1.6697911919146358,
          6.401392538372375
        ]
      },
      "properties": {
        "probability": 0.9917653203010559,
        "lat": 6.401392538372375,
        "lon": -1.6697911919146358,
        "region": "Obuasi",
        "detected_at": "2026-07-13T08:51:51.277947",
        "model_version": "48px_v3.7_2024-01-10"
      }
    },
    {
      "type": "Feature",
      "geometry": {
        "type": "Point",
        "coordinates": [
          -1.669791191914636,
          6.399216446668256
        ]
      },
      "properties": {
        "probability": 0.9979603290557861,
        "lat": 6.399216446668256,
        "lon": -1.669791191914636,
        "region": "Obuasi",
        "detected_at": "2026-07-13T08:51:51.278038",
        "model_version": "48px_v3.7_2024-01-10"
      }
    },
    {
      "type": "Feature",
      "geometry": {
        "type": "Point",
        "coordinates": [
          -1.667616009590963,
          6.399216446668256
        ]
      },
      "properties": {
        "probability": 0.9983822107315063,
        "lat": 6.399216446668256,
        "lon": -1.667616009590963,
        "region": "Obuasi",
        "detected_at": "2026-07-13T08:51:51.278131",
        "model_version": "48px_v3.7_2024-01-10"
      }
    },
    {
      "type": "Feature",
      "geometry": {
        "type": "Point",
        "coordinates": [
          -1.6654408272672896,
          6.399216446668256
        ]
      },
      "properties": {
        "probability": 0.9999299049377441,
        "lat": 6.399216446668256,
        "lon": -1.6654408272672896,
        "region": "Obuasi",
        "detected_at": "2026-07-13T08:51:51.278222",
        "model_version": "48px_v3.7_2024-01-10"
      }
    },
    {
      "type": "Feature",
      "geometry": {
        "type": "Point",
        "coordinates": [
          -1.6654408272672896,
          6.397040354964137
        ]
      },
      "properties": {
        "probability": 0.9997691512107849,
        "lat": 6.397040354964137,
        "lon": -1.6654408272672896,
        "region": "Obuasi",
        "detected_at": "2026-07-13T08:51:51.278319",
        "model_version": "48px_v3.7_2024-01-10"
      }
    },
    {
      "type": "Feature",
      "geometry": {
        "type": "Point",
        "coordinates": [
          -1.663265644943616,
          6.399216446668256
        ]
      },
      "properties": {
        "probability": 0.9812930822372437,
        "lat": 6.399216446668256,
        "lon": -1.663265644943616,
        "region": "Obuasi",
        "detected_at": "2026-07-13T08:51:51.278410",
        "model_version": "48px_v3.7_2024-01-10"
      }
    },
    {
      "type": "Feature",
      "geometry": {
        "type": "Point",
        "coordinates": [
          -1.663265644943616,
          6.362222887698253
        ]
      },
      "properties": {
        "probability": 0.9094310402870178,
        "lat": 6.362222887698253,
        "lon": -1.663265644943616,
        "region": "Obuasi",
        "detected_at": "2026-07-13T08:51:51.278536",
        "model_version": "48px_v3.7_2024-01-10"
      }
    },
    {
      "type": "Feature",
      "geometry": {
        "type": "Point",
        "coordinates": [
          -1.663265644943616,
          6.3578707042900175
        ]
      },
      "properties": {
        "probability": 0.9201369285583496,
        "lat": 6.3578707042900175,
        "lon": -1.663265644943616,
        "region": "Obuasi",
        "detected_at": "2026-07-13T08:51:51.278632",
        "model_version": "48px_v3.7_2024-01-10"
      }
    },
    {
      "type": "Feature",
      "geometry": {
        "type": "Point",
        "coordinates": [
          -1.6610904626199434,
          6.401392538372375
        ]
      },
      "properties": {
        "probability": 0.9783123135566711,
        "lat": 6.401392538372375,
        "lon": -1.6610904626199434,
        "region": "Obuasi",
        "detected_at": "2026-07-13T08:51:51.278730",
        "model_version": "48px_v3.7_2024-01-10"
      }
    },
    {
      "type": "Feature",
      "geometry": {
        "type": "Point",
        "coordinates": [
          -1.6610904626199434,
          6.364398979402371
        ]
      },
      "properties": {
        "probability": 0.9529580473899841,
        "lat": 6.364398979402371,
        "lon": -1.6610904626199434,
        "region": "Obuasi",
        "detected_at": "2026-07-13T08:51:51.278821",
        "model_version": "48px_v3.7_2024-01-10"
      }
    },
    {
      "type": "Feature",
      "geometry": {
        "type": "Point",
        "coordinates": [
          -1.6610904626199434,
          6.362222887698253
        ]
      },
      "properties": {
        "probability": 0.8120595216751099,
        "lat": 6.362222887698253,
        "lon": -1.6610904626199434,
        "region": "Obuasi",
        "detected_at": "2026-07-13T08:51:51.278912",
        "model_version": "48px_v3.7_2024-01-10"
      }
    },
    {
      "type": "Feature",
      "geometry": {
        "type": "Point",
        "coordinates": [
          -1.6589152802962703,
          6.401392538372375
        ]
      },
      "properties": {
        "probability": 0.890058159828186,
        "lat": 6.401392538372375,
        "lon": -1.6589152802962703,
        "region": "Obuasi",
        "detected_at": "2026-07-13T08:51:51.279007",
        "model_version": "48px_v3.7_2024-01-10"
      }
    },
    {
      "type": "Feature",
      "geometry": {
        "type": "Point",
        "coordinates": [
          -1.6589152802962701,
          6.364398979402372
        ]
      },
      "properties": {
        "probability": 0.9618792533874512,
        "lat": 6.364398979402372,
        "lon": -1.6589152802962701,
        "region": "Obuasi",
        "detected_at": "2026-07-13T08:51:51.279098",
        "model_version": "48px_v3.7_2024-01-10"
      }
    },
    {
      "type": "Feature",
      "geometry": {
        "type": "Point",
        "coordinates": [
          -1.6589152802962703,
          6.362222887698253
        ]
      },
      "properties": {
        "probability": 0.92323899269104,
        "lat": 6.362222887698253,
        "lon": -1.6589152802962703,
        "region": "Obuasi",
        "detected_at": "2026-07-13T08:51:51.279189",
        "model_version": "48px_v3.7_2024-01-10"
      }
    },
    {
      "type": "Feature",
      "geometry": {
        "type": "Point",
        "coordinates": [
          -1.656740097972597,
          6.364398979402371
        ]
      },
      "properties": {
        "probability": 0.9988325238227844,
        "lat": 6.364398979402371,
        "lon": -1.656740097972597,
        "region": "Obuasi",
        "detected_at": "2026-07-13T08:51:51.279279",
        "model_version": "48px_v3.7_2024-01-10"
      }
    },
    {
      "type": "Feature",
      "geometry": {
        "type": "Point",
        "coordinates": [
          -1.6567400979725968,
          6.362222887698253
        ]
      },
      "properties": {
        "probability": 0.8489620685577393,
        "lat": 6.362222887698253,
        "lon": -1.6567400979725968,
        "region": "Obuasi",
        "detected_at": "2026-07-13T08:51:51.279369",
        "model_version": "48px_v3.7_2024-01-10"
      }
    },
    {
      "type": "Feature",
      "geometry": {
        "type": "Point",
        "coordinates": [
          -1.4789260046179926,
          6.357284291107876
        ]
      },
      "properties": {
        "probability": 0.8030427098274231,
        "lat": 6.357284291107876,
        "lon": -1.4789260046179926,
        "region": "Obuasi",
        "detected_at": "2026-07-13T08:51:51.279480",
        "model_version": "48px_v3.7_2024-01-10"
      }
    },
    {
      "type": "Feature",
      "geometry": {
        "type": "Point",
        "coordinates": [
          -1.6349860752684306,
          6.455524721332562
        ]
      },
      "properties": {
        "probability": 0.9126543402671814,
        "lat": 6.455524721332562,
        "lon": -1.6349860752684306,
        "region": "Obuasi",
        "detected_at": "2026-07-13T08:51:51.279578",
        "model_version": "48px_v3.7_2024-01-10"
      }
    },
    {
      "type": "Feature",
      "geometry": {
        "type": "Point",
        "coordinates": [
          -1.6349860752684306,
          6.453348414117364
        ]
      },
      "properties": {
        "probability": 0.9861737489700317,
        "lat": 6.453348414117364,
        "lon": -1.6349860752684306,
        "region": "Obuasi",
        "detected_at": "2026-07-13T08:51:51.279669",
        "model_version": "48px_v3.7_2024-01-10"
      }
    },
    {
      "type": "Feature",
      "geometry": {
        "type": "Point",
        "coordinates": [
          -1.6001761197938686,
          6.4381142636109585
        ]
      },
      "properties": {
        "probability": 0.9963676333427429,
        "lat": 6.4381142636109585,
        "lon": -1.6001761197938686,
        "region": "Obuasi",
        "detected_at": "2026-07-13T08:51:51.279759",
        "model_version": "48px_v3.7_2024-01-10"
      }
    },
    {
      "type": "Feature",
      "geometry": {
        "type": "Point",
        "coordinates": [
          -1.6001761197938686,
          6.435937956395758
        ]
      },
      "properties": {
        "probability": 0.9742569327354431,
        "lat": 6.435937956395758,
        "lon": -1.6001761197938686,
        "region": "Obuasi",
        "detected_at": "2026-07-13T08:51:51.279850",
        "model_version": "48px_v3.7_2024-01-10"
      }
    },
    {
      "type": "Feature",
      "geometry": {
        "type": "Point",
        "coordinates": [
          -1.598000497576708,
          6.438114263610958
        ]
      },
      "properties": {
        "probability": 0.9803584218025208,
        "lat": 6.438114263610958,
        "lon": -1.598000497576708,
        "region": "Obuasi",
        "detected_at": "2026-07-13T08:51:51.279939",
        "model_version": "48px_v3.7_2024-01-10"
      }
    },
    {
      "type": "Feature",
      "geometry": {
        "type": "Point",
        "coordinates": [
          -1.598000497576708,
          6.435937956395759
        ]
      },
      "properties": {
        "probability": 0.9815002083778381,
        "lat": 6.435937956395759,
        "lon": -1.598000497576708,
        "region": "Obuasi",
        "detected_at": "2026-07-13T08:51:51.280040",
        "model_version": "48px_v3.7_2024-01-10"
      }
    },
    {
      "type": "Feature",
      "geometry": {
        "type": "Point",
        "coordinates": [
          -1.5958248753595485,
          6.438114263610958
        ]
      },
      "properties": {
        "probability": 0.9521910548210144,
        "lat": 6.438114263610958,
        "lon": -1.5958248753595485,
        "region": "Obuasi",
        "detected_at": "2026-07-13T08:51:51.280138",
        "model_version": "48px_v3.7_2024-01-10"
      }
    },
    {
      "type": "Feature",
      "geometry": {
        "type": "Point",
        "coordinates": [
          -1.6957615650978597,
          6.412138294815609
        ]
      },
      "properties": {
        "probability": 0.9999709129333496,
        "lat": 6.412138294815609,
        "lon": -1.6957615650978597,
        "region": "Obuasi",
        "detected_at": "2026-07-13T08:51:51.280229",
        "model_version": "48px_v3.7_2024-01-10"
      }
    },
    {
      "type": "Feature",
      "geometry": {
        "type": "Point",
        "coordinates": [
          -1.6957615650978597,
          6.409962161602088
        ]
      },
      "properties": {
        "probability": 0.999569833278656,
        "lat": 6.409962161602088,
        "lon": -1.6957615650978597,
        "region": "Obuasi",
        "detected_at": "2026-07-13T08:51:51.280322",
        "model_version": "48px_v3.7_2024-01-10"
      }
    },
    {
      "type": "Feature",
      "geometry": {
        "type": "Point",
        "coordinates": [
          -1.693586116228841,
          6.412138294815609
        ]
      },
      "properties": {
        "probability": 0.9999690055847168,
        "lat": 6.412138294815609,
        "lon": -1.693586116228841,
        "region": "Obuasi",
        "detected_at": "2026-07-13T08:51:51.280415",
        "model_version": "48px_v3.7_2024-01-10"
      }
    },
    {
      "type": "Feature",
      "geometry": {
        "type": "Point",
        "coordinates": [
          -1.693586116228841,
          6.409962161602088
        ]
      },
      "properties": {
        "probability": 0.99998939037323,
        "lat": 6.409962161602088,
        "lon": -1.693586116228841,
        "region": "Obuasi",
        "detected_at": "2026-07-13T08:51:51.280537",
        "model_version": "48px_v3.7_2024-01-10"
      }
    },
    {
      "type": "Feature",
      "geometry": {
        "type": "Point",
        "coordinates": [
          -1.6914106673598222,
          6.412138294815609
        ]
      },
      "properties": {
        "probability": 0.9251680374145508,
        "lat": 6.412138294815609,
        "lon": -1.6914106673598222,
        "region": "Obuasi",
        "detected_at": "2026-07-13T08:51:51.280635",
        "model_version": "48px_v3.7_2024-01-10"
      }
    },
    {
      "type": "Feature",
      "geometry": {
        "type": "Point",
        "coordinates": [
          -1.6914106673598222,
          6.409962161602088
        ]
      },
      "properties": {
        "probability": 0.9965624809265137,
        "lat": 6.409962161602088,
        "lon": -1.6914106673598222,
        "region": "Obuasi",
        "detected_at": "2026-07-13T08:51:51.280726",
        "model_version": "48px_v3.7_2024-01-10"
      }
    },
    {
      "type": "Feature",
      "geometry": {
        "type": "Point",
        "coordinates": [
          -1.6892352184908028,
          6.409962161602088
        ]
      },
      "properties": {
        "probability": 0.9344916343688965,
        "lat": 6.409962161602088,
        "lon": -1.6892352184908028,
        "region": "Obuasi",
        "detected_at": "2026-07-13T08:51:51.280818",
        "model_version": "48px_v3.7_2024-01-10"
      }
    },
    {
      "type": "Feature",
      "geometry": {
        "type": "Point",
        "coordinates": [
          -1.6870597696217842,
          6.446956426231931
        ]
      },
      "properties": {
        "probability": 0.8457525968551636,
        "lat": 6.446956426231931,
        "lon": -1.6870597696217842,
        "region": "Obuasi",
        "detected_at": "2026-07-13T08:51:51.280909",
        "model_version": "48px_v3.7_2024-01-10"
      }
    },
    {
      "type": "Feature",
      "geometry": {
        "type": "Point",
        "coordinates": [
          -1.6870597696217842,
          6.44478029301841
        ]
      },
      "properties": {
        "probability": 0.928905725479126,
        "lat": 6.44478029301841,
        "lon": -1.6870597696217842,
        "region": "Obuasi",
        "detected_at": "2026-07-13T08:51:51.281000",
        "model_version": "48px_v3.7_2024-01-10"
      }
    },
    {
      "type": "Feature",
      "geometry": {
        "type": "Point",
        "coordinates": [
          -1.6870597696217842,
          6.409962161602088
        ]
      },
      "properties": {
        "probability": 0.9460012316703796,
        "lat": 6.409962161602088,
        "lon": -1.6870597696217842,
        "region": "Obuasi",
        "detected_at": "2026-07-13T08:51:51.281097",
        "model_version": "48px_v3.7_2024-01-10"
      }
    },
    {
      "type": "Feature",
      "geometry": {
        "type": "Point",
        "coordinates": [
          -1.678357974145708,
          6.423018960883209
        ]
      },
      "properties": {
        "probability": 0.9905640482902527,
        "lat": 6.423018960883209,
        "lon": -1.678357974145708,
        "region": "Obuasi",
        "detected_at": "2026-07-13T08:51:51.281189",
        "model_version": "48px_v3.7_2024-01-10"
      }
    },
    {
      "type": "Feature",
      "geometry": {
        "type": "Point",
        "coordinates": [
          -1.678357974145708,
          6.412138294815609
        ]
      },
      "properties": {
        "probability": 0.993019163608551,
        "lat": 6.412138294815609,
        "lon": -1.678357974145708,
        "region": "Obuasi",
        "detected_at": "2026-07-13T08:51:51.281281",
        "model_version": "48px_v3.7_2024-01-10"
      }
    },
    {
      "type": "Feature",
      "geometry": {
        "type": "Point",
        "coordinates": [
          -1.678357974145708,
          6.409962161602088
        ]
      },
      "properties": {
        "probability": 0.9967105388641357,
        "lat": 6.409962161602088,
        "lon": -1.678357974145708,
        "region": "Obuasi",
        "detected_at": "2026-07-13T08:51:51.281372",
        "model_version": "48px_v3.7_2024-01-10"
      }
    },
    {
      "type": "Feature",
      "geometry": {
        "type": "Point",
        "coordinates": [
          -1.676182525276689,
          6.42301896088321
        ]
      },
      "properties": {
        "probability": 0.9999715685844421,
        "lat": 6.42301896088321,
        "lon": -1.676182525276689,
        "region": "Obuasi",
        "detected_at": "2026-07-13T08:51:51.281487",
        "model_version": "48px_v3.7_2024-01-10"
      }
    },
    {
      "type": "Feature",
      "geometry": {
        "type": "Point",
        "coordinates": [
          -1.676182525276689,
          6.420842827669689
        ]
      },
      "properties": {
        "probability": 0.9745769500732422,
        "lat": 6.420842827669689,
        "lon": -1.676182525276689,
        "region": "Obuasi",
        "detected_at": "2026-07-13T08:51:51.281591",
        "model_version": "48px_v3.7_2024-01-10"
      }
    },
    {
      "type": "Feature",
      "geometry": {
        "type": "Point",
        "coordinates": [
          -1.676182525276689,
          6.409962161602088
        ]
      },
      "properties": {
        "probability": 0.8522549867630005,
        "lat": 6.409962161602088,
        "lon": -1.676182525276689,
        "region": "Obuasi",
        "detected_at": "2026-07-13T08:51:51.281683",
        "model_version": "48px_v3.7_2024-01-10"
      }
    },
    {
      "type": "Feature",
      "geometry": {
        "type": "Point",
        "coordinates": [
          -1.6740070764076704,
          6.429547360523771
        ]
      },
      "properties": {
        "probability": 0.999448299407959,
        "lat": 6.429547360523771,
        "lon": -1.6740070764076704,
        "region": "Obuasi",
        "detected_at": "2026-07-13T08:51:51.281774",
        "model_version": "48px_v3.7_2024-01-10"
      }
    },
    {
      "type": "Feature",
      "geometry": {
        "type": "Point",
        "coordinates": [
          -1.6740070764076704,
          6.420842827669689
        ]
      },
      "properties": {
        "probability": 0.9951614737510681,
        "lat": 6.420842827669689,
        "lon": -1.6740070764076704,
        "region": "Obuasi",
        "detected_at": "2026-07-13T08:51:51.281865",
        "model_version": "48px_v3.7_2024-01-10"
      }
    },
    {
      "type": "Feature",
      "geometry": {
        "type": "Point",
        "coordinates": [
          -1.6740070764076702,
          6.418666694456169
        ]
      },
      "properties": {
        "probability": 0.8001021146774292,
        "lat": 6.418666694456169,
        "lon": -1.6740070764076702,
        "region": "Obuasi",
        "detected_at": "2026-07-13T08:51:51.281962",
        "model_version": "48px_v3.7_2024-01-10"
      }
    },
    {
      "type": "Feature",
      "geometry": {
        "type": "Point",
        "coordinates": [
          -1.6718316275386513,
          6.42954736052377
        ]
      },
      "properties": {
        "probability": 0.9961550831794739,
        "lat": 6.42954736052377,
        "lon": -1.6718316275386513,
        "region": "Obuasi",
        "detected_at": "2026-07-13T08:51:51.282057",
        "model_version": "48px_v3.7_2024-01-10"
      }
    },
    {
      "type": "Feature",
      "geometry": {
        "type": "Point",
        "coordinates": [
          -1.6718316275386513,
          6.427371227310249
        ]
      },
      "properties": {
        "probability": 0.9966015815734863,
        "lat": 6.427371227310249,
        "lon": -1.6718316275386513,
        "region": "Obuasi",
        "detected_at": "2026-07-13T08:51:51.282148",
        "model_version": "48px_v3.7_2024-01-10"
      }
    },
    {
      "type": "Feature",
      "geometry": {
        "type": "Point",
        "coordinates": [
          -1.6718316275386513,
          6.42084282766969
        ]
      },
      "properties": {
        "probability": 0.8206067085266113,
        "lat": 6.42084282766969,
        "lon": -1.6718316275386513,
        "region": "Obuasi",
        "detected_at": "2026-07-13T08:51:51.282239",
        "model_version": "48px_v3.7_2024-01-10"
      }
    },
    {
      "type": "Feature",
      "geometry": {
        "type": "Point",
        "coordinates": [
          -1.6718316275386513,
          6.418666694456169
        ]
      },
      "properties": {
        "probability": 0.9832630157470703,
        "lat": 6.418666694456169,
        "lon": -1.6718316275386513,
        "region": "Obuasi",
        "detected_at": "2026-07-13T08:51:51.282329",
        "model_version": "48px_v3.7_2024-01-10"
      }
    },
    {
      "type": "Feature",
      "geometry": {
        "type": "Point",
        "coordinates": [
          -1.6718316275386513,
          6.4164905612426475
        ]
      },
      "properties": {
        "probability": 0.9428470134735107,
        "lat": 6.4164905612426475,
        "lon": -1.6718316275386513,
        "region": "Obuasi",
        "detected_at": "2026-07-13T08:51:51.282420",
        "model_version": "48px_v3.7_2024-01-10"
      }
    },
    {
      "type": "Feature",
      "geometry": {
        "type": "Point",
        "coordinates": [
          -1.6696561786696322,
          6.42301896088321
        ]
      },
      "properties": {
        "probability": 0.9454421997070312,
        "lat": 6.42301896088321,
        "lon": -1.6696561786696322,
        "region": "Obuasi",
        "detected_at": "2026-07-13T08:51:51.282536",
        "model_version": "48px_v3.7_2024-01-10"
      }
    },
    {
      "type": "Feature",
      "geometry": {
        "type": "Point",
        "coordinates": [
          -1.6696561786696322,
          6.420842827669689
        ]
      },
      "properties": {
        "probability": 0.9900763630867004,
        "lat": 6.420842827669689,
        "lon": -1.6696561786696322,
        "region": "Obuasi",
        "detected_at": "2026-07-13T08:51:51.282631",
        "model_version": "48px_v3.7_2024-01-10"
      }
    },
    {
      "type": "Feature",
      "geometry": {
        "type": "Point",
        "coordinates": [
          -1.669656178669632,
          6.418666694456169
        ]
      },
      "properties": {
        "probability": 0.936858594417572,
        "lat": 6.418666694456169,
        "lon": -1.669656178669632,
        "region": "Obuasi",
        "detected_at": "2026-07-13T08:51:51.282722",
        "model_version": "48px_v3.7_2024-01-10"
      }
    },
    {
      "type": "Feature",
      "geometry": {
        "type": "Point",
        "coordinates": [
          -1.6696561786696322,
          6.4164905612426475
        ]
      },
      "properties": {
        "probability": 0.8237533569335938,
        "lat": 6.4164905612426475,
        "lon": -1.6696561786696322,
        "region": "Obuasi",
        "detected_at": "2026-07-13T08:51:51.282813",
        "model_version": "48px_v3.7_2024-01-10"
      }
    },
    {
      "type": "Feature",
      "geometry": {
        "type": "Point",
        "coordinates": [
          -1.6674807298006136,
          6.420842827669689
        ]
      },
      "properties": {
        "probability": 0.9535180330276489,
        "lat": 6.420842827669689,
        "lon": -1.6674807298006136,
        "region": "Obuasi",
        "detected_at": "2026-07-13T08:51:51.282905",
        "model_version": "48px_v3.7_2024-01-10"
      }
    },
    {
      "type": "Feature",
      "geometry": {
        "type": "Point",
        "coordinates": [
          -1.6609543831935565,
          6.431723493737292
        ]
      },
      "properties": {
        "probability": 0.9925456047058105,
        "lat": 6.431723493737292,
        "lon": -1.6609543831935565,
        "region": "Obuasi",
        "detected_at": "2026-07-13T08:51:51.282996",
        "model_version": "48px_v3.7_2024-01-10"
      }
    },
    {
      "type": "Feature",
      "geometry": {
        "type": "Point",
        "coordinates": [
          -1.6609543831935565,
          6.42737122731025
        ]
      },
      "properties": {
        "probability": 0.8873764276504517,
        "lat": 6.42737122731025,
        "lon": -1.6609543831935565,
        "region": "Obuasi",
        "detected_at": "2026-07-13T08:51:51.283097",
        "model_version": "48px_v3.7_2024-01-10"
      }
    },
    {
      "type": "Feature",
      "geometry": {
        "type": "Point",
        "coordinates": [
          -1.6609543831935565,
          6.425195094096729
        ]
      },
      "properties": {
        "probability": 0.9378275871276855,
        "lat": 6.425195094096729,
        "lon": -1.6609543831935565,
        "region": "Obuasi",
        "detected_at": "2026-07-13T08:51:51.283189",
        "model_version": "48px_v3.7_2024-01-10"
      }
    },
    {
      "type": "Feature",
      "geometry": {
        "type": "Point",
        "coordinates": [
          -1.6609543831935565,
          6.420842827669689
        ]
      },
      "properties": {
        "probability": 0.8559137582778931,
        "lat": 6.420842827669689,
        "lon": -1.6609543831935565,
        "region": "Obuasi",
        "detected_at": "2026-07-13T08:51:51.283279",
        "model_version": "48px_v3.7_2024-01-10"
      }
    },
    {
      "type": "Feature",
      "geometry": {
        "type": "Point",
        "coordinates": [
          -1.660954383193557,
          6.418666694456169
        ]
      },
      "properties": {
        "probability": 0.9519856572151184,
        "lat": 6.418666694456169,
        "lon": -1.660954383193557,
        "region": "Obuasi",
        "detected_at": "2026-07-13T08:51:51.283370",
        "model_version": "48px_v3.7_2024-01-10"
      }
    },
    {
      "type": "Feature",
      "geometry": {
        "type": "Point",
        "coordinates": [
          -1.6609543831935565,
          6.4164905612426475
        ]
      },
      "properties": {
        "probability": 0.8904829621315002,
        "lat": 6.4164905612426475,
        "lon": -1.6609543831935565,
        "region": "Obuasi",
        "detected_at": "2026-07-13T08:51:51.283526",
        "model_version": "48px_v3.7_2024-01-10"
      }
    },
    {
      "type": "Feature",
      "geometry": {
        "type": "Point",
        "coordinates": [
          -1.6609543831935565,
          6.414314428029129
        ]
      },
      "properties": {
        "probability": 0.9486821293830872,
        "lat": 6.414314428029129,
        "lon": -1.6609543831935565,
        "region": "Obuasi",
        "detected_at": "2026-07-13T08:51:51.283635",
        "model_version": "48px_v3.7_2024-01-10"
      }
    },
    {
      "type": "Feature",
      "geometry": {
        "type": "Point",
        "coordinates": [
          -1.6587789343245378,
          6.42954736052377
        ]
      },
      "properties": {
        "probability": 0.9999765753746033,
        "lat": 6.42954736052377,
        "lon": -1.6587789343245378,
        "region": "Obuasi",
        "detected_at": "2026-07-13T08:51:51.283731",
        "model_version": "48px_v3.7_2024-01-10"
      }
    },
    {
      "type": "Feature",
      "geometry": {
        "type": "Point",
        "coordinates": [
          -1.6587789343245378,
          6.427371227310249
        ]
      },
      "properties": {
        "probability": 0.9959853887557983,
        "lat": 6.427371227310249,
        "lon": -1.6587789343245378,
        "region": "Obuasi",
        "detected_at": "2026-07-13T08:51:51.283822",
        "model_version": "48px_v3.7_2024-01-10"
      }
    },
    {
      "type": "Feature",
      "geometry": {
        "type": "Point",
        "coordinates": [
          -1.6587789343245378,
          6.425195094096728
        ]
      },
      "properties": {
        "probability": 0.9936121106147766,
        "lat": 6.425195094096728,
        "lon": -1.6587789343245378,
        "region": "Obuasi",
        "detected_at": "2026-07-13T08:51:51.283920",
        "model_version": "48px_v3.7_2024-01-10"
      }
    },
    {
      "type": "Feature",
      "geometry": {
        "type": "Point",
        "coordinates": [
          -1.6587789343245378,
          6.418666694456169
        ]
      },
      "properties": {
        "probability": 0.9686344861984253,
        "lat": 6.418666694456169,
        "lon": -1.6587789343245378,
        "region": "Obuasi",
        "detected_at": "2026-07-13T08:51:51.284012",
        "model_version": "48px_v3.7_2024-01-10"
      }
    },
    {
      "type": "Feature",
      "geometry": {
        "type": "Point",
        "coordinates": [
          -1.6566034854555185,
          6.429547360523771
        ]
      },
      "properties": {
        "probability": 0.9927859902381897,
        "lat": 6.429547360523771,
        "lon": -1.6566034854555185,
        "region": "Obuasi",
        "detected_at": "2026-07-13T08:51:51.284105",
        "model_version": "48px_v3.7_2024-01-10"
      }
    },
    {
      "type": "Feature",
      "geometry": {
        "type": "Point",
        "coordinates": [
          -1.6566034854555185,
          6.42737122731025
        ]
      },
      "properties": {
        "probability": 0.9967086315155029,
        "lat": 6.42737122731025,
        "lon": -1.6566034854555185,
        "region": "Obuasi",
        "detected_at": "2026-07-13T08:51:51.284197",
        "model_version": "48px_v3.7_2024-01-10"
      }
    },
    {
      "type": "Feature",
      "geometry": {
        "type": "Point",
        "coordinates": [
          -1.6566034854555185,
          6.425195094096729
        ]
      },
      "properties": {
        "probability": 0.9353737235069275,
        "lat": 6.425195094096729,
        "lon": -1.6566034854555185,
        "region": "Obuasi",
        "detected_at": "2026-07-13T08:51:51.284289",
        "model_version": "48px_v3.7_2024-01-10"
      }
    },
    {
      "type": "Feature",
      "geometry": {
        "type": "Point",
        "coordinates": [
          -1.6544280365864998,
          6.42737122731025
        ]
      },
      "properties": {
        "probability": 0.8897664546966553,
        "lat": 6.42737122731025,
        "lon": -1.6544280365864998,
        "region": "Obuasi",
        "detected_at": "2026-07-13T08:51:51.284382",
        "model_version": "48px_v3.7_2024-01-10"
      }
    },
    {
      "type": "Feature",
      "geometry": {
        "type": "Point",
        "coordinates": [
          -1.6394749300030114,
          6.357731958416608
        ]
      },
      "properties": {
        "probability": 0.9486650824546814,
        "lat": 6.357731958416608,
        "lon": -1.6394749300030114,
        "region": "Obuasi",
        "detected_at": "2026-07-13T08:51:51.284498",
        "model_version": "48px_v3.7_2024-01-10"
      }
    },
    {
      "type": "Feature",
      "geometry": {
        "type": "Point",
        "coordinates": [
          -1.6372995761326101,
          6.359908222328432
        ]
      },
      "properties": {
        "probability": 0.8514233231544495,
        "lat": 6.359908222328432,
        "lon": -1.6372995761326101,
        "region": "Obuasi",
        "detected_at": "2026-07-13T08:51:51.284597",
        "model_version": "48px_v3.7_2024-01-10"
      }
    },
    {
      "type": "Feature",
      "geometry": {
        "type": "Point",
        "coordinates": [
          -1.6372995761326101,
          6.357731958416608
        ]
      },
      "properties": {
        "probability": 0.9793672561645508,
        "lat": 6.357731958416608,
        "lon": -1.6372995761326101,
        "region": "Obuasi",
        "detected_at": "2026-07-13T08:51:51.284697",
        "model_version": "48px_v3.7_2024-01-10"
      }
    },
    {
      "type": "Feature",
      "geometry": {
        "type": "Point",
        "coordinates": [
          -1.6242474529102018,
          6.364260750152081
        ]
      },
      "properties": {
        "probability": 0.9652037620544434,
        "lat": 6.364260750152081,
        "lon": -1.6242474529102018,
        "region": "Obuasi",
        "detected_at": "2026-07-13T08:51:51.284789",
        "model_version": "48px_v3.7_2024-01-10"
      }
    },
    {
      "type": "Feature",
      "geometry": {
        "type": "Point",
        "coordinates": [
          -1.6220720990397999,
          6.364260750152081
        ]
      },
      "properties": {
        "probability": 0.9779917001724243,
        "lat": 6.364260750152081,
        "lon": -1.6220720990397999,
        "region": "Obuasi",
        "detected_at": "2026-07-13T08:51:51.284882",
        "model_version": "48px_v3.7_2024-01-10"
      }
    },
    {
      "type": "Feature",
      "geometry": {
        "type": "Point",
        "coordinates": [
          -1.6198967451693989,
          6.405609764476743
        ]
      },
      "properties": {
        "probability": 0.8566758632659912,
        "lat": 6.405609764476743,
        "lon": -1.6198967451693989,
        "region": "Obuasi",
        "detected_at": "2026-07-13T08:51:51.284974",
        "model_version": "48px_v3.7_2024-01-10"
      }
    },
    {
      "type": "Feature",
      "geometry": {
        "type": "Point",
        "coordinates": [
          -1.6177213912989976,
          6.357731958416608
        ]
      },
      "properties": {
        "probability": 0.805887758731842,
        "lat": 6.357731958416608,
        "lon": -1.6177213912989976,
        "region": "Obuasi",
        "detected_at": "2026-07-13T08:51:51.285072",
        "model_version": "48px_v3.7_2024-01-10"
      }
    },
    {
      "type": "Feature",
      "geometry": {
        "type": "Point",
        "coordinates": [
          -1.8003899409791744,
          6.204026608070943
        ]
      },
      "properties": {
        "probability": 0.9995098114013672,
        "lat": 6.204026608070943,
        "lon": -1.8003899409791744,
        "region": "Obuasi",
        "detected_at": "2026-07-13T08:51:51.285173",
        "model_version": "48px_v3.7_2024-01-10"
      }
    },
    {
      "type": "Feature",
      "geometry": {
        "type": "Point",
        "coordinates": [
          -1.8003899409791744,
          6.20185098018605
        ]
      },
      "properties": {
        "probability": 0.9934453368186951,
        "lat": 6.20185098018605,
        "lon": -1.8003899409791744,
        "region": "Obuasi",
        "detected_at": "2026-07-13T08:51:51.285274",
        "model_version": "48px_v3.7_2024-01-10"
      }
    },
    {
      "type": "Feature",
      "geometry": {
        "type": "Point",
        "coordinates": [
          -1.7982158850348946,
          6.206202235955839
        ]
      },
      "properties": {
        "probability": 0.973158061504364,
        "lat": 6.206202235955839,
        "lon": -1.7982158850348946,
        "region": "Obuasi",
        "detected_at": "2026-07-13T08:51:51.285366",
        "model_version": "48px_v3.7_2024-01-10"
      }
    },
    {
      "type": "Feature",
      "geometry": {
        "type": "Point",
        "coordinates": [
          -1.7982158850348946,
          6.204026608070943
        ]
      },
      "properties": {
        "probability": 0.905657947063446,
        "lat": 6.204026608070943,
        "lon": -1.7982158850348946,
        "region": "Obuasi",
        "detected_at": "2026-07-13T08:51:51.285481",
        "model_version": "48px_v3.7_2024-01-10"
      }
    },
    {
      "type": "Feature",
      "geometry": {
        "type": "Point",
        "coordinates": [
          -1.7938677731463364,
          6.247539165768845
        ]
      },
      "properties": {
        "probability": 0.9995094537734985,
        "lat": 6.247539165768845,
        "lon": -1.7938677731463364,
        "region": "Obuasi",
        "detected_at": "2026-07-13T08:51:51.285581",
        "model_version": "48px_v3.7_2024-01-10"
      }
    },
    {
      "type": "Feature",
      "geometry": {
        "type": "Point",
        "coordinates": [
          -1.7916937172020566,
          6.247539165768845
        ]
      },
      "properties": {
        "probability": 0.9999992251396179,
        "lat": 6.247539165768845,
        "lon": -1.7916937172020566,
        "region": "Obuasi",
        "detected_at": "2026-07-13T08:51:51.285675",
        "model_version": "48px_v3.7_2024-01-10"
      }
    },
    {
      "type": "Feature",
      "geometry": {
        "type": "Point",
        "coordinates": [
          -1.789519661257778,
          6.2083778638407345
        ]
      },
      "properties": {
        "probability": 0.8686073422431946,
        "lat": 6.2083778638407345,
        "lon": -1.789519661257778,
        "region": "Obuasi",
        "detected_at": "2026-07-13T08:51:51.285767",
        "model_version": "48px_v3.7_2024-01-10"
      }
    },
    {
      "type": "Feature",
      "geometry": {
        "type": "Point",
        "coordinates": [
          -1.789519661257778,
          6.206202235955838
        ]
      },
      "properties": {
        "probability": 0.993177056312561,
        "lat": 6.206202235955838,
        "lon": -1.789519661257778,
        "region": "Obuasi",
        "detected_at": "2026-07-13T08:51:51.285868",
        "model_version": "48px_v3.7_2024-01-10"
      }
    },
    {
      "type": "Feature",
      "geometry": {
        "type": "Point",
        "coordinates": [
          -1.7873456053134986,
          6.206202235955839
        ]
      },
      "properties": {
        "probability": 0.9894787669181824,
        "lat": 6.206202235955839,
        "lon": -1.7873456053134986,
        "region": "Obuasi",
        "detected_at": "2026-07-13T08:51:51.285960",
        "model_version": "48px_v3.7_2024-01-10"
      }
    },
    {
      "type": "Feature",
      "geometry": {
        "type": "Point",
        "coordinates": [
          -1.7873456053134986,
          6.204026608070943
        ]
      },
      "properties": {
        "probability": 0.9999434947967529,
        "lat": 6.204026608070943,
        "lon": -1.7873456053134986,
        "region": "Obuasi",
        "detected_at": "2026-07-13T08:51:51.286058",
        "model_version": "48px_v3.7_2024-01-10"
      }
    },
    {
      "type": "Feature",
      "geometry": {
        "type": "Point",
        "coordinates": [
          -1.7873456053134986,
          6.20185098018605
        ]
      },
      "properties": {
        "probability": 0.999879777431488,
        "lat": 6.20185098018605,
        "lon": -1.7873456053134986,
        "region": "Obuasi",
        "detected_at": "2026-07-13T08:51:51.286155",
        "model_version": "48px_v3.7_2024-01-10"
      }
    },
    {
      "type": "Feature",
      "geometry": {
        "type": "Point",
        "coordinates": [
          -1.785171549369219,
          6.204026608070943
        ]
      },
      "properties": {
        "probability": 0.999545156955719,
        "lat": 6.204026608070943,
        "lon": -1.785171549369219,
        "region": "Obuasi",
        "detected_at": "2026-07-13T08:51:51.286254",
        "model_version": "48px_v3.7_2024-01-10"
      }
    },
    {
      "type": "Feature",
      "geometry": {
        "type": "Point",
        "coordinates": [
          -1.785171549369219,
          6.20185098018605
        ]
      },
      "properties": {
        "probability": 0.9999938607215881,
        "lat": 6.20185098018605,
        "lon": -1.785171549369219,
        "region": "Obuasi",
        "detected_at": "2026-07-13T08:51:51.286348",
        "model_version": "48px_v3.7_2024-01-10"
      }
    },
    {
      "type": "Feature",
      "geometry": {
        "type": "Point",
        "coordinates": [
          -1.7808234374806606,
          6.210553491725631
        ]
      },
      "properties": {
        "probability": 0.9997988939285278,
        "lat": 6.210553491725631,
        "lon": -1.7808234374806606,
        "region": "Obuasi",
        "detected_at": "2026-07-13T08:51:51.286441",
        "model_version": "48px_v3.7_2024-01-10"
      }
    },
    {
      "type": "Feature",
      "geometry": {
        "type": "Point",
        "coordinates": [
          -1.7808234374806606,
          6.208377863840735
        ]
      },
      "properties": {
        "probability": 0.9999901652336121,
        "lat": 6.208377863840735,
        "lon": -1.7808234374806606,
        "region": "Obuasi",
        "detected_at": "2026-07-13T08:51:51.286559",
        "model_version": "48px_v3.7_2024-01-10"
      }
    },
    {
      "type": "Feature",
      "geometry": {
        "type": "Point",
        "coordinates": [
          -1.7808234374806606,
          6.206202235955839
        ]
      },
      "properties": {
        "probability": 0.9999973773956299,
        "lat": 6.206202235955839,
        "lon": -1.7808234374806606,
        "region": "Obuasi",
        "detected_at": "2026-07-13T08:51:51.286659",
        "model_version": "48px_v3.7_2024-01-10"
      }
    },
    {
      "type": "Feature",
      "geometry": {
        "type": "Point",
        "coordinates": [
          -1.7808234374806606,
          6.204026608070943
        ]
      },
      "properties": {
        "probability": 0.9999846816062927,
        "lat": 6.204026608070943,
        "lon": -1.7808234374806606,
        "region": "Obuasi",
        "detected_at": "2026-07-13T08:51:51.286752",
        "model_version": "48px_v3.7_2024-01-10"
      }
    },
    {
      "type": "Feature",
      "geometry": {
        "type": "Point",
        "coordinates": [
          -1.7808234374806606,
          6.20185098018605
        ]
      },
      "properties": {
        "probability": 0.9994612336158752,
        "lat": 6.20185098018605,
        "lon": -1.7808234374806606,
        "region": "Obuasi",
        "detected_at": "2026-07-13T08:51:51.286844",
        "model_version": "48px_v3.7_2024-01-10"
      }
    },
    {
      "type": "Feature",
      "geometry": {
        "type": "Point",
        "coordinates": [
          -1.7786493815363813,
          6.208377863840735
        ]
      },
      "properties": {
        "probability": 0.9970770478248596,
        "lat": 6.208377863840735,
        "lon": -1.7786493815363813,
        "region": "Obuasi",
        "detected_at": "2026-07-13T08:51:51.286936",
        "model_version": "48px_v3.7_2024-01-10"
      }
    },
    {
      "type": "Feature",
      "geometry": {
        "type": "Point",
        "coordinates": [
          -1.7786493815363813,
          6.206202235955839
        ]
      },
      "properties": {
        "probability": 0.9999999403953552,
        "lat": 6.206202235955839,
        "lon": -1.7786493815363813,
        "region": "Obuasi",
        "detected_at": "2026-07-13T08:51:51.287027",
        "model_version": "48px_v3.7_2024-01-10"
      }
    },
    {
      "type": "Feature",
      "geometry": {
        "type": "Point",
        "coordinates": [
          -1.7786493815363813,
          6.204026608070943
        ]
      },
      "properties": {
        "probability": 1.0,
        "lat": 6.204026608070943,
        "lon": -1.7786493815363813,
        "region": "Obuasi",
        "detected_at": "2026-07-13T08:51:51.287118",
        "model_version": "48px_v3.7_2024-01-10"
      }
    },
    {
      "type": "Feature",
      "geometry": {
        "type": "Point",
        "coordinates": [
          -1.7786493815363813,
          6.20185098018605
        ]
      },
      "properties": {
        "probability": 0.9999998211860657,
        "lat": 6.20185098018605,
        "lon": -1.7786493815363813,
        "region": "Obuasi",
        "detected_at": "2026-07-13T08:51:51.287211",
        "model_version": "48px_v3.7_2024-01-10"
      }
    },
    {
      "type": "Feature",
      "geometry": {
        "type": "Point",
        "coordinates": [
          -1.7764753255921022,
          6.204026608070944
        ]
      },
      "properties": {
        "probability": 0.9999473690986633,
        "lat": 6.204026608070944,
        "lon": -1.7764753255921022,
        "region": "Obuasi",
        "detected_at": "2026-07-13T08:51:51.287303",
        "model_version": "48px_v3.7_2024-01-10"
      }
    },
    {
      "type": "Feature",
      "geometry": {
        "type": "Point",
        "coordinates": [
          -1.7764753255921022,
          6.20185098018605
        ]
      },
      "properties": {
        "probability": 1.0,
        "lat": 6.20185098018605,
        "lon": -1.7764753255921022,
        "region": "Obuasi",
        "detected_at": "2026-07-13T08:51:51.287394",
        "model_version": "48px_v3.7_2024-01-10"
      }
    },
    {
      "type": "Feature",
      "geometry": {
        "type": "Point",
        "coordinates": [
          -1.774301269647823,
          6.206202235955839
        ]
      },
      "properties": {
        "probability": 0.9388402104377747,
        "lat": 6.206202235955839,
        "lon": -1.774301269647823,
        "region": "Obuasi",
        "detected_at": "2026-07-13T08:51:51.287509",
        "model_version": "48px_v3.7_2024-01-10"
      }
    },
    {
      "type": "Feature",
      "geometry": {
        "type": "Point",
        "coordinates": [
          -1.774301269647823,
          6.204026608070943
        ]
      },
      "properties": {
        "probability": 0.9999915957450867,
        "lat": 6.204026608070943,
        "lon": -1.774301269647823,
        "region": "Obuasi",
        "detected_at": "2026-07-13T08:51:51.287609",
        "model_version": "48px_v3.7_2024-01-10"
      }
    },
    {
      "type": "Feature",
      "geometry": {
        "type": "Point",
        "coordinates": [
          -1.774301269647823,
          6.20185098018605
        ]
      },
      "properties": {
        "probability": 0.9999994039535522,
        "lat": 6.20185098018605,
        "lon": -1.774301269647823,
        "region": "Obuasi",
        "detected_at": "2026-07-13T08:51:51.287711",
        "model_version": "48px_v3.7_2024-01-10"
      }
    },
    {
      "type": "Feature",
      "geometry": {
        "type": "Point",
        "coordinates": [
          -1.7721272137035438,
          6.208377863840735
        ]
      },
      "properties": {
        "probability": 0.9992888569831848,
        "lat": 6.208377863840735,
        "lon": -1.7721272137035438,
        "region": "Obuasi",
        "detected_at": "2026-07-13T08:51:51.287804",
        "model_version": "48px_v3.7_2024-01-10"
      }
    },
    {
      "type": "Feature",
      "geometry": {
        "type": "Point",
        "coordinates": [
          -1.7721272137035438,
          6.206202235955839
        ]
      },
      "properties": {
        "probability": 0.9999948143959045,
        "lat": 6.206202235955839,
        "lon": -1.7721272137035438,
        "region": "Obuasi",
        "detected_at": "2026-07-13T08:51:51.287895",
        "model_version": "48px_v3.7_2024-01-10"
      }
    },
    {
      "type": "Feature",
      "geometry": {
        "type": "Point",
        "coordinates": [
          -1.7721272137035438,
          6.204026608070943
        ]
      },
      "properties": {
        "probability": 0.9999996423721313,
        "lat": 6.204026608070943,
        "lon": -1.7721272137035438,
        "region": "Obuasi",
        "detected_at": "2026-07-13T08:51:51.287986",
        "model_version": "48px_v3.7_2024-01-10"
      }
    },
    {
      "type": "Feature",
      "geometry": {
        "type": "Point",
        "coordinates": [
          -1.7721272137035438,
          6.20185098018605
        ]
      },
      "properties": {
        "probability": 0.9997588992118835,
        "lat": 6.20185098018605,
        "lon": -1.7721272137035438,
        "region": "Obuasi",
        "detected_at": "2026-07-13T08:51:51.288077",
        "model_version": "48px_v3.7_2024-01-10"
      }
    },
    {
      "type": "Feature",
      "geometry": {
        "type": "Point",
        "coordinates": [
          -1.7699531577592647,
          6.232309770574579
        ]
      },
      "properties": {
        "probability": 0.9926357269287109,
        "lat": 6.232309770574579,
        "lon": -1.7699531577592647,
        "region": "Obuasi",
        "detected_at": "2026-07-13T08:51:51.288174",
        "model_version": "48px_v3.7_2024-01-10"
      }
    },
    {
      "type": "Feature",
      "geometry": {
        "type": "Point",
        "coordinates": [
          -1.7699531577592647,
          6.2083778638407345
        ]
      },
      "properties": {
        "probability": 0.8788096904754639,
        "lat": 6.2083778638407345,
        "lon": -1.7699531577592647,
        "region": "Obuasi",
        "detected_at": "2026-07-13T08:51:51.288267",
        "model_version": "48px_v3.7_2024-01-10"
      }
    },
    {
      "type": "Feature",
      "geometry": {
        "type": "Point",
        "coordinates": [
          -1.7699531577592647,
          6.206202235955838
        ]
      },
      "properties": {
        "probability": 0.9999855756759644,
        "lat": 6.206202235955838,
        "lon": -1.7699531577592647,
        "region": "Obuasi",
        "detected_at": "2026-07-13T08:51:51.288357",
        "model_version": "48px_v3.7_2024-01-10"
      }
    },
    {
      "type": "Feature",
      "geometry": {
        "type": "Point",
        "coordinates": [
          -1.7699531577592647,
          6.204026608070944
        ]
      },
      "properties": {
        "probability": 0.9999998211860657,
        "lat": 6.204026608070944,
        "lon": -1.7699531577592647,
        "region": "Obuasi",
        "detected_at": "2026-07-13T08:51:51.288467",
        "model_version": "48px_v3.7_2024-01-10"
      }
    },
    {
      "type": "Feature",
      "geometry": {
        "type": "Point",
        "coordinates": [
          -1.7699531577592647,
          6.20185098018605
        ]
      },
      "properties": {
        "probability": 0.9959641695022583,
        "lat": 6.20185098018605,
        "lon": -1.7699531577592647,
        "region": "Obuasi",
        "detected_at": "2026-07-13T08:51:51.288574",
        "model_version": "48px_v3.7_2024-01-10"
      }
    },
    {
      "type": "Feature",
      "geometry": {
        "type": "Point",
        "coordinates": [
          -1.7634309899264267,
          6.214904747495419
        ]
      },
      "properties": {
        "probability": 0.9997299909591675,
        "lat": 6.214904747495419,
        "lon": -1.7634309899264267,
        "region": "Obuasi",
        "detected_at": "2026-07-13T08:51:51.288666",
        "model_version": "48px_v3.7_2024-01-10"
      }
    },
    {
      "type": "Feature",
      "geometry": {
        "type": "Point",
        "coordinates": [
          -1.7634309899264267,
          6.212729119610524
        ]
      },
      "properties": {
        "probability": 0.9171226024627686,
        "lat": 6.212729119610524,
        "lon": -1.7634309899264267,
        "region": "Obuasi",
        "detected_at": "2026-07-13T08:51:51.288757",
        "model_version": "48px_v3.7_2024-01-10"
      }
    },
    {
      "type": "Feature",
      "geometry": {
        "type": "Point",
        "coordinates": [
          -1.7634309899264267,
          6.2083778638407345
        ]
      },
      "properties": {
        "probability": 0.9877617359161377,
        "lat": 6.2083778638407345,
        "lon": -1.7634309899264267,
        "region": "Obuasi",
        "detected_at": "2026-07-13T08:51:51.288848",
        "model_version": "48px_v3.7_2024-01-10"
      }
    },
    {
      "type": "Feature",
      "geometry": {
        "type": "Point",
        "coordinates": [
          -1.7612569339821476,
          6.2170803753803145
        ]
      },
      "properties": {
        "probability": 0.9990736246109009,
        "lat": 6.2170803753803145,
        "lon": -1.7612569339821476,
        "region": "Obuasi",
        "detected_at": "2026-07-13T08:51:51.288940",
        "model_version": "48px_v3.7_2024-01-10"
      }
    },
    {
      "type": "Feature",
      "geometry": {
        "type": "Point",
        "coordinates": [
          -1.7612569339821476,
          6.214904747495419
        ]
      },
      "properties": {
        "probability": 0.9999975562095642,
        "lat": 6.214904747495419,
        "lon": -1.7612569339821476,
        "region": "Obuasi",
        "detected_at": "2026-07-13T08:51:51.289031",
        "model_version": "48px_v3.7_2024-01-10"
      }
    },
    {
      "type": "Feature",
      "geometry": {
        "type": "Point",
        "coordinates": [
          -1.7612569339821476,
          6.2127291196105245
        ]
      },
      "properties": {
        "probability": 0.9734305143356323,
        "lat": 6.2127291196105245,
        "lon": -1.7612569339821476,
        "region": "Obuasi",
        "detected_at": "2026-07-13T08:51:51.289122",
        "model_version": "48px_v3.7_2024-01-10"
      }
    },
    {
      "type": "Feature",
      "geometry": {
        "type": "Point",
        "coordinates": [
          -1.7612569339821476,
          6.208377863840735
        ]
      },
      "properties": {
        "probability": 0.9999703764915466,
        "lat": 6.208377863840735,
        "lon": -1.7612569339821476,
        "region": "Obuasi",
        "detected_at": "2026-07-13T08:51:51.289223",
        "model_version": "48px_v3.7_2024-01-10"
      }
    },
    {
      "type": "Feature",
      "geometry": {
        "type": "Point",
        "coordinates": [
          -1.7590828780378678,
          6.2170803753803145
        ]
      },
      "properties": {
        "probability": 0.9999837875366211,
        "lat": 6.2170803753803145,
        "lon": -1.7590828780378678,
        "region": "Obuasi",
        "detected_at": "2026-07-13T08:51:51.289317",
        "model_version": "48px_v3.7_2024-01-10"
      }
    },
    {
      "type": "Feature",
      "geometry": {
        "type": "Point",
        "coordinates": [
          -1.7590828780378678,
          6.214904747495419
        ]
      },
      "properties": {
        "probability": 0.9972321391105652,
        "lat": 6.214904747495419,
        "lon": -1.7590828780378678,
        "region": "Obuasi",
        "detected_at": "2026-07-13T08:51:51.289431",
        "model_version": "48px_v3.7_2024-01-10"
      }
    },
    {
      "type": "Feature",
      "geometry": {
        "type": "Point",
        "coordinates": [
          -1.7590828780378678,
          6.208377863840735
        ]
      },
      "properties": {
        "probability": 0.9950172901153564,
        "lat": 6.208377863840735,
        "lon": -1.7590828780378678,
        "region": "Obuasi",
        "detected_at": "2026-07-13T08:51:51.289552",
        "model_version": "48px_v3.7_2024-01-10"
      }
    },
    {
      "type": "Feature",
      "geometry": {
        "type": "Point",
        "coordinates": [
          -1.7569088220935887,
          6.2170803753803145
        ]
      },
      "properties": {
        "probability": 0.9999992847442627,
        "lat": 6.2170803753803145,
        "lon": -1.7569088220935887,
        "region": "Obuasi",
        "detected_at": "2026-07-13T08:51:51.289654",
        "model_version": "48px_v3.7_2024-01-10"
      }
    },
    {
      "type": "Feature",
      "geometry": {
        "type": "Point",
        "coordinates": [
          -1.7569088220935887,
          6.214904747495419
        ]
      },
      "properties": {
        "probability": 0.9492889642715454,
        "lat": 6.214904747495419,
        "lon": -1.7569088220935887,
        "region": "Obuasi",
        "detected_at": "2026-07-13T08:51:51.289753",
        "model_version": "48px_v3.7_2024-01-10"
      }
    },
    {
      "type": "Feature",
      "geometry": {
        "type": "Point",
        "coordinates": [
          -1.7569088220935887,
          6.210553491725631
        ]
      },
      "properties": {
        "probability": 0.8918284773826599,
        "lat": 6.210553491725631,
        "lon": -1.7569088220935887,
        "region": "Obuasi",
        "detected_at": "2026-07-13T08:51:51.289846",
        "model_version": "48px_v3.7_2024-01-10"
      }
    },
    {
      "type": "Feature",
      "geometry": {
        "type": "Point",
        "coordinates": [
          -1.7569088220935887,
          6.2083778638407345
        ]
      },
      "properties": {
        "probability": 0.9999998211860657,
        "lat": 6.2083778638407345,
        "lon": -1.7569088220935887,
        "region": "Obuasi",
        "detected_at": "2026-07-13T08:51:51.289937",
        "model_version": "48px_v3.7_2024-01-10"
      }
    },
    {
      "type": "Feature",
      "geometry": {
        "type": "Point",
        "coordinates": [
          -1.7547347661493098,
          6.2170803753803145
        ]
      },
      "properties": {
        "probability": 0.9999999403953552,
        "lat": 6.2170803753803145,
        "lon": -1.7547347661493098,
        "region": "Obuasi",
        "detected_at": "2026-07-13T08:51:51.290028",
        "model_version": "48px_v3.7_2024-01-10"
      }
    },
    {
      "type": "Feature",
      "geometry": {
        "type": "Point",
        "coordinates": [
          -1.7547347661493098,
          6.214904747495419
        ]
      },
      "properties": {
        "probability": 0.9728688597679138,
        "lat": 6.214904747495419,
        "lon": -1.7547347661493098,
        "region": "Obuasi",
        "detected_at": "2026-07-13T08:51:51.290119",
        "model_version": "48px_v3.7_2024-01-10"
      }
    },
    {
      "type": "Feature",
      "geometry": {
        "type": "Point",
        "coordinates": [
          -1.7525607102050302,
          6.21925600326521
        ]
      },
      "properties": {
        "probability": 0.9998617172241211,
        "lat": 6.21925600326521,
        "lon": -1.7525607102050302,
        "region": "Obuasi",
        "detected_at": "2026-07-13T08:51:51.290212",
        "model_version": "48px_v3.7_2024-01-10"
      }
    },
    {
      "type": "Feature",
      "geometry": {
        "type": "Point",
        "coordinates": [
          -1.7525607102050302,
          6.2170803753803145
        ]
      },
      "properties": {
        "probability": 0.9999996423721313,
        "lat": 6.2170803753803145,
        "lon": -1.7525607102050302,
        "region": "Obuasi",
        "detected_at": "2026-07-13T08:51:51.290305",
        "model_version": "48px_v3.7_2024-01-10"
      }
    },
    {
      "type": "Feature",
      "geometry": {
        "type": "Point",
        "coordinates": [
          -1.7525607102050302,
          6.214904747495419
        ]
      },
      "properties": {
        "probability": 0.991538405418396,
        "lat": 6.214904747495419,
        "lon": -1.7525607102050302,
        "region": "Obuasi",
        "detected_at": "2026-07-13T08:51:51.290397",
        "model_version": "48px_v3.7_2024-01-10"
      }
    },
    {
      "type": "Feature",
      "geometry": {
        "type": "Point",
        "coordinates": [
          -1.7483355650069112,
          6.20825328533638
        ]
      },
      "properties": {
        "probability": 0.9960537552833557,
        "lat": 6.20825328533638,
        "lon": -1.7483355650069112,
        "region": "Obuasi",
        "detected_at": "2026-07-13T08:51:51.290512",
        "model_version": "48px_v3.7_2024-01-10"
      }
    },
    {
      "type": "Feature",
      "geometry": {
        "type": "Point",
        "coordinates": [
          -1.7461613392272854,
          6.20825328533638
        ]
      },
      "properties": {
        "probability": 0.948669970035553,
        "lat": 6.20825328533638,
        "lon": -1.7461613392272854,
        "region": "Obuasi",
        "detected_at": "2026-07-13T08:51:51.290610",
        "model_version": "48px_v3.7_2024-01-10"
      }
    },
    {
      "type": "Feature",
      "geometry": {
        "type": "Point",
        "coordinates": [
          -1.743987113447659,
          6.245241857463499
        ]
      },
      "properties": {
        "probability": 0.999785840511322,
        "lat": 6.245241857463499,
        "lon": -1.743987113447659,
        "region": "Obuasi",
        "detected_at": "2026-07-13T08:51:51.290702",
        "model_version": "48px_v3.7_2024-01-10"
      }
    },
    {
      "type": "Feature",
      "geometry": {
        "type": "Point",
        "coordinates": [
          -1.7698312870486248,
          6.26482324787457
        ]
      },
      "properties": {
        "probability": 0.9984927177429199,
        "lat": 6.26482324787457,
        "lon": -1.7698312870486248,
        "region": "Obuasi",
        "detected_at": "2026-07-13T08:51:51.290805",
        "model_version": "48px_v3.7_2024-01-10"
      }
    },
    {
      "type": "Feature",
      "geometry": {
        "type": "Point",
        "coordinates": [
          -1.7654826603543208,
          6.262647581986268
        ]
      },
      "properties": {
        "probability": 0.996695876121521,
        "lat": 6.262647581986268,
        "lon": -1.7654826603543208,
        "region": "Obuasi",
        "detected_at": "2026-07-13T08:51:51.290899",
        "model_version": "48px_v3.7_2024-01-10"
      }
    },
    {
      "type": "Feature",
      "geometry": {
        "type": "Point",
        "coordinates": [
          -1.7654826603543208,
          6.260471916097965
        ]
      },
      "properties": {
        "probability": 0.9999068975448608,
        "lat": 6.260471916097965,
        "lon": -1.7654826603543208,
        "region": "Obuasi",
        "detected_at": "2026-07-13T08:51:51.290996",
        "model_version": "48px_v3.7_2024-01-10"
      }
    },
    {
      "type": "Feature",
      "geometry": {
        "type": "Point",
        "coordinates": [
          -1.7633083470071682,
          6.269174579651173
        ]
      },
      "properties": {
        "probability": 0.9143942594528198,
        "lat": 6.269174579651173,
        "lon": -1.7633083470071682,
        "region": "Obuasi",
        "detected_at": "2026-07-13T08:51:51.291086",
        "model_version": "48px_v3.7_2024-01-10"
      }
    },
    {
      "type": "Feature",
      "geometry": {
        "type": "Point",
        "coordinates": [
          -1.7633083470071682,
          6.2626475819862675
        ]
      },
      "properties": {
        "probability": 0.9863935112953186,
        "lat": 6.2626475819862675,
        "lon": -1.7633083470071682,
        "region": "Obuasi",
        "detected_at": "2026-07-13T08:51:51.291179",
        "model_version": "48px_v3.7_2024-01-10"
      }
    },
    {
      "type": "Feature",
      "geometry": {
        "type": "Point",
        "coordinates": [
          -1.7633083470071682,
          6.2604719160979645
        ]
      },
      "properties": {
        "probability": 0.9999998211860657,
        "lat": 6.2604719160979645,
        "lon": -1.7633083470071682,
        "region": "Obuasi",
        "detected_at": "2026-07-13T08:51:51.291276",
        "model_version": "48px_v3.7_2024-01-10"
      }
    },
    {
      "type": "Feature",
      "geometry": {
        "type": "Point",
        "coordinates": [
          -1.7611340336600159,
          6.269174579651174
        ]
      },
      "properties": {
        "probability": 0.9999866485595703,
        "lat": 6.269174579651174,
        "lon": -1.7611340336600159,
        "region": "Obuasi",
        "detected_at": "2026-07-13T08:51:51.291367",
        "model_version": "48px_v3.7_2024-01-10"
      }
    },
    {
      "type": "Feature",
      "geometry": {
        "type": "Point",
        "coordinates": [
          -1.7611340336600159,
          6.266998913762872
        ]
      },
      "properties": {
        "probability": 0.9999990463256836,
        "lat": 6.266998913762872,
        "lon": -1.7611340336600159,
        "region": "Obuasi",
        "detected_at": "2026-07-13T08:51:51.291507",
        "model_version": "48px_v3.7_2024-01-10"
      }
    },
    {
      "type": "Feature",
      "geometry": {
        "type": "Point",
        "coordinates": [
          -1.7611340336600159,
          6.264823247874569
        ]
      },
      "properties": {
        "probability": 0.9717624187469482,
        "lat": 6.264823247874569,
        "lon": -1.7611340336600159,
        "region": "Obuasi",
        "detected_at": "2026-07-13T08:51:51.291610",
        "model_version": "48px_v3.7_2024-01-10"
      }
    },
    {
      "type": "Feature",
      "geometry": {
        "type": "Point",
        "coordinates": [
          -1.7611340336600159,
          6.260471916097965
        ]
      },
      "properties": {
        "probability": 0.9993821978569031,
        "lat": 6.260471916097965,
        "lon": -1.7611340336600159,
        "region": "Obuasi",
        "detected_at": "2026-07-13T08:51:51.291702",
        "model_version": "48px_v3.7_2024-01-10"
      }
    },
    {
      "type": "Feature",
      "geometry": {
        "type": "Point",
        "coordinates": [
          -1.7589597203128637,
          6.277877243204382
        ]
      },
      "properties": {
        "probability": 0.8053998947143555,
        "lat": 6.277877243204382,
        "lon": -1.7589597203128637,
        "region": "Obuasi",
        "detected_at": "2026-07-13T08:51:51.291794",
        "model_version": "48px_v3.7_2024-01-10"
      }
    },
    {
      "type": "Feature",
      "geometry": {
        "type": "Point",
        "coordinates": [
          -1.7589597203128637,
          6.27570157731608
        ]
      },
      "properties": {
        "probability": 0.9670893549919128,
        "lat": 6.27570157731608,
        "lon": -1.7589597203128637,
        "region": "Obuasi",
        "detected_at": "2026-07-13T08:51:51.291886",
        "model_version": "48px_v3.7_2024-01-10"
      }
    },
    {
      "type": "Feature",
      "geometry": {
        "type": "Point",
        "coordinates": [
          -1.758959720312864,
          6.273525911427778
        ]
      },
      "properties": {
        "probability": 0.999289870262146,
        "lat": 6.273525911427778,
        "lon": -1.758959720312864,
        "region": "Obuasi",
        "detected_at": "2026-07-13T08:51:51.291977",
        "model_version": "48px_v3.7_2024-01-10"
      }
    },
    {
      "type": "Feature",
      "geometry": {
        "type": "Point",
        "coordinates": [
          -1.758959720312864,
          6.271350245539476
        ]
      },
      "properties": {
        "probability": 0.999919593334198,
        "lat": 6.271350245539476,
        "lon": -1.758959720312864,
        "region": "Obuasi",
        "detected_at": "2026-07-13T08:51:51.292069",
        "model_version": "48px_v3.7_2024-01-10"
      }
    },
    {
      "type": "Feature",
      "geometry": {
        "type": "Point",
        "coordinates": [
          -1.7589597203128637,
          6.269174579651174
        ]
      },
      "properties": {
        "probability": 0.9998394846916199,
        "lat": 6.269174579651174,
        "lon": -1.7589597203128637,
        "region": "Obuasi",
        "detected_at": "2026-07-13T08:51:51.292161",
        "model_version": "48px_v3.7_2024-01-10"
      }
    },
    {
      "type": "Feature",
      "geometry": {
        "type": "Point",
        "coordinates": [
          -1.7589597203128637,
          6.266998913762872
        ]
      },
      "properties": {
        "probability": 0.9999988675117493,
        "lat": 6.266998913762872,
        "lon": -1.7589597203128637,
        "region": "Obuasi",
        "detected_at": "2026-07-13T08:51:51.292254",
        "model_version": "48px_v3.7_2024-01-10"
      }
    },
    {
      "type": "Feature",
      "geometry": {
        "type": "Point",
        "coordinates": [
          -1.7589597203128637,
          6.264823247874569
        ]
      },
      "properties": {
        "probability": 0.999941885471344,
        "lat": 6.264823247874569,
        "lon": -1.7589597203128637,
        "region": "Obuasi",
        "detected_at": "2026-07-13T08:51:51.292360",
        "model_version": "48px_v3.7_2024-01-10"
      }
    },
    {
      "type": "Feature",
      "geometry": {
        "type": "Point",
        "coordinates": [
          -1.7567854069657116,
          6.271350245539475
        ]
      },
      "properties": {
        "probability": 0.9952609539031982,
        "lat": 6.271350245539475,
        "lon": -1.7567854069657116,
        "region": "Obuasi",
        "detected_at": "2026-07-13T08:51:51.292494",
        "model_version": "48px_v3.7_2024-01-10"
      }
    },
    {
      "type": "Feature",
      "geometry": {
        "type": "Point",
        "coordinates": [
          -1.7567854069657116,
          6.269174579651173
        ]
      },
      "properties": {
        "probability": 0.964689314365387,
        "lat": 6.269174579651173,
        "lon": -1.7567854069657116,
        "region": "Obuasi",
        "detected_at": "2026-07-13T08:51:51.292600",
        "model_version": "48px_v3.7_2024-01-10"
      }
    },
    {
      "type": "Feature",
      "geometry": {
        "type": "Point",
        "coordinates": [
          -1.7567854069657116,
          6.266998913762872
        ]
      },
      "properties": {
        "probability": 0.9409680962562561,
        "lat": 6.266998913762872,
        "lon": -1.7567854069657116,
        "region": "Obuasi",
        "detected_at": "2026-07-13T08:51:51.292694",
        "model_version": "48px_v3.7_2024-01-10"
      }
    },
    {
      "type": "Feature",
      "geometry": {
        "type": "Point",
        "coordinates": [
          -1.7567854069657116,
          6.26482324787457
        ]
      },
      "properties": {
        "probability": 0.9996655583381653,
        "lat": 6.26482324787457,
        "lon": -1.7567854069657116,
        "region": "Obuasi",
        "detected_at": "2026-07-13T08:51:51.292786",
        "model_version": "48px_v3.7_2024-01-10"
      }
    },
    {
      "type": "Feature",
      "geometry": {
        "type": "Point",
        "coordinates": [
          -1.748212169276764,
          6.277752989477724
        ]
      },
      "properties": {
        "probability": 0.9047185182571411,
        "lat": 6.277752989477724,
        "lon": -1.748212169276764,
        "region": "Obuasi",
        "detected_at": "2026-07-13T08:51:51.292885",
        "model_version": "48px_v3.7_2024-01-10"
      }
    },
    {
      "type": "Feature",
      "geometry": {
        "type": "Point",
        "coordinates": [
          -1.748212169276764,
          6.275577151319673
        ]
      },
      "properties": {
        "probability": 0.9999825954437256,
        "lat": 6.275577151319673,
        "lon": -1.748212169276764,
        "region": "Obuasi",
        "detected_at": "2026-07-13T08:51:51.292979",
        "model_version": "48px_v3.7_2024-01-10"
      }
    },
    {
      "type": "Feature",
      "geometry": {
        "type": "Point",
        "coordinates": [
          -1.7482121692767643,
          6.273401313161621
        ]
      },
      "properties": {
        "probability": 0.9999989867210388,
        "lat": 6.273401313161621,
        "lon": -1.7482121692767643,
        "region": "Obuasi",
        "detected_at": "2026-07-13T08:51:51.293070",
        "model_version": "48px_v3.7_2024-01-10"
      }
    },
    {
      "type": "Feature",
      "geometry": {
        "type": "Point",
        "coordinates": [
          -1.748212169276764,
          6.27122547500357
        ]
      },
      "properties": {
        "probability": 0.9999997019767761,
        "lat": 6.27122547500357,
        "lon": -1.748212169276764,
        "region": "Obuasi",
        "detected_at": "2026-07-13T08:51:51.293161",
        "model_version": "48px_v3.7_2024-01-10"
      }
    },
    {
      "type": "Feature",
      "geometry": {
        "type": "Point",
        "coordinates": [
          -1.748212169276764,
          6.269049636845518
        ]
      },
      "properties": {
        "probability": 0.999775230884552,
        "lat": 6.269049636845518,
        "lon": -1.748212169276764,
        "region": "Obuasi",
        "detected_at": "2026-07-13T08:51:51.293253",
        "model_version": "48px_v3.7_2024-01-10"
      }
    },
    {
      "type": "Feature",
      "geometry": {
        "type": "Point",
        "coordinates": [
          -1.7460376842927778,
          6.284280503951878
        ]
      },
      "properties": {
        "probability": 0.9973551034927368,
        "lat": 6.284280503951878,
        "lon": -1.7460376842927778,
        "region": "Obuasi",
        "detected_at": "2026-07-13T08:51:51.293346",
        "model_version": "48px_v3.7_2024-01-10"
      }
    },
    {
      "type": "Feature",
      "geometry": {
        "type": "Point",
        "coordinates": [
          -1.7460376842927776,
          6.273401313161621
        ]
      },
      "properties": {
        "probability": 0.8157461881637573,
        "lat": 6.273401313161621,
        "lon": -1.7460376842927776,
        "region": "Obuasi",
        "detected_at": "2026-07-13T08:51:51.293446",
        "model_version": "48px_v3.7_2024-01-10"
      }
    },
    {
      "type": "Feature",
      "geometry": {
        "type": "Point",
        "coordinates": [
          -1.7460376842927778,
          6.27122547500357
        ]
      },
      "properties": {
        "probability": 0.999570906162262,
        "lat": 6.27122547500357,
        "lon": -1.7460376842927778,
        "region": "Obuasi",
        "detected_at": "2026-07-13T08:51:51.293569",
        "model_version": "48px_v3.7_2024-01-10"
      }
    },
    {
      "type": "Feature",
      "geometry": {
        "type": "Point",
        "coordinates": [
          -1.7460376842927778,
          6.269049636845518
        ]
      },
      "properties": {
        "probability": 0.9999845623970032,
        "lat": 6.269049636845518,
        "lon": -1.7460376842927778,
        "region": "Obuasi",
        "detected_at": "2026-07-13T08:51:51.293664",
        "model_version": "48px_v3.7_2024-01-10"
      }
    },
    {
      "type": "Feature",
      "geometry": {
        "type": "Point",
        "coordinates": [
          -1.7460376842927776,
          6.2668737986874685
        ]
      },
      "properties": {
        "probability": 0.9999998807907104,
        "lat": 6.2668737986874685,
        "lon": -1.7460376842927776,
        "region": "Obuasi",
        "detected_at": "2026-07-13T08:51:51.293755",
        "model_version": "48px_v3.7_2024-01-10"
      }
    },
    {
      "type": "Feature",
      "geometry": {
        "type": "Point",
        "coordinates": [
          -1.7460376842927778,
          6.264697960529416
        ]
      },
      "properties": {
        "probability": 0.9998655319213867,
        "lat": 6.264697960529416,
        "lon": -1.7460376842927778,
        "region": "Obuasi",
        "detected_at": "2026-07-13T08:51:51.293847",
        "model_version": "48px_v3.7_2024-01-10"
      }
    },
    {
      "type": "Feature",
      "geometry": {
        "type": "Point",
        "coordinates": [
          -1.7460376842927776,
          6.2603462842133135
        ]
      },
      "properties": {
        "probability": 0.9993615746498108,
        "lat": 6.2603462842133135,
        "lon": -1.7460376842927776,
        "region": "Obuasi",
        "detected_at": "2026-07-13T08:51:51.293945",
        "model_version": "48px_v3.7_2024-01-10"
      }
    },
    {
      "type": "Feature",
      "geometry": {
        "type": "Point",
        "coordinates": [
          -1.7460376842927776,
          6.258170446055262
        ]
      },
      "properties": {
        "probability": 1.0,
        "lat": 6.258170446055262,
        "lon": -1.7460376842927776,
        "region": "Obuasi",
        "detected_at": "2026-07-13T08:51:51.294039",
        "model_version": "48px_v3.7_2024-01-10"
      }
    },
    {
      "type": "Feature",
      "geometry": {
        "type": "Point",
        "coordinates": [
          -1.743863199308791,
          6.286456342109931
        ]
      },
      "properties": {
        "probability": 0.9999969005584717,
        "lat": 6.286456342109931,
        "lon": -1.743863199308791,
        "region": "Obuasi",
        "detected_at": "2026-07-13T08:51:51.294131",
        "model_version": "48px_v3.7_2024-01-10"
      }
    },
    {
      "type": "Feature",
      "geometry": {
        "type": "Point",
        "coordinates": [
          -1.743863199308791,
          6.284280503951877
        ]
      },
      "properties": {
        "probability": 1.0,
        "lat": 6.284280503951877,
        "lon": -1.743863199308791,
        "region": "Obuasi",
        "detected_at": "2026-07-13T08:51:51.294221",
        "model_version": "48px_v3.7_2024-01-10"
      }
    },
    {
      "type": "Feature",
      "geometry": {
        "type": "Point",
        "coordinates": [
          -1.743863199308791,
          6.2821046657938275
        ]
      },
      "properties": {
        "probability": 0.9998962879180908,
        "lat": 6.2821046657938275,
        "lon": -1.743863199308791,
        "region": "Obuasi",
        "detected_at": "2026-07-13T08:51:51.294312",
        "model_version": "48px_v3.7_2024-01-10"
      }
    },
    {
      "type": "Feature",
      "geometry": {
        "type": "Point",
        "coordinates": [
          -1.743863199308791,
          6.279928827635776
        ]
      },
      "properties": {
        "probability": 0.979283332824707,
        "lat": 6.279928827635776,
        "lon": -1.743863199308791,
        "region": "Obuasi",
        "detected_at": "2026-07-13T08:51:51.294410",
        "model_version": "48px_v3.7_2024-01-10"
      }
    },
    {
      "type": "Feature",
      "geometry": {
        "type": "Point",
        "coordinates": [
          -1.743863199308791,
          6.269049636845518
        ]
      },
      "properties": {
        "probability": 0.9991700649261475,
        "lat": 6.269049636845518,
        "lon": -1.743863199308791,
        "region": "Obuasi",
        "detected_at": "2026-07-13T08:51:51.294527",
        "model_version": "48px_v3.7_2024-01-10"
      }
    },
    {
      "type": "Feature",
      "geometry": {
        "type": "Point",
        "coordinates": [
          -1.743863199308791,
          6.266873798687468
        ]
      },
      "properties": {
        "probability": 1.0,
        "lat": 6.266873798687468,
        "lon": -1.743863199308791,
        "region": "Obuasi",
        "detected_at": "2026-07-13T08:51:51.294622",
        "model_version": "48px_v3.7_2024-01-10"
      }
    },
    {
      "type": "Feature",
      "geometry": {
        "type": "Point",
        "coordinates": [
          -1.743863199308791,
          6.264697960529416
        ]
      },
      "properties": {
        "probability": 1.0,
        "lat": 6.264697960529416,
        "lon": -1.743863199308791,
        "region": "Obuasi",
        "detected_at": "2026-07-13T08:51:51.294713",
        "model_version": "48px_v3.7_2024-01-10"
      }
    },
    {
      "type": "Feature",
      "geometry": {
        "type": "Point",
        "coordinates": [
          -1.743863199308791,
          6.262522122371365
        ]
      },
      "properties": {
        "probability": 0.9999464750289917,
        "lat": 6.262522122371365,
        "lon": -1.743863199308791,
        "region": "Obuasi",
        "detected_at": "2026-07-13T08:51:51.294804",
        "model_version": "48px_v3.7_2024-01-10"
      }
    },
    {
      "type": "Feature",
      "geometry": {
        "type": "Point",
        "coordinates": [
          -1.743863199308791,
          6.2603462842133135
        ]
      },
      "properties": {
        "probability": 0.9996647834777832,
        "lat": 6.2603462842133135,
        "lon": -1.743863199308791,
        "region": "Obuasi",
        "detected_at": "2026-07-13T08:51:51.294894",
        "model_version": "48px_v3.7_2024-01-10"
      }
    },
    {
      "type": "Feature",
      "geometry": {
        "type": "Point",
        "coordinates": [
          -1.743863199308791,
          6.258170446055261
        ]
      },
      "properties": {
        "probability": 0.9984982013702393,
        "lat": 6.258170446055261,
        "lon": -1.743863199308791,
        "region": "Obuasi",
        "detected_at": "2026-07-13T08:51:51.294984",
        "model_version": "48px_v3.7_2024-01-10"
      }
    },
    {
      "type": "Feature",
      "geometry": {
        "type": "Point",
        "coordinates": [
          -1.741688714324804,
          6.286456342109931
        ]
      },
      "properties": {
        "probability": 0.9999145865440369,
        "lat": 6.286456342109931,
        "lon": -1.741688714324804,
        "region": "Obuasi",
        "detected_at": "2026-07-13T08:51:51.295076",
        "model_version": "48px_v3.7_2024-01-10"
      }
    },
    {
      "type": "Feature",
      "geometry": {
        "type": "Point",
        "coordinates": [
          -1.741688714324804,
          6.284280503951878
        ]
      },
      "properties": {
        "probability": 0.9999960064888,
        "lat": 6.284280503951878,
        "lon": -1.741688714324804,
        "region": "Obuasi",
        "detected_at": "2026-07-13T08:51:51.295167",
        "model_version": "48px_v3.7_2024-01-10"
      }
    },
    {
      "type": "Feature",
      "geometry": {
        "type": "Point",
        "coordinates": [
          -1.741688714324804,
          6.2821046657938275
        ]
      },
      "properties": {
        "probability": 0.9999942779541016,
        "lat": 6.2821046657938275,
        "lon": -1.741688714324804,
        "region": "Obuasi",
        "detected_at": "2026-07-13T08:51:51.295273",
        "model_version": "48px_v3.7_2024-01-10"
      }
    },
    {
      "type": "Feature",
      "geometry": {
        "type": "Point",
        "coordinates": [
          -1.741688714324804,
          6.279928827635777
        ]
      },
      "properties": {
        "probability": 0.9999265670776367,
        "lat": 6.279928827635777,
        "lon": -1.741688714324804,
        "region": "Obuasi",
        "detected_at": "2026-07-13T08:51:51.295365",
        "model_version": "48px_v3.7_2024-01-10"
      }
    },
    {
      "type": "Feature",
      "geometry": {
        "type": "Point",
        "coordinates": [
          -1.741688714324804,
          6.277752989477724
        ]
      },
      "properties": {
        "probability": 0.9377603530883789,
        "lat": 6.277752989477724,
        "lon": -1.741688714324804,
        "region": "Obuasi",
        "detected_at": "2026-07-13T08:51:51.295487",
        "model_version": "48px_v3.7_2024-01-10"
      }
    },
    {
      "type": "Feature",
      "geometry": {
        "type": "Point",
        "coordinates": [
          -1.741688714324804,
          6.275577151319673
        ]
      },
      "properties": {
        "probability": 0.8969953060150146,
        "lat": 6.275577151319673,
        "lon": -1.741688714324804,
        "region": "Obuasi",
        "detected_at": "2026-07-13T08:51:51.295587",
        "model_version": "48px_v3.7_2024-01-10"
      }
    },
    {
      "type": "Feature",
      "geometry": {
        "type": "Point",
        "coordinates": [
          -1.741688714324804,
          6.269049636845518
        ]
      },
      "properties": {
        "probability": 0.8379589915275574,
        "lat": 6.269049636845518,
        "lon": -1.741688714324804,
        "region": "Obuasi",
        "detected_at": "2026-07-13T08:51:51.295679",
        "model_version": "48px_v3.7_2024-01-10"
      }
    },
    {
      "type": "Feature",
      "geometry": {
        "type": "Point",
        "coordinates": [
          -1.741688714324804,
          6.2668737986874685
        ]
      },
      "properties": {
        "probability": 0.9999765157699585,
        "lat": 6.2668737986874685,
        "lon": -1.741688714324804,
        "region": "Obuasi",
        "detected_at": "2026-07-13T08:51:51.295770",
        "model_version": "48px_v3.7_2024-01-10"
      }
    },
    {
      "type": "Feature",
      "geometry": {
        "type": "Point",
        "coordinates": [
          -1.741688714324804,
          6.264697960529416
        ]
      },
      "properties": {
        "probability": 0.9999613761901855,
        "lat": 6.264697960529416,
        "lon": -1.741688714324804,
        "region": "Obuasi",
        "detected_at": "2026-07-13T08:51:51.295861",
        "model_version": "48px_v3.7_2024-01-10"
      }
    },
    {
      "type": "Feature",
      "geometry": {
        "type": "Point",
        "coordinates": [
          -1.741688714324804,
          6.262522122371365
        ]
      },
      "properties": {
        "probability": 0.9999971985816956,
        "lat": 6.262522122371365,
        "lon": -1.741688714324804,
        "region": "Obuasi",
        "detected_at": "2026-07-13T08:51:51.295961",
        "model_version": "48px_v3.7_2024-01-10"
      }
    },
    {
      "type": "Feature",
      "geometry": {
        "type": "Point",
        "coordinates": [
          -1.741688714324804,
          6.2603462842133135
        ]
      },
      "properties": {
        "probability": 0.9969526529312134,
        "lat": 6.2603462842133135,
        "lon": -1.741688714324804,
        "region": "Obuasi",
        "detected_at": "2026-07-13T08:51:51.296052",
        "model_version": "48px_v3.7_2024-01-10"
      }
    },
    {
      "type": "Feature",
      "geometry": {
        "type": "Point",
        "coordinates": [
          -1.7395142293408177,
          6.2821046657938275
        ]
      },
      "properties": {
        "probability": 0.9976393580436707,
        "lat": 6.2821046657938275,
        "lon": -1.7395142293408177,
        "region": "Obuasi",
        "detected_at": "2026-07-13T08:51:51.296143",
        "model_version": "48px_v3.7_2024-01-10"
      }
    },
    {
      "type": "Feature",
      "geometry": {
        "type": "Point",
        "coordinates": [
          -1.7395142293408177,
          6.279928827635777
        ]
      },
      "properties": {
        "probability": 0.9999973773956299,
        "lat": 6.279928827635777,
        "lon": -1.7395142293408177,
        "region": "Obuasi",
        "detected_at": "2026-07-13T08:51:51.296236",
        "model_version": "48px_v3.7_2024-01-10"
      }
    },
    {
      "type": "Feature",
      "geometry": {
        "type": "Point",
        "coordinates": [
          -1.7395142293408177,
          6.277752989477724
        ]
      },
      "properties": {
        "probability": 0.9998747706413269,
        "lat": 6.277752989477724,
        "lon": -1.7395142293408177,
        "region": "Obuasi",
        "detected_at": "2026-07-13T08:51:51.296326",
        "model_version": "48px_v3.7_2024-01-10"
      }
    },
    {
      "type": "Feature",
      "geometry": {
        "type": "Point",
        "coordinates": [
          -1.7395142293408177,
          6.275577151319673
        ]
      },
      "properties": {
        "probability": 0.9999991059303284,
        "lat": 6.275577151319673,
        "lon": -1.7395142293408177,
        "region": "Obuasi",
        "detected_at": "2026-07-13T08:51:51.296417",
        "model_version": "48px_v3.7_2024-01-10"
      }
    },
    {
      "type": "Feature",
      "geometry": {
        "type": "Point",
        "coordinates": [
          -1.7395142293408177,
          6.273401313161621
        ]
      },
      "properties": {
        "probability": 0.9999992251396179,
        "lat": 6.273401313161621,
        "lon": -1.7395142293408177,
        "region": "Obuasi",
        "detected_at": "2026-07-13T08:51:51.296544",
        "model_version": "48px_v3.7_2024-01-10"
      }
    },
    {
      "type": "Feature",
      "geometry": {
        "type": "Point",
        "coordinates": [
          -1.7395142293408177,
          6.27122547500357
        ]
      },
      "properties": {
        "probability": 0.9994469285011292,
        "lat": 6.27122547500357,
        "lon": -1.7395142293408177,
        "region": "Obuasi",
        "detected_at": "2026-07-13T08:51:51.296638",
        "model_version": "48px_v3.7_2024-01-10"
      }
    },
    {
      "type": "Feature",
      "geometry": {
        "type": "Point",
        "coordinates": [
          -1.7395142293408177,
          6.264697960529416
        ]
      },
      "properties": {
        "probability": 0.9412158727645874,
        "lat": 6.264697960529416,
        "lon": -1.7395142293408177,
        "region": "Obuasi",
        "detected_at": "2026-07-13T08:51:51.296729",
        "model_version": "48px_v3.7_2024-01-10"
      }
    },
    {
      "type": "Feature",
      "geometry": {
        "type": "Point",
        "coordinates": [
          -1.7395142293408177,
          6.262522122371365
        ]
      },
      "properties": {
        "probability": 0.9999995827674866,
        "lat": 6.262522122371365,
        "lon": -1.7395142293408177,
        "region": "Obuasi",
        "detected_at": "2026-07-13T08:51:51.296821",
        "model_version": "48px_v3.7_2024-01-10"
      }
    },
    {
      "type": "Feature",
      "geometry": {
        "type": "Point",
        "coordinates": [
          -1.7395142293408177,
          6.2603462842133135
        ]
      },
      "properties": {
        "probability": 0.9999682307243347,
        "lat": 6.2603462842133135,
        "lon": -1.7395142293408177,
        "region": "Obuasi",
        "detected_at": "2026-07-13T08:51:51.296912",
        "model_version": "48px_v3.7_2024-01-10"
      }
    },
    {
      "type": "Feature",
      "geometry": {
        "type": "Point",
        "coordinates": [
          -1.7395142293408177,
          6.258170446055262
        ]
      },
      "properties": {
        "probability": 0.9729995727539062,
        "lat": 6.258170446055262,
        "lon": -1.7395142293408177,
        "region": "Obuasi",
        "detected_at": "2026-07-13T08:51:51.297011",
        "model_version": "48px_v3.7_2024-01-10"
      }
    },
    {
      "type": "Feature",
      "geometry": {
        "type": "Point",
        "coordinates": [
          -1.7373397443568306,
          6.290808018426032
        ]
      },
      "properties": {
        "probability": 0.9915879964828491,
        "lat": 6.290808018426032,
        "lon": -1.7373397443568306,
        "region": "Obuasi",
        "detected_at": "2026-07-13T08:51:51.297102",
        "model_version": "48px_v3.7_2024-01-10"
      }
    },
    {
      "type": "Feature",
      "geometry": {
        "type": "Point",
        "coordinates": [
          -1.7373397443568306,
          6.284280503951877
        ]
      },
      "properties": {
        "probability": 0.835741400718689,
        "lat": 6.284280503951877,
        "lon": -1.7373397443568306,
        "region": "Obuasi",
        "detected_at": "2026-07-13T08:51:51.297200",
        "model_version": "48px_v3.7_2024-01-10"
      }
    },
    {
      "type": "Feature",
      "geometry": {
        "type": "Point",
        "coordinates": [
          -1.7373397443568308,
          6.2821046657938275
        ]
      },
      "properties": {
        "probability": 0.9783193469047546,
        "lat": 6.2821046657938275,
        "lon": -1.7373397443568308,
        "region": "Obuasi",
        "detected_at": "2026-07-13T08:51:51.297301",
        "model_version": "48px_v3.7_2024-01-10"
      }
    },
    {
      "type": "Feature",
      "geometry": {
        "type": "Point",
        "coordinates": [
          -1.7373397443568308,
          6.279928827635776
        ]
      },
      "properties": {
        "probability": 0.9999011754989624,
        "lat": 6.279928827635776,
        "lon": -1.7373397443568308,
        "region": "Obuasi",
        "detected_at": "2026-07-13T08:51:51.297393",
        "model_version": "48px_v3.7_2024-01-10"
      }
    },
    {
      "type": "Feature",
      "geometry": {
        "type": "Point",
        "coordinates": [
          -1.7373397443568306,
          6.277752989477724
        ]
      },
      "properties": {
        "probability": 0.9989418983459473,
        "lat": 6.277752989477724,
        "lon": -1.7373397443568306,
        "region": "Obuasi",
        "detected_at": "2026-07-13T08:51:51.297513",
        "model_version": "48px_v3.7_2024-01-10"
      }
    },
    {
      "type": "Feature",
      "geometry": {
        "type": "Point",
        "coordinates": [
          -1.7373397443568306,
          6.275577151319674
        ]
      },
      "properties": {
        "probability": 0.999992847442627,
        "lat": 6.275577151319674,
        "lon": -1.7373397443568306,
        "region": "Obuasi",
        "detected_at": "2026-07-13T08:51:51.297610",
        "model_version": "48px_v3.7_2024-01-10"
      }
    },
    {
      "type": "Feature",
      "geometry": {
        "type": "Point",
        "coordinates": [
          -1.7373397443568308,
          6.273401313161622
        ]
      },
      "properties": {
        "probability": 1.0,
        "lat": 6.273401313161622,
        "lon": -1.7373397443568308,
        "region": "Obuasi",
        "detected_at": "2026-07-13T08:51:51.297703",
        "model_version": "48px_v3.7_2024-01-10"
      }
    },
    {
      "type": "Feature",
      "geometry": {
        "type": "Point",
        "coordinates": [
          -1.7373397443568306,
          6.271225475003571
        ]
      },
      "properties": {
        "probability": 0.9999998807907104,
        "lat": 6.271225475003571,
        "lon": -1.7373397443568306,
        "region": "Obuasi",
        "detected_at": "2026-07-13T08:51:51.297795",
        "model_version": "48px_v3.7_2024-01-10"
      }
    },
    {
      "type": "Feature",
      "geometry": {
        "type": "Point",
        "coordinates": [
          -1.7373397443568306,
          6.269049636845518
        ]
      },
      "properties": {
        "probability": 0.999997615814209,
        "lat": 6.269049636845518,
        "lon": -1.7373397443568306,
        "region": "Obuasi",
        "detected_at": "2026-07-13T08:51:51.297886",
        "model_version": "48px_v3.7_2024-01-10"
      }
    },
    {
      "type": "Feature",
      "geometry": {
        "type": "Point",
        "coordinates": [
          -1.7373397443568308,
          6.266873798687468
        ]
      },
      "properties": {
        "probability": 0.9994372129440308,
        "lat": 6.266873798687468,
        "lon": -1.7373397443568308,
        "region": "Obuasi",
        "detected_at": "2026-07-13T08:51:51.297976",
        "model_version": "48px_v3.7_2024-01-10"
      }
    },
    {
      "type": "Feature",
      "geometry": {
        "type": "Point",
        "coordinates": [
          -1.7373397443568306,
          6.264697960529416
        ]
      },
      "properties": {
        "probability": 0.9999989867210388,
        "lat": 6.264697960529416,
        "lon": -1.7373397443568306,
        "region": "Obuasi",
        "detected_at": "2026-07-13T08:51:51.298066",
        "model_version": "48px_v3.7_2024-01-10"
      }
    },
    {
      "type": "Feature",
      "geometry": {
        "type": "Point",
        "coordinates": [
          -1.7373397443568306,
          6.262522122371365
        ]
      },
      "properties": {
        "probability": 0.9999992847442627,
        "lat": 6.262522122371365,
        "lon": -1.7373397443568306,
        "region": "Obuasi",
        "detected_at": "2026-07-13T08:51:51.298157",
        "model_version": "48px_v3.7_2024-01-10"
      }
    },
    {
      "type": "Feature",
      "geometry": {
        "type": "Point",
        "coordinates": [
          -1.7373397443568308,
          6.2603462842133135
        ]
      },
      "properties": {
        "probability": 0.9996895790100098,
        "lat": 6.2603462842133135,
        "lon": -1.7373397443568308,
        "region": "Obuasi",
        "detected_at": "2026-07-13T08:51:51.298247",
        "model_version": "48px_v3.7_2024-01-10"
      }
    },
    {
      "type": "Feature",
      "geometry": {
        "type": "Point",
        "coordinates": [
          -1.7373397443568308,
          6.258170446055261
        ]
      },
      "properties": {
        "probability": 0.8992648720741272,
        "lat": 6.258170446055261,
        "lon": -1.7373397443568308,
        "region": "Obuasi",
        "detected_at": "2026-07-13T08:51:51.298337",
        "model_version": "48px_v3.7_2024-01-10"
      }
    },
    {
      "type": "Feature",
      "geometry": {
        "type": "Point",
        "coordinates": [
          -1.7351652593728442,
          6.292983856584086
        ]
      },
      "properties": {
        "probability": 0.9994470477104187,
        "lat": 6.292983856584086,
        "lon": -1.7351652593728442,
        "region": "Obuasi",
        "detected_at": "2026-07-13T08:51:51.298439",
        "model_version": "48px_v3.7_2024-01-10"
      }
    },
    {
      "type": "Feature",
      "geometry": {
        "type": "Point",
        "coordinates": [
          -1.7351652593728442,
          6.290808018426032
        ]
      },
      "properties": {
        "probability": 0.9983400106430054,
        "lat": 6.290808018426032,
        "lon": -1.7351652593728442,
        "region": "Obuasi",
        "detected_at": "2026-07-13T08:51:51.298561",
        "model_version": "48px_v3.7_2024-01-10"
      }
    },
    {
      "type": "Feature",
      "geometry": {
        "type": "Point",
        "coordinates": [
          -1.7351652593728442,
          6.284280503951878
        ]
      },
      "properties": {
        "probability": 0.9991728067398071,
        "lat": 6.284280503951878,
        "lon": -1.7351652593728442,
        "region": "Obuasi",
        "detected_at": "2026-07-13T08:51:51.298657",
        "model_version": "48px_v3.7_2024-01-10"
      }
    },
    {
      "type": "Feature",
      "geometry": {
        "type": "Point",
        "coordinates": [
          -1.7351652593728442,
          6.2821046657938275
        ]
      },
      "properties": {
        "probability": 0.9979556202888489,
        "lat": 6.2821046657938275,
        "lon": -1.7351652593728442,
        "region": "Obuasi",
        "detected_at": "2026-07-13T08:51:51.298757",
        "model_version": "48px_v3.7_2024-01-10"
      }
    },
    {
      "type": "Feature",
      "geometry": {
        "type": "Point",
        "coordinates": [
          -1.7351652593728442,
          6.279928827635777
        ]
      },
      "properties": {
        "probability": 0.971569299697876,
        "lat": 6.279928827635777,
        "lon": -1.7351652593728442,
        "region": "Obuasi",
        "detected_at": "2026-07-13T08:51:51.298849",
        "model_version": "48px_v3.7_2024-01-10"
      }
    },
    {
      "type": "Feature",
      "geometry": {
        "type": "Point",
        "coordinates": [
          -1.7351652593728442,
          6.277752989477724
        ]
      },
      "properties": {
        "probability": 0.9172273278236389,
        "lat": 6.277752989477724,
        "lon": -1.7351652593728442,
        "region": "Obuasi",
        "detected_at": "2026-07-13T08:51:51.298941",
        "model_version": "48px_v3.7_2024-01-10"
      }
    },
    {
      "type": "Feature",
      "geometry": {
        "type": "Point",
        "coordinates": [
          -1.7351652593728442,
          6.275577151319673
        ]
      },
      "properties": {
        "probability": 0.8731135129928589,
        "lat": 6.275577151319673,
        "lon": -1.7351652593728442,
        "region": "Obuasi",
        "detected_at": "2026-07-13T08:51:51.299043",
        "model_version": "48px_v3.7_2024-01-10"
      }
    },
    {
      "type": "Feature",
      "geometry": {
        "type": "Point",
        "coordinates": [
          -1.7351652593728442,
          6.273401313161621
        ]
      },
      "properties": {
        "probability": 0.9987307786941528,
        "lat": 6.273401313161621,
        "lon": -1.7351652593728442,
        "region": "Obuasi",
        "detected_at": "2026-07-13T08:51:51.299136",
        "model_version": "48px_v3.7_2024-01-10"
      }
    },
    {
      "type": "Feature",
      "geometry": {
        "type": "Point",
        "coordinates": [
          -1.7351652593728442,
          6.27122547500357
        ]
      },
      "properties": {
        "probability": 0.9999118447303772,
        "lat": 6.27122547500357,
        "lon": -1.7351652593728442,
        "region": "Obuasi",
        "detected_at": "2026-07-13T08:51:51.299227",
        "model_version": "48px_v3.7_2024-01-10"
      }
    },
    {
      "type": "Feature",
      "geometry": {
        "type": "Point",
        "coordinates": [
          -1.7351652593728442,
          6.269049636845518
        ]
      },
      "properties": {
        "probability": 0.9999953508377075,
        "lat": 6.269049636845518,
        "lon": -1.7351652593728442,
        "region": "Obuasi",
        "detected_at": "2026-07-13T08:51:51.299318",
        "model_version": "48px_v3.7_2024-01-10"
      }
    },
    {
      "type": "Feature",
      "geometry": {
        "type": "Point",
        "coordinates": [
          -1.7351652593728442,
          6.2668737986874685
        ]
      },
      "properties": {
        "probability": 1.0,
        "lat": 6.2668737986874685,
        "lon": -1.7351652593728442,
        "region": "Obuasi",
        "detected_at": "2026-07-13T08:51:51.299409",
        "model_version": "48px_v3.7_2024-01-10"
      }
    },
    {
      "type": "Feature",
      "geometry": {
        "type": "Point",
        "coordinates": [
          -1.7351652593728442,
          6.264697960529416
        ]
      },
      "properties": {
        "probability": 1.0,
        "lat": 6.264697960529416,
        "lon": -1.7351652593728442,
        "region": "Obuasi",
        "detected_at": "2026-07-13T08:51:51.299526",
        "model_version": "48px_v3.7_2024-01-10"
      }
    },
    {
      "type": "Feature",
      "geometry": {
        "type": "Point",
        "coordinates": [
          -1.7351652593728442,
          6.262522122371365
        ]
      },
      "properties": {
        "probability": 0.9498274326324463,
        "lat": 6.262522122371365,
        "lon": -1.7351652593728442,
        "region": "Obuasi",
        "detected_at": "2026-07-13T08:51:51.299621",
        "model_version": "48px_v3.7_2024-01-10"
      }
    },
    {
      "type": "Feature",
      "geometry": {
        "type": "Point",
        "coordinates": [
          -1.7329907743888575,
          6.292983856584086
        ]
      },
      "properties": {
        "probability": 0.9904313087463379,
        "lat": 6.292983856584086,
        "lon": -1.7329907743888575,
        "region": "Obuasi",
        "detected_at": "2026-07-13T08:51:51.299712",
        "model_version": "48px_v3.7_2024-01-10"
      }
    },
    {
      "type": "Feature",
      "geometry": {
        "type": "Point",
        "coordinates": [
          -1.7329907743888575,
          6.290808018426032
        ]
      },
      "properties": {
        "probability": 0.9999993443489075,
        "lat": 6.290808018426032,
        "lon": -1.7329907743888575,
        "region": "Obuasi",
        "detected_at": "2026-07-13T08:51:51.299804",
        "model_version": "48px_v3.7_2024-01-10"
      }
    },
    {
      "type": "Feature",
      "geometry": {
        "type": "Point",
        "coordinates": [
          -1.7329907743888575,
          6.288632180267982
        ]
      },
      "properties": {
        "probability": 0.9999971389770508,
        "lat": 6.288632180267982,
        "lon": -1.7329907743888575,
        "region": "Obuasi",
        "detected_at": "2026-07-13T08:51:51.299896",
        "model_version": "48px_v3.7_2024-01-10"
      }
    },
    {
      "type": "Feature",
      "geometry": {
        "type": "Point",
        "coordinates": [
          -1.7329907743888575,
          6.286456342109931
        ]
      },
      "properties": {
        "probability": 0.9206187725067139,
        "lat": 6.286456342109931,
        "lon": -1.7329907743888575,
        "region": "Obuasi",
        "detected_at": "2026-07-13T08:51:51.299994",
        "model_version": "48px_v3.7_2024-01-10"
      }
    },
    {
      "type": "Feature",
      "geometry": {
        "type": "Point",
        "coordinates": [
          -1.7329907743888575,
          6.284280503951878
        ]
      },
      "properties": {
        "probability": 0.9993634819984436,
        "lat": 6.284280503951878,
        "lon": -1.7329907743888575,
        "region": "Obuasi",
        "detected_at": "2026-07-13T08:51:51.300087",
        "model_version": "48px_v3.7_2024-01-10"
      }
    },
    {
      "type": "Feature",
      "geometry": {
        "type": "Point",
        "coordinates": [
          -1.7329907743888575,
          6.2821046657938275
        ]
      },
      "properties": {
        "probability": 0.9999998211860657,
        "lat": 6.2821046657938275,
        "lon": -1.7329907743888575,
        "region": "Obuasi",
        "detected_at": "2026-07-13T08:51:51.300179",
        "model_version": "48px_v3.7_2024-01-10"
      }
    },
    {
      "type": "Feature",
      "geometry": {
        "type": "Point",
        "coordinates": [
          -1.7329907743888575,
          6.279928827635777
        ]
      },
      "properties": {
        "probability": 0.9999971389770508,
        "lat": 6.279928827635777,
        "lon": -1.7329907743888575,
        "region": "Obuasi",
        "detected_at": "2026-07-13T08:51:51.300270",
        "model_version": "48px_v3.7_2024-01-10"
      }
    },
    {
      "type": "Feature",
      "geometry": {
        "type": "Point",
        "coordinates": [
          -1.7329907743888575,
          6.277752989477724
        ]
      },
      "properties": {
        "probability": 0.9910348653793335,
        "lat": 6.277752989477724,
        "lon": -1.7329907743888575,
        "region": "Obuasi",
        "detected_at": "2026-07-13T08:51:51.300362",
        "model_version": "48px_v3.7_2024-01-10"
      }
    },
    {
      "type": "Feature",
      "geometry": {
        "type": "Point",
        "coordinates": [
          -1.7329907743888575,
          6.275577151319673
        ]
      },
      "properties": {
        "probability": 0.9965916275978088,
        "lat": 6.275577151319673,
        "lon": -1.7329907743888575,
        "region": "Obuasi",
        "detected_at": "2026-07-13T08:51:51.300474",
        "model_version": "48px_v3.7_2024-01-10"
      }
    },
    {
      "type": "Feature",
      "geometry": {
        "type": "Point",
        "coordinates": [
          -1.7329907743888575,
          6.273401313161621
        ]
      },
      "properties": {
        "probability": 0.9999861717224121,
        "lat": 6.273401313161621,
        "lon": -1.7329907743888575,
        "region": "Obuasi",
        "detected_at": "2026-07-13T08:51:51.300577",
        "model_version": "48px_v3.7_2024-01-10"
      }
    },
    {
      "type": "Feature",
      "geometry": {
        "type": "Point",
        "coordinates": [
          -1.7329907743888575,
          6.27122547500357
        ]
      },
      "properties": {
        "probability": 0.9996314644813538,
        "lat": 6.27122547500357,
        "lon": -1.7329907743888575,
        "region": "Obuasi",
        "detected_at": "2026-07-13T08:51:51.300675",
        "model_version": "48px_v3.7_2024-01-10"
      }
    },
    {
      "type": "Feature",
      "geometry": {
        "type": "Point",
        "coordinates": [
          -1.7329907743888575,
          6.2668737986874685
        ]
      },
      "properties": {
        "probability": 0.9998021721839905,
        "lat": 6.2668737986874685,
        "lon": -1.7329907743888575,
        "region": "Obuasi",
        "detected_at": "2026-07-13T08:51:51.300767",
        "model_version": "48px_v3.7_2024-01-10"
      }
    },
    {
      "type": "Feature",
      "geometry": {
        "type": "Point",
        "coordinates": [
          -1.7329907743888575,
          6.264697960529416
        ]
      },
      "properties": {
        "probability": 0.9994810223579407,
        "lat": 6.264697960529416,
        "lon": -1.7329907743888575,
        "region": "Obuasi",
        "detected_at": "2026-07-13T08:51:51.300865",
        "model_version": "48px_v3.7_2024-01-10"
      }
    },
    {
      "type": "Feature",
      "geometry": {
        "type": "Point",
        "coordinates": [
          -1.7308162894048706,
          6.290808018426032
        ]
      },
      "properties": {
        "probability": 0.9979690909385681,
        "lat": 6.290808018426032,
        "lon": -1.7308162894048706,
        "region": "Obuasi",
        "detected_at": "2026-07-13T08:51:51.300962",
        "model_version": "48px_v3.7_2024-01-10"
      }
    },
    {
      "type": "Feature",
      "geometry": {
        "type": "Point",
        "coordinates": [
          -1.7308162894048709,
          6.288632180267982
        ]
      },
      "properties": {
        "probability": 1.0,
        "lat": 6.288632180267982,
        "lon": -1.7308162894048709,
        "region": "Obuasi",
        "detected_at": "2026-07-13T08:51:51.301053",
        "model_version": "48px_v3.7_2024-01-10"
      }
    },
    {
      "type": "Feature",
      "geometry": {
        "type": "Point",
        "coordinates": [
          -1.7308162894048706,
          6.286456342109931
        ]
      },
      "properties": {
        "probability": 0.9999996423721313,
        "lat": 6.286456342109931,
        "lon": -1.7308162894048706,
        "region": "Obuasi",
        "detected_at": "2026-07-13T08:51:51.301144",
        "model_version": "48px_v3.7_2024-01-10"
      }
    },
    {
      "type": "Feature",
      "geometry": {
        "type": "Point",
        "coordinates": [
          -1.7308162894048706,
          6.284280503951877
        ]
      },
      "properties": {
        "probability": 0.9990740418434143,
        "lat": 6.284280503951877,
        "lon": -1.7308162894048706,
        "region": "Obuasi",
        "detected_at": "2026-07-13T08:51:51.301235",
        "model_version": "48px_v3.7_2024-01-10"
      }
    },
    {
      "type": "Feature",
      "geometry": {
        "type": "Point",
        "coordinates": [
          -1.7308162894048709,
          6.2821046657938275
        ]
      },
      "properties": {
        "probability": 0.9999976754188538,
        "lat": 6.2821046657938275,
        "lon": -1.7308162894048709,
        "region": "Obuasi",
        "detected_at": "2026-07-13T08:51:51.301327",
        "model_version": "48px_v3.7_2024-01-10"
      }
    },
    {
      "type": "Feature",
      "geometry": {
        "type": "Point",
        "coordinates": [
          -1.7308162894048709,
          6.279928827635776
        ]
      },
      "properties": {
        "probability": 0.9999536871910095,
        "lat": 6.279928827635776,
        "lon": -1.7308162894048709,
        "region": "Obuasi",
        "detected_at": "2026-07-13T08:51:51.301417",
        "model_version": "48px_v3.7_2024-01-10"
      }
    },
    {
      "type": "Feature",
      "geometry": {
        "type": "Point",
        "coordinates": [
          -1.7308162894048706,
          6.277752989477724
        ]
      },
      "properties": {
        "probability": 0.9998917579650879,
        "lat": 6.277752989477724,
        "lon": -1.7308162894048706,
        "region": "Obuasi",
        "detected_at": "2026-07-13T08:51:51.301540",
        "model_version": "48px_v3.7_2024-01-10"
      }
    },
    {
      "type": "Feature",
      "geometry": {
        "type": "Point",
        "coordinates": [
          -1.7308162894048706,
          6.275577151319674
        ]
      },
      "properties": {
        "probability": 0.997567892074585,
        "lat": 6.275577151319674,
        "lon": -1.7308162894048706,
        "region": "Obuasi",
        "detected_at": "2026-07-13T08:51:51.301648",
        "model_version": "48px_v3.7_2024-01-10"
      }
    },
    {
      "type": "Feature",
      "geometry": {
        "type": "Point",
        "coordinates": [
          -1.7308162894048709,
          6.273401313161622
        ]
      },
      "properties": {
        "probability": 0.9999891519546509,
        "lat": 6.273401313161622,
        "lon": -1.7308162894048709,
        "region": "Obuasi",
        "detected_at": "2026-07-13T08:51:51.301742",
        "model_version": "48px_v3.7_2024-01-10"
      }
    },
    {
      "type": "Feature",
      "geometry": {
        "type": "Point",
        "coordinates": [
          -1.7308162894048706,
          6.271225475003571
        ]
      },
      "properties": {
        "probability": 0.999994158744812,
        "lat": 6.271225475003571,
        "lon": -1.7308162894048706,
        "region": "Obuasi",
        "detected_at": "2026-07-13T08:51:51.301835",
        "model_version": "48px_v3.7_2024-01-10"
      }
    },
    {
      "type": "Feature",
      "geometry": {
        "type": "Point",
        "coordinates": [
          -1.7308162894048706,
          6.269049636845518
        ]
      },
      "properties": {
        "probability": 0.9852835536003113,
        "lat": 6.269049636845518,
        "lon": -1.7308162894048706,
        "region": "Obuasi",
        "detected_at": "2026-07-13T08:51:51.301933",
        "model_version": "48px_v3.7_2024-01-10"
      }
    },
    {
      "type": "Feature",
      "geometry": {
        "type": "Point",
        "coordinates": [
          -1.7308162894048709,
          6.258170446055261
        ]
      },
      "properties": {
        "probability": 0.8218264579772949,
        "lat": 6.258170446055261,
        "lon": -1.7308162894048709,
        "region": "Obuasi",
        "detected_at": "2026-07-13T08:51:51.302026",
        "model_version": "48px_v3.7_2024-01-10"
      }
    },
    {
      "type": "Feature",
      "geometry": {
        "type": "Point",
        "coordinates": [
          -1.7308162894048706,
          6.25599460789721
        ]
      },
      "properties": {
        "probability": 0.9987800717353821,
        "lat": 6.25599460789721,
        "lon": -1.7308162894048706,
        "region": "Obuasi",
        "detected_at": "2026-07-13T08:51:51.302125",
        "model_version": "48px_v3.7_2024-01-10"
      }
    },
    {
      "type": "Feature",
      "geometry": {
        "type": "Point",
        "coordinates": [
          -1.7308162894048706,
          6.253818769739159
        ]
      },
      "properties": {
        "probability": 0.9999566674232483,
        "lat": 6.253818769739159,
        "lon": -1.7308162894048706,
        "region": "Obuasi",
        "detected_at": "2026-07-13T08:51:51.302220",
        "model_version": "48px_v3.7_2024-01-10"
      }
    },
    {
      "type": "Feature",
      "geometry": {
        "type": "Point",
        "coordinates": [
          -1.728641804420884,
          6.288632180267982
        ]
      },
      "properties": {
        "probability": 0.9999704360961914,
        "lat": 6.288632180267982,
        "lon": -1.728641804420884,
        "region": "Obuasi",
        "detected_at": "2026-07-13T08:51:51.302313",
        "model_version": "48px_v3.7_2024-01-10"
      }
    },
    {
      "type": "Feature",
      "geometry": {
        "type": "Point",
        "coordinates": [
          -1.7286418044208838,
          6.286456342109931
        ]
      },
      "properties": {
        "probability": 0.9999713897705078,
        "lat": 6.286456342109931,
        "lon": -1.7286418044208838,
        "region": "Obuasi",
        "detected_at": "2026-07-13T08:51:51.302407",
        "model_version": "48px_v3.7_2024-01-10"
      }
    },
    {
      "type": "Feature",
      "geometry": {
        "type": "Point",
        "coordinates": [
          -1.7286418044208838,
          6.284280503951878
        ]
      },
      "properties": {
        "probability": 0.999756932258606,
        "lat": 6.284280503951878,
        "lon": -1.7286418044208838,
        "region": "Obuasi",
        "detected_at": "2026-07-13T08:51:51.302531",
        "model_version": "48px_v3.7_2024-01-10"
      }
    },
    {
      "type": "Feature",
      "geometry": {
        "type": "Point",
        "coordinates": [
          -1.728641804420884,
          6.2821046657938275
        ]
      },
      "properties": {
        "probability": 0.999847412109375,
        "lat": 6.2821046657938275,
        "lon": -1.728641804420884,
        "region": "Obuasi",
        "detected_at": "2026-07-13T08:51:51.302633",
        "model_version": "48px_v3.7_2024-01-10"
      }
    },
    {
      "type": "Feature",
      "geometry": {
        "type": "Point",
        "coordinates": [
          -1.7286418044208838,
          6.277752989477724
        ]
      },
      "properties": {
        "probability": 0.857830286026001,
        "lat": 6.277752989477724,
        "lon": -1.7286418044208838,
        "region": "Obuasi",
        "detected_at": "2026-07-13T08:51:51.302726",
        "model_version": "48px_v3.7_2024-01-10"
      }
    },
    {
      "type": "Feature",
      "geometry": {
        "type": "Point",
        "coordinates": [
          -1.728641804420884,
          6.2603462842133135
        ]
      },
      "properties": {
        "probability": 0.9930096864700317,
        "lat": 6.2603462842133135,
        "lon": -1.728641804420884,
        "region": "Obuasi",
        "detected_at": "2026-07-13T08:51:51.302829",
        "model_version": "48px_v3.7_2024-01-10"
      }
    },
    {
      "type": "Feature",
      "geometry": {
        "type": "Point",
        "coordinates": [
          -1.728641804420884,
          6.258170446055262
        ]
      },
      "properties": {
        "probability": 0.9999997019767761,
        "lat": 6.258170446055262,
        "lon": -1.728641804420884,
        "region": "Obuasi",
        "detected_at": "2026-07-13T08:51:51.302922",
        "model_version": "48px_v3.7_2024-01-10"
      }
    },
    {
      "type": "Feature",
      "geometry": {
        "type": "Point",
        "coordinates": [
          -1.7286418044208838,
          6.255994607897211
        ]
      },
      "properties": {
        "probability": 1.0,
        "lat": 6.255994607897211,
        "lon": -1.7286418044208838,
        "region": "Obuasi",
        "detected_at": "2026-07-13T08:51:51.303014",
        "model_version": "48px_v3.7_2024-01-10"
      }
    },
    {
      "type": "Feature",
      "geometry": {
        "type": "Point",
        "coordinates": [
          -1.7264673194368974,
          6.288632180267982
        ]
      },
      "properties": {
        "probability": 0.9995484352111816,
        "lat": 6.288632180267982,
        "lon": -1.7264673194368974,
        "region": "Obuasi",
        "detected_at": "2026-07-13T08:51:51.303115",
        "model_version": "48px_v3.7_2024-01-10"
      }
    },
    {
      "type": "Feature",
      "geometry": {
        "type": "Point",
        "coordinates": [
          -1.7264673194368974,
          6.286456342109931
        ]
      },
      "properties": {
        "probability": 0.9903092980384827,
        "lat": 6.286456342109931,
        "lon": -1.7264673194368974,
        "region": "Obuasi",
        "detected_at": "2026-07-13T08:51:51.303208",
        "model_version": "48px_v3.7_2024-01-10"
      }
    },
    {
      "type": "Feature",
      "geometry": {
        "type": "Point",
        "coordinates": [
          -1.7264673194368974,
          6.284280503951878
        ]
      },
      "properties": {
        "probability": 0.9918825626373291,
        "lat": 6.284280503951878,
        "lon": -1.7264673194368974,
        "region": "Obuasi",
        "detected_at": "2026-07-13T08:51:51.303305",
        "model_version": "48px_v3.7_2024-01-10"
      }
    },
    {
      "type": "Feature",
      "geometry": {
        "type": "Point",
        "coordinates": [
          -1.7264673194368974,
          6.2821046657938275
        ]
      },
      "properties": {
        "probability": 0.9824848771095276,
        "lat": 6.2821046657938275,
        "lon": -1.7264673194368974,
        "region": "Obuasi",
        "detected_at": "2026-07-13T08:51:51.303398",
        "model_version": "48px_v3.7_2024-01-10"
      }
    },
    {
      "type": "Feature",
      "geometry": {
        "type": "Point",
        "coordinates": [
          -1.7264673194368974,
          6.273401313161621
        ]
      },
      "properties": {
        "probability": 0.9843773245811462,
        "lat": 6.273401313161621,
        "lon": -1.7264673194368974,
        "region": "Obuasi",
        "detected_at": "2026-07-13T08:51:51.303513",
        "model_version": "48px_v3.7_2024-01-10"
      }
    },
    {
      "type": "Feature",
      "geometry": {
        "type": "Point",
        "coordinates": [
          -1.7264673194368974,
          6.258170446055262
        ]
      },
      "properties": {
        "probability": 0.9999744296073914,
        "lat": 6.258170446055262,
        "lon": -1.7264673194368974,
        "region": "Obuasi",
        "detected_at": "2026-07-13T08:51:51.303610",
        "model_version": "48px_v3.7_2024-01-10"
      }
    },
    {
      "type": "Feature",
      "geometry": {
        "type": "Point",
        "coordinates": [
          -1.7242928344529107,
          6.288632180267982
        ]
      },
      "properties": {
        "probability": 0.9971426725387573,
        "lat": 6.288632180267982,
        "lon": -1.7242928344529107,
        "region": "Obuasi",
        "detected_at": "2026-07-13T08:51:51.303710",
        "model_version": "48px_v3.7_2024-01-10"
      }
    },
    {
      "type": "Feature",
      "geometry": {
        "type": "Point",
        "coordinates": [
          -1.7242928344529107,
          6.273401313161622
        ]
      },
      "properties": {
        "probability": 0.9496095776557922,
        "lat": 6.273401313161622,
        "lon": -1.7242928344529107,
        "region": "Obuasi",
        "detected_at": "2026-07-13T08:51:51.303803",
        "model_version": "48px_v3.7_2024-01-10"
      }
    },
    {
      "type": "Feature",
      "geometry": {
        "type": "Point",
        "coordinates": [
          -1.7242928344529103,
          6.271225475003571
        ]
      },
      "properties": {
        "probability": 0.9872050285339355,
        "lat": 6.271225475003571,
        "lon": -1.7242928344529103,
        "region": "Obuasi",
        "detected_at": "2026-07-13T08:51:51.303895",
        "model_version": "48px_v3.7_2024-01-10"
      }
    },
    {
      "type": "Feature",
      "geometry": {
        "type": "Point",
        "coordinates": [
          -1.7242928344529107,
          6.2603462842133135
        ]
      },
      "properties": {
        "probability": 0.8857114315032959,
        "lat": 6.2603462842133135,
        "lon": -1.7242928344529107,
        "region": "Obuasi",
        "detected_at": "2026-07-13T08:51:51.303986",
        "model_version": "48px_v3.7_2024-01-10"
      }
    },
    {
      "type": "Feature",
      "geometry": {
        "type": "Point",
        "coordinates": [
          -1.7242928344529107,
          6.258170446055261
        ]
      },
      "properties": {
        "probability": 0.9999856352806091,
        "lat": 6.258170446055261,
        "lon": -1.7242928344529107,
        "region": "Obuasi",
        "detected_at": "2026-07-13T08:51:51.304077",
        "model_version": "48px_v3.7_2024-01-10"
      }
    },
    {
      "type": "Feature",
      "geometry": {
        "type": "Point",
        "coordinates": [
          -1.7221183494689238,
          6.288632180267982
        ]
      },
      "properties": {
        "probability": 0.8956253528594971,
        "lat": 6.288632180267982,
        "lon": -1.7221183494689238,
        "region": "Obuasi",
        "detected_at": "2026-07-13T08:51:51.304168",
        "model_version": "48px_v3.7_2024-01-10"
      }
    },
    {
      "type": "Feature",
      "geometry": {
        "type": "Point",
        "coordinates": [
          -1.7221183494689236,
          6.277752989477724
        ]
      },
      "properties": {
        "probability": 0.9780747890472412,
        "lat": 6.277752989477724,
        "lon": -1.7221183494689236,
        "region": "Obuasi",
        "detected_at": "2026-07-13T08:51:51.304260",
        "model_version": "48px_v3.7_2024-01-10"
      }
    },
    {
      "type": "Feature",
      "geometry": {
        "type": "Point",
        "coordinates": [
          -1.7221183494689236,
          6.275577151319673
        ]
      },
      "properties": {
        "probability": 0.9931703209877014,
        "lat": 6.275577151319673,
        "lon": -1.7221183494689236,
        "region": "Obuasi",
        "detected_at": "2026-07-13T08:51:51.304352",
        "model_version": "48px_v3.7_2024-01-10"
      }
    },
    {
      "type": "Feature",
      "geometry": {
        "type": "Point",
        "coordinates": [
          -1.7221183494689238,
          6.2668737986874685
        ]
      },
      "properties": {
        "probability": 0.8990597724914551,
        "lat": 6.2668737986874685,
        "lon": -1.7221183494689238,
        "region": "Obuasi",
        "detected_at": "2026-07-13T08:51:51.304443",
        "model_version": "48px_v3.7_2024-01-10"
      }
    },
    {
      "type": "Feature",
      "geometry": {
        "type": "Point",
        "coordinates": [
          -1.7221183494689236,
          6.264697960529416
        ]
      },
      "properties": {
        "probability": 0.9997878074645996,
        "lat": 6.264697960529416,
        "lon": -1.7221183494689236,
        "region": "Obuasi",
        "detected_at": "2026-07-13T08:51:51.304562",
        "model_version": "48px_v3.7_2024-01-10"
      }
    },
    {
      "type": "Feature",
      "geometry": {
        "type": "Point",
        "coordinates": [
          -1.7221183494689236,
          6.262522122371365
        ]
      },
      "properties": {
        "probability": 0.9994239807128906,
        "lat": 6.262522122371365,
        "lon": -1.7221183494689236,
        "region": "Obuasi",
        "detected_at": "2026-07-13T08:51:51.304663",
        "model_version": "48px_v3.7_2024-01-10"
      }
    },
    {
      "type": "Feature",
      "geometry": {
        "type": "Point",
        "coordinates": [
          -1.7221183494689238,
          6.2603462842133135
        ]
      },
      "properties": {
        "probability": 0.9999287724494934,
        "lat": 6.2603462842133135,
        "lon": -1.7221183494689238,
        "region": "Obuasi",
        "detected_at": "2026-07-13T08:51:51.304766",
        "model_version": "48px_v3.7_2024-01-10"
      }
    },
    {
      "type": "Feature",
      "geometry": {
        "type": "Point",
        "coordinates": [
          -1.7221183494689238,
          6.258170446055262
        ]
      },
      "properties": {
        "probability": 0.9999993443489075,
        "lat": 6.258170446055262,
        "lon": -1.7221183494689238,
        "region": "Obuasi",
        "detected_at": "2026-07-13T08:51:51.304859",
        "model_version": "48px_v3.7_2024-01-10"
      }
    },
    {
      "type": "Feature",
      "geometry": {
        "type": "Point",
        "coordinates": [
          -1.7199438644849374,
          6.284280503951878
        ]
      },
      "properties": {
        "probability": 0.9803090691566467,
        "lat": 6.284280503951878,
        "lon": -1.7199438644849374,
        "region": "Obuasi",
        "detected_at": "2026-07-13T08:51:51.304950",
        "model_version": "48px_v3.7_2024-01-10"
      }
    },
    {
      "type": "Feature",
      "geometry": {
        "type": "Point",
        "coordinates": [
          -1.7199438644849372,
          6.2821046657938275
        ]
      },
      "properties": {
        "probability": 0.9185263514518738,
        "lat": 6.2821046657938275,
        "lon": -1.7199438644849372,
        "region": "Obuasi",
        "detected_at": "2026-07-13T08:51:51.305056",
        "model_version": "48px_v3.7_2024-01-10"
      }
    },
    {
      "type": "Feature",
      "geometry": {
        "type": "Point",
        "coordinates": [
          -1.7199438644849374,
          6.277752989477724
        ]
      },
      "properties": {
        "probability": 0.9440924525260925,
        "lat": 6.277752989477724,
        "lon": -1.7199438644849374,
        "region": "Obuasi",
        "detected_at": "2026-07-13T08:51:51.305147",
        "model_version": "48px_v3.7_2024-01-10"
      }
    },
    {
      "type": "Feature",
      "geometry": {
        "type": "Point",
        "coordinates": [
          -1.7199438644849374,
          6.275577151319673
        ]
      },
      "properties": {
        "probability": 0.9990646243095398,
        "lat": 6.275577151319673,
        "lon": -1.7199438644849374,
        "region": "Obuasi",
        "detected_at": "2026-07-13T08:51:51.305253",
        "model_version": "48px_v3.7_2024-01-10"
      }
    },
    {
      "type": "Feature",
      "geometry": {
        "type": "Point",
        "coordinates": [
          -1.7199438644849372,
          6.2668737986874685
        ]
      },
      "properties": {
        "probability": 0.9292845726013184,
        "lat": 6.2668737986874685,
        "lon": -1.7199438644849372,
        "region": "Obuasi",
        "detected_at": "2026-07-13T08:51:51.305346",
        "model_version": "48px_v3.7_2024-01-10"
      }
    },
    {
      "type": "Feature",
      "geometry": {
        "type": "Point",
        "coordinates": [
          -1.7199438644849374,
          6.264697960529416
        ]
      },
      "properties": {
        "probability": 0.9998690485954285,
        "lat": 6.264697960529416,
        "lon": -1.7199438644849374,
        "region": "Obuasi",
        "detected_at": "2026-07-13T08:51:51.305436",
        "model_version": "48px_v3.7_2024-01-10"
      }
    },
    {
      "type": "Feature",
      "geometry": {
        "type": "Point",
        "coordinates": [
          -1.7199438644849374,
          6.262522122371365
        ]
      },
      "properties": {
        "probability": 0.9998766779899597,
        "lat": 6.262522122371365,
        "lon": -1.7199438644849374,
        "region": "Obuasi",
        "detected_at": "2026-07-13T08:51:51.305554",
        "model_version": "48px_v3.7_2024-01-10"
      }
    },
    {
      "type": "Feature",
      "geometry": {
        "type": "Point",
        "coordinates": [
          -1.7199438644849372,
          6.2603462842133135
        ]
      },
      "properties": {
        "probability": 0.9999585151672363,
        "lat": 6.2603462842133135,
        "lon": -1.7199438644849372,
        "region": "Obuasi",
        "detected_at": "2026-07-13T08:51:51.305651",
        "model_version": "48px_v3.7_2024-01-10"
      }
    },
    {
      "type": "Feature",
      "geometry": {
        "type": "Point",
        "coordinates": [
          -1.7199438644849372,
          6.258170446055262
        ]
      },
      "properties": {
        "probability": 0.9996951222419739,
        "lat": 6.258170446055262,
        "lon": -1.7199438644849372,
        "region": "Obuasi",
        "detected_at": "2026-07-13T08:51:51.305747",
        "model_version": "48px_v3.7_2024-01-10"
      }
    },
    {
      "type": "Feature",
      "geometry": {
        "type": "Point",
        "coordinates": [
          -1.71776937950095,
          6.266873798687468
        ]
      },
      "properties": {
        "probability": 0.9432733058929443,
        "lat": 6.266873798687468,
        "lon": -1.71776937950095,
        "region": "Obuasi",
        "detected_at": "2026-07-13T08:51:51.305850",
        "model_version": "48px_v3.7_2024-01-10"
      }
    },
    {
      "type": "Feature",
      "geometry": {
        "type": "Point",
        "coordinates": [
          -1.7155948945169632,
          6.288632180267982
        ]
      },
      "properties": {
        "probability": 0.9033190608024597,
        "lat": 6.288632180267982,
        "lon": -1.7155948945169632,
        "region": "Obuasi",
        "detected_at": "2026-07-13T08:51:51.305942",
        "model_version": "48px_v3.7_2024-01-10"
      }
    },
    {
      "type": "Feature",
      "geometry": {
        "type": "Point",
        "coordinates": [
          -1.7155948945169632,
          6.2668737986874685
        ]
      },
      "properties": {
        "probability": 0.9907178282737732,
        "lat": 6.2668737986874685,
        "lon": -1.7155948945169632,
        "region": "Obuasi",
        "detected_at": "2026-07-13T08:51:51.306034",
        "model_version": "48px_v3.7_2024-01-10"
      }
    },
    {
      "type": "Feature",
      "geometry": {
        "type": "Point",
        "coordinates": [
          -1.7155948945169637,
          6.262522122371365
        ]
      },
      "properties": {
        "probability": 0.9610847234725952,
        "lat": 6.262522122371365,
        "lon": -1.7155948945169637,
        "region": "Obuasi",
        "detected_at": "2026-07-13T08:51:51.309345",
        "model_version": "48px_v3.7_2024-01-10"
      }
    },
    {
      "type": "Feature",
      "geometry": {
        "type": "Point",
        "coordinates": [
          -1.7155948945169632,
          6.2603462842133135
        ]
      },
      "properties": {
        "probability": 0.8010420799255371,
        "lat": 6.2603462842133135,
        "lon": -1.7155948945169632,
        "region": "Obuasi",
        "detected_at": "2026-07-13T08:51:51.309495",
        "model_version": "48px_v3.7_2024-01-10"
      }
    },
    {
      "type": "Feature",
      "geometry": {
        "type": "Point",
        "coordinates": [
          -1.713420409532977,
          6.292983856584086
        ]
      },
      "properties": {
        "probability": 0.9872079491615295,
        "lat": 6.292983856584086,
        "lon": -1.713420409532977,
        "region": "Obuasi",
        "detected_at": "2026-07-13T08:51:51.309602",
        "model_version": "48px_v3.7_2024-01-10"
      }
    },
    {
      "type": "Feature",
      "geometry": {
        "type": "Point",
        "coordinates": [
          -1.713420409532977,
          6.290808018426032
        ]
      },
      "properties": {
        "probability": 0.9978104829788208,
        "lat": 6.290808018426032,
        "lon": -1.713420409532977,
        "region": "Obuasi",
        "detected_at": "2026-07-13T08:51:51.309701",
        "model_version": "48px_v3.7_2024-01-10"
      }
    },
    {
      "type": "Feature",
      "geometry": {
        "type": "Point",
        "coordinates": [
          -1.713420409532977,
          6.288632180267982
        ]
      },
      "properties": {
        "probability": 0.9279786348342896,
        "lat": 6.288632180267982,
        "lon": -1.713420409532977,
        "region": "Obuasi",
        "detected_at": "2026-07-13T08:51:51.309798",
        "model_version": "48px_v3.7_2024-01-10"
      }
    },
    {
      "type": "Feature",
      "geometry": {
        "type": "Point",
        "coordinates": [
          -1.713420409532977,
          6.286456342109931
        ]
      },
      "properties": {
        "probability": 0.8041704297065735,
        "lat": 6.286456342109931,
        "lon": -1.713420409532977,
        "region": "Obuasi",
        "detected_at": "2026-07-13T08:51:51.309894",
        "model_version": "48px_v3.7_2024-01-10"
      }
    },
    {
      "type": "Feature",
      "geometry": {
        "type": "Point",
        "coordinates": [
          -1.713420409532977,
          6.284280503951878
        ]
      },
      "properties": {
        "probability": 0.9560441970825195,
        "lat": 6.284280503951878,
        "lon": -1.713420409532977,
        "region": "Obuasi",
        "detected_at": "2026-07-13T08:51:51.309991",
        "model_version": "48px_v3.7_2024-01-10"
      }
    },
    {
      "type": "Feature",
      "geometry": {
        "type": "Point",
        "coordinates": [
          -1.713420409532977,
          6.2821046657938275
        ]
      },
      "properties": {
        "probability": 0.9954589605331421,
        "lat": 6.2821046657938275,
        "lon": -1.713420409532977,
        "region": "Obuasi",
        "detected_at": "2026-07-13T08:51:51.310088",
        "model_version": "48px_v3.7_2024-01-10"
      }
    },
    {
      "type": "Feature",
      "geometry": {
        "type": "Point",
        "coordinates": [
          -1.713420409532977,
          6.262522122371365
        ]
      },
      "properties": {
        "probability": 0.9981507658958435,
        "lat": 6.262522122371365,
        "lon": -1.713420409532977,
        "region": "Obuasi",
        "detected_at": "2026-07-13T08:51:51.310182",
        "model_version": "48px_v3.7_2024-01-10"
      }
    },
    {
      "type": "Feature",
      "geometry": {
        "type": "Point",
        "coordinates": [
          -1.713420409532977,
          6.2603462842133135
        ]
      },
      "properties": {
        "probability": 0.9955847859382629,
        "lat": 6.2603462842133135,
        "lon": -1.713420409532977,
        "region": "Obuasi",
        "detected_at": "2026-07-13T08:51:51.310277",
        "model_version": "48px_v3.7_2024-01-10"
      }
    },
    {
      "type": "Feature",
      "geometry": {
        "type": "Point",
        "coordinates": [
          -1.7112459245489902,
          6.262522122371365
        ]
      },
      "properties": {
        "probability": 0.9993370771408081,
        "lat": 6.262522122371365,
        "lon": -1.7112459245489902,
        "region": "Obuasi",
        "detected_at": "2026-07-13T08:51:51.310372",
        "model_version": "48px_v3.7_2024-01-10"
      }
    },
    {
      "type": "Feature",
      "geometry": {
        "type": "Point",
        "coordinates": [
          -1.7112459245489902,
          6.2603462842133135
        ]
      },
      "properties": {
        "probability": 0.9631463289260864,
        "lat": 6.2603462842133135,
        "lon": -1.7112459245489902,
        "region": "Obuasi",
        "detected_at": "2026-07-13T08:51:51.310489",
        "model_version": "48px_v3.7_2024-01-10"
      }
    },
    {
      "type": "Feature",
      "geometry": {
        "type": "Point",
        "coordinates": [
          -1.7112459245489902,
          6.25599460789721
        ]
      },
      "properties": {
        "probability": 0.9950524568557739,
        "lat": 6.25599460789721,
        "lon": -1.7112459245489902,
        "region": "Obuasi",
        "detected_at": "2026-07-13T08:51:51.310588",
        "model_version": "48px_v3.7_2024-01-10"
      }
    },
    {
      "type": "Feature",
      "geometry": {
        "type": "Point",
        "coordinates": [
          -1.7090714395650033,
          6.258170446055262
        ]
      },
      "properties": {
        "probability": 0.8754845261573792,
        "lat": 6.258170446055262,
        "lon": -1.7090714395650033,
        "region": "Obuasi",
        "detected_at": "2026-07-13T08:51:51.310682",
        "model_version": "48px_v3.7_2024-01-10"
      }
    },
    {
      "type": "Feature",
      "geometry": {
        "type": "Point",
        "coordinates": [
          -1.7090714395650033,
          6.255994607897211
        ]
      },
      "properties": {
        "probability": 0.9999512434005737,
        "lat": 6.255994607897211,
        "lon": -1.7090714395650033,
        "region": "Obuasi",
        "detected_at": "2026-07-13T08:51:51.310775",
        "model_version": "48px_v3.7_2024-01-10"
      }
    },
    {
      "type": "Feature",
      "geometry": {
        "type": "Point",
        "coordinates": [
          -1.706896954581017,
          6.258170446055262
        ]
      },
      "properties": {
        "probability": 0.9954637885093689,
        "lat": 6.258170446055262,
        "lon": -1.706896954581017,
        "region": "Obuasi",
        "detected_at": "2026-07-13T08:51:51.310869",
        "model_version": "48px_v3.7_2024-01-10"
      }
    },
    {
      "type": "Feature",
      "geometry": {
        "type": "Point",
        "coordinates": [
          -1.7068969545810169,
          6.255994607897211
        ]
      },
      "properties": {
        "probability": 0.9982855916023254,
        "lat": 6.255994607897211,
        "lon": -1.7068969545810169,
        "region": "Obuasi",
        "detected_at": "2026-07-13T08:51:51.310963",
        "model_version": "48px_v3.7_2024-01-10"
      }
    },
    {
      "type": "Feature",
      "geometry": {
        "type": "Point",
        "coordinates": [
          -1.702547984613043,
          6.30168720921629
        ]
      },
      "properties": {
        "probability": 0.9947924613952637,
        "lat": 6.30168720921629,
        "lon": -1.702547984613043,
        "region": "Obuasi",
        "detected_at": "2026-07-13T08:51:51.311055",
        "model_version": "48px_v3.7_2024-01-10"
      }
    },
    {
      "type": "Feature",
      "geometry": {
        "type": "Point",
        "coordinates": [
          -1.852445325365681,
          6.201970959578299
        ]
      },
      "properties": {
        "probability": 0.9781212210655212,
        "lat": 6.201970959578299,
        "lon": -1.852445325365681,
        "region": "Obuasi",
        "detected_at": "2026-07-13T08:51:51.311149",
        "model_version": "48px_v3.7_2024-01-10"
      }
    },
    {
      "type": "Feature",
      "geometry": {
        "type": "Point",
        "coordinates": [
          -1.843749788303112,
          6.204146415164652
        ]
      },
      "properties": {
        "probability": 0.8379572629928589,
        "lat": 6.204146415164652,
        "lon": -1.843749788303112,
        "region": "Obuasi",
        "detected_at": "2026-07-13T08:51:51.311242",
        "model_version": "48px_v3.7_2024-01-10"
      }
    },
    {
      "type": "Feature",
      "geometry": {
        "type": "Point",
        "coordinates": [
          -1.8307064827092578,
          6.215023693096418
        ]
      },
      "properties": {
        "probability": 0.9997128248214722,
        "lat": 6.215023693096418,
        "lon": -1.8307064827092578,
        "region": "Obuasi",
        "detected_at": "2026-07-13T08:51:51.311335",
        "model_version": "48px_v3.7_2024-01-10"
      }
    },
    {
      "type": "Feature",
      "geometry": {
        "type": "Point",
        "coordinates": [
          -1.811141524318477,
          6.219374604269126
        ]
      },
      "properties": {
        "probability": 0.9543593525886536,
        "lat": 6.219374604269126,
        "lon": -1.811141524318477,
        "region": "Obuasi",
        "detected_at": "2026-07-13T08:51:51.311428",
        "model_version": "48px_v3.7_2024-01-10"
      }
    },
    {
      "type": "Feature",
      "geometry": {
        "type": "Point",
        "coordinates": [
          -1.8046198715215502,
          6.243304615719012
        ]
      },
      "properties": {
        "probability": 0.9999823570251465,
        "lat": 6.243304615719012,
        "lon": -1.8046198715215502,
        "region": "Obuasi",
        "detected_at": "2026-07-13T08:51:51.311547",
        "model_version": "48px_v3.7_2024-01-10"
      }
    },
    {
      "type": "Feature",
      "geometry": {
        "type": "Point",
        "coordinates": [
          -1.7849303897727868,
          6.33867430919466
        ]
      },
      "properties": {
        "probability": 0.9434614777565002,
        "lat": 6.33867430919466,
        "lon": -1.7849303897727868,
        "region": "Obuasi",
        "detected_at": "2026-07-13T08:51:51.311643",
        "model_version": "48px_v3.7_2024-01-10"
      }
    },
    {
      "type": "Feature",
      "geometry": {
        "type": "Point",
        "coordinates": [
          -1.7827558171784015,
          6.34085001305843
        ]
      },
      "properties": {
        "probability": 0.9997890591621399,
        "lat": 6.34085001305843,
        "lon": -1.7827558171784015,
        "region": "Obuasi",
        "detected_at": "2026-07-13T08:51:51.311738",
        "model_version": "48px_v3.7_2024-01-10"
      }
    },
    {
      "type": "Feature",
      "geometry": {
        "type": "Point",
        "coordinates": [
          -1.7827558171784013,
          6.338674309194661
        ]
      },
      "properties": {
        "probability": 0.95305335521698,
        "lat": 6.338674309194661,
        "lon": -1.7827558171784013,
        "region": "Obuasi",
        "detected_at": "2026-07-13T08:51:51.311830",
        "model_version": "48px_v3.7_2024-01-10"
      }
    },
    {
      "type": "Feature",
      "geometry": {
        "type": "Point",
        "coordinates": [
          -1.7805812445840155,
          6.345201420785972
        ]
      },
      "properties": {
        "probability": 0.9916070103645325,
        "lat": 6.345201420785972,
        "lon": -1.7805812445840155,
        "region": "Obuasi",
        "detected_at": "2026-07-13T08:51:51.311924",
        "model_version": "48px_v3.7_2024-01-10"
      }
    },
    {
      "type": "Feature",
      "geometry": {
        "type": "Point",
        "coordinates": [
          -1.7805812445840155,
          6.3430257169222015
        ]
      },
      "properties": {
        "probability": 0.954509973526001,
        "lat": 6.3430257169222015,
        "lon": -1.7805812445840155,
        "region": "Obuasi",
        "detected_at": "2026-07-13T08:51:51.312016",
        "model_version": "48px_v3.7_2024-01-10"
      }
    },
    {
      "type": "Feature",
      "geometry": {
        "type": "Point",
        "coordinates": [
          -1.7805812445840155,
          6.340850013058431
        ]
      },
      "properties": {
        "probability": 0.9370177388191223,
        "lat": 6.340850013058431,
        "lon": -1.7805812445840155,
        "region": "Obuasi",
        "detected_at": "2026-07-13T08:51:51.312110",
        "model_version": "48px_v3.7_2024-01-10"
      }
    },
    {
      "type": "Feature",
      "geometry": {
        "type": "Point",
        "coordinates": [
          -1.7805812445840155,
          6.327795789875811
        ]
      },
      "properties": {
        "probability": 0.9924613833427429,
        "lat": 6.327795789875811,
        "lon": -1.7805812445840155,
        "region": "Obuasi",
        "detected_at": "2026-07-13T08:51:51.312204",
        "model_version": "48px_v3.7_2024-01-10"
      }
    },
    {
      "type": "Feature",
      "geometry": {
        "type": "Point",
        "coordinates": [
          -1.7740575268008587,
          6.353904236241052
        ]
      },
      "properties": {
        "probability": 0.9555609822273254,
        "lat": 6.353904236241052,
        "lon": -1.7740575268008587,
        "region": "Obuasi",
        "detected_at": "2026-07-13T08:51:51.312298",
        "model_version": "48px_v3.7_2024-01-10"
      }
    },
    {
      "type": "Feature",
      "geometry": {
        "type": "Point",
        "coordinates": [
          -1.7718829542064731,
          6.353904236241052
        ]
      },
      "properties": {
        "probability": 0.9988805055618286,
        "lat": 6.353904236241052,
        "lon": -1.7718829542064731,
        "region": "Obuasi",
        "detected_at": "2026-07-13T08:51:51.312391",
        "model_version": "48px_v3.7_2024-01-10"
      }
    },
    {
      "type": "Feature",
      "geometry": {
        "type": "Point",
        "coordinates": [
          -1.7631846638289304,
          6.3125658628294214
        ]
      },
      "properties": {
        "probability": 0.9980165362358093,
        "lat": 6.3125658628294214,
        "lon": -1.7631846638289304,
        "region": "Obuasi",
        "detected_at": "2026-07-13T08:51:51.312543",
        "model_version": "48px_v3.7_2024-01-10"
      }
    },
    {
      "type": "Feature",
      "geometry": {
        "type": "Point",
        "coordinates": [
          -1.7610100912345446,
          6.312565862829421
        ]
      },
      "properties": {
        "probability": 0.8115344643592834,
        "lat": 6.312565862829421,
        "lon": -1.7610100912345446,
        "region": "Obuasi",
        "detected_at": "2026-07-13T08:51:51.312652",
        "model_version": "48px_v3.7_2024-01-10"
      }
    },
    {
      "type": "Feature",
      "geometry": {
        "type": "Point",
        "coordinates": [
          -1.7610100912345446,
          6.31039015896565
        ]
      },
      "properties": {
        "probability": 0.9999980330467224,
        "lat": 6.31039015896565,
        "lon": -1.7610100912345446,
        "region": "Obuasi",
        "detected_at": "2026-07-13T08:51:51.312749",
        "model_version": "48px_v3.7_2024-01-10"
      }
    },
    {
      "type": "Feature",
      "geometry": {
        "type": "Point",
        "coordinates": [
          -1.7610100912345443,
          6.308214455101881
        ]
      },
      "properties": {
        "probability": 0.9996606707572937,
        "lat": 6.308214455101881,
        "lon": -1.7610100912345443,
        "region": "Obuasi",
        "detected_at": "2026-07-13T08:51:51.312846",
        "model_version": "48px_v3.7_2024-01-10"
      }
    },
    {
      "type": "Feature",
      "geometry": {
        "type": "Point",
        "coordinates": [
          -1.7588355186401592,
          6.308214455101881
        ]
      },
      "properties": {
        "probability": 0.9999993443489075,
        "lat": 6.308214455101881,
        "lon": -1.7588355186401592,
        "region": "Obuasi",
        "detected_at": "2026-07-13T08:51:51.312940",
        "model_version": "48px_v3.7_2024-01-10"
      }
    },
    {
      "type": "Feature",
      "geometry": {
        "type": "Point",
        "coordinates": [
          -1.7544863734513876,
          6.334322901467121
        ]
      },
      "properties": {
        "probability": 0.9698255658149719,
        "lat": 6.334322901467121,
        "lon": -1.7544863734513876,
        "region": "Obuasi",
        "detected_at": "2026-07-13T08:51:51.313036",
        "model_version": "48px_v3.7_2024-01-10"
      }
    },
    {
      "type": "Feature",
      "geometry": {
        "type": "Point",
        "coordinates": [
          -1.752311800857002,
          6.334322901467121
        ]
      },
      "properties": {
        "probability": 0.9993717670440674,
        "lat": 6.334322901467121,
        "lon": -1.752311800857002,
        "region": "Obuasi",
        "detected_at": "2026-07-13T08:51:51.313129",
        "model_version": "48px_v3.7_2024-01-10"
      }
    },
    {
      "type": "Feature",
      "geometry": {
        "type": "Point",
        "coordinates": [
          -1.7891579441238787,
          6.405998797586774
        ]
      },
      "properties": {
        "probability": 0.9604812264442444,
        "lat": 6.405998797586774,
        "lon": -1.7891579441238787,
        "region": "Obuasi",
        "detected_at": "2026-07-13T08:51:51.313220",
        "model_version": "48px_v3.7_2024-01-10"
      }
    },
    {
      "type": "Feature",
      "geometry": {
        "type": "Point",
        "coordinates": [
          -1.7782837756885868,
          6.358132477736389
        ]
      },
      "properties": {
        "probability": 0.9512036442756653,
        "lat": 6.358132477736389,
        "lon": -1.7782837756885868,
        "region": "Obuasi",
        "detected_at": "2026-07-13T08:51:51.313313",
        "model_version": "48px_v3.7_2024-01-10"
      }
    },
    {
      "type": "Feature",
      "geometry": {
        "type": "Point",
        "coordinates": [
          -1.7717592746274111,
          6.395120088529868
        ]
      },
      "properties": {
        "probability": 0.9983636736869812,
        "lat": 6.395120088529868,
        "lon": -1.7717592746274111,
        "region": "Obuasi",
        "detected_at": "2026-07-13T08:51:51.313404",
        "model_version": "48px_v3.7_2024-01-10"
      }
    },
    {
      "type": "Feature",
      "geometry": {
        "type": "Point",
        "coordinates": [
          -1.7717592746274111,
          6.358132477736389
        ]
      },
      "properties": {
        "probability": 0.8254357576370239,
        "lat": 6.358132477736389,
        "lon": -1.7717592746274111,
        "region": "Obuasi",
        "detected_at": "2026-07-13T08:51:51.313522",
        "model_version": "48px_v3.7_2024-01-10"
      }
    },
    {
      "type": "Feature",
      "geometry": {
        "type": "Point",
        "coordinates": [
          -1.7695844409403527,
          6.397295830341249
        ]
      },
      "properties": {
        "probability": 0.9999886751174927,
        "lat": 6.397295830341249,
        "lon": -1.7695844409403527,
        "region": "Obuasi",
        "detected_at": "2026-07-13T08:51:51.313623",
        "model_version": "48px_v3.7_2024-01-10"
      }
    },
    {
      "type": "Feature",
      "geometry": {
        "type": "Point",
        "coordinates": [
          -1.7695844409403527,
          6.395120088529869
        ]
      },
      "properties": {
        "probability": 0.9999891519546509,
        "lat": 6.395120088529869,
        "lon": -1.7695844409403527,
        "region": "Obuasi",
        "detected_at": "2026-07-13T08:51:51.313716",
        "model_version": "48px_v3.7_2024-01-10"
      }
    },
    {
      "type": "Feature",
      "geometry": {
        "type": "Point",
        "coordinates": [
          -1.7695844409403527,
          6.358132477736389
        ]
      },
      "properties": {
        "probability": 0.9999996423721313,
        "lat": 6.358132477736389,
        "lon": -1.7695844409403527,
        "region": "Obuasi",
        "detected_at": "2026-07-13T08:51:51.313809",
        "model_version": "48px_v3.7_2024-01-10"
      }
    },
    {
      "type": "Feature",
      "geometry": {
        "type": "Point",
        "coordinates": [
          -1.767409607253294,
          6.399471572152629
        ]
      },
      "properties": {
        "probability": 0.9139396548271179,
        "lat": 6.399471572152629,
        "lon": -1.767409607253294,
        "region": "Obuasi",
        "detected_at": "2026-07-13T08:51:51.313901",
        "model_version": "48px_v3.7_2024-01-10"
      }
    },
    {
      "type": "Feature",
      "geometry": {
        "type": "Point",
        "coordinates": [
          -1.767409607253294,
          6.358132477736389
        ]
      },
      "properties": {
        "probability": 0.9999990463256836,
        "lat": 6.358132477736389,
        "lon": -1.767409607253294,
        "region": "Obuasi",
        "detected_at": "2026-07-13T08:51:51.313994",
        "model_version": "48px_v3.7_2024-01-10"
      }
    },
    {
      "type": "Feature",
      "geometry": {
        "type": "Point",
        "coordinates": [
          -1.7587102725050603,
          6.3798898958502
        ]
      },
      "properties": {
        "probability": 0.8704422116279602,
        "lat": 6.3798898958502,
        "lon": -1.7587102725050603,
        "region": "Obuasi",
        "detected_at": "2026-07-13T08:51:51.314088",
        "model_version": "48px_v3.7_2024-01-10"
      }
    },
    {
      "type": "Feature",
      "geometry": {
        "type": "Point",
        "coordinates": [
          -1.7415634827906104,
          6.353780857996991
        ]
      },
      "properties": {
        "probability": 0.9993688464164734,
        "lat": 6.353780857996991,
        "lon": -1.7415634827906104,
        "region": "Obuasi",
        "detected_at": "2026-07-13T08:51:51.314181",
        "model_version": "48px_v3.7_2024-01-10"
      }
    },
    {
      "type": "Feature",
      "geometry": {
        "type": "Point",
        "coordinates": [
          -1.7415634827906101,
          6.3516049800689744
        ]
      },
      "properties": {
        "probability": 0.9994145631790161,
        "lat": 6.3516049800689744,
        "lon": -1.7415634827906101,
        "region": "Obuasi",
        "detected_at": "2026-07-13T08:51:51.314272",
        "model_version": "48px_v3.7_2024-01-10"
      }
    },
    {
      "type": "Feature",
      "geometry": {
        "type": "Point",
        "coordinates": [
          -1.7393887367571992,
          6.353780857996991
        ]
      },
      "properties": {
        "probability": 0.9999910593032837,
        "lat": 6.353780857996991,
        "lon": -1.7393887367571992,
        "region": "Obuasi",
        "detected_at": "2026-07-13T08:51:51.314364",
        "model_version": "48px_v3.7_2024-01-10"
      }
    },
    {
      "type": "Feature",
      "geometry": {
        "type": "Point",
        "coordinates": [
          -1.7393887367571994,
          6.3516049800689744
        ]
      },
      "properties": {
        "probability": 0.9737995266914368,
        "lat": 6.3516049800689744,
        "lon": -1.7393887367571994,
        "region": "Obuasi",
        "detected_at": "2026-07-13T08:51:51.314476",
        "model_version": "48px_v3.7_2024-01-10"
      }
    },
    {
      "type": "Feature",
      "geometry": {
        "type": "Point",
        "coordinates": [
          -1.7393887367571994,
          6.316790933220712
        ]
      },
      "properties": {
        "probability": 0.9712480902671814,
        "lat": 6.316790933220712,
        "lon": -1.7393887367571994,
        "region": "Obuasi",
        "detected_at": "2026-07-13T08:51:51.314575",
        "model_version": "48px_v3.7_2024-01-10"
      }
    },
    {
      "type": "Feature",
      "geometry": {
        "type": "Point",
        "coordinates": [
          -1.737213990723788,
          6.353780857996991
        ]
      },
      "properties": {
        "probability": 0.8417593836784363,
        "lat": 6.353780857996991,
        "lon": -1.737213990723788,
        "region": "Obuasi",
        "detected_at": "2026-07-13T08:51:51.314666",
        "model_version": "48px_v3.7_2024-01-10"
      }
    },
    {
      "type": "Feature",
      "geometry": {
        "type": "Point",
        "coordinates": [
          -1.7372139907237878,
          6.316790933220712
        ]
      },
      "properties": {
        "probability": 0.9842649698257446,
        "lat": 6.316790933220712,
        "lon": -1.7372139907237878,
        "region": "Obuasi",
        "detected_at": "2026-07-13T08:51:51.314756",
        "model_version": "48px_v3.7_2024-01-10"
      }
    },
    {
      "type": "Feature",
      "geometry": {
        "type": "Point",
        "coordinates": [
          -1.7350392446903768,
          6.353780857996991
        ]
      },
      "properties": {
        "probability": 0.9998941421508789,
        "lat": 6.353780857996991,
        "lon": -1.7350392446903768,
        "region": "Obuasi",
        "detected_at": "2026-07-13T08:51:51.314847",
        "model_version": "48px_v3.7_2024-01-10"
      }
    },
    {
      "type": "Feature",
      "geometry": {
        "type": "Point",
        "coordinates": [
          -1.7350392446903768,
          6.34290146835691
        ]
      },
      "properties": {
        "probability": 0.9175446629524231,
        "lat": 6.34290146835691,
        "lon": -1.7350392446903768,
        "region": "Obuasi",
        "detected_at": "2026-07-13T08:51:51.314939",
        "model_version": "48px_v3.7_2024-01-10"
      }
    },
    {
      "type": "Feature",
      "geometry": {
        "type": "Point",
        "coordinates": [
          -1.7328644986569657,
          6.353780857996991
        ]
      },
      "properties": {
        "probability": 0.9999779462814331,
        "lat": 6.353780857996991,
        "lon": -1.7328644986569657,
        "region": "Obuasi",
        "detected_at": "2026-07-13T08:51:51.315031",
        "model_version": "48px_v3.7_2024-01-10"
      }
    },
    {
      "type": "Feature",
      "geometry": {
        "type": "Point",
        "coordinates": [
          -1.7306897526235543,
          6.34290146835691
        ]
      },
      "properties": {
        "probability": 0.9027359485626221,
        "lat": 6.34290146835691,
        "lon": -1.7306897526235543,
        "region": "Obuasi",
        "detected_at": "2026-07-13T08:51:51.315123",
        "model_version": "48px_v3.7_2024-01-10"
      }
    },
    {
      "type": "Feature",
      "geometry": {
        "type": "Point",
        "coordinates": [
          -1.7285150065901436,
          6.34290146835691
        ]
      },
      "properties": {
        "probability": 0.959388792514801,
        "lat": 6.34290146835691,
        "lon": -1.7285150065901436,
        "region": "Obuasi",
        "detected_at": "2026-07-13T08:51:51.315222",
        "model_version": "48px_v3.7_2024-01-10"
      }
    },
    {
      "type": "Feature",
      "geometry": {
        "type": "Point",
        "coordinates": [
          -1.7285150065901433,
          6.312439177364681
        ]
      },
      "properties": {
        "probability": 0.9497116804122925,
        "lat": 6.312439177364681,
        "lon": -1.7285150065901433,
        "region": "Obuasi",
        "detected_at": "2026-07-13T08:51:51.315315",
        "model_version": "48px_v3.7_2024-01-10"
      }
    },
    {
      "type": "Feature",
      "geometry": {
        "type": "Point",
        "coordinates": [
          -1.7263402605567322,
          6.34290146835691
        ]
      },
      "properties": {
        "probability": 0.9921668767929077,
        "lat": 6.34290146835691,
        "lon": -1.7263402605567322,
        "region": "Obuasi",
        "detected_at": "2026-07-13T08:51:51.315406",
        "model_version": "48px_v3.7_2024-01-10"
      }
    },
    {
      "type": "Feature",
      "geometry": {
        "type": "Point",
        "coordinates": [
          -1.724165514523321,
          6.34290146835691
        ]
      },
      "properties": {
        "probability": 0.99576336145401,
        "lat": 6.34290146835691,
        "lon": -1.724165514523321,
        "region": "Obuasi",
        "detected_at": "2026-07-13T08:51:51.315522",
        "model_version": "48px_v3.7_2024-01-10"
      }
    },
    {
      "type": "Feature",
      "geometry": {
        "type": "Point",
        "coordinates": [
          -1.7241655145233212,
          6.321142689076746
        ]
      },
      "properties": {
        "probability": 0.999972939491272,
        "lat": 6.321142689076746,
        "lon": -1.7241655145233212,
        "region": "Obuasi",
        "detected_at": "2026-07-13T08:51:51.315620",
        "model_version": "48px_v3.7_2024-01-10"
      }
    },
    {
      "type": "Feature",
      "geometry": {
        "type": "Point",
        "coordinates": [
          -1.724165514523321,
          6.318966811148729
        ]
      },
      "properties": {
        "probability": 0.9336932301521301,
        "lat": 6.318966811148729,
        "lon": -1.724165514523321,
        "region": "Obuasi",
        "detected_at": "2026-07-13T08:51:51.315713",
        "model_version": "48px_v3.7_2024-01-10"
      }
    },
    {
      "type": "Feature",
      "geometry": {
        "type": "Point",
        "coordinates": [
          -1.7219907684899096,
          6.321142689076746
        ]
      },
      "properties": {
        "probability": 0.9994083046913147,
        "lat": 6.321142689076746,
        "lon": -1.7219907684899096,
        "region": "Obuasi",
        "detected_at": "2026-07-13T08:51:51.315806",
        "model_version": "48px_v3.7_2024-01-10"
      }
    },
    {
      "type": "Feature",
      "geometry": {
        "type": "Point",
        "coordinates": [
          -1.7219907684899098,
          6.318966811148729
        ]
      },
      "properties": {
        "probability": 0.984754741191864,
        "lat": 6.318966811148729,
        "lon": -1.7219907684899098,
        "region": "Obuasi",
        "detected_at": "2026-07-13T08:51:51.315899",
        "model_version": "48px_v3.7_2024-01-10"
      }
    },
    {
      "type": "Feature",
      "geometry": {
        "type": "Point",
        "coordinates": [
          -1.7198160224564987,
          6.323318567004762
        ]
      },
      "properties": {
        "probability": 0.9920905828475952,
        "lat": 6.323318567004762,
        "lon": -1.7198160224564987,
        "region": "Obuasi",
        "detected_at": "2026-07-13T08:51:51.315992",
        "model_version": "48px_v3.7_2024-01-10"
      }
    },
    {
      "type": "Feature",
      "geometry": {
        "type": "Point",
        "coordinates": [
          -1.719816022456499,
          6.321142689076746
        ]
      },
      "properties": {
        "probability": 1.0,
        "lat": 6.321142689076746,
        "lon": -1.719816022456499,
        "region": "Obuasi",
        "detected_at": "2026-07-13T08:51:51.316084",
        "model_version": "48px_v3.7_2024-01-10"
      }
    },
    {
      "type": "Feature",
      "geometry": {
        "type": "Point",
        "coordinates": [
          -1.7198160224564987,
          6.318966811148729
        ]
      },
      "properties": {
        "probability": 0.9999998807907104,
        "lat": 6.318966811148729,
        "lon": -1.7198160224564987,
        "region": "Obuasi",
        "detected_at": "2026-07-13T08:51:51.316177",
        "model_version": "48px_v3.7_2024-01-10"
      }
    },
    {
      "type": "Feature",
      "geometry": {
        "type": "Point",
        "coordinates": [
          -1.7176412764230875,
          6.323318567004762
        ]
      },
      "properties": {
        "probability": 0.9994477033615112,
        "lat": 6.323318567004762,
        "lon": -1.7176412764230875,
        "region": "Obuasi",
        "detected_at": "2026-07-13T08:51:51.316271",
        "model_version": "48px_v3.7_2024-01-10"
      }
    },
    {
      "type": "Feature",
      "geometry": {
        "type": "Point",
        "coordinates": [
          -1.7176412764230875,
          6.321142689076746
        ]
      },
      "properties": {
        "probability": 1.0,
        "lat": 6.321142689076746,
        "lon": -1.7176412764230875,
        "region": "Obuasi",
        "detected_at": "2026-07-13T08:51:51.316364",
        "model_version": "48px_v3.7_2024-01-10"
      }
    },
    {
      "type": "Feature",
      "geometry": {
        "type": "Point",
        "coordinates": [
          -1.7176412764230875,
          6.318966811148729
        ]
      },
      "properties": {
        "probability": 0.9999373555183411,
        "lat": 6.318966811148729,
        "lon": -1.7176412764230875,
        "region": "Obuasi",
        "detected_at": "2026-07-13T08:51:51.316505",
        "model_version": "48px_v3.7_2024-01-10"
      }
    },
    {
      "type": "Feature",
      "geometry": {
        "type": "Point",
        "coordinates": [
          -1.7176412764230875,
          6.316790933220712
        ]
      },
      "properties": {
        "probability": 0.9803784489631653,
        "lat": 6.316790933220712,
        "lon": -1.7176412764230875,
        "region": "Obuasi",
        "detected_at": "2026-07-13T08:51:51.316620",
        "model_version": "48px_v3.7_2024-01-10"
      }
    },
    {
      "type": "Feature",
      "geometry": {
        "type": "Point",
        "coordinates": [
          -1.7154665303896763,
          6.323318567004762
        ]
      },
      "properties": {
        "probability": 0.9919427037239075,
        "lat": 6.323318567004762,
        "lon": -1.7154665303896763,
        "region": "Obuasi",
        "detected_at": "2026-07-13T08:51:51.316715",
        "model_version": "48px_v3.7_2024-01-10"
      }
    },
    {
      "type": "Feature",
      "geometry": {
        "type": "Point",
        "coordinates": [
          -1.7154665303896763,
          6.321142689076746
        ]
      },
      "properties": {
        "probability": 0.9988365173339844,
        "lat": 6.321142689076746,
        "lon": -1.7154665303896763,
        "region": "Obuasi",
        "detected_at": "2026-07-13T08:51:51.316808",
        "model_version": "48px_v3.7_2024-01-10"
      }
    },
    {
      "type": "Feature",
      "geometry": {
        "type": "Point",
        "coordinates": [
          -1.7067675462560314,
          6.308087421508647
        ]
      },
      "properties": {
        "probability": 0.9999983310699463,
        "lat": 6.308087421508647,
        "lon": -1.7067675462560314,
        "region": "Obuasi",
        "detected_at": "2026-07-13T08:51:51.316900",
        "model_version": "48px_v3.7_2024-01-10"
      }
    },
    {
      "type": "Feature",
      "geometry": {
        "type": "Point",
        "coordinates": [
          -1.7067675462560317,
          6.305911543580632
        ]
      },
      "properties": {
        "probability": 0.9998452067375183,
        "lat": 6.305911543580632,
        "lon": -1.7067675462560317,
        "region": "Obuasi",
        "detected_at": "2026-07-13T08:51:51.316992",
        "model_version": "48px_v3.7_2024-01-10"
      }
    },
    {
      "type": "Feature",
      "geometry": {
        "type": "Point",
        "coordinates": [
          -1.7045928002226205,
          6.310263299436665
        ]
      },
      "properties": {
        "probability": 0.999951958656311,
        "lat": 6.310263299436665,
        "lon": -1.7045928002226205,
        "region": "Obuasi",
        "detected_at": "2026-07-13T08:51:51.317085",
        "model_version": "48px_v3.7_2024-01-10"
      }
    },
    {
      "type": "Feature",
      "geometry": {
        "type": "Point",
        "coordinates": [
          -1.7045928002226207,
          6.308087421508647
        ]
      },
      "properties": {
        "probability": 0.9999936819076538,
        "lat": 6.308087421508647,
        "lon": -1.7045928002226207,
        "region": "Obuasi",
        "detected_at": "2026-07-13T08:51:51.317176",
        "model_version": "48px_v3.7_2024-01-10"
      }
    },
    {
      "type": "Feature",
      "geometry": {
        "type": "Point",
        "coordinates": [
          -1.7045928002226205,
          6.305911543580632
        ]
      },
      "properties": {
        "probability": 0.9959078431129456,
        "lat": 6.305911543580632,
        "lon": -1.7045928002226205,
        "region": "Obuasi",
        "detected_at": "2026-07-13T08:51:51.317268",
        "model_version": "48px_v3.7_2024-01-10"
      }
    },
    {
      "type": "Feature",
      "geometry": {
        "type": "Point",
        "coordinates": [
          -1.7024180541892093,
          6.308087421508647
        ]
      },
      "properties": {
        "probability": 0.9381722211837769,
        "lat": 6.308087421508647,
        "lon": -1.7024180541892093,
        "region": "Obuasi",
        "detected_at": "2026-07-13T08:51:51.317359",
        "model_version": "48px_v3.7_2024-01-10"
      }
    },
    {
      "type": "Feature",
      "geometry": {
        "type": "Point",
        "coordinates": [
          -1.7024180541892093,
          6.305911543580632
        ]
      },
      "properties": {
        "probability": 0.8678387403488159,
        "lat": 6.305911543580632,
        "lon": -1.7024180541892093,
        "region": "Obuasi",
        "detected_at": "2026-07-13T08:51:51.317477",
        "model_version": "48px_v3.7_2024-01-10"
      }
    },
    {
      "type": "Feature",
      "geometry": {
        "type": "Point",
        "coordinates": [
          -1.8436356279810584,
          6.260592388718703
        ]
      },
      "properties": {
        "probability": 0.9734750390052795,
        "lat": 6.260592388718703,
        "lon": -1.8436356279810584,
        "region": "Obuasi",
        "detected_at": "2026-07-13T08:51:51.317580",
        "model_version": "48px_v3.7_2024-01-10"
      }
    },
    {
      "type": "Feature",
      "geometry": {
        "type": "Point",
        "coordinates": [
          -1.8414614881151012,
          6.260592388718703
        ]
      },
      "properties": {
        "probability": 0.9371220469474792,
        "lat": 6.260592388718703,
        "lon": -1.8414614881151012,
        "region": "Obuasi",
        "detected_at": "2026-07-13T08:51:51.317673",
        "model_version": "48px_v3.7_2024-01-10"
      }
    },
    {
      "type": "Feature",
      "geometry": {
        "type": "Point",
        "coordinates": [
          -1.839287348249144,
          6.262767880513722
        ]
      },
      "properties": {
        "probability": 0.842242419719696,
        "lat": 6.262767880513722,
        "lon": -1.839287348249144,
        "region": "Obuasi",
        "detected_at": "2026-07-13T08:51:51.317765",
        "model_version": "48px_v3.7_2024-01-10"
      }
    },
    {
      "type": "Feature",
      "geometry": {
        "type": "Point",
        "coordinates": [
          -1.837113208383187,
          6.264943372308739
        ]
      },
      "properties": {
        "probability": 0.9697901606559753,
        "lat": 6.264943372308739,
        "lon": -1.837113208383187,
        "region": "Obuasi",
        "detected_at": "2026-07-13T08:51:51.317856",
        "model_version": "48px_v3.7_2024-01-10"
      }
    },
    {
      "type": "Feature",
      "geometry": {
        "type": "Point",
        "coordinates": [
          -1.837113208383187,
          6.262767880513722
        ]
      },
      "properties": {
        "probability": 0.980184018611908,
        "lat": 6.262767880513722,
        "lon": -1.837113208383187,
        "region": "Obuasi",
        "detected_at": "2026-07-13T08:51:51.317950",
        "model_version": "48px_v3.7_2024-01-10"
      }
    },
    {
      "type": "Feature",
      "geometry": {
        "type": "Point",
        "coordinates": [
          -1.837113208383187,
          6.260592388718703
        ]
      },
      "properties": {
        "probability": 0.8311488628387451,
        "lat": 6.260592388718703,
        "lon": -1.837113208383187,
        "region": "Obuasi",
        "detected_at": "2026-07-13T08:51:51.318044",
        "model_version": "48px_v3.7_2024-01-10"
      }
    },
    {
      "type": "Feature",
      "geometry": {
        "type": "Point",
        "coordinates": [
          -1.8305907887853152,
          6.269294355898773
        ]
      },
      "properties": {
        "probability": 0.9999890923500061,
        "lat": 6.269294355898773,
        "lon": -1.8305907887853152,
        "region": "Obuasi",
        "detected_at": "2026-07-13T08:51:51.318136",
        "model_version": "48px_v3.7_2024-01-10"
      }
    },
    {
      "type": "Feature",
      "geometry": {
        "type": "Point",
        "coordinates": [
          -1.828416648919358,
          6.2714698476937905
        ]
      },
      "properties": {
        "probability": 0.9999957084655762,
        "lat": 6.2714698476937905,
        "lon": -1.828416648919358,
        "region": "Obuasi",
        "detected_at": "2026-07-13T08:51:51.318236",
        "model_version": "48px_v3.7_2024-01-10"
      }
    },
    {
      "type": "Feature",
      "geometry": {
        "type": "Point",
        "coordinates": [
          -1.828416648919358,
          6.269294355898773
        ]
      },
      "properties": {
        "probability": 0.9716991782188416,
        "lat": 6.269294355898773,
        "lon": -1.828416648919358,
        "region": "Obuasi",
        "detected_at": "2026-07-13T08:51:51.318334",
        "model_version": "48px_v3.7_2024-01-10"
      }
    },
    {
      "type": "Feature",
      "geometry": {
        "type": "Point",
        "coordinates": [
          -1.826242509053401,
          6.273645339488808
        ]
      },
      "properties": {
        "probability": 0.9033844470977783,
        "lat": 6.273645339488808,
        "lon": -1.826242509053401,
        "region": "Obuasi",
        "detected_at": "2026-07-13T08:51:51.318426",
        "model_version": "48px_v3.7_2024-01-10"
      }
    },
    {
      "type": "Feature",
      "geometry": {
        "type": "Point",
        "coordinates": [
          -1.7347840220541408,
          6.453615918575748
        ]
      },
      "properties": {
        "probability": 0.8707016706466675,
        "lat": 6.453615918575748,
        "lon": -1.7347840220541408,
        "region": "Obuasi",
        "detected_at": "2026-07-13T08:51:51.318545",
        "model_version": "48px_v3.7_2024-01-10"
      }
    },
    {
      "type": "Feature",
      "geometry": {
        "type": "Point",
        "coordinates": [
          -1.7347840220541408,
          6.451439961190462
        ]
      },
      "properties": {
        "probability": 0.9736437201499939,
        "lat": 6.451439961190462,
        "lon": -1.7347840220541408,
        "region": "Obuasi",
        "detected_at": "2026-07-13T08:51:51.318641",
        "model_version": "48px_v3.7_2024-01-10"
      }
    },
    {
      "type": "Feature",
      "geometry": {
        "type": "Point",
        "coordinates": [
          -1.732608748382328,
          6.451439961190462
        ]
      },
      "properties": {
        "probability": 0.9600000977516174,
        "lat": 6.451439961190462,
        "lon": -1.732608748382328,
        "region": "Obuasi",
        "detected_at": "2026-07-13T08:51:51.318734",
        "model_version": "48px_v3.7_2024-01-10"
      }
    },
    {
      "type": "Feature",
      "geometry": {
        "type": "Point",
        "coordinates": [
          -1.7260829273668912,
          6.449264003805175
        ]
      },
      "properties": {
        "probability": 0.8859775066375732,
        "lat": 6.449264003805175,
        "lon": -1.7260829273668912,
        "region": "Obuasi",
        "detected_at": "2026-07-13T08:51:51.318827",
        "model_version": "48px_v3.7_2024-01-10"
      }
    },
    {
      "type": "Feature",
      "geometry": {
        "type": "Point",
        "coordinates": [
          -1.723907653695079,
          6.447088046419889
        ]
      },
      "properties": {
        "probability": 0.9999958276748657,
        "lat": 6.447088046419889,
        "lon": -1.723907653695079,
        "region": "Obuasi",
        "detected_at": "2026-07-13T08:51:51.318921",
        "model_version": "48px_v3.7_2024-01-10"
      }
    },
    {
      "type": "Feature",
      "geometry": {
        "type": "Point",
        "coordinates": [
          -1.7239076536950788,
          6.444912089034601
        ]
      },
      "properties": {
        "probability": 0.9999990463256836,
        "lat": 6.444912089034601,
        "lon": -1.7239076536950788,
        "region": "Obuasi",
        "detected_at": "2026-07-13T08:51:51.319013",
        "model_version": "48px_v3.7_2024-01-10"
      }
    },
    {
      "type": "Feature",
      "geometry": {
        "type": "Point",
        "coordinates": [
          -1.7217323800232667,
          6.447088046419888
        ]
      },
      "properties": {
        "probability": 0.9314388632774353,
        "lat": 6.447088046419888,
        "lon": -1.7217323800232667,
        "region": "Obuasi",
        "detected_at": "2026-07-13T08:51:51.319105",
        "model_version": "48px_v3.7_2024-01-10"
      }
    },
    {
      "type": "Feature",
      "geometry": {
        "type": "Point",
        "coordinates": [
          -1.721732380023267,
          6.444912089034601
        ]
      },
      "properties": {
        "probability": 0.998980700969696,
        "lat": 6.444912089034601,
        "lon": -1.721732380023267,
        "region": "Obuasi",
        "detected_at": "2026-07-13T08:51:51.319197",
        "model_version": "48px_v3.7_2024-01-10"
      }
    },
    {
      "type": "Feature",
      "geometry": {
        "type": "Point",
        "coordinates": [
          -1.721732380023267,
          6.429680387337593
        ]
      },
      "properties": {
        "probability": 0.9682033658027649,
        "lat": 6.429680387337593,
        "lon": -1.721732380023267,
        "region": "Obuasi",
        "detected_at": "2026-07-13T08:51:51.319288",
        "model_version": "48px_v3.7_2024-01-10"
      }
    },
    {
      "type": "Feature",
      "geometry": {
        "type": "Point",
        "coordinates": [
          -1.719557106351454,
          6.4405601742640295
        ]
      },
      "properties": {
        "probability": 0.9770495295524597,
        "lat": 6.4405601742640295,
        "lon": -1.719557106351454,
        "region": "Obuasi",
        "detected_at": "2026-07-13T08:51:51.319384",
        "model_version": "48px_v3.7_2024-01-10"
      }
    },
    {
      "type": "Feature",
      "geometry": {
        "type": "Point",
        "coordinates": [
          -1.719557106351454,
          6.438384216878742
        ]
      },
      "properties": {
        "probability": 0.967649519443512,
        "lat": 6.438384216878742,
        "lon": -1.719557106351454,
        "region": "Obuasi",
        "detected_at": "2026-07-13T08:51:51.319498",
        "model_version": "48px_v3.7_2024-01-10"
      }
    },
    {
      "type": "Feature",
      "geometry": {
        "type": "Point",
        "coordinates": [
          -1.719557106351454,
          6.429680387337593
        ]
      },
      "properties": {
        "probability": 0.9968816041946411,
        "lat": 6.429680387337593,
        "lon": -1.719557106351454,
        "region": "Obuasi",
        "detected_at": "2026-07-13T08:51:51.319596",
        "model_version": "48px_v3.7_2024-01-10"
      }
    },
    {
      "type": "Feature",
      "geometry": {
        "type": "Point",
        "coordinates": [
          -1.717381832679642,
          6.43185634472288
        ]
      },
      "properties": {
        "probability": 0.8029744625091553,
        "lat": 6.43185634472288,
        "lon": -1.717381832679642,
        "region": "Obuasi",
        "detected_at": "2026-07-13T08:51:51.319689",
        "model_version": "48px_v3.7_2024-01-10"
      }
    },
    {
      "type": "Feature",
      "geometry": {
        "type": "Point",
        "coordinates": [
          -1.717381832679642,
          6.429680387337594
        ]
      },
      "properties": {
        "probability": 0.9938880205154419,
        "lat": 6.429680387337594,
        "lon": -1.717381832679642,
        "region": "Obuasi",
        "detected_at": "2026-07-13T08:51:51.319789",
        "model_version": "48px_v3.7_2024-01-10"
      }
    },
    {
      "type": "Feature",
      "geometry": {
        "type": "Point",
        "coordinates": [
          -1.7152065590078303,
          6.436208259493456
        ]
      },
      "properties": {
        "probability": 0.9862161874771118,
        "lat": 6.436208259493456,
        "lon": -1.7152065590078303,
        "region": "Obuasi",
        "detected_at": "2026-07-13T08:51:51.319882",
        "model_version": "48px_v3.7_2024-01-10"
      }
    },
    {
      "type": "Feature",
      "geometry": {
        "type": "Point",
        "coordinates": [
          -1.7152065590078303,
          6.434032302108168
        ]
      },
      "properties": {
        "probability": 0.9983306527137756,
        "lat": 6.434032302108168,
        "lon": -1.7152065590078303,
        "region": "Obuasi",
        "detected_at": "2026-07-13T08:51:51.319976",
        "model_version": "48px_v3.7_2024-01-10"
      }
    },
    {
      "type": "Feature",
      "geometry": {
        "type": "Point",
        "coordinates": [
          -1.7152065590078303,
          6.431856344722881
        ]
      },
      "properties": {
        "probability": 0.9999435544013977,
        "lat": 6.431856344722881,
        "lon": -1.7152065590078303,
        "region": "Obuasi",
        "detected_at": "2026-07-13T08:51:51.320068",
        "model_version": "48px_v3.7_2024-01-10"
      }
    },
    {
      "type": "Feature",
      "geometry": {
        "type": "Point",
        "coordinates": [
          -1.7152065590078303,
          6.429680387337593
        ]
      },
      "properties": {
        "probability": 0.9985113143920898,
        "lat": 6.429680387337593,
        "lon": -1.7152065590078303,
        "region": "Obuasi",
        "detected_at": "2026-07-13T08:51:51.320159",
        "model_version": "48px_v3.7_2024-01-10"
      }
    },
    {
      "type": "Feature",
      "geometry": {
        "type": "Point",
        "coordinates": [
          -1.7130312853360175,
          6.436208259493456
        ]
      },
      "properties": {
        "probability": 0.8279612064361572,
        "lat": 6.436208259493456,
        "lon": -1.7130312853360175,
        "region": "Obuasi",
        "detected_at": "2026-07-13T08:51:51.320257",
        "model_version": "48px_v3.7_2024-01-10"
      }
    },
    {
      "type": "Feature",
      "geometry": {
        "type": "Point",
        "coordinates": [
          -1.7130312853360175,
          6.434032302108168
        ]
      },
      "properties": {
        "probability": 0.9980992078781128,
        "lat": 6.434032302108168,
        "lon": -1.7130312853360175,
        "region": "Obuasi",
        "detected_at": "2026-07-13T08:51:51.320349",
        "model_version": "48px_v3.7_2024-01-10"
      }
    },
    {
      "type": "Feature",
      "geometry": {
        "type": "Point",
        "coordinates": [
          -1.7130312853360175,
          6.431856344722881
        ]
      },
      "properties": {
        "probability": 0.9999935626983643,
        "lat": 6.431856344722881,
        "lon": -1.7130312853360175,
        "region": "Obuasi",
        "detected_at": "2026-07-13T08:51:51.320439",
        "model_version": "48px_v3.7_2024-01-10"
      }
    },
    {
      "type": "Feature",
      "geometry": {
        "type": "Point",
        "coordinates": [
          -1.7130312853360175,
          6.429680387337593
        ]
      },
      "properties": {
        "probability": 0.9999067187309265,
        "lat": 6.429680387337593,
        "lon": -1.7130312853360175,
        "region": "Obuasi",
        "detected_at": "2026-07-13T08:51:51.320592",
        "model_version": "48px_v3.7_2024-01-10"
      }
    },
    {
      "type": "Feature",
      "geometry": {
        "type": "Point",
        "coordinates": [
          -1.7108560116642053,
          6.429680387337594
        ]
      },
      "properties": {
        "probability": 0.9976586103439331,
        "lat": 6.429680387337594,
        "lon": -1.7108560116642053,
        "region": "Obuasi",
        "detected_at": "2026-07-13T08:51:51.320690",
        "model_version": "48px_v3.7_2024-01-10"
      }
    },
    {
      "type": "Feature",
      "geometry": {
        "type": "Point",
        "coordinates": [
          -1.7108560116642053,
          6.427504429952308
        ]
      },
      "properties": {
        "probability": 0.994886577129364,
        "lat": 6.427504429952308,
        "lon": -1.7108560116642053,
        "region": "Obuasi",
        "detected_at": "2026-07-13T08:51:51.320782",
        "model_version": "48px_v3.7_2024-01-10"
      }
    },
    {
      "type": "Feature",
      "geometry": {
        "type": "Point",
        "coordinates": [
          -1.7108560116642053,
          6.420976557796447
        ]
      },
      "properties": {
        "probability": 0.9249863028526306,
        "lat": 6.420976557796447,
        "lon": -1.7108560116642053,
        "region": "Obuasi",
        "detected_at": "2026-07-13T08:51:51.320874",
        "model_version": "48px_v3.7_2024-01-10"
      }
    },
    {
      "type": "Feature",
      "geometry": {
        "type": "Point",
        "coordinates": [
          -1.7086807379923934,
          6.427504429952307
        ]
      },
      "properties": {
        "probability": 0.9592550992965698,
        "lat": 6.427504429952307,
        "lon": -1.7086807379923934,
        "region": "Obuasi",
        "detected_at": "2026-07-13T08:51:51.320966",
        "model_version": "48px_v3.7_2024-01-10"
      }
    },
    {
      "type": "Feature",
      "geometry": {
        "type": "Point",
        "coordinates": [
          -1.7086807379923934,
          6.4253284725670206
        ]
      },
      "properties": {
        "probability": 0.998473584651947,
        "lat": 6.4253284725670206,
        "lon": -1.7086807379923934,
        "region": "Obuasi",
        "detected_at": "2026-07-13T08:51:51.321057",
        "model_version": "48px_v3.7_2024-01-10"
      }
    },
    {
      "type": "Feature",
      "geometry": {
        "type": "Point",
        "coordinates": [
          -1.7043301906487682,
          6.416624643025875
        ]
      },
      "properties": {
        "probability": 0.9989208579063416,
        "lat": 6.416624643025875,
        "lon": -1.7043301906487682,
        "region": "Obuasi",
        "detected_at": "2026-07-13T08:51:51.321149",
        "model_version": "48px_v3.7_2024-01-10"
      }
    },
    {
      "type": "Feature",
      "geometry": {
        "type": "Point",
        "coordinates": [
          -1.702154916976956,
          6.416624643025874
        ]
      },
      "properties": {
        "probability": 0.9990299940109253,
        "lat": 6.416624643025874,
        "lon": -1.702154916976956,
        "region": "Obuasi",
        "detected_at": "2026-07-13T08:51:51.321240",
        "model_version": "48px_v3.7_2024-01-10"
      }
    },
    {
      "type": "Feature",
      "geometry": {
        "type": "Point",
        "coordinates": [
          -1.702154916976956,
          6.414448685640587
        ]
      },
      "properties": {
        "probability": 0.9950168132781982,
        "lat": 6.414448685640587,
        "lon": -1.702154916976956,
        "region": "Obuasi",
        "detected_at": "2026-07-13T08:51:51.321392",
        "model_version": "48px_v3.7_2024-01-10"
      }
    },
    {
      "type": "Feature",
      "geometry": {
        "type": "Point",
        "coordinates": [
          -1.7436122014756492,
          6.38629114062818
        ]
      },
      "properties": {
        "probability": 0.9959867000579834,
        "lat": 6.38629114062818,
        "lon": -1.7436122014756492,
        "region": "Obuasi",
        "detected_at": "2026-07-13T08:51:51.321521",
        "model_version": "48px_v3.7_2024-01-10"
      }
    },
    {
      "type": "Feature",
      "geometry": {
        "type": "Point",
        "coordinates": [
          -1.7436122014756492,
          6.384115222957783
        ]
      },
      "properties": {
        "probability": 0.9999914169311523,
        "lat": 6.384115222957783,
        "lon": -1.7436122014756492,
        "region": "Obuasi",
        "detected_at": "2026-07-13T08:51:51.321621",
        "model_version": "48px_v3.7_2024-01-10"
      }
    },
    {
      "type": "Feature",
      "geometry": {
        "type": "Point",
        "coordinates": [
          -1.7436122014756492,
          6.381939305287384
        ]
      },
      "properties": {
        "probability": 0.9978103041648865,
        "lat": 6.381939305287384,
        "lon": -1.7436122014756492,
        "region": "Obuasi",
        "detected_at": "2026-07-13T08:51:51.321714",
        "model_version": "48px_v3.7_2024-01-10"
      }
    },
    {
      "type": "Feature",
      "geometry": {
        "type": "Point",
        "coordinates": [
          -1.74143719254666,
          6.384115222957782
        ]
      },
      "properties": {
        "probability": 0.9998877644538879,
        "lat": 6.384115222957782,
        "lon": -1.74143719254666,
        "region": "Obuasi",
        "detected_at": "2026-07-13T08:51:51.321808",
        "model_version": "48px_v3.7_2024-01-10"
      }
    },
    {
      "type": "Feature",
      "geometry": {
        "type": "Point",
        "coordinates": [
          -1.74143719254666,
          6.381939305287383
        ]
      },
      "properties": {
        "probability": 0.9991481304168701,
        "lat": 6.381939305287383,
        "lon": -1.74143719254666,
        "region": "Obuasi",
        "detected_at": "2026-07-13T08:51:51.321900",
        "model_version": "48px_v3.7_2024-01-10"
      }
    },
    {
      "type": "Feature",
      "geometry": {
        "type": "Point",
        "coordinates": [
          -1.737087174688682,
          6.3928188936393795
        ]
      },
      "properties": {
        "probability": 0.9988406300544739,
        "lat": 6.3928188936393795,
        "lon": -1.737087174688682,
        "region": "Obuasi",
        "detected_at": "2026-07-13T08:51:51.321992",
        "model_version": "48px_v3.7_2024-01-10"
      }
    },
    {
      "type": "Feature",
      "geometry": {
        "type": "Point",
        "coordinates": [
          -1.734912165759693,
          6.3928188936393795
        ]
      },
      "properties": {
        "probability": 0.9991400837898254,
        "lat": 6.3928188936393795,
        "lon": -1.734912165759693,
        "region": "Obuasi",
        "detected_at": "2026-07-13T08:51:51.322083",
        "model_version": "48px_v3.7_2024-01-10"
      }
    },
    {
      "type": "Feature",
      "geometry": {
        "type": "Point",
        "coordinates": [
          -1.734912165759693,
          6.360180128583389
        ]
      },
      "properties": {
        "probability": 0.9811045527458191,
        "lat": 6.360180128583389,
        "lon": -1.734912165759693,
        "region": "Obuasi",
        "detected_at": "2026-07-13T08:51:51.322182",
        "model_version": "48px_v3.7_2024-01-10"
      }
    },
    {
      "type": "Feature",
      "geometry": {
        "type": "Point",
        "coordinates": [
          -1.734912165759693,
          6.3580042109129895
        ]
      },
      "properties": {
        "probability": 0.9995729327201843,
        "lat": 6.3580042109129895,
        "lon": -1.734912165759693,
        "region": "Obuasi",
        "detected_at": "2026-07-13T08:51:51.322273",
        "model_version": "48px_v3.7_2024-01-10"
      }
    },
    {
      "type": "Feature",
      "geometry": {
        "type": "Point",
        "coordinates": [
          -1.732737156830704,
          6.3928188936393795
        ]
      },
      "properties": {
        "probability": 0.9989904761314392,
        "lat": 6.3928188936393795,
        "lon": -1.732737156830704,
        "region": "Obuasi",
        "detected_at": "2026-07-13T08:51:51.322365",
        "model_version": "48px_v3.7_2024-01-10"
      }
    },
    {
      "type": "Feature",
      "geometry": {
        "type": "Point",
        "coordinates": [
          -1.732737156830704,
          6.39064297596898
        ]
      },
      "properties": {
        "probability": 0.9937959313392639,
        "lat": 6.39064297596898,
        "lon": -1.732737156830704,
        "region": "Obuasi",
        "detected_at": "2026-07-13T08:51:51.322482",
        "model_version": "48px_v3.7_2024-01-10"
      }
    },
    {
      "type": "Feature",
      "geometry": {
        "type": "Point",
        "coordinates": [
          -1.732737156830704,
          6.3667078815945874
        ]
      },
      "properties": {
        "probability": 0.9999691247940063,
        "lat": 6.3667078815945874,
        "lon": -1.732737156830704,
        "region": "Obuasi",
        "detected_at": "2026-07-13T08:51:51.322583",
        "model_version": "48px_v3.7_2024-01-10"
      }
    },
    {
      "type": "Feature",
      "geometry": {
        "type": "Point",
        "coordinates": [
          -1.732737156830704,
          6.364531963924189
        ]
      },
      "properties": {
        "probability": 0.999998927116394,
        "lat": 6.364531963924189,
        "lon": -1.732737156830704,
        "region": "Obuasi",
        "detected_at": "2026-07-13T08:51:51.322678",
        "model_version": "48px_v3.7_2024-01-10"
      }
    },
    {
      "type": "Feature",
      "geometry": {
        "type": "Point",
        "coordinates": [
          -1.7327371568307037,
          6.362356046253789
        ]
      },
      "properties": {
        "probability": 0.9999825358390808,
        "lat": 6.362356046253789,
        "lon": -1.7327371568307037,
        "region": "Obuasi",
        "detected_at": "2026-07-13T08:51:51.322772",
        "model_version": "48px_v3.7_2024-01-10"
      }
    },
    {
      "type": "Feature",
      "geometry": {
        "type": "Point",
        "coordinates": [
          -1.7327371568307037,
          6.360180128583389
        ]
      },
      "properties": {
        "probability": 0.9999419450759888,
        "lat": 6.360180128583389,
        "lon": -1.7327371568307037,
        "region": "Obuasi",
        "detected_at": "2026-07-13T08:51:51.322872",
        "model_version": "48px_v3.7_2024-01-10"
      }
    },
    {
      "type": "Feature",
      "geometry": {
        "type": "Point",
        "coordinates": [
          -1.732737156830704,
          6.3580042109129895
        ]
      },
      "properties": {
        "probability": 0.9999970197677612,
        "lat": 6.3580042109129895,
        "lon": -1.732737156830704,
        "region": "Obuasi",
        "detected_at": "2026-07-13T08:51:51.322965",
        "model_version": "48px_v3.7_2024-01-10"
      }
    },
    {
      "type": "Feature",
      "geometry": {
        "type": "Point",
        "coordinates": [
          -1.730562147901715,
          6.368883799264987
        ]
      },
      "properties": {
        "probability": 0.9255144596099854,
        "lat": 6.368883799264987,
        "lon": -1.730562147901715,
        "region": "Obuasi",
        "detected_at": "2026-07-13T08:51:51.323057",
        "model_version": "48px_v3.7_2024-01-10"
      }
    },
    {
      "type": "Feature",
      "geometry": {
        "type": "Point",
        "coordinates": [
          -1.730562147901715,
          6.366707881594588
        ]
      },
      "properties": {
        "probability": 0.9999966621398926,
        "lat": 6.366707881594588,
        "lon": -1.730562147901715,
        "region": "Obuasi",
        "detected_at": "2026-07-13T08:51:51.323148",
        "model_version": "48px_v3.7_2024-01-10"
      }
    },
    {
      "type": "Feature",
      "geometry": {
        "type": "Point",
        "coordinates": [
          -1.730562147901715,
          6.36453196392419
        ]
      },
      "properties": {
        "probability": 0.9999932050704956,
        "lat": 6.36453196392419,
        "lon": -1.730562147901715,
        "region": "Obuasi",
        "detected_at": "2026-07-13T08:51:51.323240",
        "model_version": "48px_v3.7_2024-01-10"
      }
    },
    {
      "type": "Feature",
      "geometry": {
        "type": "Point",
        "coordinates": [
          -1.7305621479017148,
          6.362356046253789
        ]
      },
      "properties": {
        "probability": 0.9999948740005493,
        "lat": 6.362356046253789,
        "lon": -1.7305621479017148,
        "region": "Obuasi",
        "detected_at": "2026-07-13T08:51:51.323331",
        "model_version": "48px_v3.7_2024-01-10"
      }
    },
    {
      "type": "Feature",
      "geometry": {
        "type": "Point",
        "coordinates": [
          -1.7305621479017148,
          6.360180128583389
        ]
      },
      "properties": {
        "probability": 0.9999976754188538,
        "lat": 6.360180128583389,
        "lon": -1.7305621479017148,
        "region": "Obuasi",
        "detected_at": "2026-07-13T08:51:51.323421",
        "model_version": "48px_v3.7_2024-01-10"
      }
    },
    {
      "type": "Feature",
      "geometry": {
        "type": "Point",
        "coordinates": [
          -1.730562147901715,
          6.35800421091299
        ]
      },
      "properties": {
        "probability": 0.9972336292266846,
        "lat": 6.35800421091299,
        "lon": -1.730562147901715,
        "region": "Obuasi",
        "detected_at": "2026-07-13T08:51:51.323538",
        "model_version": "48px_v3.7_2024-01-10"
      }
    },
    {
      "type": "Feature",
      "geometry": {
        "type": "Point",
        "coordinates": [
          -1.728387138972726,
          6.362356046253789
        ]
      },
      "properties": {
        "probability": 0.9947116374969482,
        "lat": 6.362356046253789,
        "lon": -1.728387138972726,
        "region": "Obuasi",
        "detected_at": "2026-07-13T08:51:51.323633",
        "model_version": "48px_v3.7_2024-01-10"
      }
    },
    {
      "type": "Feature",
      "geometry": {
        "type": "Point",
        "coordinates": [
          -1.728387138972726,
          6.360180128583389
        ]
      },
      "properties": {
        "probability": 0.9984484910964966,
        "lat": 6.360180128583389,
        "lon": -1.728387138972726,
        "region": "Obuasi",
        "detected_at": "2026-07-13T08:51:51.323723",
        "model_version": "48px_v3.7_2024-01-10"
      }
    },
    {
      "type": "Feature",
      "geometry": {
        "type": "Point",
        "coordinates": [
          -1.7262121300437365,
          6.360180128583389
        ]
      },
      "properties": {
        "probability": 0.9949131011962891,
        "lat": 6.360180128583389,
        "lon": -1.7262121300437365,
        "region": "Obuasi",
        "detected_at": "2026-07-13T08:51:51.323814",
        "model_version": "48px_v3.7_2024-01-10"
      }
    },
    {
      "type": "Feature",
      "geometry": {
        "type": "Point",
        "coordinates": [
          -1.7262121300437365,
          6.3580042109129895
        ]
      },
      "properties": {
        "probability": 0.8416390419006348,
        "lat": 6.3580042109129895,
        "lon": -1.7262121300437365,
        "region": "Obuasi",
        "detected_at": "2026-07-13T08:51:51.323905",
        "model_version": "48px_v3.7_2024-01-10"
      }
    },
    {
      "type": "Feature",
      "geometry": {
        "type": "Point",
        "coordinates": [
          -1.7240371211147476,
          6.360180128583389
        ]
      },
      "properties": {
        "probability": 0.971146821975708,
        "lat": 6.360180128583389,
        "lon": -1.7240371211147476,
        "region": "Obuasi",
        "detected_at": "2026-07-13T08:51:51.323994",
        "model_version": "48px_v3.7_2024-01-10"
      }
    },
    {
      "type": "Feature",
      "geometry": {
        "type": "Point",
        "coordinates": [
          -1.7240371211147478,
          6.35800421091299
        ]
      },
      "properties": {
        "probability": 0.986918032169342,
        "lat": 6.35800421091299,
        "lon": -1.7240371211147478,
        "region": "Obuasi",
        "detected_at": "2026-07-13T08:51:51.324091",
        "model_version": "48px_v3.7_2024-01-10"
      }
    },
    {
      "type": "Feature",
      "geometry": {
        "type": "Point",
        "coordinates": [
          -1.7175120943277804,
          6.403698481991376
        ]
      },
      "properties": {
        "probability": 0.9396500587463379,
        "lat": 6.403698481991376,
        "lon": -1.7175120943277804,
        "region": "Obuasi",
        "detected_at": "2026-07-13T08:51:51.324188",
        "model_version": "48px_v3.7_2024-01-10"
      }
    },
    {
      "type": "Feature",
      "geometry": {
        "type": "Point",
        "coordinates": [
          -1.7153370853987917,
          6.362356046253789
        ]
      },
      "properties": {
        "probability": 0.8247177004814148,
        "lat": 6.362356046253789,
        "lon": -1.7153370853987917,
        "region": "Obuasi",
        "detected_at": "2026-07-13T08:51:51.324278",
        "model_version": "48px_v3.7_2024-01-10"
      }
    },
    {
      "type": "Feature",
      "geometry": {
        "type": "Point",
        "coordinates": [
          -1.7131620764698021,
          6.362356046253789
        ]
      },
      "properties": {
        "probability": 0.9990076422691345,
        "lat": 6.362356046253789,
        "lon": -1.7131620764698021,
        "region": "Obuasi",
        "detected_at": "2026-07-13T08:51:51.324376",
        "model_version": "48px_v3.7_2024-01-10"
      }
    },
    {
      "type": "Feature",
      "geometry": {
        "type": "Point",
        "coordinates": [
          -1.7131620764698021,
          6.360180128583389
        ]
      },
      "properties": {
        "probability": 0.801019549369812,
        "lat": 6.360180128583389,
        "lon": -1.7131620764698021,
        "region": "Obuasi",
        "detected_at": "2026-07-13T08:51:51.324526",
        "model_version": "48px_v3.7_2024-01-10"
      }
    },
    {
      "type": "Feature",
      "geometry": {
        "type": "Point",
        "coordinates": [
          -1.7109870675408134,
          6.373235634605787
        ]
      },
      "properties": {
        "probability": 0.9946615099906921,
        "lat": 6.373235634605787,
        "lon": -1.7109870675408134,
        "region": "Obuasi",
        "detected_at": "2026-07-13T08:51:51.324637",
        "model_version": "48px_v3.7_2024-01-10"
      }
    },
    {
      "type": "Feature",
      "geometry": {
        "type": "Point",
        "coordinates": [
          -1.7088120586118245,
          6.384115222957782
        ]
      },
      "properties": {
        "probability": 0.9999902248382568,
        "lat": 6.384115222957782,
        "lon": -1.7088120586118245,
        "region": "Obuasi",
        "detected_at": "2026-07-13T08:51:51.324731",
        "model_version": "48px_v3.7_2024-01-10"
      }
    },
    {
      "type": "Feature",
      "geometry": {
        "type": "Point",
        "coordinates": [
          -1.708812058611824,
          6.375411552276185
        ]
      },
      "properties": {
        "probability": 0.9878364205360413,
        "lat": 6.375411552276185,
        "lon": -1.708812058611824,
        "region": "Obuasi",
        "detected_at": "2026-07-13T08:51:51.324823",
        "model_version": "48px_v3.7_2024-01-10"
      }
    },
    {
      "type": "Feature",
      "geometry": {
        "type": "Point",
        "coordinates": [
          -1.7088120586118245,
          6.373235634605787
        ]
      },
      "properties": {
        "probability": 0.9573192596435547,
        "lat": 6.373235634605787,
        "lon": -1.7088120586118245,
        "region": "Obuasi",
        "detected_at": "2026-07-13T08:51:51.324915",
        "model_version": "48px_v3.7_2024-01-10"
      }
    },
    {
      "type": "Feature",
      "geometry": {
        "type": "Point",
        "coordinates": [
          -1.7066370496828351,
          6.381939305287383
        ]
      },
      "properties": {
        "probability": 1.0,
        "lat": 6.381939305287383,
        "lon": -1.7066370496828351,
        "region": "Obuasi",
        "detected_at": "2026-07-13T08:51:51.325006",
        "model_version": "48px_v3.7_2024-01-10"
      }
    },
    {
      "type": "Feature",
      "geometry": {
        "type": "Point",
        "coordinates": [
          -1.7955606240348276,
          6.451565911956558
        ]
      },
      "properties": {
        "probability": 0.9455757737159729,
        "lat": 6.451565911956558,
        "lon": -1.7955606240348276,
        "region": "Obuasi",
        "detected_at": "2026-07-13T08:51:51.325096",
        "model_version": "48px_v3.7_2024-01-10"
      }
    },
    {
      "type": "Feature",
      "geometry": {
        "type": "Point",
        "coordinates": [
          -1.7955606240348274,
          6.442862793031681
        ]
      },
      "properties": {
        "probability": 0.8972138166427612,
        "lat": 6.442862793031681,
        "lon": -1.7955606240348274,
        "region": "Obuasi",
        "detected_at": "2026-07-13T08:51:51.325186",
        "model_version": "48px_v3.7_2024-01-10"
      }
    },
    {
      "type": "Feature",
      "geometry": {
        "type": "Point",
        "coordinates": [
          -1.7955606240348274,
          6.440687013300462
        ]
      },
      "properties": {
        "probability": 0.9962404370307922,
        "lat": 6.440687013300462,
        "lon": -1.7955606240348274,
        "region": "Obuasi",
        "detected_at": "2026-07-13T08:51:51.325292",
        "model_version": "48px_v3.7_2024-01-10"
      }
    },
    {
      "type": "Feature",
      "geometry": {
        "type": "Point",
        "coordinates": [
          -1.7933855274085693,
          6.455917471418996
        ]
      },
      "properties": {
        "probability": 0.9999599456787109,
        "lat": 6.455917471418996,
        "lon": -1.7933855274085693,
        "region": "Obuasi",
        "detected_at": "2026-07-13T08:51:51.325385",
        "model_version": "48px_v3.7_2024-01-10"
      }
    },
    {
      "type": "Feature",
      "geometry": {
        "type": "Point",
        "coordinates": [
          -1.7933855274085697,
          6.453741691687778
        ]
      },
      "properties": {
        "probability": 0.9977865219116211,
        "lat": 6.453741691687778,
        "lon": -1.7933855274085697,
        "region": "Obuasi",
        "detected_at": "2026-07-13T08:51:51.325504",
        "model_version": "48px_v3.7_2024-01-10"
      }
    },
    {
      "type": "Feature",
      "geometry": {
        "type": "Point",
        "coordinates": [
          -1.791210430782312,
          6.458093251150216
        ]
      },
      "properties": {
        "probability": 0.9745498299598694,
        "lat": 6.458093251150216,
        "lon": -1.791210430782312,
        "region": "Obuasi",
        "detected_at": "2026-07-13T08:51:51.325610",
        "model_version": "48px_v3.7_2024-01-10"
      }
    },
    {
      "type": "Feature",
      "geometry": {
        "type": "Point",
        "coordinates": [
          -1.791210430782312,
          6.455917471418996
        ]
      },
      "properties": {
        "probability": 0.9998167753219604,
        "lat": 6.455917471418996,
        "lon": -1.791210430782312,
        "region": "Obuasi",
        "detected_at": "2026-07-13T08:51:51.325715",
        "model_version": "48px_v3.7_2024-01-10"
      }
    },
    {
      "type": "Feature",
      "geometry": {
        "type": "Point",
        "coordinates": [
          -1.791210430782312,
          6.453741691687778
        ]
      },
      "properties": {
        "probability": 0.9926461577415466,
        "lat": 6.453741691687778,
        "lon": -1.791210430782312,
        "region": "Obuasi",
        "detected_at": "2026-07-13T08:51:51.325821",
        "model_version": "48px_v3.7_2024-01-10"
      }
    },
    {
      "type": "Feature",
      "geometry": {
        "type": "Point",
        "coordinates": [
          -1.791210430782312,
          6.416753436257052
        ]
      },
      "properties": {
        "probability": 0.9999868869781494,
        "lat": 6.416753436257052,
        "lon": -1.791210430782312,
        "region": "Obuasi",
        "detected_at": "2026-07-13T08:51:51.325919",
        "model_version": "48px_v3.7_2024-01-10"
      }
    },
    {
      "type": "Feature",
      "geometry": {
        "type": "Point",
        "coordinates": [
          -1.791210430782312,
          6.414577656525832
        ]
      },
      "properties": {
        "probability": 0.9999998807907104,
        "lat": 6.414577656525832,
        "lon": -1.791210430782312,
        "region": "Obuasi",
        "detected_at": "2026-07-13T08:51:51.326023",
        "model_version": "48px_v3.7_2024-01-10"
      }
    },
    {
      "type": "Feature",
      "geometry": {
        "type": "Point",
        "coordinates": [
          -1.791210430782312,
          6.412401876794613
        ]
      },
      "properties": {
        "probability": 0.9993688464164734,
        "lat": 6.412401876794613,
        "lon": -1.791210430782312,
        "region": "Obuasi",
        "detected_at": "2026-07-13T08:51:51.326118",
        "model_version": "48px_v3.7_2024-01-10"
      }
    },
    {
      "type": "Feature",
      "geometry": {
        "type": "Point",
        "coordinates": [
          -1.791210430782312,
          6.4102260970633935
        ]
      },
      "properties": {
        "probability": 0.9999994039535522,
        "lat": 6.4102260970633935,
        "lon": -1.791210430782312,
        "region": "Obuasi",
        "detected_at": "2026-07-13T08:51:51.326211",
        "model_version": "48px_v3.7_2024-01-10"
      }
    },
    {
      "type": "Feature",
      "geometry": {
        "type": "Point",
        "coordinates": [
          -1.789035334156054,
          6.416753436257051
        ]
      },
      "properties": {
        "probability": 0.9992398619651794,
        "lat": 6.416753436257051,
        "lon": -1.789035334156054,
        "region": "Obuasi",
        "detected_at": "2026-07-13T08:51:51.326303",
        "model_version": "48px_v3.7_2024-01-10"
      }
    },
    {
      "type": "Feature",
      "geometry": {
        "type": "Point",
        "coordinates": [
          -1.789035334156054,
          6.414577656525833
        ]
      },
      "properties": {
        "probability": 0.9976053833961487,
        "lat": 6.414577656525833,
        "lon": -1.789035334156054,
        "region": "Obuasi",
        "detected_at": "2026-07-13T08:51:51.326395",
        "model_version": "48px_v3.7_2024-01-10"
      }
    },
    {
      "type": "Feature",
      "geometry": {
        "type": "Point",
        "coordinates": [
          -1.789035334156054,
          6.4102260970633935
        ]
      },
      "properties": {
        "probability": 0.9999994039535522,
        "lat": 6.4102260970633935,
        "lon": -1.789035334156054,
        "region": "Obuasi",
        "detected_at": "2026-07-13T08:51:51.326510",
        "model_version": "48px_v3.7_2024-01-10"
      }
    },
    {
      "type": "Feature",
      "geometry": {
        "type": "Point",
        "coordinates": [
          -1.7868602375297964,
          6.418929215988271
        ]
      },
      "properties": {
        "probability": 0.9808452129364014,
        "lat": 6.418929215988271,
        "lon": -1.7868602375297964,
        "region": "Obuasi",
        "detected_at": "2026-07-13T08:51:51.326609",
        "model_version": "48px_v3.7_2024-01-10"
      }
    },
    {
      "type": "Feature",
      "geometry": {
        "type": "Point",
        "coordinates": [
          -1.7846851409035385,
          6.455917471418996
        ]
      },
      "properties": {
        "probability": 0.9351835250854492,
        "lat": 6.455917471418996,
        "lon": -1.7846851409035385,
        "region": "Obuasi",
        "detected_at": "2026-07-13T08:51:51.326702",
        "model_version": "48px_v3.7_2024-01-10"
      }
    },
    {
      "type": "Feature",
      "geometry": {
        "type": "Point",
        "coordinates": [
          -1.7825100442772808,
          6.455917471418996
        ]
      },
      "properties": {
        "probability": 0.9997227787971497,
        "lat": 6.455917471418996,
        "lon": -1.7825100442772808,
        "region": "Obuasi",
        "detected_at": "2026-07-13T08:51:51.326794",
        "model_version": "48px_v3.7_2024-01-10"
      }
    },
    {
      "type": "Feature",
      "geometry": {
        "type": "Point",
        "coordinates": [
          -1.7825100442772808,
          6.453741691687777
        ]
      },
      "properties": {
        "probability": 0.9377110600471497,
        "lat": 6.453741691687777,
        "lon": -1.7825100442772808,
        "region": "Obuasi",
        "detected_at": "2026-07-13T08:51:51.326887",
        "model_version": "48px_v3.7_2024-01-10"
      }
    },
    {
      "type": "Feature",
      "geometry": {
        "type": "Point",
        "coordinates": [
          -1.780334947651023,
          6.455917471418996
        ]
      },
      "properties": {
        "probability": 0.8892697691917419,
        "lat": 6.455917471418996,
        "lon": -1.780334947651023,
        "region": "Obuasi",
        "detected_at": "2026-07-13T08:51:51.326981",
        "model_version": "48px_v3.7_2024-01-10"
      }
    },
    {
      "type": "Feature",
      "geometry": {
        "type": "Point",
        "coordinates": [
          -1.780334947651023,
          6.436335453838025
        ]
      },
      "properties": {
        "probability": 0.9971423149108887,
        "lat": 6.436335453838025,
        "lon": -1.780334947651023,
        "region": "Obuasi",
        "detected_at": "2026-07-13T08:51:51.327074",
        "model_version": "48px_v3.7_2024-01-10"
      }
    },
    {
      "type": "Feature",
      "geometry": {
        "type": "Point",
        "coordinates": [
          -1.7781598510247656,
          6.440687013300462
        ]
      },
      "properties": {
        "probability": 0.9999951720237732,
        "lat": 6.440687013300462,
        "lon": -1.7781598510247656,
        "region": "Obuasi",
        "detected_at": "2026-07-13T08:51:51.327165",
        "model_version": "48px_v3.7_2024-01-10"
      }
    },
    {
      "type": "Feature",
      "geometry": {
        "type": "Point",
        "coordinates": [
          -1.7781598510247654,
          6.438511233569243
        ]
      },
      "properties": {
        "probability": 1.0,
        "lat": 6.438511233569243,
        "lon": -1.7781598510247654,
        "region": "Obuasi",
        "detected_at": "2026-07-13T08:51:51.327256",
        "model_version": "48px_v3.7_2024-01-10"
      }
    },
    {
      "type": "Feature",
      "geometry": {
        "type": "Point",
        "coordinates": [
          -1.7781598510247656,
          6.436335453838025
        ]
      },
      "properties": {
        "probability": 0.9999951720237732,
        "lat": 6.436335453838025,
        "lon": -1.7781598510247656,
        "region": "Obuasi",
        "detected_at": "2026-07-13T08:51:51.327348",
        "model_version": "48px_v3.7_2024-01-10"
      }
    },
    {
      "type": "Feature",
      "geometry": {
        "type": "Point",
        "coordinates": [
          -1.7781598510247656,
          6.434159674106805
        ]
      },
      "properties": {
        "probability": 0.9999861717224121,
        "lat": 6.434159674106805,
        "lon": -1.7781598510247656,
        "region": "Obuasi",
        "detected_at": "2026-07-13T08:51:51.327439",
        "model_version": "48px_v3.7_2024-01-10"
      }
    },
    {
      "type": "Feature",
      "geometry": {
        "type": "Point",
        "coordinates": [
          -1.7759847543985074,
          6.440687013300462
        ]
      },
      "properties": {
        "probability": 0.9999884963035583,
        "lat": 6.440687013300462,
        "lon": -1.7759847543985074,
        "region": "Obuasi",
        "detected_at": "2026-07-13T08:51:51.327564",
        "model_version": "48px_v3.7_2024-01-10"
      }
    },
    {
      "type": "Feature",
      "geometry": {
        "type": "Point",
        "coordinates": [
          -1.7738096577722495,
          6.440687013300462
        ]
      },
      "properties": {
        "probability": 0.9829798936843872,
        "lat": 6.440687013300462,
        "lon": -1.7738096577722495,
        "region": "Obuasi",
        "detected_at": "2026-07-13T08:51:51.327658",
        "model_version": "48px_v3.7_2024-01-10"
      }
    },
    {
      "type": "Feature",
      "geometry": {
        "type": "Point",
        "coordinates": [
          -1.7564088847621877,
          6.4450385727629
        ]
      },
      "properties": {
        "probability": 0.9937444925308228,
        "lat": 6.4450385727629,
        "lon": -1.7564088847621877,
        "region": "Obuasi",
        "detected_at": "2026-07-13T08:51:51.327755",
        "model_version": "48px_v3.7_2024-01-10"
      }
    },
    {
      "type": "Feature",
      "geometry": {
        "type": "Point",
        "coordinates": [
          -1.8041387907613713,
          6.427754941666557
        ]
      },
      "properties": {
        "probability": 0.9160749316215515,
        "lat": 6.427754941666557,
        "lon": -1.8041387907613713,
        "region": "Obuasi",
        "detected_at": "2026-07-13T08:51:51.327847",
        "model_version": "48px_v3.7_2024-01-10"
      }
    },
    {
      "type": "Feature",
      "geometry": {
        "type": "Point",
        "coordinates": [
          -1.8216578233010452,
          6.384362273765998
        ]
      },
      "properties": {
        "probability": 1.0,
        "lat": 6.384362273765998,
        "lon": -1.8216578233010452,
        "region": "Obuasi",
        "detected_at": "2026-07-13T08:51:51.327944",
        "model_version": "48px_v3.7_2024-01-10"
      }
    },
    {
      "type": "Feature",
      "geometry": {
        "type": "Point",
        "coordinates": [
          -1.8216578233010452,
          6.3821867096382165
        ]
      },
      "properties": {
        "probability": 0.9998394846916199,
        "lat": 6.3821867096382165,
        "lon": -1.8216578233010452,
        "region": "Obuasi",
        "detected_at": "2026-07-13T08:51:51.328035",
        "model_version": "48px_v3.7_2024-01-10"
      }
    },
    {
      "type": "Feature",
      "geometry": {
        "type": "Point",
        "coordinates": [
          -1.8194831667024405,
          6.386537837893781
        ]
      },
      "properties": {
        "probability": 0.8913974761962891,
        "lat": 6.386537837893781,
        "lon": -1.8194831667024405,
        "region": "Obuasi",
        "detected_at": "2026-07-13T08:51:51.328127",
        "model_version": "48px_v3.7_2024-01-10"
      }
    },
    {
      "type": "Feature",
      "geometry": {
        "type": "Point",
        "coordinates": [
          -1.8194831667024405,
          6.384362273765998
        ]
      },
      "properties": {
        "probability": 0.9941072463989258,
        "lat": 6.384362273765998,
        "lon": -1.8194831667024405,
        "region": "Obuasi",
        "detected_at": "2026-07-13T08:51:51.328219",
        "model_version": "48px_v3.7_2024-01-10"
      }
    },
    {
      "type": "Feature",
      "geometry": {
        "type": "Point",
        "coordinates": [
          -1.8194831667024405,
          6.3821867096382165
        ]
      },
      "properties": {
        "probability": 0.9144424200057983,
        "lat": 6.3821867096382165,
        "lon": -1.8194831667024405,
        "region": "Obuasi",
        "detected_at": "2026-07-13T08:51:51.328310",
        "model_version": "48px_v3.7_2024-01-10"
      }
    },
    {
      "type": "Feature",
      "geometry": {
        "type": "Point",
        "coordinates": [
          -1.8348229058950596,
          6.351846849324288
        ]
      },
      "properties": {
        "probability": 0.9471951723098755,
        "lat": 6.351846849324288,
        "lon": -1.8348229058950596,
        "region": "Obuasi",
        "detected_at": "2026-07-13T08:51:51.328403",
        "model_version": "48px_v3.7_2024-01-10"
      }
    },
    {
      "type": "Feature",
      "geometry": {
        "type": "Point",
        "coordinates": [
          -1.8348229058950596,
          6.34967132134882
        ]
      },
      "properties": {
        "probability": 0.9995678067207336,
        "lat": 6.34967132134882,
        "lon": -1.8348229058950596,
        "region": "Obuasi",
        "detected_at": "2026-07-13T08:51:51.328526",
        "model_version": "48px_v3.7_2024-01-10"
      }
    }
  ],
  "metadata": {
    "generated_at": "2026-07-13T08:51:51.329526",
    "model_version": "48px_v3.7_2024-01-10",
    "threshold": 0.8,
    "regions": [
      "ghana_tarkwa",
      "ghana_obuasi"
    ],
    "total_detections": 1483,
    "high_confidence": 1279,
    "medium_confidence": 204
  }
}