{
  "type": "FeatureCollection",
  "features": [
    {
      "type": "Feature",
      "geometry": {
        "type": "Point",
        "coordinates": [
          -1.8460161801548822,
          5.0971754822166355
        ]
      },
      "properties": {
        "probability": 0.8220342993736267,
        "lat": 5.0971754822166355,
        "lon": -1.8460161801548822,
        "region": "Tarkwa-Nsuaem",
        "detected_at": "2026-03-02T06:19:09.169720",
        "model_version": "48px_v3.7_2024-01-10"
      }
    },
    {
      "type": "Feature",
      "geometry": {
        "type": "Point",
        "coordinates": [
          -1.8351725529801803,
          5.071079661851765
        ]
      },
      "properties": {
        "probability": 0.8524819612503052,
        "lat": 5.071079661851765,
        "lon": -1.8351725529801803,
        "region": "Tarkwa-Nsuaem",
        "detected_at": "2026-03-02T06:19:09.169887",
        "model_version": "48px_v3.7_2024-01-10"
      }
    },
    {
      "type": "Feature",
      "geometry": {
        "type": "Point",
        "coordinates": [
          -1.8308351021102993,
          5.0645557067605464
        ]
      },
      "properties": {
        "probability": 0.8493950963020325,
        "lat": 5.0645557067605464,
        "lon": -1.8308351021102993,
        "region": "Tarkwa-Nsuaem",
        "detected_at": "2026-03-02T06:19:09.170003",
        "model_version": "48px_v3.7_2024-01-10"
      }
    },
    {
      "type": "Feature",
      "geometry": {
        "type": "Point",
        "coordinates": [
          -1.8308351021102993,
          5.062381055063474
        ]
      },
      "properties": {
        "probability": 0.8174030780792236,
        "lat": 5.062381055063474,
        "lon": -1.8308351021102993,
        "region": "Tarkwa-Nsuaem",
        "detected_at": "2026-03-02T06:19:09.170112",
        "model_version": "48px_v3.7_2024-01-10"
      }
    },
    {
      "type": "Feature",
      "geometry": {
        "type": "Point",
        "coordinates": [
          -1.9500108692251623,
          5.051776592122612
        ]
      },
      "properties": {
        "probability": 0.8384605050086975,
        "lat": 5.051776592122612,
        "lon": -1.9500108692251623,
        "region": "Tarkwa-Nsuaem",
        "detected_at": "2026-03-02T06:19:09.170213",
        "model_version": "48px_v3.7_2024-01-10"
      }
    },
    {
      "type": "Feature",
      "geometry": {
        "type": "Point",
        "coordinates": [
          -1.9500108692251623,
          5.049602244915956
        ]
      },
      "properties": {
        "probability": 0.8791065216064453,
        "lat": 5.049602244915956,
        "lon": -1.9500108692251623,
        "region": "Tarkwa-Nsuaem",
        "detected_at": "2026-03-02T06:19:09.170312",
        "model_version": "48px_v3.7_2024-01-10"
      }
    },
    {
      "type": "Feature",
      "geometry": {
        "type": "Point",
        "coordinates": [
          -1.9500108692251623,
          5.034381814469379
        ]
      },
      "properties": {
        "probability": 0.9134867191314697,
        "lat": 5.034381814469379,
        "lon": -1.9500108692251623,
        "region": "Tarkwa-Nsuaem",
        "detected_at": "2026-03-02T06:19:09.170408",
        "model_version": "48px_v3.7_2024-01-10"
      }
    },
    {
      "type": "Feature",
      "geometry": {
        "type": "Point",
        "coordinates": [
          -1.9478426235230015,
          5.006115300782875
        ]
      },
      "properties": {
        "probability": 0.8771127462387085,
        "lat": 5.006115300782875,
        "lon": -1.9478426235230015,
        "region": "Tarkwa-Nsuaem",
        "detected_at": "2026-03-02T06:19:09.170510",
        "model_version": "48px_v3.7_2024-01-10"
      }
    },
    {
      "type": "Feature",
      "geometry": {
        "type": "Point",
        "coordinates": [
          -1.9478426235230015,
          5.0039409535762225
        ]
      },
      "properties": {
        "probability": 0.9992270469665527,
        "lat": 5.0039409535762225,
        "lon": -1.9478426235230015,
        "region": "Tarkwa-Nsuaem",
        "detected_at": "2026-03-02T06:19:09.170605",
        "model_version": "48px_v3.7_2024-01-10"
      }
    },
    {
      "type": "Feature",
      "geometry": {
        "type": "Point",
        "coordinates": [
          -1.9456743778208412,
          5.003940953576222
        ]
      },
      "properties": {
        "probability": 0.9880712032318115,
        "lat": 5.003940953576222,
        "lon": -1.9456743778208412,
        "region": "Tarkwa-Nsuaem",
        "detected_at": "2026-03-02T06:19:09.170700",
        "model_version": "48px_v3.7_2024-01-10"
      }
    },
    {
      "type": "Feature",
      "geometry": {
        "type": "Point",
        "coordinates": [
          -1.923991920799234,
          5.0191613840228
        ]
      },
      "properties": {
        "probability": 0.8004244565963745,
        "lat": 5.0191613840228,
        "lon": -1.923991920799234,
        "region": "Tarkwa-Nsuaem",
        "detected_at": "2026-03-02T06:19:09.170793",
        "model_version": "48px_v3.7_2024-01-10"
      }
    },
    {
      "type": "Feature",
      "geometry": {
        "type": "Point",
        "coordinates": [
          -1.9218236750970732,
          5.0191613840228
        ]
      },
      "properties": {
        "probability": 0.9513105154037476,
        "lat": 5.0191613840228,
        "lon": -1.9218236750970732,
        "region": "Tarkwa-Nsuaem",
        "detected_at": "2026-03-02T06:19:09.170909",
        "model_version": "48px_v3.7_2024-01-10"
      }
    },
    {
      "type": "Feature",
      "geometry": {
        "type": "Point",
        "coordinates": [
          -1.915318937990591,
          5.049602244915956
        ]
      },
      "properties": {
        "probability": 0.9558737277984619,
        "lat": 5.049602244915956,
        "lon": -1.915318937990591,
        "region": "Tarkwa-Nsuaem",
        "detected_at": "2026-03-02T06:19:09.171004",
        "model_version": "48px_v3.7_2024-01-10"
      }
    },
    {
      "type": "Feature",
      "geometry": {
        "type": "Point",
        "coordinates": [
          -1.9131506922884305,
          5.049602244915956
        ]
      },
      "properties": {
        "probability": 0.9589051604270935,
        "lat": 5.049602244915956,
        "lon": -1.9131506922884305,
        "region": "Tarkwa-Nsuaem",
        "detected_at": "2026-03-02T06:19:09.171096",
        "model_version": "48px_v3.7_2024-01-10"
      }
    },
    {
      "type": "Feature",
      "geometry": {
        "type": "Point",
        "coordinates": [
          -1.900227402161178,
          5.006027000207462
        ]
      },
      "properties": {
        "probability": 0.8158981800079346,
        "lat": 5.006027000207462,
        "lon": -1.900227402161178,
        "region": "Tarkwa-Nsuaem",
        "detected_at": "2026-03-02T06:19:09.171187",
        "model_version": "48px_v3.7_2024-01-10"
      }
    },
    {
      "type": "Feature",
      "geometry": {
        "type": "Point",
        "coordinates": [
          -1.8980590224195986,
          5.006027000207462
        ]
      },
      "properties": {
        "probability": 0.857501745223999,
        "lat": 5.006027000207462,
        "lon": -1.8980590224195986,
        "region": "Tarkwa-Nsuaem",
        "detected_at": "2026-03-02T06:19:09.171280",
        "model_version": "48px_v3.7_2024-01-10"
      }
    },
    {
      "type": "Feature",
      "geometry": {
        "type": "Point",
        "coordinates": [
          -1.9542641379103998,
          5.0669118854324955
        ]
      },
      "properties": {
        "probability": 0.8256071209907532,
        "lat": 5.0669118854324955,
        "lon": -1.9542641379103998,
        "region": "Tarkwa-Nsuaem",
        "detected_at": "2026-03-02T06:19:09.171373",
        "model_version": "48px_v3.7_2024-01-10"
      }
    },
    {
      "type": "Feature",
      "geometry": {
        "type": "Point",
        "coordinates": [
          -1.9542641379103998,
          5.06473750492621
        ]
      },
      "properties": {
        "probability": 0.9965818524360657,
        "lat": 5.06473750492621,
        "lon": -1.9542641379103998,
        "region": "Tarkwa-Nsuaem",
        "detected_at": "2026-03-02T06:19:09.171465",
        "model_version": "48px_v3.7_2024-01-10"
      }
    },
    {
      "type": "Feature",
      "geometry": {
        "type": "Point",
        "coordinates": [
          -1.9542641379103998,
          5.062563124419925
        ]
      },
      "properties": {
        "probability": 0.820963442325592,
        "lat": 5.062563124419925,
        "lon": -1.9542641379103998,
        "region": "Tarkwa-Nsuaem",
        "detected_at": "2026-03-02T06:19:09.171556",
        "model_version": "48px_v3.7_2024-01-10"
      }
    },
    {
      "type": "Feature",
      "geometry": {
        "type": "Point",
        "coordinates": [
          -1.9520956823136164,
          5.06473750492621
        ]
      },
      "properties": {
        "probability": 0.8111492395401001,
        "lat": 5.06473750492621,
        "lon": -1.9520956823136164,
        "region": "Tarkwa-Nsuaem",
        "detected_at": "2026-03-02T06:19:09.171647",
        "model_version": "48px_v3.7_2024-01-10"
      }
    },
    {
      "type": "Feature",
      "geometry": {
        "type": "Point",
        "coordinates": [
          -1.8914654694746107,
          5.073346758320296
        ]
      },
      "properties": {
        "probability": 0.8477988839149475,
        "lat": 5.073346758320296,
        "lon": -1.8914654694746107,
        "region": "Tarkwa-Nsuaem",
        "detected_at": "2026-03-02T06:19:09.171737",
        "model_version": "48px_v3.7_2024-01-10"
      }
    },
    {
      "type": "Feature",
      "geometry": {
        "type": "Point",
        "coordinates": [
          -1.7959374063288416,
          5.2490205789444735
        ]
      },
      "properties": {
        "probability": 0.9410073161125183,
        "lat": 5.2490205789444735,
        "lon": -1.7959374063288416,
        "region": "Tarkwa-Nsuaem",
        "detected_at": "2026-03-02T06:19:09.171845",
        "model_version": "48px_v3.7_2024-01-10"
      }
    },
    {
      "type": "Feature",
      "geometry": {
        "type": "Point",
        "coordinates": [
          -1.7937678919864566,
          5.251195479346699
        ]
      },
      "properties": {
        "probability": 0.829989492893219,
        "lat": 5.251195479346699,
        "lon": -1.7937678919864566,
        "region": "Tarkwa-Nsuaem",
        "detected_at": "2026-03-02T06:19:09.171940",
        "model_version": "48px_v3.7_2024-01-10"
      }
    },
    {
      "type": "Feature",
      "geometry": {
        "type": "Point",
        "coordinates": [
          -1.7937678919864566,
          5.2490205789444735
        ]
      },
      "properties": {
        "probability": 0.9999708533287048,
        "lat": 5.2490205789444735,
        "lon": -1.7937678919864566,
        "region": "Tarkwa-Nsuaem",
        "detected_at": "2026-03-02T06:19:09.172031",
        "model_version": "48px_v3.7_2024-01-10"
      }
    },
    {
      "type": "Feature",
      "geometry": {
        "type": "Point",
        "coordinates": [
          -1.7937678919864566,
          5.246845678542249
        ]
      },
      "properties": {
        "probability": 0.868010401725769,
        "lat": 5.246845678542249,
        "lon": -1.7937678919864566,
        "region": "Tarkwa-Nsuaem",
        "detected_at": "2026-03-02T06:19:09.172119",
        "model_version": "48px_v3.7_2024-01-10"
      }
    },
    {
      "type": "Feature",
      "geometry": {
        "type": "Point",
        "coordinates": [
          -1.8500734126893976,
          5.246944185694091
        ]
      },
      "properties": {
        "probability": 0.8429772853851318,
        "lat": 5.246944185694091,
        "lon": -1.8500734126893976,
        "region": "Tarkwa-Nsuaem",
        "detected_at": "2026-03-02T06:19:09.172209",
        "model_version": "48px_v3.7_2024-01-10"
      }
    },
    {
      "type": "Feature",
      "geometry": {
        "type": "Point",
        "coordinates": [
          -1.8479040359025305,
          5.246944185694091
        ]
      },
      "properties": {
        "probability": 0.9440566897392273,
        "lat": 5.246944185694091,
        "lon": -1.8479040359025305,
        "region": "Tarkwa-Nsuaem",
        "detected_at": "2026-03-02T06:19:09.172298",
        "model_version": "48px_v3.7_2024-01-10"
      }
    },
    {
      "type": "Feature",
      "geometry": {
        "type": "Point",
        "coordinates": [
          -1.8956239076983152,
          5.186241619005359
        ]
      },
      "properties": {
        "probability": 0.939983069896698,
        "lat": 5.186241619005359,
        "lon": -1.8956239076983152,
        "region": "Tarkwa-Nsuaem",
        "detected_at": "2026-03-02T06:19:09.172397",
        "model_version": "48px_v3.7_2024-01-10"
      }
    },
    {
      "type": "Feature",
      "geometry": {
        "type": "Point",
        "coordinates": [
          -1.8956239076983152,
          5.1840670319092
        ]
      },
      "properties": {
        "probability": 0.9843223094940186,
        "lat": 5.1840670319092,
        "lon": -1.8956239076983152,
        "region": "Tarkwa-Nsuaem",
        "detected_at": "2026-03-02T06:19:09.172487",
        "model_version": "48px_v3.7_2024-01-10"
      }
    },
    {
      "type": "Feature",
      "geometry": {
        "type": "Point",
        "coordinates": [
          -1.8934548874400756,
          5.186241619005359
        ]
      },
      "properties": {
        "probability": 0.9475329518318176,
        "lat": 5.186241619005359,
        "lon": -1.8934548874400756,
        "region": "Tarkwa-Nsuaem",
        "detected_at": "2026-03-02T06:19:09.172578",
        "model_version": "48px_v3.7_2024-01-10"
      }
    },
    {
      "type": "Feature",
      "geometry": {
        "type": "Point",
        "coordinates": [
          -1.8934548874400756,
          5.1840670319092
        ]
      },
      "properties": {
        "probability": 0.9995367527008057,
        "lat": 5.1840670319092,
        "lon": -1.8934548874400756,
        "region": "Tarkwa-Nsuaem",
        "detected_at": "2026-03-02T06:19:09.172669",
        "model_version": "48px_v3.7_2024-01-10"
      }
    },
    {
      "type": "Feature",
      "geometry": {
        "type": "Point",
        "coordinates": [
          -1.8934548874400752,
          5.18189244481304
        ]
      },
      "properties": {
        "probability": 0.9998646378517151,
        "lat": 5.18189244481304,
        "lon": -1.8934548874400752,
        "region": "Tarkwa-Nsuaem",
        "detected_at": "2026-03-02T06:19:09.172758",
        "model_version": "48px_v3.7_2024-01-10"
      }
    },
    {
      "type": "Feature",
      "geometry": {
        "type": "Point",
        "coordinates": [
          -1.8912858671818353,
          5.18189244481304
        ]
      },
      "properties": {
        "probability": 0.9672432541847229,
        "lat": 5.18189244481304,
        "lon": -1.8912858671818353,
        "region": "Tarkwa-Nsuaem",
        "detected_at": "2026-03-02T06:19:09.172908",
        "model_version": "48px_v3.7_2024-01-10"
      }
    },
    {
      "type": "Feature",
      "geometry": {
        "type": "Point",
        "coordinates": [
          -1.8847788064071158,
          5.188416206101519
        ]
      },
      "properties": {
        "probability": 0.862593948841095,
        "lat": 5.188416206101519,
        "lon": -1.8847788064071158,
        "region": "Tarkwa-Nsuaem",
        "detected_at": "2026-03-02T06:19:09.173072",
        "model_version": "48px_v3.7_2024-01-10"
      }
    },
    {
      "type": "Feature",
      "geometry": {
        "type": "Point",
        "coordinates": [
          -1.884778806407116,
          5.186241619005359
        ]
      },
      "properties": {
        "probability": 0.9979842901229858,
        "lat": 5.186241619005359,
        "lon": -1.884778806407116,
        "region": "Tarkwa-Nsuaem",
        "detected_at": "2026-03-02T06:19:09.173219",
        "model_version": "48px_v3.7_2024-01-10"
      }
    },
    {
      "type": "Feature",
      "geometry": {
        "type": "Point",
        "coordinates": [
          -1.884778806407116,
          5.1840670319092
        ]
      },
      "properties": {
        "probability": 0.9597564935684204,
        "lat": 5.1840670319092,
        "lon": -1.884778806407116,
        "region": "Tarkwa-Nsuaem",
        "detected_at": "2026-03-02T06:19:09.173361",
        "model_version": "48px_v3.7_2024-01-10"
      }
    },
    {
      "type": "Feature",
      "geometry": {
        "type": "Point",
        "coordinates": [
          -1.8826097861488762,
          5.188416206101519
        ]
      },
      "properties": {
        "probability": 0.9278634190559387,
        "lat": 5.188416206101519,
        "lon": -1.8826097861488762,
        "region": "Tarkwa-Nsuaem",
        "detected_at": "2026-03-02T06:19:09.173472",
        "model_version": "48px_v3.7_2024-01-10"
      }
    },
    {
      "type": "Feature",
      "geometry": {
        "type": "Point",
        "coordinates": [
          -1.882609786148876,
          5.186241619005359
        ]
      },
      "properties": {
        "probability": 0.9998485445976257,
        "lat": 5.186241619005359,
        "lon": -1.882609786148876,
        "region": "Tarkwa-Nsuaem",
        "detected_at": "2026-03-02T06:19:09.173565",
        "model_version": "48px_v3.7_2024-01-10"
      }
    },
    {
      "type": "Feature",
      "geometry": {
        "type": "Point",
        "coordinates": [
          -1.882609786148876,
          5.1840670319092
        ]
      },
      "properties": {
        "probability": 0.990543007850647,
        "lat": 5.1840670319092,
        "lon": -1.882609786148876,
        "region": "Tarkwa-Nsuaem",
        "detected_at": "2026-03-02T06:19:09.173656",
        "model_version": "48px_v3.7_2024-01-10"
      }
    },
    {
      "type": "Feature",
      "geometry": {
        "type": "Point",
        "coordinates": [
          -1.8804407658906364,
          5.186241619005359
        ]
      },
      "properties": {
        "probability": 0.9128633141517639,
        "lat": 5.186241619005359,
        "lon": -1.8804407658906364,
        "region": "Tarkwa-Nsuaem",
        "detected_at": "2026-03-02T06:19:09.173747",
        "model_version": "48px_v3.7_2024-01-10"
      }
    },
    {
      "type": "Feature",
      "geometry": {
        "type": "Point",
        "coordinates": [
          -1.8739337051159168,
          5.207987489966953
        ]
      },
      "properties": {
        "probability": 0.8177592158317566,
        "lat": 5.207987489966953,
        "lon": -1.8739337051159168,
        "region": "Tarkwa-Nsuaem",
        "detected_at": "2026-03-02T06:19:09.173857",
        "model_version": "48px_v3.7_2024-01-10"
      }
    },
    {
      "type": "Feature",
      "geometry": {
        "type": "Point",
        "coordinates": [
          -1.8739337051159168,
          5.201463728678476
        ]
      },
      "properties": {
        "probability": 0.8106281757354736,
        "lat": 5.201463728678476,
        "lon": -1.8739337051159168,
        "region": "Tarkwa-Nsuaem",
        "detected_at": "2026-03-02T06:19:09.173952",
        "model_version": "48px_v3.7_2024-01-10"
      }
    },
    {
      "type": "Feature",
      "geometry": {
        "type": "Point",
        "coordinates": [
          -1.8674266443411973,
          5.207987489966953
        ]
      },
      "properties": {
        "probability": 0.8624650239944458,
        "lat": 5.207987489966953,
        "lon": -1.8674266443411973,
        "region": "Tarkwa-Nsuaem",
        "detected_at": "2026-03-02T06:19:09.174041",
        "model_version": "48px_v3.7_2024-01-10"
      }
    },
    {
      "type": "Feature",
      "geometry": {
        "type": "Point",
        "coordinates": [
          -1.8652576240829575,
          5.207987489966953
        ]
      },
      "properties": {
        "probability": 0.9797812104225159,
        "lat": 5.207987489966953,
        "lon": -1.8652576240829575,
        "region": "Tarkwa-Nsuaem",
        "detected_at": "2026-03-02T06:19:09.174129",
        "model_version": "48px_v3.7_2024-01-10"
      }
    },
    {
      "type": "Feature",
      "geometry": {
        "type": "Point",
        "coordinates": [
          -1.8652576240829575,
          5.205812902870795
        ]
      },
      "properties": {
        "probability": 0.914596438407898,
        "lat": 5.205812902870795,
        "lon": -1.8652576240829575,
        "region": "Tarkwa-Nsuaem",
        "detected_at": "2026-03-02T06:19:09.174218",
        "model_version": "48px_v3.7_2024-01-10"
      }
    },
    {
      "type": "Feature",
      "geometry": {
        "type": "Point",
        "coordinates": [
          -1.9389129089889394,
          5.201552278894403
        ]
      },
      "properties": {
        "probability": 0.8732929229736328,
        "lat": 5.201552278894403,
        "lon": -1.9389129089889394,
        "region": "Tarkwa-Nsuaem",
        "detected_at": "2026-03-02T06:19:09.174307",
        "model_version": "48px_v3.7_2024-01-10"
      }
    },
    {
      "type": "Feature",
      "geometry": {
        "type": "Point",
        "coordinates": [
          -1.9389129089889394,
          5.199377831880113
        ]
      },
      "properties": {
        "probability": 0.9255396723747253,
        "lat": 5.199377831880113,
        "lon": -1.9389129089889394,
        "region": "Tarkwa-Nsuaem",
        "detected_at": "2026-03-02T06:19:09.174396",
        "model_version": "48px_v3.7_2024-01-10"
      }
    },
    {
      "type": "Feature",
      "geometry": {
        "type": "Point",
        "coordinates": [
          -1.9367440281417527,
          5.201552278894403
        ]
      },
      "properties": {
        "probability": 0.9959151744842529,
        "lat": 5.201552278894403,
        "lon": -1.9367440281417527,
        "region": "Tarkwa-Nsuaem",
        "detected_at": "2026-03-02T06:19:09.174484",
        "model_version": "48px_v3.7_2024-01-10"
      }
    },
    {
      "type": "Feature",
      "geometry": {
        "type": "Point",
        "coordinates": [
          -1.9367440281417527,
          5.199377831880113
        ]
      },
      "properties": {
        "probability": 0.9064533710479736,
        "lat": 5.199377831880113,
        "lon": -1.9367440281417527,
        "region": "Tarkwa-Nsuaem",
        "detected_at": "2026-03-02T06:19:09.174573",
        "model_version": "48px_v3.7_2024-01-10"
      }
    },
    {
      "type": "Feature",
      "geometry": {
        "type": "Point",
        "coordinates": [
          -1.9345751472945665,
          5.208075619937271
        ]
      },
      "properties": {
        "probability": 0.9632132053375244,
        "lat": 5.208075619937271,
        "lon": -1.9345751472945665,
        "region": "Tarkwa-Nsuaem",
        "detected_at": "2026-03-02T06:19:09.174663",
        "model_version": "48px_v3.7_2024-01-10"
      }
    },
    {
      "type": "Feature",
      "geometry": {
        "type": "Point",
        "coordinates": [
          -1.9345751472945665,
          5.2059011729229825
        ]
      },
      "properties": {
        "probability": 0.9553192853927612,
        "lat": 5.2059011729229825,
        "lon": -1.9345751472945665,
        "region": "Tarkwa-Nsuaem",
        "detected_at": "2026-03-02T06:19:09.174753",
        "model_version": "48px_v3.7_2024-01-10"
      }
    },
    {
      "type": "Feature",
      "geometry": {
        "type": "Point",
        "coordinates": [
          -1.9324062664473798,
          5.2059011729229825
        ]
      },
      "properties": {
        "probability": 0.9947574138641357,
        "lat": 5.2059011729229825,
        "lon": -1.9324062664473798,
        "region": "Tarkwa-Nsuaem",
        "detected_at": "2026-03-02T06:19:09.174859",
        "model_version": "48px_v3.7_2024-01-10"
      }
    },
    {
      "type": "Feature",
      "geometry": {
        "type": "Point",
        "coordinates": [
          -1.9324062664473798,
          5.203726725908693
        ]
      },
      "properties": {
        "probability": 0.9876875877380371,
        "lat": 5.203726725908693,
        "lon": -1.9324062664473798,
        "region": "Tarkwa-Nsuaem",
        "detected_at": "2026-03-02T06:19:09.174954",
        "model_version": "48px_v3.7_2024-01-10"
      }
    },
    {
      "type": "Feature",
      "geometry": {
        "type": "Point",
        "coordinates": [
          -1.9302373856001933,
          5.192854490837245
        ]
      },
      "properties": {
        "probability": 0.9184064269065857,
        "lat": 5.192854490837245,
        "lon": -1.9302373856001933,
        "region": "Tarkwa-Nsuaem",
        "detected_at": "2026-03-02T06:19:09.175043",
        "model_version": "48px_v3.7_2024-01-10"
      }
    },
    {
      "type": "Feature",
      "geometry": {
        "type": "Point",
        "coordinates": [
          -1.9215618622114479,
          5.208075619937271
        ]
      },
      "properties": {
        "probability": 0.8688613176345825,
        "lat": 5.208075619937271,
        "lon": -1.9215618622114479,
        "region": "Tarkwa-Nsuaem",
        "detected_at": "2026-03-02T06:19:09.175131",
        "model_version": "48px_v3.7_2024-01-10"
      }
    },
    {
      "type": "Feature",
      "geometry": {
        "type": "Point",
        "coordinates": [
          -1.9193929813642612,
          5.208075619937271
        ]
      },
      "properties": {
        "probability": 0.9147221446037292,
        "lat": 5.208075619937271,
        "lon": -1.9193929813642612,
        "region": "Tarkwa-Nsuaem",
        "detected_at": "2026-03-02T06:19:09.175220",
        "model_version": "48px_v3.7_2024-01-10"
      }
    },
    {
      "type": "Feature",
      "geometry": {
        "type": "Point",
        "coordinates": [
          -1.9063793397208713,
          5.220942908114115
        ]
      },
      "properties": {
        "probability": 0.9200761318206787,
        "lat": 5.220942908114115,
        "lon": -1.9063793397208713,
        "region": "Tarkwa-Nsuaem",
        "detected_at": "2026-03-02T06:19:09.175308",
        "model_version": "48px_v3.7_2024-01-10"
      }
    },
    {
      "type": "Feature",
      "geometry": {
        "type": "Point",
        "coordinates": [
          -1.9063793397208713,
          5.2187682860186975
        ]
      },
      "properties": {
        "probability": 0.9993792772293091,
        "lat": 5.2187682860186975,
        "lon": -1.9063793397208713,
        "region": "Tarkwa-Nsuaem",
        "detected_at": "2026-03-02T06:19:09.175396",
        "model_version": "48px_v3.7_2024-01-10"
      }
    },
    {
      "type": "Feature",
      "geometry": {
        "type": "Point",
        "coordinates": [
          -1.9063793397208713,
          5.216593663923279
        ]
      },
      "properties": {
        "probability": 0.9984145760536194,
        "lat": 5.216593663923279,
        "lon": -1.9063793397208713,
        "region": "Tarkwa-Nsuaem",
        "detected_at": "2026-03-02T06:19:09.175484",
        "model_version": "48px_v3.7_2024-01-10"
      }
    },
    {
      "type": "Feature",
      "geometry": {
        "type": "Point",
        "coordinates": [
          -1.9042101023134137,
          5.220942908114115
        ]
      },
      "properties": {
        "probability": 0.9278570413589478,
        "lat": 5.220942908114115,
        "lon": -1.9042101023134137,
        "region": "Tarkwa-Nsuaem",
        "detected_at": "2026-03-02T06:19:09.175572",
        "model_version": "48px_v3.7_2024-01-10"
      }
    },
    {
      "type": "Feature",
      "geometry": {
        "type": "Point",
        "coordinates": [
          -1.9042101023134137,
          5.2187682860186975
        ]
      },
      "properties": {
        "probability": 0.8020172119140625,
        "lat": 5.2187682860186975,
        "lon": -1.9042101023134137,
        "region": "Tarkwa-Nsuaem",
        "detected_at": "2026-03-02T06:19:09.175663",
        "model_version": "48px_v3.7_2024-01-10"
      }
    },
    {
      "type": "Feature",
      "geometry": {
        "type": "Point",
        "coordinates": [
          -1.8803484908313806,
          5.238339884877465
        ]
      },
      "properties": {
        "probability": 0.9802999496459961,
        "lat": 5.238339884877465,
        "lon": -1.8803484908313806,
        "region": "Tarkwa-Nsuaem",
        "detected_at": "2026-03-02T06:19:09.175753",
        "model_version": "48px_v3.7_2024-01-10"
      }
    },
    {
      "type": "Feature",
      "geometry": {
        "type": "Point",
        "coordinates": [
          -1.8803484908313806,
          5.2361652627820465
        ]
      },
      "properties": {
        "probability": 0.9933037161827087,
        "lat": 5.2361652627820465,
        "lon": -1.8803484908313806,
        "region": "Tarkwa-Nsuaem",
        "detected_at": "2026-03-02T06:19:09.175860",
        "model_version": "48px_v3.7_2024-01-10"
      }
    },
    {
      "type": "Feature",
      "geometry": {
        "type": "Point",
        "coordinates": [
          -1.878179253423923,
          5.240514506972883
        ]
      },
      "properties": {
        "probability": 0.8943619728088379,
        "lat": 5.240514506972883,
        "lon": -1.878179253423923,
        "region": "Tarkwa-Nsuaem",
        "detected_at": "2026-03-02T06:19:09.175955",
        "model_version": "48px_v3.7_2024-01-10"
      }
    },
    {
      "type": "Feature",
      "geometry": {
        "type": "Point",
        "coordinates": [
          -1.8781792534239228,
          5.238339884877465
        ]
      },
      "properties": {
        "probability": 0.9999733567237854,
        "lat": 5.238339884877465,
        "lon": -1.8781792534239228,
        "region": "Tarkwa-Nsuaem",
        "detected_at": "2026-03-02T06:19:09.176045",
        "model_version": "48px_v3.7_2024-01-10"
      }
    },
    {
      "type": "Feature",
      "geometry": {
        "type": "Point",
        "coordinates": [
          -1.8781792534239228,
          5.2361652627820465
        ]
      },
      "properties": {
        "probability": 0.9933692812919617,
        "lat": 5.2361652627820465,
        "lon": -1.8781792534239228,
        "region": "Tarkwa-Nsuaem",
        "detected_at": "2026-03-02T06:19:09.176136",
        "model_version": "48px_v3.7_2024-01-10"
      }
    },
    {
      "type": "Feature",
      "geometry": {
        "type": "Point",
        "coordinates": [
          -1.8760100160164657,
          5.240514506972883
        ]
      },
      "properties": {
        "probability": 0.8937262296676636,
        "lat": 5.240514506972883,
        "lon": -1.8760100160164657,
        "region": "Tarkwa-Nsuaem",
        "detected_at": "2026-03-02T06:19:09.176225",
        "model_version": "48px_v3.7_2024-01-10"
      }
    },
    {
      "type": "Feature",
      "geometry": {
        "type": "Point",
        "coordinates": [
          -1.8695023037940928,
          5.24486375116372
        ]
      },
      "properties": {
        "probability": 0.873156726360321,
        "lat": 5.24486375116372,
        "lon": -1.8695023037940928,
        "region": "Tarkwa-Nsuaem",
        "detected_at": "2026-03-02T06:19:09.176315",
        "model_version": "48px_v3.7_2024-01-10"
      }
    },
    {
      "type": "Feature",
      "geometry": {
        "type": "Point",
        "coordinates": [
          -1.8673330663866354,
          5.24486375116372
        ]
      },
      "properties": {
        "probability": 0.9018629193305969,
        "lat": 5.24486375116372,
        "lon": -1.8673330663866354,
        "region": "Tarkwa-Nsuaem",
        "detected_at": "2026-03-02T06:19:09.176404",
        "model_version": "48px_v3.7_2024-01-10"
      }
    },
    {
      "type": "Feature",
      "geometry": {
        "type": "Point",
        "coordinates": [
          -1.954009233950025,
          5.247128240850802
        ]
      },
      "properties": {
        "probability": 0.8232396245002747,
        "lat": 5.247128240850802,
        "lon": -1.954009233950025,
        "region": "Tarkwa-Nsuaem",
        "detected_at": "2026-03-02T06:19:09.176491",
        "model_version": "48px_v3.7_2024-01-10"
      }
    },
    {
      "type": "Feature",
      "geometry": {
        "type": "Point",
        "coordinates": [
          -1.9127964060602145,
          5.214511037508723
        ]
      },
      "properties": {
        "probability": 0.9209964275360107,
        "lat": 5.214511037508723,
        "lon": -1.9127964060602145,
        "region": "Tarkwa-Nsuaem",
        "detected_at": "2026-03-02T06:19:09.176580",
        "model_version": "48px_v3.7_2024-01-10"
      }
    },
    {
      "type": "Feature",
      "geometry": {
        "type": "Point",
        "coordinates": [
          -1.9127964060602143,
          5.212336557285919
        ]
      },
      "properties": {
        "probability": 0.9950672388076782,
        "lat": 5.212336557285919,
        "lon": -1.9127964060602143,
        "region": "Tarkwa-Nsuaem",
        "detected_at": "2026-03-02T06:19:09.176669",
        "model_version": "48px_v3.7_2024-01-10"
      }
    },
    {
      "type": "Feature",
      "geometry": {
        "type": "Point",
        "coordinates": [
          -1.9106273098554873,
          5.214511037508723
        ]
      },
      "properties": {
        "probability": 0.9999924898147583,
        "lat": 5.214511037508723,
        "lon": -1.9106273098554873,
        "region": "Tarkwa-Nsuaem",
        "detected_at": "2026-03-02T06:19:09.176758",
        "model_version": "48px_v3.7_2024-01-10"
      }
    },
    {
      "type": "Feature",
      "geometry": {
        "type": "Point",
        "coordinates": [
          -1.9106273098554873,
          5.212336557285919
        ]
      },
      "properties": {
        "probability": 0.9999296069145203,
        "lat": 5.212336557285919,
        "lon": -1.9106273098554873,
        "region": "Tarkwa-Nsuaem",
        "detected_at": "2026-03-02T06:19:09.176893",
        "model_version": "48px_v3.7_2024-01-10"
      }
    },
    {
      "type": "Feature",
      "geometry": {
        "type": "Point",
        "coordinates": [
          -2.162161963010551,
          5.041207936668274
        ]
      },
      "properties": {
        "probability": 0.9727237224578857,
        "lat": 5.041207936668274,
        "lon": -2.162161963010551,
        "region": "Tarkwa-Nsuaem",
        "detected_at": "2026-03-02T06:19:09.177000",
        "model_version": "48px_v3.7_2024-01-10"
      }
    },
    {
      "type": "Feature",
      "geometry": {
        "type": "Point",
        "coordinates": [
          -2.1599942716527165,
          5.041207936668274
        ]
      },
      "properties": {
        "probability": 0.8971025943756104,
        "lat": 5.041207936668274,
        "lon": -2.1599942716527165,
        "region": "Tarkwa-Nsuaem",
        "detected_at": "2026-03-02T06:19:09.177092",
        "model_version": "48px_v3.7_2024-01-10"
      }
    },
    {
      "type": "Feature",
      "geometry": {
        "type": "Point",
        "coordinates": [
          -2.157826580294882,
          5.008601082687923
        ]
      },
      "properties": {
        "probability": 0.8347600698471069,
        "lat": 5.008601082687923,
        "lon": -2.157826580294882,
        "region": "Tarkwa-Nsuaem",
        "detected_at": "2026-03-02T06:19:09.177181",
        "model_version": "48px_v3.7_2024-01-10"
      }
    },
    {
      "type": "Feature",
      "geometry": {
        "type": "Point",
        "coordinates": [
          -2.004131701571083,
          5.051857905022246
        ]
      },
      "properties": {
        "probability": 0.809778094291687,
        "lat": 5.051857905022246,
        "lon": -2.004131701571083,
        "region": "Tarkwa-Nsuaem",
        "detected_at": "2026-03-02T06:19:09.177271",
        "model_version": "48px_v3.7_2024-01-10"
      }
    },
    {
      "type": "Feature",
      "geometry": {
        "type": "Point",
        "coordinates": [
          -2.151255803445025,
          5.084615415086768
        ]
      },
      "properties": {
        "probability": 0.8644775152206421,
        "lat": 5.084615415086768,
        "lon": -2.151255803445025,
        "region": "Tarkwa-Nsuaem",
        "detected_at": "2026-03-02T06:19:09.177361",
        "model_version": "48px_v3.7_2024-01-10"
      }
    },
    {
      "type": "Feature",
      "geometry": {
        "type": "Point",
        "coordinates": [
          -2.149087909361114,
          5.084615415086768
        ]
      },
      "properties": {
        "probability": 0.8858867883682251,
        "lat": 5.084615415086768,
        "lon": -2.149087909361114,
        "region": "Tarkwa-Nsuaem",
        "detected_at": "2026-03-02T06:19:09.177451",
        "model_version": "48px_v3.7_2024-01-10"
      }
    },
    {
      "type": "Feature",
      "geometry": {
        "type": "Point",
        "coordinates": [
          -2.0820253311992944,
          5.041138392195677
        ]
      },
      "properties": {
        "probability": 0.8234350085258484,
        "lat": 5.041138392195677,
        "lon": -2.0820253311992944,
        "region": "Tarkwa-Nsuaem",
        "detected_at": "2026-03-02T06:19:09.177538",
        "model_version": "48px_v3.7_2024-01-10"
      }
    },
    {
      "type": "Feature",
      "geometry": {
        "type": "Point",
        "coordinates": [
          -2.0623630568669498,
          5.182149078276242
        ]
      },
      "properties": {
        "probability": 0.9939463138580322,
        "lat": 5.182149078276242,
        "lon": -2.0623630568669498,
        "region": "Tarkwa-Nsuaem",
        "detected_at": "2026-03-02T06:19:09.177627",
        "model_version": "48px_v3.7_2024-01-10"
      }
    },
    {
      "type": "Feature",
      "geometry": {
        "type": "Point",
        "coordinates": [
          -2.0623630568669498,
          5.179974916859914
        ]
      },
      "properties": {
        "probability": 0.999914824962616,
        "lat": 5.179974916859914,
        "lon": -2.0623630568669498,
        "region": "Tarkwa-Nsuaem",
        "detected_at": "2026-03-02T06:19:09.177715",
        "model_version": "48px_v3.7_2024-01-10"
      }
    },
    {
      "type": "Feature",
      "geometry": {
        "type": "Point",
        "coordinates": [
          -2.060194460306846,
          5.179974916859914
        ]
      },
      "properties": {
        "probability": 0.9985563158988953,
        "lat": 5.179974916859914,
        "lon": -2.060194460306846,
        "region": "Tarkwa-Nsuaem",
        "detected_at": "2026-03-02T06:19:09.177802",
        "model_version": "48px_v3.7_2024-01-10"
      }
    },
    {
      "type": "Feature",
      "geometry": {
        "type": "Point",
        "coordinates": [
          -2.047182880946224,
          5.171278271194598
        ]
      },
      "properties": {
        "probability": 0.8942811489105225,
        "lat": 5.171278271194598,
        "lon": -2.047182880946224,
        "region": "Tarkwa-Nsuaem",
        "detected_at": "2026-03-02T06:19:09.177951",
        "model_version": "48px_v3.7_2024-01-10"
      }
    },
    {
      "type": "Feature",
      "geometry": {
        "type": "Point",
        "coordinates": [
          -2.127338307597416,
          5.154108709672721
        ]
      },
      "properties": {
        "probability": 0.9312424063682556,
        "lat": 5.154108709672721,
        "lon": -2.127338307597416,
        "region": "Tarkwa-Nsuaem",
        "detected_at": "2026-03-02T06:19:09.178044",
        "model_version": "48px_v3.7_2024-01-10"
      }
    },
    {
      "type": "Feature",
      "geometry": {
        "type": "Point",
        "coordinates": [
          -1.9756131319372479,
          5.234167768871272
        ]
      },
      "properties": {
        "probability": 0.8363872170448303,
        "lat": 5.234167768871272,
        "lon": -1.9756131319372479,
        "region": "Tarkwa-Nsuaem",
        "detected_at": "2026-03-02T06:19:09.178133",
        "model_version": "48px_v3.7_2024-01-10"
      }
    },
    {
      "type": "Feature",
      "geometry": {
        "type": "Point",
        "coordinates": [
          -1.9756131319372479,
          5.231993432333116
        ]
      },
      "properties": {
        "probability": 0.9578201770782471,
        "lat": 5.231993432333116,
        "lon": -1.9756131319372479,
        "region": "Tarkwa-Nsuaem",
        "detected_at": "2026-03-02T06:19:09.178222",
        "model_version": "48px_v3.7_2024-01-10"
      }
    },
    {
      "type": "Feature",
      "geometry": {
        "type": "Point",
        "coordinates": [
          -2.1122330110461673,
          5.1409943740365165
        ]
      },
      "properties": {
        "probability": 0.9497979283332825,
        "lat": 5.1409943740365165,
        "lon": -2.1122330110461673,
        "region": "Tarkwa-Nsuaem",
        "detected_at": "2026-03-02T06:19:09.178312",
        "model_version": "48px_v3.7_2024-01-10"
      }
    },
    {
      "type": "Feature",
      "geometry": {
        "type": "Point",
        "coordinates": [
          -2.1122330110461673,
          5.138820385999792
        ]
      },
      "properties": {
        "probability": 0.9721229076385498,
        "lat": 5.138820385999792,
        "lon": -2.1122330110461673,
        "region": "Tarkwa-Nsuaem",
        "detected_at": "2026-03-02T06:19:09.178401",
        "model_version": "48px_v3.7_2024-01-10"
      }
    },
    {
      "type": "Feature",
      "geometry": {
        "type": "Point",
        "coordinates": [
          -2.110064767518026,
          5.138820385999791
        ]
      },
      "properties": {
        "probability": 0.8150994777679443,
        "lat": 5.138820385999791,
        "lon": -2.110064767518026,
        "region": "Tarkwa-Nsuaem",
        "detected_at": "2026-03-02T06:19:09.178489",
        "model_version": "48px_v3.7_2024-01-10"
      }
    },
    {
      "type": "Feature",
      "geometry": {
        "type": "Point",
        "coordinates": [
          -2.101391793405459,
          5.117080505632535
        ]
      },
      "properties": {
        "probability": 0.9313970804214478,
        "lat": 5.117080505632535,
        "lon": -2.101391793405459,
        "region": "Tarkwa-Nsuaem",
        "detected_at": "2026-03-02T06:19:09.178579",
        "model_version": "48px_v3.7_2024-01-10"
      }
    },
    {
      "type": "Feature",
      "geometry": {
        "type": "Point",
        "coordinates": [
          -2.099223549877318,
          5.117080505632535
        ]
      },
      "properties": {
        "probability": 0.8995155692100525,
        "lat": 5.117080505632535,
        "lon": -2.099223549877318,
        "region": "Tarkwa-Nsuaem",
        "detected_at": "2026-03-02T06:19:09.178667",
        "model_version": "48px_v3.7_2024-01-10"
      }
    },
    {
      "type": "Feature",
      "geometry": {
        "type": "Point",
        "coordinates": [
          -2.099223549877318,
          5.114906517595809
        ]
      },
      "properties": {
        "probability": 0.8475525379180908,
        "lat": 5.114906517595809,
        "lon": -2.099223549877318,
        "region": "Tarkwa-Nsuaem",
        "detected_at": "2026-03-02T06:19:09.178756",
        "model_version": "48px_v3.7_2024-01-10"
      }
    },
    {
      "type": "Feature",
      "geometry": {
        "type": "Point",
        "coordinates": [
          -2.084045845180327,
          5.125776457779438
        ]
      },
      "properties": {
        "probability": 0.9779815077781677,
        "lat": 5.125776457779438,
        "lon": -2.084045845180327,
        "region": "Tarkwa-Nsuaem",
        "detected_at": "2026-03-02T06:19:09.178866",
        "model_version": "48px_v3.7_2024-01-10"
      }
    },
    {
      "type": "Feature",
      "geometry": {
        "type": "Point",
        "coordinates": [
          -2.0818776016521854,
          5.125776457779438
        ]
      },
      "properties": {
        "probability": 0.9839071035385132,
        "lat": 5.125776457779438,
        "lon": -2.0818776016521854,
        "region": "Tarkwa-Nsuaem",
        "detected_at": "2026-03-02T06:19:09.178963",
        "model_version": "48px_v3.7_2024-01-10"
      }
    },
    {
      "type": "Feature",
      "geometry": {
        "type": "Point",
        "coordinates": [
          -2.0797093581240444,
          5.123602469742712
        ]
      },
      "properties": {
        "probability": 0.8822616338729858,
        "lat": 5.123602469742712,
        "lon": -2.0797093581240444,
        "region": "Tarkwa-Nsuaem",
        "detected_at": "2026-03-02T06:19:09.179054",
        "model_version": "48px_v3.7_2024-01-10"
      }
    },
    {
      "type": "Feature",
      "geometry": {
        "type": "Point",
        "coordinates": [
          -2.077541114595903,
          5.125776457779438
        ]
      },
      "properties": {
        "probability": 0.8642558455467224,
        "lat": 5.125776457779438,
        "lon": -2.077541114595903,
        "region": "Tarkwa-Nsuaem",
        "detected_at": "2026-03-02T06:19:09.179143",
        "model_version": "48px_v3.7_2024-01-10"
      }
    },
    {
      "type": "Feature",
      "geometry": {
        "type": "Point",
        "coordinates": [
          -2.0775411145959026,
          5.123602469742712
        ]
      },
      "properties": {
        "probability": 0.9991963505744934,
        "lat": 5.123602469742712,
        "lon": -2.0775411145959026,
        "region": "Tarkwa-Nsuaem",
        "detected_at": "2026-03-02T06:19:09.179232",
        "model_version": "48px_v3.7_2024-01-10"
      }
    },
    {
      "type": "Feature",
      "geometry": {
        "type": "Point",
        "coordinates": [
          -2.07320462753962,
          5.143168362073243
        ]
      },
      "properties": {
        "probability": 0.9679229855537415,
        "lat": 5.143168362073243,
        "lon": -2.07320462753962,
        "region": "Tarkwa-Nsuaem",
        "detected_at": "2026-03-02T06:19:09.179321",
        "model_version": "48px_v3.7_2024-01-10"
      }
    },
    {
      "type": "Feature",
      "geometry": {
        "type": "Point",
        "coordinates": [
          -2.07320462753962,
          5.1409943740365165
        ]
      },
      "properties": {
        "probability": 0.8822091221809387,
        "lat": 5.1409943740365165,
        "lon": -2.07320462753962,
        "region": "Tarkwa-Nsuaem",
        "detected_at": "2026-03-02T06:19:09.179410",
        "model_version": "48px_v3.7_2024-01-10"
      }
    },
    {
      "type": "Feature",
      "geometry": {
        "type": "Point",
        "coordinates": [
          -2.1143293627732715,
          5.167007977839389
        ]
      },
      "properties": {
        "probability": 0.9842426776885986,
        "lat": 5.167007977839389,
        "lon": -2.1143293627732715,
        "region": "Tarkwa-Nsuaem",
        "detected_at": "2026-03-02T06:19:09.179497",
        "model_version": "48px_v3.7_2024-01-10"
      }
    },
    {
      "type": "Feature",
      "geometry": {
        "type": "Point",
        "coordinates": [
          -2.1034871043470673,
          5.164833961937983
        ]
      },
      "properties": {
        "probability": 0.8739082217216492,
        "lat": 5.164833961937983,
        "lon": -2.1034871043470673,
        "region": "Tarkwa-Nsuaem",
        "detected_at": "2026-03-02T06:19:09.179585",
        "model_version": "48px_v3.7_2024-01-10"
      }
    },
    {
      "type": "Feature",
      "geometry": {
        "type": "Point",
        "coordinates": [
          -2.0926448459208635,
          5.175704041445015
        ]
      },
      "properties": {
        "probability": 0.9837179183959961,
        "lat": 5.175704041445015,
        "lon": -2.0926448459208635,
        "region": "Tarkwa-Nsuaem",
        "detected_at": "2026-03-02T06:19:09.179674",
        "model_version": "48px_v3.7_2024-01-10"
      }
    },
    {
      "type": "Feature",
      "geometry": {
        "type": "Point",
        "coordinates": [
          -2.0904763942356226,
          5.177878057346424
        ]
      },
      "properties": {
        "probability": 0.9527842998504639,
        "lat": 5.177878057346424,
        "lon": -2.0904763942356226,
        "region": "Tarkwa-Nsuaem",
        "detected_at": "2026-03-02T06:19:09.179762",
        "model_version": "48px_v3.7_2024-01-10"
      }
    },
    {
      "type": "Feature",
      "geometry": {
        "type": "Point",
        "coordinates": [
          -2.086139490865141,
          5.18657412095205
        ]
      },
      "properties": {
        "probability": 0.9801198244094849,
        "lat": 5.18657412095205,
        "lon": -2.086139490865141,
        "region": "Tarkwa-Nsuaem",
        "detected_at": "2026-03-02T06:19:09.179869",
        "model_version": "48px_v3.7_2024-01-10"
      }
    },
    {
      "type": "Feature",
      "geometry": {
        "type": "Point",
        "coordinates": [
          -2.0839710391799002,
          5.18657412095205
        ]
      },
      "properties": {
        "probability": 0.9869537949562073,
        "lat": 5.18657412095205,
        "lon": -2.0839710391799002,
        "region": "Tarkwa-Nsuaem",
        "detected_at": "2026-03-02T06:19:09.179963",
        "model_version": "48px_v3.7_2024-01-10"
      }
    },
    {
      "type": "Feature",
      "geometry": {
        "type": "Point",
        "coordinates": [
          -2.1510484449904084,
          5.258313977461481
        ]
      },
      "properties": {
        "probability": 0.8721676468849182,
        "lat": 5.258313977461481,
        "lon": -2.1510484449904084,
        "region": "Tarkwa-Nsuaem",
        "detected_at": "2026-03-02T06:19:09.180052",
        "model_version": "48px_v3.7_2024-01-10"
      }
    },
    {
      "type": "Feature",
      "geometry": {
        "type": "Point",
        "coordinates": [
          -2.1510484449904084,
          5.256140082843572
        ]
      },
      "properties": {
        "probability": 0.8378890752792358,
        "lat": 5.256140082843572,
        "lon": -2.1510484449904084,
        "region": "Tarkwa-Nsuaem",
        "detected_at": "2026-03-02T06:19:09.180141",
        "model_version": "48px_v3.7_2024-01-10"
      }
    },
    {
      "type": "Feature",
      "geometry": {
        "type": "Point",
        "coordinates": [
          -2.1488799318181258,
          5.258313977461481
        ]
      },
      "properties": {
        "probability": 0.823732316493988,
        "lat": 5.258313977461481,
        "lon": -2.1488799318181258,
        "region": "Tarkwa-Nsuaem",
        "detected_at": "2026-03-02T06:19:09.180232",
        "model_version": "48px_v3.7_2024-01-10"
      }
    },
    {
      "type": "Feature",
      "geometry": {
        "type": "Point",
        "coordinates": [
          -2.1488799318181258,
          5.256140082843572
        ]
      },
      "properties": {
        "probability": 0.9764951467514038,
        "lat": 5.256140082843572,
        "lon": -2.1488799318181258,
        "region": "Tarkwa-Nsuaem",
        "detected_at": "2026-03-02T06:19:09.180320",
        "model_version": "48px_v3.7_2024-01-10"
      }
    },
    {
      "type": "Feature",
      "geometry": {
        "type": "Point",
        "coordinates": [
          -2.1488799318181258,
          5.253966188225666
        ]
      },
      "properties": {
        "probability": 0.8858409523963928,
        "lat": 5.253966188225666,
        "lon": -2.1488799318181258,
        "region": "Tarkwa-Nsuaem",
        "detected_at": "2026-03-02T06:19:09.180408",
        "model_version": "48px_v3.7_2024-01-10"
      }
    },
    {
      "type": "Feature",
      "geometry": {
        "type": "Point",
        "coordinates": [
          -2.1228577737507344,
          5.256140082843572
        ]
      },
      "properties": {
        "probability": 0.8431801199913025,
        "lat": 5.256140082843572,
        "lon": -2.1228577737507344,
        "region": "Tarkwa-Nsuaem",
        "detected_at": "2026-03-02T06:19:09.180497",
        "model_version": "48px_v3.7_2024-01-10"
      }
    },
    {
      "type": "Feature",
      "geometry": {
        "type": "Point",
        "coordinates": [
          -2.129435223210315,
          5.175777226943508
        ]
      },
      "properties": {
        "probability": 0.8336705565452576,
        "lat": 5.175777226943508,
        "lon": -2.129435223210315,
        "region": "Tarkwa-Nsuaem",
        "detected_at": "2026-03-02T06:19:09.180585",
        "model_version": "48px_v3.7_2024-01-10"
      }
    },
    {
      "type": "Feature",
      "geometry": {
        "type": "Point",
        "coordinates": [
          -2.1272669182200294,
          5.175777226943507
        ]
      },
      "properties": {
        "probability": 0.8504918813705444,
        "lat": 5.175777226943507,
        "lon": -2.1272669182200294,
        "region": "Tarkwa-Nsuaem",
        "detected_at": "2026-03-02T06:19:09.180673",
        "model_version": "48px_v3.7_2024-01-10"
      }
    },
    {
      "type": "Feature",
      "geometry": {
        "type": "Point",
        "coordinates": [
          -2.096907438306701,
          5.249545963920453
        ]
      },
      "properties": {
        "probability": 0.9580671787261963,
        "lat": 5.249545963920453,
        "lon": -2.096907438306701,
        "region": "Tarkwa-Nsuaem",
        "detected_at": "2026-03-02T06:19:09.180761",
        "model_version": "48px_v3.7_2024-01-10"
      }
    },
    {
      "type": "Feature",
      "geometry": {
        "type": "Point",
        "coordinates": [
          -2.096907438306701,
          5.247371920185346
        ]
      },
      "properties": {
        "probability": 0.9994901418685913,
        "lat": 5.247371920185346,
        "lon": -2.096907438306701,
        "region": "Tarkwa-Nsuaem",
        "detected_at": "2026-03-02T06:19:09.180897",
        "model_version": "48px_v3.7_2024-01-10"
      }
    },
    {
      "type": "Feature",
      "geometry": {
        "type": "Point",
        "coordinates": [
          -2.0947387766442676,
          5.247371920185346
        ]
      },
      "properties": {
        "probability": 0.9935616254806519,
        "lat": 5.247371920185346,
        "lon": -2.0947387766442676,
        "region": "Tarkwa-Nsuaem",
        "detected_at": "2026-03-02T06:19:09.181002",
        "model_version": "48px_v3.7_2024-01-10"
      }
    },
    {
      "type": "Feature",
      "geometry": {
        "type": "Point",
        "coordinates": [
          -2.0817268066696686,
          5.256068095125776
        ]
      },
      "properties": {
        "probability": 0.8661073446273804,
        "lat": 5.256068095125776,
        "lon": -2.0817268066696686,
        "region": "Tarkwa-Nsuaem",
        "detected_at": "2026-03-02T06:19:09.181094",
        "model_version": "48px_v3.7_2024-01-10"
      }
    },
    {
      "type": "Feature",
      "geometry": {
        "type": "Point",
        "coordinates": [
          -2.0817268066696686,
          5.2538940513906685
        ]
      },
      "properties": {
        "probability": 0.9987595677375793,
        "lat": 5.2538940513906685,
        "lon": -2.0817268066696686,
        "region": "Tarkwa-Nsuaem",
        "detected_at": "2026-03-02T06:19:09.181183",
        "model_version": "48px_v3.7_2024-01-10"
      }
    },
    {
      "type": "Feature",
      "geometry": {
        "type": "Point",
        "coordinates": [
          -2.079558145007236,
          5.260416182595991
        ]
      },
      "properties": {
        "probability": 0.9853472709655762,
        "lat": 5.260416182595991,
        "lon": -2.079558145007236,
        "region": "Tarkwa-Nsuaem",
        "detected_at": "2026-03-02T06:19:09.181271",
        "model_version": "48px_v3.7_2024-01-10"
      }
    },
    {
      "type": "Feature",
      "geometry": {
        "type": "Point",
        "coordinates": [
          -2.079558145007236,
          5.258242138860884
        ]
      },
      "properties": {
        "probability": 0.9714248180389404,
        "lat": 5.258242138860884,
        "lon": -2.079558145007236,
        "region": "Tarkwa-Nsuaem",
        "detected_at": "2026-03-02T06:19:09.181360",
        "model_version": "48px_v3.7_2024-01-10"
      }
    },
    {
      "type": "Feature",
      "geometry": {
        "type": "Point",
        "coordinates": [
          -2.0795581450072356,
          5.256068095125776
        ]
      },
      "properties": {
        "probability": 0.9999339580535889,
        "lat": 5.256068095125776,
        "lon": -2.0795581450072356,
        "region": "Tarkwa-Nsuaem",
        "detected_at": "2026-03-02T06:19:09.181449",
        "model_version": "48px_v3.7_2024-01-10"
      }
    },
    {
      "type": "Feature",
      "geometry": {
        "type": "Point",
        "coordinates": [
          -2.079558145007236,
          5.2538940513906685
        ]
      },
      "properties": {
        "probability": 0.9999999403953552,
        "lat": 5.2538940513906685,
        "lon": -2.079558145007236,
        "region": "Tarkwa-Nsuaem",
        "detected_at": "2026-03-02T06:19:09.181537",
        "model_version": "48px_v3.7_2024-01-10"
      }
    },
    {
      "type": "Feature",
      "geometry": {
        "type": "Point",
        "coordinates": [
          -2.079558145007236,
          5.25172000765556
        ]
      },
      "properties": {
        "probability": 0.9848536849021912,
        "lat": 5.25172000765556,
        "lon": -2.079558145007236,
        "region": "Tarkwa-Nsuaem",
        "detected_at": "2026-03-02T06:19:09.181625",
        "model_version": "48px_v3.7_2024-01-10"
      }
    },
    {
      "type": "Feature",
      "geometry": {
        "type": "Point",
        "coordinates": [
          -2.077389483344803,
          5.26041618259599
        ]
      },
      "properties": {
        "probability": 0.9991083145141602,
        "lat": 5.26041618259599,
        "lon": -2.077389483344803,
        "region": "Tarkwa-Nsuaem",
        "detected_at": "2026-03-02T06:19:09.181713",
        "model_version": "48px_v3.7_2024-01-10"
      }
    },
    {
      "type": "Feature",
      "geometry": {
        "type": "Point",
        "coordinates": [
          -2.077389483344803,
          5.258242138860883
        ]
      },
      "properties": {
        "probability": 0.9984797835350037,
        "lat": 5.258242138860883,
        "lon": -2.077389483344803,
        "region": "Tarkwa-Nsuaem",
        "detected_at": "2026-03-02T06:19:09.181802",
        "model_version": "48px_v3.7_2024-01-10"
      }
    },
    {
      "type": "Feature",
      "geometry": {
        "type": "Point",
        "coordinates": [
          -2.0773894833448026,
          5.256068095125775
        ]
      },
      "properties": {
        "probability": 0.9939582347869873,
        "lat": 5.256068095125775,
        "lon": -2.0773894833448026,
        "region": "Tarkwa-Nsuaem",
        "detected_at": "2026-03-02T06:19:09.181914",
        "model_version": "48px_v3.7_2024-01-10"
      }
    },
    {
      "type": "Feature",
      "geometry": {
        "type": "Point",
        "coordinates": [
          -2.077389483344803,
          5.2538940513906685
        ]
      },
      "properties": {
        "probability": 0.9997369050979614,
        "lat": 5.2538940513906685,
        "lon": -2.077389483344803,
        "region": "Tarkwa-Nsuaem",
        "detected_at": "2026-03-02T06:19:09.182006",
        "model_version": "48px_v3.7_2024-01-10"
      }
    },
    {
      "type": "Feature",
      "geometry": {
        "type": "Point",
        "coordinates": [
          -2.077389483344803,
          5.25172000765556
        ]
      },
      "properties": {
        "probability": 0.9996336698532104,
        "lat": 5.25172000765556,
        "lon": -2.077389483344803,
        "region": "Tarkwa-Nsuaem",
        "detected_at": "2026-03-02T06:19:09.182097",
        "model_version": "48px_v3.7_2024-01-10"
      }
    },
    {
      "type": "Feature",
      "geometry": {
        "type": "Point",
        "coordinates": [
          -2.0730521600199365,
          5.25172000765556
        ]
      },
      "properties": {
        "probability": 0.9624251127243042,
        "lat": 5.25172000765556,
        "lon": -2.0730521600199365,
        "region": "Tarkwa-Nsuaem",
        "detected_at": "2026-03-02T06:19:09.182185",
        "model_version": "48px_v3.7_2024-01-10"
      }
    },
    {
      "type": "Feature",
      "geometry": {
        "type": "Point",
        "coordinates": [
          -2.070883498357503,
          5.25172000765556
        ]
      },
      "properties": {
        "probability": 0.9971503019332886,
        "lat": 5.25172000765556,
        "lon": -2.070883498357503,
        "region": "Tarkwa-Nsuaem",
        "detected_at": "2026-03-02T06:19:09.182273",
        "model_version": "48px_v3.7_2024-01-10"
      }
    },
    {
      "type": "Feature",
      "geometry": {
        "type": "Point",
        "coordinates": [
          -2.0687148366950696,
          5.258242138860884
        ]
      },
      "properties": {
        "probability": 0.846092700958252,
        "lat": 5.258242138860884,
        "lon": -2.0687148366950696,
        "region": "Tarkwa-Nsuaem",
        "detected_at": "2026-03-02T06:19:09.182368",
        "model_version": "48px_v3.7_2024-01-10"
      }
    },
    {
      "type": "Feature",
      "geometry": {
        "type": "Point",
        "coordinates": [
          -2.066546175032637,
          5.260416182595991
        ]
      },
      "properties": {
        "probability": 0.9867924451828003,
        "lat": 5.260416182595991,
        "lon": -2.066546175032637,
        "region": "Tarkwa-Nsuaem",
        "detected_at": "2026-03-02T06:19:09.182459",
        "model_version": "48px_v3.7_2024-01-10"
      }
    },
    {
      "type": "Feature",
      "geometry": {
        "type": "Point",
        "coordinates": [
          -2.066546175032637,
          5.258242138860884
        ]
      },
      "properties": {
        "probability": 0.9007445573806763,
        "lat": 5.258242138860884,
        "lon": -2.066546175032637,
        "region": "Tarkwa-Nsuaem",
        "detected_at": "2026-03-02T06:19:09.182547",
        "model_version": "48px_v3.7_2024-01-10"
      }
    },
    {
      "type": "Feature",
      "geometry": {
        "type": "Point",
        "coordinates": [
          -1.7871586049914845,
          5.268492926911068
        ]
      },
      "properties": {
        "probability": 0.9994274377822876,
        "lat": 5.268492926911068,
        "lon": -1.7871586049914845,
        "region": "Tarkwa-Nsuaem",
        "detected_at": "2026-03-02T06:19:09.182634",
        "model_version": "48px_v3.7_2024-01-10"
      }
    },
    {
      "type": "Feature",
      "geometry": {
        "type": "Point",
        "coordinates": [
          -1.787158604991485,
          5.266317987959001
        ]
      },
      "properties": {
        "probability": 0.9997700452804565,
        "lat": 5.266317987959001,
        "lon": -1.787158604991485,
        "region": "Tarkwa-Nsuaem",
        "detected_at": "2026-03-02T06:19:09.182722",
        "model_version": "48px_v3.7_2024-01-10"
      }
    },
    {
      "type": "Feature",
      "geometry": {
        "type": "Point",
        "coordinates": [
          -1.787158604991485,
          5.264143049006934
        ]
      },
      "properties": {
        "probability": 0.8685930371284485,
        "lat": 5.264143049006934,
        "lon": -1.787158604991485,
        "region": "Tarkwa-Nsuaem",
        "detected_at": "2026-03-02T06:19:09.182810",
        "model_version": "48px_v3.7_2024-01-10"
      }
    },
    {
      "type": "Feature",
      "geometry": {
        "type": "Point",
        "coordinates": [
          -1.7849888680947716,
          5.268492926911068
        ]
      },
      "properties": {
        "probability": 0.9972653985023499,
        "lat": 5.268492926911068,
        "lon": -1.7849888680947716,
        "region": "Tarkwa-Nsuaem",
        "detected_at": "2026-03-02T06:19:09.182919",
        "model_version": "48px_v3.7_2024-01-10"
      }
    },
    {
      "type": "Feature",
      "geometry": {
        "type": "Point",
        "coordinates": [
          -1.7849888680947714,
          5.266317987959001
        ]
      },
      "properties": {
        "probability": 0.9849078059196472,
        "lat": 5.266317987959001,
        "lon": -1.7849888680947714,
        "region": "Tarkwa-Nsuaem",
        "detected_at": "2026-03-02T06:19:09.183009",
        "model_version": "48px_v3.7_2024-01-10"
      }
    },
    {
      "type": "Feature",
      "geometry": {
        "type": "Point",
        "coordinates": [
          -1.7719704467144908,
          5.2924172553838
        ]
      },
      "properties": {
        "probability": 0.9365561604499817,
        "lat": 5.2924172553838,
        "lon": -1.7719704467144908,
        "region": "Tarkwa-Nsuaem",
        "detected_at": "2026-03-02T06:19:09.183099",
        "model_version": "48px_v3.7_2024-01-10"
      }
    },
    {
      "type": "Feature",
      "geometry": {
        "type": "Point",
        "coordinates": [
          -1.7719704467144908,
          5.290242316431733
        ]
      },
      "properties": {
        "probability": 0.8921882510185242,
        "lat": 5.290242316431733,
        "lon": -1.7719704467144908,
        "region": "Tarkwa-Nsuaem",
        "detected_at": "2026-03-02T06:19:09.183187",
        "model_version": "48px_v3.7_2024-01-10"
      }
    },
    {
      "type": "Feature",
      "geometry": {
        "type": "Point",
        "coordinates": [
          -1.7698007098177777,
          5.2924172553838
        ]
      },
      "properties": {
        "probability": 0.9642773270606995,
        "lat": 5.2924172553838,
        "lon": -1.7698007098177777,
        "region": "Tarkwa-Nsuaem",
        "detected_at": "2026-03-02T06:19:09.183274",
        "model_version": "48px_v3.7_2024-01-10"
      }
    },
    {
      "type": "Feature",
      "geometry": {
        "type": "Point",
        "coordinates": [
          -1.7698007098177777,
          5.290242316431733
        ]
      },
      "properties": {
        "probability": 0.9841223359107971,
        "lat": 5.290242316431733,
        "lon": -1.7698007098177777,
        "region": "Tarkwa-Nsuaem",
        "detected_at": "2026-03-02T06:19:09.183363",
        "model_version": "48px_v3.7_2024-01-10"
      }
    },
    {
      "type": "Feature",
      "geometry": {
        "type": "Point",
        "coordinates": [
          -1.7698007098177777,
          5.283717499575533
        ]
      },
      "properties": {
        "probability": 0.9249255657196045,
        "lat": 5.283717499575533,
        "lon": -1.7698007098177777,
        "region": "Tarkwa-Nsuaem",
        "detected_at": "2026-03-02T06:19:09.183452",
        "model_version": "48px_v3.7_2024-01-10"
      }
    },
    {
      "type": "Feature",
      "geometry": {
        "type": "Point",
        "coordinates": [
          -1.789226809196233,
          5.322763669374419
        ]
      },
      "properties": {
        "probability": 0.9948492050170898,
        "lat": 5.322763669374419,
        "lon": -1.789226809196233,
        "region": "Tarkwa-Nsuaem",
        "detected_at": "2026-03-02T06:19:09.183539",
        "model_version": "48px_v3.7_2024-01-10"
      }
    },
    {
      "type": "Feature",
      "geometry": {
        "type": "Point",
        "coordinates": [
          -1.789226809196233,
          5.320588691901999
        ]
      },
      "properties": {
        "probability": 0.9515911936759949,
        "lat": 5.320588691901999,
        "lon": -1.789226809196233,
        "region": "Tarkwa-Nsuaem",
        "detected_at": "2026-03-02T06:19:09.183628",
        "model_version": "48px_v3.7_2024-01-10"
      }
    },
    {
      "type": "Feature",
      "geometry": {
        "type": "Point",
        "coordinates": [
          -1.7870568479198141,
          5.322763669374419
        ]
      },
      "properties": {
        "probability": 0.9991952776908875,
        "lat": 5.322763669374419,
        "lon": -1.7870568479198141,
        "region": "Tarkwa-Nsuaem",
        "detected_at": "2026-03-02T06:19:09.183717",
        "model_version": "48px_v3.7_2024-01-10"
      }
    },
    {
      "type": "Feature",
      "geometry": {
        "type": "Point",
        "coordinates": [
          -1.7870568479198141,
          5.320588691901999
        ]
      },
      "properties": {
        "probability": 0.967229962348938,
        "lat": 5.320588691901999,
        "lon": -1.7870568479198141,
        "region": "Tarkwa-Nsuaem",
        "detected_at": "2026-03-02T06:19:09.183804",
        "model_version": "48px_v3.7_2024-01-10"
      }
    },
    {
      "type": "Feature",
      "geometry": {
        "type": "Point",
        "coordinates": [
          -1.7848868866433951,
          5.322763669374419
        ]
      },
      "properties": {
        "probability": 0.9986092448234558,
        "lat": 5.322763669374419,
        "lon": -1.7848868866433951,
        "region": "Tarkwa-Nsuaem",
        "detected_at": "2026-03-02T06:19:09.183916",
        "model_version": "48px_v3.7_2024-01-10"
      }
    },
    {
      "type": "Feature",
      "geometry": {
        "type": "Point",
        "coordinates": [
          -1.7827169253669768,
          5.335813534208939
        ]
      },
      "properties": {
        "probability": 0.9849750995635986,
        "lat": 5.335813534208939,
        "lon": -1.7827169253669768,
        "region": "Tarkwa-Nsuaem",
        "detected_at": "2026-03-02T06:19:09.184008",
        "model_version": "48px_v3.7_2024-01-10"
      }
    },
    {
      "type": "Feature",
      "geometry": {
        "type": "Point",
        "coordinates": [
          -1.7827169253669768,
          5.322763669374419
        ]
      },
      "properties": {
        "probability": 0.9871736168861389,
        "lat": 5.322763669374419,
        "lon": -1.7827169253669768,
        "region": "Tarkwa-Nsuaem",
        "detected_at": "2026-03-02T06:19:09.184097",
        "model_version": "48px_v3.7_2024-01-10"
      }
    },
    {
      "type": "Feature",
      "geometry": {
        "type": "Point",
        "coordinates": [
          -1.7805469640905578,
          5.322763669374419
        ]
      },
      "properties": {
        "probability": 0.98112952709198,
        "lat": 5.322763669374419,
        "lon": -1.7805469640905578,
        "region": "Tarkwa-Nsuaem",
        "detected_at": "2026-03-02T06:19:09.184186",
        "model_version": "48px_v3.7_2024-01-10"
      }
    },
    {
      "type": "Feature",
      "geometry": {
        "type": "Point",
        "coordinates": [
          -1.8541246416459336,
          5.377137580551261
        ]
      },
      "properties": {
        "probability": 0.9960254430770874,
        "lat": 5.377137580551261,
        "lon": -1.8541246416459336,
        "region": "Tarkwa-Nsuaem",
        "detected_at": "2026-03-02T06:19:09.184274",
        "model_version": "48px_v3.7_2024-01-10"
      }
    },
    {
      "type": "Feature",
      "geometry": {
        "type": "Point",
        "coordinates": [
          -1.8541246416459336,
          5.374962708205572
        ]
      },
      "properties": {
        "probability": 0.8999590277671814,
        "lat": 5.374962708205572,
        "lon": -1.8541246416459336,
        "region": "Tarkwa-Nsuaem",
        "detected_at": "2026-03-02T06:19:09.184362",
        "model_version": "48px_v3.7_2024-01-10"
      }
    },
    {
      "type": "Feature",
      "geometry": {
        "type": "Point",
        "coordinates": [
          -1.8519545970920508,
          5.377137580551261
        ]
      },
      "properties": {
        "probability": 0.9590454697608948,
        "lat": 5.377137580551261,
        "lon": -1.8519545970920508,
        "region": "Tarkwa-Nsuaem",
        "detected_at": "2026-03-02T06:19:09.184451",
        "model_version": "48px_v3.7_2024-01-10"
      }
    },
    {
      "type": "Feature",
      "geometry": {
        "type": "Point",
        "coordinates": [
          -1.9474145793724065,
          5.307925509349982
        ]
      },
      "properties": {
        "probability": 0.9757888913154602,
        "lat": 5.307925509349982,
        "lon": -1.9474145793724065,
        "region": "Tarkwa-Nsuaem",
        "detected_at": "2026-03-02T06:19:09.184540",
        "model_version": "48px_v3.7_2024-01-10"
      }
    },
    {
      "type": "Feature",
      "geometry": {
        "type": "Point",
        "coordinates": [
          -1.9474145793724065,
          5.305750995948892
        ]
      },
      "properties": {
        "probability": 0.9725765585899353,
        "lat": 5.305750995948892,
        "lon": -1.9474145793724065,
        "region": "Tarkwa-Nsuaem",
        "detected_at": "2026-03-02T06:19:09.184629",
        "model_version": "48px_v3.7_2024-01-10"
      }
    },
    {
      "type": "Feature",
      "geometry": {
        "type": "Point",
        "coordinates": [
          -1.9474145793724065,
          5.30140196914671
        ]
      },
      "properties": {
        "probability": 0.999961256980896,
        "lat": 5.30140196914671,
        "lon": -1.9474145793724065,
        "region": "Tarkwa-Nsuaem",
        "detected_at": "2026-03-02T06:19:09.184718",
        "model_version": "48px_v3.7_2024-01-10"
      }
    },
    {
      "type": "Feature",
      "geometry": {
        "type": "Point",
        "coordinates": [
          -1.9474145793724065,
          5.299227455745619
        ]
      },
      "properties": {
        "probability": 0.8071252703666687,
        "lat": 5.299227455745619,
        "lon": -1.9474145793724065,
        "region": "Tarkwa-Nsuaem",
        "detected_at": "2026-03-02T06:19:09.184807",
        "model_version": "48px_v3.7_2024-01-10"
      }
    },
    {
      "type": "Feature",
      "geometry": {
        "type": "Point",
        "coordinates": [
          -1.9452452659873958,
          5.310100022751073
        ]
      },
      "properties": {
        "probability": 0.9992984533309937,
        "lat": 5.310100022751073,
        "lon": -1.9452452659873958,
        "region": "Tarkwa-Nsuaem",
        "detected_at": "2026-03-02T06:19:09.184947",
        "model_version": "48px_v3.7_2024-01-10"
      }
    },
    {
      "type": "Feature",
      "geometry": {
        "type": "Point",
        "coordinates": [
          -1.9452452659873953,
          5.307925509349982
        ]
      },
      "properties": {
        "probability": 0.9999233484268188,
        "lat": 5.307925509349982,
        "lon": -1.9452452659873953,
        "region": "Tarkwa-Nsuaem",
        "detected_at": "2026-03-02T06:19:09.185044",
        "model_version": "48px_v3.7_2024-01-10"
      }
    },
    {
      "type": "Feature",
      "geometry": {
        "type": "Point",
        "coordinates": [
          -1.9452452659873958,
          5.305750995948892
        ]
      },
      "properties": {
        "probability": 0.997403621673584,
        "lat": 5.305750995948892,
        "lon": -1.9452452659873958,
        "region": "Tarkwa-Nsuaem",
        "detected_at": "2026-03-02T06:19:09.185134",
        "model_version": "48px_v3.7_2024-01-10"
      }
    },
    {
      "type": "Feature",
      "geometry": {
        "type": "Point",
        "coordinates": [
          -1.9452452659873958,
          5.30140196914671
        ]
      },
      "properties": {
        "probability": 0.9999402761459351,
        "lat": 5.30140196914671,
        "lon": -1.9452452659873958,
        "region": "Tarkwa-Nsuaem",
        "detected_at": "2026-03-02T06:19:09.185224",
        "model_version": "48px_v3.7_2024-01-10"
      }
    },
    {
      "type": "Feature",
      "geometry": {
        "type": "Point",
        "coordinates": [
          -1.9430759526023849,
          5.310100022751073
        ]
      },
      "properties": {
        "probability": 0.9862090945243835,
        "lat": 5.310100022751073,
        "lon": -1.9430759526023849,
        "region": "Tarkwa-Nsuaem",
        "detected_at": "2026-03-02T06:19:09.185312",
        "model_version": "48px_v3.7_2024-01-10"
      }
    },
    {
      "type": "Feature",
      "geometry": {
        "type": "Point",
        "coordinates": [
          -1.9430759526023846,
          5.307925509349982
        ]
      },
      "properties": {
        "probability": 0.9998602867126465,
        "lat": 5.307925509349982,
        "lon": -1.9430759526023846,
        "region": "Tarkwa-Nsuaem",
        "detected_at": "2026-03-02T06:19:09.185400",
        "model_version": "48px_v3.7_2024-01-10"
      }
    },
    {
      "type": "Feature",
      "geometry": {
        "type": "Point",
        "coordinates": [
          -1.9430759526023849,
          5.305750995948892
        ]
      },
      "properties": {
        "probability": 0.9956769347190857,
        "lat": 5.305750995948892,
        "lon": -1.9430759526023849,
        "region": "Tarkwa-Nsuaem",
        "detected_at": "2026-03-02T06:19:09.185486",
        "model_version": "48px_v3.7_2024-01-10"
      }
    },
    {
      "type": "Feature",
      "geometry": {
        "type": "Point",
        "coordinates": [
          -1.934398699062342,
          5.2796568351358
        ]
      },
      "properties": {
        "probability": 0.9667920470237732,
        "lat": 5.2796568351358,
        "lon": -1.934398699062342,
        "region": "Tarkwa-Nsuaem",
        "detected_at": "2026-03-02T06:19:09.185575",
        "model_version": "48px_v3.7_2024-01-10"
      }
    },
    {
      "type": "Feature",
      "geometry": {
        "type": "Point",
        "coordinates": [
          -1.9322293856773316,
          5.312274536152165
        ]
      },
      "properties": {
        "probability": 0.8888031840324402,
        "lat": 5.312274536152165,
        "lon": -1.9322293856773316,
        "region": "Tarkwa-Nsuaem",
        "detected_at": "2026-03-02T06:19:09.185663",
        "model_version": "48px_v3.7_2024-01-10"
      }
    },
    {
      "type": "Feature",
      "geometry": {
        "type": "Point",
        "coordinates": [
          -1.9322293856773314,
          5.2796568351358
        ]
      },
      "properties": {
        "probability": 0.8284050226211548,
        "lat": 5.2796568351358,
        "lon": -1.9322293856773314,
        "region": "Tarkwa-Nsuaem",
        "detected_at": "2026-03-02T06:19:09.185753",
        "model_version": "48px_v3.7_2024-01-10"
      }
    },
    {
      "type": "Feature",
      "geometry": {
        "type": "Point",
        "coordinates": [
          -1.958085975322394,
          5.383854400756286
        ]
      },
      "properties": {
        "probability": 0.9843030571937561,
        "lat": 5.383854400756286,
        "lon": -1.958085975322394,
        "region": "Tarkwa-Nsuaem",
        "detected_at": "2026-03-02T06:19:09.185866",
        "model_version": "48px_v3.7_2024-01-10"
      }
    },
    {
      "type": "Feature",
      "geometry": {
        "type": "Point",
        "coordinates": [
          -1.9559162221049817,
          5.383854400756286
        ]
      },
      "properties": {
        "probability": 0.9980803728103638,
        "lat": 5.383854400756286,
        "lon": -1.9559162221049817,
        "region": "Tarkwa-Nsuaem",
        "detected_at": "2026-03-02T06:19:09.185961",
        "model_version": "48px_v3.7_2024-01-10"
      }
    },
    {
      "type": "Feature",
      "geometry": {
        "type": "Point",
        "coordinates": [
          -1.9559162221049817,
          5.381679821089027
        ]
      },
      "properties": {
        "probability": 0.9707193970680237,
        "lat": 5.381679821089027,
        "lon": -1.9559162221049817,
        "region": "Tarkwa-Nsuaem",
        "detected_at": "2026-03-02T06:19:09.186050",
        "model_version": "48px_v3.7_2024-01-10"
      }
    },
    {
      "type": "Feature",
      "geometry": {
        "type": "Point",
        "coordinates": [
          -1.9537464688875692,
          5.383854400756286
        ]
      },
      "properties": {
        "probability": 0.9263484477996826,
        "lat": 5.383854400756286,
        "lon": -1.9537464688875692,
        "region": "Tarkwa-Nsuaem",
        "detected_at": "2026-03-02T06:19:09.186140",
        "model_version": "48px_v3.7_2024-01-10"
      }
    },
    {
      "type": "Feature",
      "geometry": {
        "type": "Point",
        "coordinates": [
          -1.9537464688875692,
          5.381679821089027
        ]
      },
      "properties": {
        "probability": 0.9020143151283264,
        "lat": 5.381679821089027,
        "lon": -1.9537464688875692,
        "region": "Tarkwa-Nsuaem",
        "detected_at": "2026-03-02T06:19:09.186234",
        "model_version": "48px_v3.7_2024-01-10"
      }
    },
    {
      "type": "Feature",
      "geometry": {
        "type": "Point",
        "coordinates": [
          -1.9342186899308589,
          5.370806922752727
        ]
      },
      "properties": {
        "probability": 0.9634031653404236,
        "lat": 5.370806922752727,
        "lon": -1.9342186899308589,
        "region": "Tarkwa-Nsuaem",
        "detected_at": "2026-03-02T06:19:09.186325",
        "model_version": "48px_v3.7_2024-01-10"
      }
    },
    {
      "type": "Feature",
      "geometry": {
        "type": "Point",
        "coordinates": [
          -1.7240138182986335,
          5.4529485814023895
        ]
      },
      "properties": {
        "probability": 0.9947288036346436,
        "lat": 5.4529485814023895,
        "lon": -1.7240138182986335,
        "region": "Tarkwa-Nsuaem",
        "detected_at": "2026-03-02T06:19:09.186415",
        "model_version": "48px_v3.7_2024-01-10"
      }
    },
    {
      "type": "Feature",
      "geometry": {
        "type": "Point",
        "coordinates": [
          -1.7240138182986335,
          5.450773383384608
        ]
      },
      "properties": {
        "probability": 0.8689146637916565,
        "lat": 5.450773383384608,
        "lon": -1.7240138182986335,
        "region": "Tarkwa-Nsuaem",
        "detected_at": "2026-03-02T06:19:09.186504",
        "model_version": "48px_v3.7_2024-01-10"
      }
    },
    {
      "type": "Feature",
      "geometry": {
        "type": "Point",
        "coordinates": [
          -1.721843259890413,
          5.4529485814023895
        ]
      },
      "properties": {
        "probability": 0.9540228843688965,
        "lat": 5.4529485814023895,
        "lon": -1.721843259890413,
        "region": "Tarkwa-Nsuaem",
        "detected_at": "2026-03-02T06:19:09.186592",
        "model_version": "48px_v3.7_2024-01-10"
      }
    },
    {
      "type": "Feature",
      "geometry": {
        "type": "Point",
        "coordinates": [
          -1.721843259890413,
          5.450773383384608
        ]
      },
      "properties": {
        "probability": 0.9122586846351624,
        "lat": 5.450773383384608,
        "lon": -1.721843259890413,
        "region": "Tarkwa-Nsuaem",
        "detected_at": "2026-03-02T06:19:09.186679",
        "model_version": "48px_v3.7_2024-01-10"
      }
    },
    {
      "type": "Feature",
      "geometry": {
        "type": "Point",
        "coordinates": [
          -1.8539281705386146,
          5.4726310399574984
        ]
      },
      "properties": {
        "probability": 0.8404582738876343,
        "lat": 5.4726310399574984,
        "lon": -1.8539281705386146,
        "region": "Tarkwa-Nsuaem",
        "detected_at": "2026-03-02T06:19:09.186767",
        "model_version": "48px_v3.7_2024-01-10"
      }
    },
    {
      "type": "Feature",
      "geometry": {
        "type": "Point",
        "coordinates": [
          -1.8495871728113293,
          5.492205550879245
        ]
      },
      "properties": {
        "probability": 0.8087005615234375,
        "lat": 5.492205550879245,
        "lon": -1.8495871728113293,
        "region": "Tarkwa-Nsuaem",
        "detected_at": "2026-03-02T06:19:09.186874",
        "model_version": "48px_v3.7_2024-01-10"
      }
    },
    {
      "type": "Feature",
      "geometry": {
        "type": "Point",
        "coordinates": [
          -1.8886505331020411,
          5.464130152775212
        ]
      },
      "properties": {
        "probability": 0.8693563938140869,
        "lat": 5.464130152775212,
        "lon": -1.8886505331020411,
        "region": "Tarkwa-Nsuaem",
        "detected_at": "2026-03-02T06:19:09.186968",
        "model_version": "48px_v3.7_2024-01-10"
      }
    },
    {
      "type": "Feature",
      "geometry": {
        "type": "Point",
        "coordinates": [
          -1.8626090421422143,
          5.4532563438095325
        ]
      },
      "properties": {
        "probability": 0.8973147869110107,
        "lat": 5.4532563438095325,
        "lon": -1.8626090421422143,
        "region": "Tarkwa-Nsuaem",
        "detected_at": "2026-03-02T06:19:09.187057",
        "model_version": "48px_v3.7_2024-01-10"
      }
    },
    {
      "type": "Feature",
      "geometry": {
        "type": "Point",
        "coordinates": [
          -2.062208491445496,
          5.310266997883532
        ]
      },
      "properties": {
        "probability": 0.9719175696372986,
        "lat": 5.310266997883532,
        "lon": -2.062208491445496,
        "region": "Tarkwa-Nsuaem",
        "detected_at": "2026-03-02T06:19:09.187145",
        "model_version": "48px_v3.7_2024-01-10"
      }
    },
    {
      "type": "Feature",
      "geometry": {
        "type": "Point",
        "coordinates": [
          -2.062208491445496,
          5.308092777246429
        ]
      },
      "properties": {
        "probability": 0.8567221164703369,
        "lat": 5.308092777246429,
        "lon": -2.062208491445496,
        "region": "Tarkwa-Nsuaem",
        "detected_at": "2026-03-02T06:19:09.187235",
        "model_version": "48px_v3.7_2024-01-10"
      }
    },
    {
      "type": "Feature",
      "geometry": {
        "type": "Point",
        "coordinates": [
          -2.062208491445496,
          5.3059185566093285
        ]
      },
      "properties": {
        "probability": 0.8333981037139893,
        "lat": 5.3059185566093285,
        "lon": -2.062208491445496,
        "region": "Tarkwa-Nsuaem",
        "detected_at": "2026-03-02T06:19:09.187323",
        "model_version": "48px_v3.7_2024-01-10"
      }
    },
    {
      "type": "Feature",
      "geometry": {
        "type": "Point",
        "coordinates": [
          -2.1553153541959205,
          5.284329432611231
        ]
      },
      "properties": {
        "probability": 0.9959468245506287,
        "lat": 5.284329432611231,
        "lon": -2.1553153541959205,
        "region": "Tarkwa-Nsuaem",
        "detected_at": "2026-03-02T06:19:09.187411",
        "model_version": "48px_v3.7_2024-01-10"
      }
    },
    {
      "type": "Feature",
      "geometry": {
        "type": "Point",
        "coordinates": [
          -2.1553153541959205,
          5.282155511983217
        ]
      },
      "properties": {
        "probability": 0.9641475081443787,
        "lat": 5.282155511983217,
        "lon": -2.1553153541959205,
        "region": "Tarkwa-Nsuaem",
        "detected_at": "2026-03-02T06:19:09.187499",
        "model_version": "48px_v3.7_2024-01-10"
      }
    },
    {
      "type": "Feature",
      "geometry": {
        "type": "Point",
        "coordinates": [
          -2.153146631021291,
          5.288677273867257
        ]
      },
      "properties": {
        "probability": 0.9214273691177368,
        "lat": 5.288677273867257,
        "lon": -2.153146631021291,
        "region": "Tarkwa-Nsuaem",
        "detected_at": "2026-03-02T06:19:09.187588",
        "model_version": "48px_v3.7_2024-01-10"
      }
    },
    {
      "type": "Feature",
      "geometry": {
        "type": "Point",
        "coordinates": [
          -2.153146631021291,
          5.286503353239245
        ]
      },
      "properties": {
        "probability": 0.8045192360877991,
        "lat": 5.286503353239245,
        "lon": -2.153146631021291,
        "region": "Tarkwa-Nsuaem",
        "detected_at": "2026-03-02T06:19:09.187676",
        "model_version": "48px_v3.7_2024-01-10"
      }
    },
    {
      "type": "Feature",
      "geometry": {
        "type": "Point",
        "coordinates": [
          -2.153146631021291,
          5.28432943261123
        ]
      },
      "properties": {
        "probability": 0.9996945261955261,
        "lat": 5.28432943261123,
        "lon": -2.153146631021291,
        "region": "Tarkwa-Nsuaem",
        "detected_at": "2026-03-02T06:19:09.187764",
        "model_version": "48px_v3.7_2024-01-10"
      }
    },
    {
      "type": "Feature",
      "geometry": {
        "type": "Point",
        "coordinates": [
          -2.153146631021291,
          5.282155511983216
        ]
      },
      "properties": {
        "probability": 0.9988906979560852,
        "lat": 5.282155511983216,
        "lon": -2.153146631021291,
        "region": "Tarkwa-Nsuaem",
        "detected_at": "2026-03-02T06:19:09.187871",
        "model_version": "48px_v3.7_2024-01-10"
      }
    },
    {
      "type": "Feature",
      "geometry": {
        "type": "Point",
        "coordinates": [
          -2.150977907846662,
          5.293025115123283
        ]
      },
      "properties": {
        "probability": 0.8511549830436707,
        "lat": 5.293025115123283,
        "lon": -2.150977907846662,
        "region": "Tarkwa-Nsuaem",
        "detected_at": "2026-03-02T06:19:09.187963",
        "model_version": "48px_v3.7_2024-01-10"
      }
    },
    {
      "type": "Feature",
      "geometry": {
        "type": "Point",
        "coordinates": [
          -2.150977907846662,
          5.2908511944952705
        ]
      },
      "properties": {
        "probability": 0.9885399341583252,
        "lat": 5.2908511944952705,
        "lon": -2.150977907846662,
        "region": "Tarkwa-Nsuaem",
        "detected_at": "2026-03-02T06:19:09.188052",
        "model_version": "48px_v3.7_2024-01-10"
      }
    },
    {
      "type": "Feature",
      "geometry": {
        "type": "Point",
        "coordinates": [
          -2.150977907846662,
          5.282155511983216
        ]
      },
      "properties": {
        "probability": 0.9322216510772705,
        "lat": 5.282155511983216,
        "lon": -2.150977907846662,
        "region": "Tarkwa-Nsuaem",
        "detected_at": "2026-03-02T06:19:09.188140",
        "model_version": "48px_v3.7_2024-01-10"
      }
    },
    {
      "type": "Feature",
      "geometry": {
        "type": "Point",
        "coordinates": [
          -2.150977907846662,
          5.27128590884315
        ]
      },
      "properties": {
        "probability": 0.8827511668205261,
        "lat": 5.27128590884315,
        "lon": -2.150977907846662,
        "region": "Tarkwa-Nsuaem",
        "detected_at": "2026-03-02T06:19:09.188228",
        "model_version": "48px_v3.7_2024-01-10"
      }
    },
    {
      "type": "Feature",
      "geometry": {
        "type": "Point",
        "coordinates": [
          -2.150977907846662,
          5.266938067587125
        ]
      },
      "properties": {
        "probability": 0.9738403558731079,
        "lat": 5.266938067587125,
        "lon": -2.150977907846662,
        "region": "Tarkwa-Nsuaem",
        "detected_at": "2026-03-02T06:19:09.188317",
        "model_version": "48px_v3.7_2024-01-10"
      }
    },
    {
      "type": "Feature",
      "geometry": {
        "type": "Point",
        "coordinates": [
          -2.150977907846662,
          5.264764146959111
        ]
      },
      "properties": {
        "probability": 0.9871293306350708,
        "lat": 5.264764146959111,
        "lon": -2.150977907846662,
        "region": "Tarkwa-Nsuaem",
        "detected_at": "2026-03-02T06:19:09.188406",
        "model_version": "48px_v3.7_2024-01-10"
      }
    },
    {
      "type": "Feature",
      "geometry": {
        "type": "Point",
        "coordinates": [
          -2.1488091846720323,
          5.264764146959112
        ]
      },
      "properties": {
        "probability": 0.9789888262748718,
        "lat": 5.264764146959112,
        "lon": -2.1488091846720323,
        "region": "Tarkwa-Nsuaem",
        "detected_at": "2026-03-02T06:19:09.188495",
        "model_version": "48px_v3.7_2024-01-10"
      }
    },
    {
      "type": "Feature",
      "geometry": {
        "type": "Point",
        "coordinates": [
          -2.118447060227221,
          5.301720797635336
        ]
      },
      "properties": {
        "probability": 0.9955797791481018,
        "lat": 5.301720797635336,
        "lon": -2.118447060227221,
        "region": "Tarkwa-Nsuaem",
        "detected_at": "2026-03-02T06:19:09.188583",
        "model_version": "48px_v3.7_2024-01-10"
      }
    },
    {
      "type": "Feature",
      "geometry": {
        "type": "Point",
        "coordinates": [
          -2.1184470602272207,
          5.299546877007322
        ]
      },
      "properties": {
        "probability": 0.9935905337333679,
        "lat": 5.299546877007322,
        "lon": -2.1184470602272207,
        "region": "Tarkwa-Nsuaem",
        "detected_at": "2026-03-02T06:19:09.188673",
        "model_version": "48px_v3.7_2024-01-10"
      }
    },
    {
      "type": "Feature",
      "geometry": {
        "type": "Point",
        "coordinates": [
          -2.1141833607733007,
          5.297299496556852
        ]
      },
      "properties": {
        "probability": 0.8652108311653137,
        "lat": 5.297299496556852,
        "lon": -2.1141833607733007,
        "region": "Tarkwa-Nsuaem",
        "detected_at": "2026-03-02T06:19:09.188761",
        "model_version": "48px_v3.7_2024-01-10"
      }
    },
    {
      "type": "Feature",
      "geometry": {
        "type": "Point",
        "coordinates": [
          -2.112014487312716,
          5.297299496556852
        ]
      },
      "properties": {
        "probability": 0.8285115957260132,
        "lat": 5.297299496556852,
        "lon": -2.112014487312716,
        "region": "Tarkwa-Nsuaem",
        "detected_at": "2026-03-02T06:19:09.188866",
        "model_version": "48px_v3.7_2024-01-10"
      }
    },
    {
      "type": "Feature",
      "geometry": {
        "type": "Point",
        "coordinates": [
          -2.070805891561591,
          5.299473568094743
        ]
      },
      "properties": {
        "probability": 0.9948770999908447,
        "lat": 5.299473568094743,
        "lon": -2.070805891561591,
        "region": "Tarkwa-Nsuaem",
        "detected_at": "2026-03-02T06:19:09.189056",
        "model_version": "48px_v3.7_2024-01-10"
      }
    },
    {
      "type": "Feature",
      "geometry": {
        "type": "Point",
        "coordinates": [
          -2.070805891561591,
          5.297299496556852
        ]
      },
      "properties": {
        "probability": 0.8822863698005676,
        "lat": 5.297299496556852,
        "lon": -2.070805891561591,
        "region": "Tarkwa-Nsuaem",
        "detected_at": "2026-03-02T06:19:09.189147",
        "model_version": "48px_v3.7_2024-01-10"
      }
    },
    {
      "type": "Feature",
      "geometry": {
        "type": "Point",
        "coordinates": [
          -2.070805891561591,
          5.28860321040529
        ]
      },
      "properties": {
        "probability": 0.9836111664772034,
        "lat": 5.28860321040529,
        "lon": -2.070805891561591,
        "region": "Tarkwa-Nsuaem",
        "detected_at": "2026-03-02T06:19:09.189236",
        "model_version": "48px_v3.7_2024-01-10"
      }
    },
    {
      "type": "Feature",
      "geometry": {
        "type": "Point",
        "coordinates": [
          -2.070805891561591,
          5.2864291388673985
        ]
      },
      "properties": {
        "probability": 0.9961093664169312,
        "lat": 5.2864291388673985,
        "lon": -2.070805891561591,
        "region": "Tarkwa-Nsuaem",
        "detected_at": "2026-03-02T06:19:09.189325",
        "model_version": "48px_v3.7_2024-01-10"
      }
    },
    {
      "type": "Feature",
      "geometry": {
        "type": "Point",
        "coordinates": [
          -2.068637018101005,
          5.299473568094743
        ]
      },
      "properties": {
        "probability": 0.8465813994407654,
        "lat": 5.299473568094743,
        "lon": -2.068637018101005,
        "region": "Tarkwa-Nsuaem",
        "detected_at": "2026-03-02T06:19:09.189413",
        "model_version": "48px_v3.7_2024-01-10"
      }
    },
    {
      "type": "Feature",
      "geometry": {
        "type": "Point",
        "coordinates": [
          -2.068637018101005,
          5.288603210405289
        ]
      },
      "properties": {
        "probability": 0.9971008896827698,
        "lat": 5.288603210405289,
        "lon": -2.068637018101005,
        "region": "Tarkwa-Nsuaem",
        "detected_at": "2026-03-02T06:19:09.189501",
        "model_version": "48px_v3.7_2024-01-10"
      }
    },
    {
      "type": "Feature",
      "geometry": {
        "type": "Point",
        "coordinates": [
          -2.068637018101005,
          5.286429138867399
        ]
      },
      "properties": {
        "probability": 0.9778507947921753,
        "lat": 5.286429138867399,
        "lon": -2.068637018101005,
        "region": "Tarkwa-Nsuaem",
        "detected_at": "2026-03-02T06:19:09.189588",
        "model_version": "48px_v3.7_2024-01-10"
      }
    },
    {
      "type": "Feature",
      "geometry": {
        "type": "Point",
        "coordinates": [
          -2.06646814464042,
          5.301647639632632
        ]
      },
      "properties": {
        "probability": 0.994229793548584,
        "lat": 5.301647639632632,
        "lon": -2.06646814464042,
        "region": "Tarkwa-Nsuaem",
        "detected_at": "2026-03-02T06:19:09.189675",
        "model_version": "48px_v3.7_2024-01-10"
      }
    },
    {
      "type": "Feature",
      "geometry": {
        "type": "Point",
        "coordinates": [
          -2.06646814464042,
          5.299473568094743
        ]
      },
      "properties": {
        "probability": 0.9177553653717041,
        "lat": 5.299473568094743,
        "lon": -2.06646814464042,
        "region": "Tarkwa-Nsuaem",
        "detected_at": "2026-03-02T06:19:09.189763",
        "model_version": "48px_v3.7_2024-01-10"
      }
    },
    {
      "type": "Feature",
      "geometry": {
        "type": "Point",
        "coordinates": [
          -2.157413466385429,
          5.362518894214555
        ]
      },
      "properties": {
        "probability": 0.9610238671302795,
        "lat": 5.362518894214555,
        "lon": -2.157413466385429,
        "region": "Tarkwa-Nsuaem",
        "detected_at": "2026-03-02T06:19:09.189870",
        "model_version": "48px_v3.7_2024-01-10"
      }
    },
    {
      "type": "Feature",
      "geometry": {
        "type": "Point",
        "coordinates": [
          -2.157413466385429,
          5.360344947607529
        ]
      },
      "properties": {
        "probability": 0.8509540557861328,
        "lat": 5.360344947607529,
        "lon": -2.157413466385429,
        "region": "Tarkwa-Nsuaem",
        "detected_at": "2026-03-02T06:19:09.189963",
        "model_version": "48px_v3.7_2024-01-10"
      }
    },
    {
      "type": "Feature",
      "geometry": {
        "type": "Point",
        "coordinates": [
          -2.1552445313872326,
          5.362518894214556
        ]
      },
      "properties": {
        "probability": 0.9538750648498535,
        "lat": 5.362518894214556,
        "lon": -2.1552445313872326,
        "region": "Tarkwa-Nsuaem",
        "detected_at": "2026-03-02T06:19:09.190051",
        "model_version": "48px_v3.7_2024-01-10"
      }
    },
    {
      "type": "Feature",
      "geometry": {
        "type": "Point",
        "coordinates": [
          -2.1487377263926426,
          5.36034494760753
        ]
      },
      "properties": {
        "probability": 0.9232094287872314,
        "lat": 5.36034494760753,
        "lon": -2.1487377263926426,
        "region": "Tarkwa-Nsuaem",
        "detected_at": "2026-03-02T06:19:09.190139",
        "model_version": "48px_v3.7_2024-01-10"
      }
    },
    {
      "type": "Feature",
      "geometry": {
        "type": "Point",
        "coordinates": [
          -2.1487377263926426,
          5.358171001000504
        ]
      },
      "properties": {
        "probability": 0.9151942729949951,
        "lat": 5.358171001000504,
        "lon": -2.1487377263926426,
        "region": "Tarkwa-Nsuaem",
        "detected_at": "2026-03-02T06:19:09.190229",
        "model_version": "48px_v3.7_2024-01-10"
      }
    },
    {
      "type": "Feature",
      "geometry": {
        "type": "Point",
        "coordinates": [
          -2.144399856396249,
          5.364692840821582
        ]
      },
      "properties": {
        "probability": 0.9800629019737244,
        "lat": 5.364692840821582,
        "lon": -2.144399856396249,
        "region": "Tarkwa-Nsuaem",
        "detected_at": "2026-03-02T06:19:09.190316",
        "model_version": "48px_v3.7_2024-01-10"
      }
    },
    {
      "type": "Feature",
      "geometry": {
        "type": "Point",
        "coordinates": [
          -2.1357241164034626,
          5.329909695109161
        ]
      },
      "properties": {
        "probability": 0.9229210019111633,
        "lat": 5.329909695109161,
        "lon": -2.1357241164034626,
        "region": "Tarkwa-Nsuaem",
        "detected_at": "2026-03-02T06:19:09.190404",
        "model_version": "48px_v3.7_2024-01-10"
      }
    },
    {
      "type": "Feature",
      "geometry": {
        "type": "Point",
        "coordinates": [
          -2.1335551814052667,
          5.332083641716186
        ]
      },
      "properties": {
        "probability": 0.8005199432373047,
        "lat": 5.332083641716186,
        "lon": -2.1335551814052667,
        "region": "Tarkwa-Nsuaem",
        "detected_at": "2026-03-02T06:19:09.190492",
        "model_version": "48px_v3.7_2024-01-10"
      }
    },
    {
      "type": "Feature",
      "geometry": {
        "type": "Point",
        "coordinates": [
          -2.1335551814052667,
          5.32990969510916
        ]
      },
      "properties": {
        "probability": 0.94184410572052,
        "lat": 5.32990969510916,
        "lon": -2.1335551814052667,
        "region": "Tarkwa-Nsuaem",
        "detected_at": "2026-03-02T06:19:09.190581",
        "model_version": "48px_v3.7_2024-01-10"
      }
    },
    {
      "type": "Feature",
      "geometry": {
        "type": "Point",
        "coordinates": [
          -2.1335551814052662,
          5.327735748502135
        ]
      },
      "properties": {
        "probability": 0.9713268876075745,
        "lat": 5.327735748502135,
        "lon": -2.1335551814052662,
        "region": "Tarkwa-Nsuaem",
        "detected_at": "2026-03-02T06:19:09.190669",
        "model_version": "48px_v3.7_2024-01-10"
      }
    },
    {
      "type": "Feature",
      "geometry": {
        "type": "Point",
        "coordinates": [
          -2.1335551814052667,
          5.319039962074029
        ]
      },
      "properties": {
        "probability": 0.9995784759521484,
        "lat": 5.319039962074029,
        "lon": -2.1335551814052667,
        "region": "Tarkwa-Nsuaem",
        "detected_at": "2026-03-02T06:19:09.190757",
        "model_version": "48px_v3.7_2024-01-10"
      }
    },
    {
      "type": "Feature",
      "geometry": {
        "type": "Point",
        "coordinates": [
          -2.1335551814052662,
          5.316866015467003
        ]
      },
      "properties": {
        "probability": 0.9991900324821472,
        "lat": 5.316866015467003,
        "lon": -2.1335551814052662,
        "region": "Tarkwa-Nsuaem",
        "detected_at": "2026-03-02T06:19:09.190863",
        "model_version": "48px_v3.7_2024-01-10"
      }
    },
    {
      "type": "Feature",
      "geometry": {
        "type": "Point",
        "coordinates": [
          -2.131386246407069,
          5.321213908681056
        ]
      },
      "properties": {
        "probability": 0.9856259822845459,
        "lat": 5.321213908681056,
        "lon": -2.131386246407069,
        "region": "Tarkwa-Nsuaem",
        "detected_at": "2026-03-02T06:19:09.190957",
        "model_version": "48px_v3.7_2024-01-10"
      }
    },
    {
      "type": "Feature",
      "geometry": {
        "type": "Point",
        "coordinates": [
          -2.131386246407069,
          5.319039962074029
        ]
      },
      "properties": {
        "probability": 0.9998598694801331,
        "lat": 5.319039962074029,
        "lon": -2.131386246407069,
        "region": "Tarkwa-Nsuaem",
        "detected_at": "2026-03-02T06:19:09.191044",
        "model_version": "48px_v3.7_2024-01-10"
      }
    },
    {
      "type": "Feature",
      "geometry": {
        "type": "Point",
        "coordinates": [
          -2.131386246407069,
          5.316866015467003
        ]
      },
      "properties": {
        "probability": 0.9994997382164001,
        "lat": 5.316866015467003,
        "lon": -2.131386246407069,
        "region": "Tarkwa-Nsuaem",
        "detected_at": "2026-03-02T06:19:09.191132",
        "model_version": "48px_v3.7_2024-01-10"
      }
    },
    {
      "type": "Feature",
      "geometry": {
        "type": "Point",
        "coordinates": [
          -2.083742030843943,
          5.316789538467553
        ]
      },
      "properties": {
        "probability": 0.9134156107902527,
        "lat": 5.316789538467553,
        "lon": -2.083742030843943,
        "region": "Tarkwa-Nsuaem",
        "detected_at": "2026-03-02T06:19:09.191219",
        "model_version": "48px_v3.7_2024-01-10"
      }
    },
    {
      "type": "Feature",
      "geometry": {
        "type": "Point",
        "coordinates": [
          -2.07940385668279,
          5.323311836397011
        ]
      },
      "properties": {
        "probability": 0.9963153004646301,
        "lat": 5.323311836397011,
        "lon": -2.07940385668279,
        "region": "Tarkwa-Nsuaem",
        "detected_at": "2026-03-02T06:19:09.191306",
        "model_version": "48px_v3.7_2024-01-10"
      }
    },
    {
      "type": "Feature",
      "geometry": {
        "type": "Point",
        "coordinates": [
          -2.07940385668279,
          5.3211377370871915
        ]
      },
      "properties": {
        "probability": 0.9847510457038879,
        "lat": 5.3211377370871915,
        "lon": -2.07940385668279,
        "region": "Tarkwa-Nsuaem",
        "detected_at": "2026-03-02T06:19:09.191394",
        "model_version": "48px_v3.7_2024-01-10"
      }
    },
    {
      "type": "Feature",
      "geometry": {
        "type": "Point",
        "coordinates": [
          -2.0772347696022138,
          5.32331183639701
        ]
      },
      "properties": {
        "probability": 0.8931348323822021,
        "lat": 5.32331183639701,
        "lon": -2.0772347696022138,
        "region": "Tarkwa-Nsuaem",
        "detected_at": "2026-03-02T06:19:09.191482",
        "model_version": "48px_v3.7_2024-01-10"
      }
    },
    {
      "type": "Feature",
      "geometry": {
        "type": "Point",
        "coordinates": [
          -2.075065682521637,
          5.32548593570683
        ]
      },
      "properties": {
        "probability": 0.8577405214309692,
        "lat": 5.32548593570683,
        "lon": -2.075065682521637,
        "region": "Tarkwa-Nsuaem",
        "detected_at": "2026-03-02T06:19:09.191570",
        "model_version": "48px_v3.7_2024-01-10"
      }
    },
    {
      "type": "Feature",
      "geometry": {
        "type": "Point",
        "coordinates": [
          -2.0728965954410605,
          5.32548593570683
        ]
      },
      "properties": {
        "probability": 0.8672908544540405,
        "lat": 5.32548593570683,
        "lon": -2.0728965954410605,
        "region": "Tarkwa-Nsuaem",
        "detected_at": "2026-03-02T06:19:09.191658",
        "model_version": "48px_v3.7_2024-01-10"
      }
    },
    {
      "type": "Feature",
      "geometry": {
        "type": "Point",
        "coordinates": [
          -2.137819813465735,
          5.408099301138507
        ]
      },
      "properties": {
        "probability": 0.8898817896842957,
        "lat": 5.408099301138507,
        "lon": -2.137819813465735,
        "region": "Tarkwa-Nsuaem",
        "detected_at": "2026-03-02T06:19:09.191745",
        "model_version": "48px_v3.7_2024-01-10"
      }
    },
    {
      "type": "Feature",
      "geometry": {
        "type": "Point",
        "coordinates": [
          -2.133481516178013,
          5.373315740258406
        ]
      },
      "properties": {
        "probability": 0.9963018894195557,
        "lat": 5.373315740258406,
        "lon": -2.133481516178013,
        "region": "Tarkwa-Nsuaem",
        "detected_at": "2026-03-02T06:19:09.191848",
        "model_version": "48px_v3.7_2024-01-10"
      }
    },
    {
      "type": "Feature",
      "geometry": {
        "type": "Point",
        "coordinates": [
          -2.133481516178013,
          5.3711417677034
        ]
      },
      "properties": {
        "probability": 0.9963005185127258,
        "lat": 5.3711417677034,
        "lon": -2.133481516178013,
        "region": "Tarkwa-Nsuaem",
        "detected_at": "2026-03-02T06:19:09.191942",
        "model_version": "48px_v3.7_2024-01-10"
      }
    },
    {
      "type": "Feature",
      "geometry": {
        "type": "Point",
        "coordinates": [
          -2.133481516178013,
          5.368967795148394
        ]
      },
      "properties": {
        "probability": 0.9785504341125488,
        "lat": 5.368967795148394,
        "lon": -2.133481516178013,
        "region": "Tarkwa-Nsuaem",
        "detected_at": "2026-03-02T06:19:09.192029",
        "model_version": "48px_v3.7_2024-01-10"
      }
    },
    {
      "type": "Feature",
      "geometry": {
        "type": "Point",
        "coordinates": [
          -2.1313123675341528,
          5.401577383473489
        ]
      },
      "properties": {
        "probability": 0.9561285376548767,
        "lat": 5.401577383473489,
        "lon": -2.1313123675341528,
        "region": "Tarkwa-Nsuaem",
        "detected_at": "2026-03-02T06:19:09.192116",
        "model_version": "48px_v3.7_2024-01-10"
      }
    },
    {
      "type": "Feature",
      "geometry": {
        "type": "Point",
        "coordinates": [
          -2.1313123675341528,
          5.375489712813414
        ]
      },
      "properties": {
        "probability": 0.9775954484939575,
        "lat": 5.375489712813414,
        "lon": -2.1313123675341528,
        "region": "Tarkwa-Nsuaem",
        "detected_at": "2026-03-02T06:19:09.192203",
        "model_version": "48px_v3.7_2024-01-10"
      }
    },
    {
      "type": "Feature",
      "geometry": {
        "type": "Point",
        "coordinates": [
          -2.1313123675341528,
          5.373315740258406
        ]
      },
      "properties": {
        "probability": 0.9983358383178711,
        "lat": 5.373315740258406,
        "lon": -2.1313123675341528,
        "region": "Tarkwa-Nsuaem",
        "detected_at": "2026-03-02T06:19:09.192290",
        "model_version": "48px_v3.7_2024-01-10"
      }
    },
    {
      "type": "Feature",
      "geometry": {
        "type": "Point",
        "coordinates": [
          -2.1313123675341528,
          5.3711417677034
        ]
      },
      "properties": {
        "probability": 0.9995059370994568,
        "lat": 5.3711417677034,
        "lon": -2.1313123675341528,
        "region": "Tarkwa-Nsuaem",
        "detected_at": "2026-03-02T06:19:09.192386",
        "model_version": "48px_v3.7_2024-01-10"
      }
    },
    {
      "type": "Feature",
      "geometry": {
        "type": "Point",
        "coordinates": [
          -2.1313123675341528,
          5.368967795148394
        ]
      },
      "properties": {
        "probability": 0.9880023002624512,
        "lat": 5.368967795148394,
        "lon": -2.1313123675341528,
        "region": "Tarkwa-Nsuaem",
        "detected_at": "2026-03-02T06:19:09.192496",
        "model_version": "48px_v3.7_2024-01-10"
      }
    },
    {
      "type": "Feature",
      "geometry": {
        "type": "Point",
        "coordinates": [
          -2.1291432188902917,
          5.405925328583502
        ]
      },
      "properties": {
        "probability": 0.9486597180366516,
        "lat": 5.405925328583502,
        "lon": -2.1291432188902917,
        "region": "Tarkwa-Nsuaem",
        "detected_at": "2026-03-02T06:19:09.192628",
        "model_version": "48px_v3.7_2024-01-10"
      }
    },
    {
      "type": "Feature",
      "geometry": {
        "type": "Point",
        "coordinates": [
          -2.1291432188902917,
          5.373315740258406
        ]
      },
      "properties": {
        "probability": 0.972621500492096,
        "lat": 5.373315740258406,
        "lon": -2.1291432188902917,
        "region": "Tarkwa-Nsuaem",
        "detected_at": "2026-03-02T06:19:09.192725",
        "model_version": "48px_v3.7_2024-01-10"
      }
    },
    {
      "type": "Feature",
      "geometry": {
        "type": "Point",
        "coordinates": [
          -2.1226357729587093,
          5.414621218803527
        ]
      },
      "properties": {
        "probability": 0.9800659418106079,
        "lat": 5.414621218803527,
        "lon": -2.1226357729587093,
        "region": "Tarkwa-Nsuaem",
        "detected_at": "2026-03-02T06:19:09.192814",
        "model_version": "48px_v3.7_2024-01-10"
      }
    },
    {
      "type": "Feature",
      "geometry": {
        "type": "Point",
        "coordinates": [
          -2.1226357729587093,
          5.412447246248519
        ]
      },
      "properties": {
        "probability": 0.915943443775177,
        "lat": 5.412447246248519,
        "lon": -2.1226357729587093,
        "region": "Tarkwa-Nsuaem",
        "detected_at": "2026-03-02T06:19:09.192927",
        "model_version": "48px_v3.7_2024-01-10"
      }
    },
    {
      "type": "Feature",
      "geometry": {
        "type": "Point",
        "coordinates": [
          -2.1551007675887774,
          5.451505463751039
        ]
      },
      "properties": {
        "probability": 0.8200475573539734,
        "lat": 5.451505463751039,
        "lon": -2.1551007675887774,
        "region": "Tarkwa-Nsuaem",
        "detected_at": "2026-03-02T06:19:09.193016",
        "model_version": "48px_v3.7_2024-01-10"
      }
    },
    {
      "type": "Feature",
      "geometry": {
        "type": "Point",
        "coordinates": [
          -2.1529314034762734,
          5.451505463751039
        ]
      },
      "properties": {
        "probability": 0.9053198099136353,
        "lat": 5.451505463751039,
        "lon": -2.1529314034762734,
        "region": "Tarkwa-Nsuaem",
        "detected_at": "2026-03-02T06:19:09.193104",
        "model_version": "48px_v3.7_2024-01-10"
      }
    },
    {
      "type": "Feature",
      "geometry": {
        "type": "Point",
        "coordinates": [
          -2.1529314034762734,
          5.449331465279025
        ]
      },
      "properties": {
        "probability": 0.8705373406410217,
        "lat": 5.449331465279025,
        "lon": -2.1529314034762734,
        "region": "Tarkwa-Nsuaem",
        "detected_at": "2026-03-02T06:19:09.193192",
        "model_version": "48px_v3.7_2024-01-10"
      }
    },
    {
      "type": "Feature",
      "geometry": {
        "type": "Point",
        "coordinates": [
          -2.1507620393637694,
          5.442809469862985
        ]
      },
      "properties": {
        "probability": 0.8055028915405273,
        "lat": 5.442809469862985,
        "lon": -2.1507620393637694,
        "region": "Tarkwa-Nsuaem",
        "detected_at": "2026-03-02T06:19:09.193280",
        "model_version": "48px_v3.7_2024-01-10"
      }
    },
    {
      "type": "Feature",
      "geometry": {
        "type": "Point",
        "coordinates": [
          -2.1312377623512333,
          5.45802745916708
        ]
      },
      "properties": {
        "probability": 0.9994633793830872,
        "lat": 5.45802745916708,
        "lon": -2.1312377623512333,
        "region": "Tarkwa-Nsuaem",
        "detected_at": "2026-03-02T06:19:09.193367",
        "model_version": "48px_v3.7_2024-01-10"
      }
    },
    {
      "type": "Feature",
      "geometry": {
        "type": "Point",
        "coordinates": [
          -2.1290683982387293,
          5.46454945458312
        ]
      },
      "properties": {
        "probability": 0.9999862909317017,
        "lat": 5.46454945458312,
        "lon": -2.1290683982387293,
        "region": "Tarkwa-Nsuaem",
        "detected_at": "2026-03-02T06:19:09.193455",
        "model_version": "48px_v3.7_2024-01-10"
      }
    },
    {
      "type": "Feature",
      "geometry": {
        "type": "Point",
        "coordinates": [
          -2.1290683982387293,
          5.462375456111107
        ]
      },
      "properties": {
        "probability": 0.9999419450759888,
        "lat": 5.462375456111107,
        "lon": -2.1290683982387293,
        "region": "Tarkwa-Nsuaem",
        "detected_at": "2026-03-02T06:19:09.193545",
        "model_version": "48px_v3.7_2024-01-10"
      }
    },
    {
      "type": "Feature",
      "geometry": {
        "type": "Point",
        "coordinates": [
          -2.1290683982387293,
          5.460201457639093
        ]
      },
      "properties": {
        "probability": 0.9999550580978394,
        "lat": 5.460201457639093,
        "lon": -2.1290683982387293,
        "region": "Tarkwa-Nsuaem",
        "detected_at": "2026-03-02T06:19:09.193633",
        "model_version": "48px_v3.7_2024-01-10"
      }
    },
    {
      "type": "Feature",
      "geometry": {
        "type": "Point",
        "coordinates": [
          -2.1290683982387293,
          5.45802745916708
        ]
      },
      "properties": {
        "probability": 0.9999998211860657,
        "lat": 5.45802745916708,
        "lon": -2.1290683982387293,
        "region": "Tarkwa-Nsuaem",
        "detected_at": "2026-03-02T06:19:09.193722",
        "model_version": "48px_v3.7_2024-01-10"
      }
    },
    {
      "type": "Feature",
      "geometry": {
        "type": "Point",
        "coordinates": [
          -2.1290683982387293,
          5.4558534606950655
        ]
      },
      "properties": {
        "probability": 0.9813522696495056,
        "lat": 5.4558534606950655,
        "lon": -2.1290683982387293,
        "region": "Tarkwa-Nsuaem",
        "detected_at": "2026-03-02T06:19:09.193810",
        "model_version": "48px_v3.7_2024-01-10"
      }
    },
    {
      "type": "Feature",
      "geometry": {
        "type": "Point",
        "coordinates": [
          -2.1268990341262253,
          5.4688974515271465
        ]
      },
      "properties": {
        "probability": 0.9993213415145874,
        "lat": 5.4688974515271465,
        "lon": -2.1268990341262253,
        "region": "Tarkwa-Nsuaem",
        "detected_at": "2026-03-02T06:19:09.193920",
        "model_version": "48px_v3.7_2024-01-10"
      }
    },
    {
      "type": "Feature",
      "geometry": {
        "type": "Point",
        "coordinates": [
          -2.1268990341262253,
          5.466723453055133
        ]
      },
      "properties": {
        "probability": 0.9999870657920837,
        "lat": 5.466723453055133,
        "lon": -2.1268990341262253,
        "region": "Tarkwa-Nsuaem",
        "detected_at": "2026-03-02T06:19:09.194010",
        "model_version": "48px_v3.7_2024-01-10"
      }
    },
    {
      "type": "Feature",
      "geometry": {
        "type": "Point",
        "coordinates": [
          -2.1268990341262253,
          5.46454945458312
        ]
      },
      "properties": {
        "probability": 1.0,
        "lat": 5.46454945458312,
        "lon": -2.1268990341262253,
        "region": "Tarkwa-Nsuaem",
        "detected_at": "2026-03-02T06:19:09.194098",
        "model_version": "48px_v3.7_2024-01-10"
      }
    },
    {
      "type": "Feature",
      "geometry": {
        "type": "Point",
        "coordinates": [
          -2.1268990341262253,
          5.462375456111107
        ]
      },
      "properties": {
        "probability": 0.9999998211860657,
        "lat": 5.462375456111107,
        "lon": -2.1268990341262253,
        "region": "Tarkwa-Nsuaem",
        "detected_at": "2026-03-02T06:19:09.194186",
        "model_version": "48px_v3.7_2024-01-10"
      }
    },
    {
      "type": "Feature",
      "geometry": {
        "type": "Point",
        "coordinates": [
          -2.1268990341262253,
          5.460201457639093
        ]
      },
      "properties": {
        "probability": 0.999964714050293,
        "lat": 5.460201457639093,
        "lon": -2.1268990341262253,
        "region": "Tarkwa-Nsuaem",
        "detected_at": "2026-03-02T06:19:09.194274",
        "model_version": "48px_v3.7_2024-01-10"
      }
    },
    {
      "type": "Feature",
      "geometry": {
        "type": "Point",
        "coordinates": [
          -2.1268990341262253,
          5.45802745916708
        ]
      },
      "properties": {
        "probability": 0.9979534149169922,
        "lat": 5.45802745916708,
        "lon": -2.1268990341262253,
        "region": "Tarkwa-Nsuaem",
        "detected_at": "2026-03-02T06:19:09.194362",
        "model_version": "48px_v3.7_2024-01-10"
      }
    },
    {
      "type": "Feature",
      "geometry": {
        "type": "Point",
        "coordinates": [
          -2.1268990341262253,
          5.4558534606950655
        ]
      },
      "properties": {
        "probability": 0.9231827855110168,
        "lat": 5.4558534606950655,
        "lon": -2.1268990341262253,
        "region": "Tarkwa-Nsuaem",
        "detected_at": "2026-03-02T06:19:09.194449",
        "model_version": "48px_v3.7_2024-01-10"
      }
    },
    {
      "type": "Feature",
      "geometry": {
        "type": "Point",
        "coordinates": [
          -2.1247296700137213,
          5.4688974515271465
        ]
      },
      "properties": {
        "probability": 0.9998841285705566,
        "lat": 5.4688974515271465,
        "lon": -2.1247296700137213,
        "region": "Tarkwa-Nsuaem",
        "detected_at": "2026-03-02T06:19:09.194537",
        "model_version": "48px_v3.7_2024-01-10"
      }
    },
    {
      "type": "Feature",
      "geometry": {
        "type": "Point",
        "coordinates": [
          -2.1247296700137213,
          5.466723453055133
        ]
      },
      "properties": {
        "probability": 0.9999353885650635,
        "lat": 5.466723453055133,
        "lon": -2.1247296700137213,
        "region": "Tarkwa-Nsuaem",
        "detected_at": "2026-03-02T06:19:09.194626",
        "model_version": "48px_v3.7_2024-01-10"
      }
    },
    {
      "type": "Feature",
      "geometry": {
        "type": "Point",
        "coordinates": [
          -2.1247296700137213,
          5.46454945458312
        ]
      },
      "properties": {
        "probability": 0.9999927282333374,
        "lat": 5.46454945458312,
        "lon": -2.1247296700137213,
        "region": "Tarkwa-Nsuaem",
        "detected_at": "2026-03-02T06:19:09.194715",
        "model_version": "48px_v3.7_2024-01-10"
      }
    },
    {
      "type": "Feature",
      "geometry": {
        "type": "Point",
        "coordinates": [
          -2.1247296700137213,
          5.462375456111107
        ]
      },
      "properties": {
        "probability": 0.9999976754188538,
        "lat": 5.462375456111107,
        "lon": -2.1247296700137213,
        "region": "Tarkwa-Nsuaem",
        "detected_at": "2026-03-02T06:19:09.194804",
        "model_version": "48px_v3.7_2024-01-10"
      }
    },
    {
      "type": "Feature",
      "geometry": {
        "type": "Point",
        "coordinates": [
          -2.1247296700137213,
          5.460201457639093
        ]
      },
      "properties": {
        "probability": 0.999941349029541,
        "lat": 5.460201457639093,
        "lon": -2.1247296700137213,
        "region": "Tarkwa-Nsuaem",
        "detected_at": "2026-03-02T06:19:09.194914",
        "model_version": "48px_v3.7_2024-01-10"
      }
    },
    {
      "type": "Feature",
      "geometry": {
        "type": "Point",
        "coordinates": [
          -2.1247296700137213,
          5.45802745916708
        ]
      },
      "properties": {
        "probability": 0.9985568523406982,
        "lat": 5.45802745916708,
        "lon": -2.1247296700137213,
        "region": "Tarkwa-Nsuaem",
        "detected_at": "2026-03-02T06:19:09.195006",
        "model_version": "48px_v3.7_2024-01-10"
      }
    },
    {
      "type": "Feature",
      "geometry": {
        "type": "Point",
        "coordinates": [
          -2.1225603059012172,
          5.4688974515271465
        ]
      },
      "properties": {
        "probability": 0.984045147895813,
        "lat": 5.4688974515271465,
        "lon": -2.1225603059012172,
        "region": "Tarkwa-Nsuaem",
        "detected_at": "2026-03-02T06:19:09.195095",
        "model_version": "48px_v3.7_2024-01-10"
      }
    },
    {
      "type": "Feature",
      "geometry": {
        "type": "Point",
        "coordinates": [
          -2.1225603059012172,
          5.466723453055133
        ]
      },
      "properties": {
        "probability": 0.9997323751449585,
        "lat": 5.466723453055133,
        "lon": -2.1225603059012172,
        "region": "Tarkwa-Nsuaem",
        "detected_at": "2026-03-02T06:19:09.195184",
        "model_version": "48px_v3.7_2024-01-10"
      }
    },
    {
      "type": "Feature",
      "geometry": {
        "type": "Point",
        "coordinates": [
          -2.1225603059012172,
          5.46454945458312
        ]
      },
      "properties": {
        "probability": 0.9999988675117493,
        "lat": 5.46454945458312,
        "lon": -2.1225603059012172,
        "region": "Tarkwa-Nsuaem",
        "detected_at": "2026-03-02T06:19:09.195273",
        "model_version": "48px_v3.7_2024-01-10"
      }
    },
    {
      "type": "Feature",
      "geometry": {
        "type": "Point",
        "coordinates": [
          -2.1225603059012172,
          5.462375456111107
        ]
      },
      "properties": {
        "probability": 0.9999995231628418,
        "lat": 5.462375456111107,
        "lon": -2.1225603059012172,
        "region": "Tarkwa-Nsuaem",
        "detected_at": "2026-03-02T06:19:09.195362",
        "model_version": "48px_v3.7_2024-01-10"
      }
    },
    {
      "type": "Feature",
      "geometry": {
        "type": "Point",
        "coordinates": [
          -2.1225603059012172,
          5.460201457639093
        ]
      },
      "properties": {
        "probability": 0.9999390244483948,
        "lat": 5.460201457639093,
        "lon": -2.1225603059012172,
        "region": "Tarkwa-Nsuaem",
        "detected_at": "2026-03-02T06:19:09.195449",
        "model_version": "48px_v3.7_2024-01-10"
      }
    },
    {
      "type": "Feature",
      "geometry": {
        "type": "Point",
        "coordinates": [
          -2.1225603059012172,
          5.45802745916708
        ]
      },
      "properties": {
        "probability": 0.9651563763618469,
        "lat": 5.45802745916708,
        "lon": -2.1225603059012172,
        "region": "Tarkwa-Nsuaem",
        "detected_at": "2026-03-02T06:19:09.195537",
        "model_version": "48px_v3.7_2024-01-10"
      }
    },
    {
      "type": "Feature",
      "geometry": {
        "type": "Point",
        "coordinates": [
          -2.120390941788713,
          5.4688974515271465
        ]
      },
      "properties": {
        "probability": 0.8834099769592285,
        "lat": 5.4688974515271465,
        "lon": -2.120390941788713,
        "region": "Tarkwa-Nsuaem",
        "detected_at": "2026-03-02T06:19:09.195623",
        "model_version": "48px_v3.7_2024-01-10"
      }
    },
    {
      "type": "Feature",
      "geometry": {
        "type": "Point",
        "coordinates": [
          -2.120390941788713,
          5.466723453055133
        ]
      },
      "properties": {
        "probability": 0.9999974370002747,
        "lat": 5.466723453055133,
        "lon": -2.120390941788713,
        "region": "Tarkwa-Nsuaem",
        "detected_at": "2026-03-02T06:19:09.195710",
        "model_version": "48px_v3.7_2024-01-10"
      }
    },
    {
      "type": "Feature",
      "geometry": {
        "type": "Point",
        "coordinates": [
          -2.120390941788713,
          5.46454945458312
        ]
      },
      "properties": {
        "probability": 0.9999977946281433,
        "lat": 5.46454945458312,
        "lon": -2.120390941788713,
        "region": "Tarkwa-Nsuaem",
        "detected_at": "2026-03-02T06:19:09.195807",
        "model_version": "48px_v3.7_2024-01-10"
      }
    },
    {
      "type": "Feature",
      "geometry": {
        "type": "Point",
        "coordinates": [
          -2.120390941788713,
          5.462375456111107
        ]
      },
      "properties": {
        "probability": 0.9921337366104126,
        "lat": 5.462375456111107,
        "lon": -2.120390941788713,
        "region": "Tarkwa-Nsuaem",
        "detected_at": "2026-03-02T06:19:09.195917",
        "model_version": "48px_v3.7_2024-01-10"
      }
    },
    {
      "type": "Feature",
      "geometry": {
        "type": "Point",
        "coordinates": [
          -2.120390941788713,
          5.442809469862985
        ]
      },
      "properties": {
        "probability": 0.8065980672836304,
        "lat": 5.442809469862985,
        "lon": -2.120390941788713,
        "region": "Tarkwa-Nsuaem",
        "detected_at": "2026-03-02T06:19:09.196007",
        "model_version": "48px_v3.7_2024-01-10"
      }
    },
    {
      "type": "Feature",
      "geometry": {
        "type": "Point",
        "coordinates": [
          -2.120390941788713,
          5.440635471390972
        ]
      },
      "properties": {
        "probability": 0.9920713305473328,
        "lat": 5.440635471390972,
        "lon": -2.120390941788713,
        "region": "Tarkwa-Nsuaem",
        "detected_at": "2026-03-02T06:19:09.196095",
        "model_version": "48px_v3.7_2024-01-10"
      }
    },
    {
      "type": "Feature",
      "geometry": {
        "type": "Point",
        "coordinates": [
          -2.120390941788713,
          5.438461472918958
        ]
      },
      "properties": {
        "probability": 0.9940111637115479,
        "lat": 5.438461472918958,
        "lon": -2.120390941788713,
        "region": "Tarkwa-Nsuaem",
        "detected_at": "2026-03-02T06:19:09.196182",
        "model_version": "48px_v3.7_2024-01-10"
      }
    },
    {
      "type": "Feature",
      "geometry": {
        "type": "Point",
        "coordinates": [
          -2.118221577676209,
          5.4688974515271465
        ]
      },
      "properties": {
        "probability": 0.8750284314155579,
        "lat": 5.4688974515271465,
        "lon": -2.118221577676209,
        "region": "Tarkwa-Nsuaem",
        "detected_at": "2026-03-02T06:19:09.196269",
        "model_version": "48px_v3.7_2024-01-10"
      }
    },
    {
      "type": "Feature",
      "geometry": {
        "type": "Point",
        "coordinates": [
          -2.118221577676209,
          5.466723453055133
        ]
      },
      "properties": {
        "probability": 0.990248441696167,
        "lat": 5.466723453055133,
        "lon": -2.118221577676209,
        "region": "Tarkwa-Nsuaem",
        "detected_at": "2026-03-02T06:19:09.196357",
        "model_version": "48px_v3.7_2024-01-10"
      }
    },
    {
      "type": "Feature",
      "geometry": {
        "type": "Point",
        "coordinates": [
          -2.118221577676209,
          5.46454945458312
        ]
      },
      "properties": {
        "probability": 0.9701018333435059,
        "lat": 5.46454945458312,
        "lon": -2.118221577676209,
        "region": "Tarkwa-Nsuaem",
        "detected_at": "2026-03-02T06:19:09.196445",
        "model_version": "48px_v3.7_2024-01-10"
      }
    },
    {
      "type": "Feature",
      "geometry": {
        "type": "Point",
        "coordinates": [
          -2.0335968390063166,
          5.557724578974719
        ]
      },
      "properties": {
        "probability": 0.8935799598693848,
        "lat": 5.557724578974719,
        "lon": -2.0335968390063166,
        "region": "Tarkwa-Nsuaem",
        "detected_at": "2026-03-02T06:19:09.196533",
        "model_version": "48px_v3.7_2024-01-10"
      }
    },
    {
      "type": "Feature",
      "geometry": {
        "type": "Point",
        "coordinates": [
          -2.033596839006317,
          5.555550210820377
        ]
      },
      "properties": {
        "probability": 0.9019702076911926,
        "lat": 5.555550210820377,
        "lon": -2.033596839006317,
        "region": "Tarkwa-Nsuaem",
        "detected_at": "2026-03-02T06:19:09.196620",
        "model_version": "48px_v3.7_2024-01-10"
      }
    },
    {
      "type": "Feature",
      "geometry": {
        "type": "Point",
        "coordinates": [
          -2.031426721761555,
          5.557724578974719
        ]
      },
      "properties": {
        "probability": 0.8659282326698303,
        "lat": 5.557724578974719,
        "lon": -2.031426721761555,
        "region": "Tarkwa-Nsuaem",
        "detected_at": "2026-03-02T06:19:09.196709",
        "model_version": "48px_v3.7_2024-01-10"
      }
    },
    {
      "type": "Feature",
      "geometry": {
        "type": "Point",
        "coordinates": [
          -2.1139588072375153,
          5.466648750709415
        ]
      },
      "properties": {
        "probability": 0.9082695841789246,
        "lat": 5.466648750709415,
        "lon": -2.1139588072375153,
        "region": "Tarkwa-Nsuaem",
        "detected_at": "2026-03-02T06:19:09.196798",
        "model_version": "48px_v3.7_2024-01-10"
      }
    },
    {
      "type": "Feature",
      "geometry": {
        "type": "Point",
        "coordinates": [
          -2.1139588072375153,
          5.42316565548217
        ]
      },
      "properties": {
        "probability": 0.8535690903663635,
        "lat": 5.42316565548217,
        "lon": -2.1139588072375153,
        "region": "Tarkwa-Nsuaem",
        "detected_at": "2026-03-02T06:19:09.196905",
        "model_version": "48px_v3.7_2024-01-10"
      }
    },
    {
      "type": "Feature",
      "geometry": {
        "type": "Point",
        "coordinates": [
          -2.1139588072375153,
          5.42099150072081
        ]
      },
      "properties": {
        "probability": 0.9915649890899658,
        "lat": 5.42099150072081,
        "lon": -2.1139588072375153,
        "region": "Tarkwa-Nsuaem",
        "detected_at": "2026-03-02T06:19:09.196996",
        "model_version": "48px_v3.7_2024-01-10"
      }
    },
    {
      "type": "Feature",
      "geometry": {
        "type": "Point",
        "coordinates": [
          -2.111789287447903,
          5.42316565548217
        ]
      },
      "properties": {
        "probability": 0.9496698379516602,
        "lat": 5.42316565548217,
        "lon": -2.111789287447903,
        "region": "Tarkwa-Nsuaem",
        "detected_at": "2026-03-02T06:19:09.197083",
        "model_version": "48px_v3.7_2024-01-10"
      }
    },
    {
      "type": "Feature",
      "geometry": {
        "type": "Point",
        "coordinates": [
          -2.1074502478686794,
          5.42099150072081
        ]
      },
      "properties": {
        "probability": 0.9996482133865356,
        "lat": 5.42099150072081,
        "lon": -2.1074502478686794,
        "region": "Tarkwa-Nsuaem",
        "detected_at": "2026-03-02T06:19:09.197170",
        "model_version": "48px_v3.7_2024-01-10"
      }
    },
    {
      "type": "Feature",
      "geometry": {
        "type": "Point",
        "coordinates": [
          -2.1052807280790673,
          5.42099150072081
        ]
      },
      "properties": {
        "probability": 0.9992756843566895,
        "lat": 5.42099150072081,
        "lon": -2.1052807280790673,
        "region": "Tarkwa-Nsuaem",
        "detected_at": "2026-03-02T06:19:09.197258",
        "model_version": "48px_v3.7_2024-01-10"
      }
    },
    {
      "type": "Feature",
      "geometry": {
        "type": "Point",
        "coordinates": [
          -2.103111208289455,
          5.44273304833443
        ]
      },
      "properties": {
        "probability": 0.8961269855499268,
        "lat": 5.44273304833443,
        "lon": -2.103111208289455,
        "region": "Tarkwa-Nsuaem",
        "detected_at": "2026-03-02T06:19:09.197346",
        "model_version": "48px_v3.7_2024-01-10"
      }
    },
    {
      "type": "Feature",
      "geometry": {
        "type": "Point",
        "coordinates": [
          -2.0987721687102314,
          5.447081357857155
        ]
      },
      "properties": {
        "probability": 0.877666711807251,
        "lat": 5.447081357857155,
        "lon": -2.0987721687102314,
        "region": "Tarkwa-Nsuaem",
        "detected_at": "2026-03-02T06:19:09.197434",
        "model_version": "48px_v3.7_2024-01-10"
      }
    },
    {
      "type": "Feature",
      "geometry": {
        "type": "Point",
        "coordinates": [
          -2.0857550499725597,
          5.46230044118669
        ]
      },
      "properties": {
        "probability": 0.9949132204055786,
        "lat": 5.46230044118669,
        "lon": -2.0857550499725597,
        "region": "Tarkwa-Nsuaem",
        "detected_at": "2026-03-02T06:19:09.197521",
        "model_version": "48px_v3.7_2024-01-10"
      }
    },
    {
      "type": "Feature",
      "geometry": {
        "type": "Point",
        "coordinates": [
          -2.0857550499725592,
          5.460126286425329
        ]
      },
      "properties": {
        "probability": 0.9997982978820801,
        "lat": 5.460126286425329,
        "lon": -2.0857550499725592,
        "region": "Tarkwa-Nsuaem",
        "detected_at": "2026-03-02T06:19:09.197616",
        "model_version": "48px_v3.7_2024-01-10"
      }
    },
    {
      "type": "Feature",
      "geometry": {
        "type": "Point",
        "coordinates": [
          -2.0857550499725592,
          5.4579521316639665
        ]
      },
      "properties": {
        "probability": 0.98285973072052,
        "lat": 5.4579521316639665,
        "lon": -2.0857550499725592,
        "region": "Tarkwa-Nsuaem",
        "detected_at": "2026-03-02T06:19:09.197704",
        "model_version": "48px_v3.7_2024-01-10"
      }
    },
    {
      "type": "Feature",
      "geometry": {
        "type": "Point",
        "coordinates": [
          -2.0835855301829476,
          5.460126286425328
        ]
      },
      "properties": {
        "probability": 0.8748583197593689,
        "lat": 5.460126286425328,
        "lon": -2.0835855301829476,
        "region": "Tarkwa-Nsuaem",
        "detected_at": "2026-03-02T06:19:09.197792",
        "model_version": "48px_v3.7_2024-01-10"
      }
    },
    {
      "type": "Feature",
      "geometry": {
        "type": "Point",
        "coordinates": [
          -2.0792464906037234,
          5.468822905470777
        ]
      },
      "properties": {
        "probability": 0.8471091389656067,
        "lat": 5.468822905470777,
        "lon": -2.0792464906037234,
        "region": "Tarkwa-Nsuaem",
        "detected_at": "2026-03-02T06:19:09.197907",
        "model_version": "48px_v3.7_2024-01-10"
      }
    },
    {
      "type": "Feature",
      "geometry": {
        "type": "Point",
        "coordinates": [
          -2.0770769708141117,
          5.460126286425328
        ]
      },
      "properties": {
        "probability": 0.8644407987594604,
        "lat": 5.460126286425328,
        "lon": -2.0770769708141117,
        "region": "Tarkwa-Nsuaem",
        "detected_at": "2026-03-02T06:19:09.197999",
        "model_version": "48px_v3.7_2024-01-10"
      }
    },
    {
      "type": "Feature",
      "geometry": {
        "type": "Point",
        "coordinates": [
          -2.1658757330305543,
          5.520999620468626
        ]
      },
      "properties": {
        "probability": 0.9779778122901917,
        "lat": 5.520999620468626,
        "lon": -2.1658757330305543,
        "region": "Tarkwa-Nsuaem",
        "detected_at": "2026-03-02T06:19:09.198088",
        "model_version": "48px_v3.7_2024-01-10"
      }
    },
    {
      "type": "Feature",
      "geometry": {
        "type": "Point",
        "coordinates": [
          -2.1658757330305543,
          5.5166515717524085
        ]
      },
      "properties": {
        "probability": 0.8273547291755676,
        "lat": 5.5166515717524085,
        "lon": -2.1658757330305543,
        "region": "Tarkwa-Nsuaem",
        "detected_at": "2026-03-02T06:19:09.198177",
        "model_version": "48px_v3.7_2024-01-10"
      }
    },
    {
      "type": "Feature",
      "geometry": {
        "type": "Point",
        "coordinates": [
          -2.1658757330305543,
          5.514477547394301
        ]
      },
      "properties": {
        "probability": 0.8936203122138977,
        "lat": 5.514477547394301,
        "lon": -2.1658757330305543,
        "region": "Tarkwa-Nsuaem",
        "detected_at": "2026-03-02T06:19:09.198265",
        "model_version": "48px_v3.7_2024-01-10"
      }
    },
    {
      "type": "Feature",
      "geometry": {
        "type": "Point",
        "coordinates": [
          -2.1658757330305543,
          5.510129498678084
        ]
      },
      "properties": {
        "probability": 0.8930178880691528,
        "lat": 5.510129498678084,
        "lon": -2.1658757330305543,
        "region": "Tarkwa-Nsuaem",
        "detected_at": "2026-03-02T06:19:09.198354",
        "model_version": "48px_v3.7_2024-01-10"
      }
    },
    {
      "type": "Feature",
      "geometry": {
        "type": "Point",
        "coordinates": [
          -2.163706151625535,
          5.520999620468626
        ]
      },
      "properties": {
        "probability": 0.8185399770736694,
        "lat": 5.520999620468626,
        "lon": -2.163706151625535,
        "region": "Tarkwa-Nsuaem",
        "detected_at": "2026-03-02T06:19:09.198441",
        "model_version": "48px_v3.7_2024-01-10"
      }
    },
    {
      "type": "Feature",
      "geometry": {
        "type": "Point",
        "coordinates": [
          -2.163706151625535,
          5.518825596110516
        ]
      },
      "properties": {
        "probability": 0.9966028332710266,
        "lat": 5.518825596110516,
        "lon": -2.163706151625535,
        "region": "Tarkwa-Nsuaem",
        "detected_at": "2026-03-02T06:19:09.198528",
        "model_version": "48px_v3.7_2024-01-10"
      }
    },
    {
      "type": "Feature",
      "geometry": {
        "type": "Point",
        "coordinates": [
          -2.163706151625535,
          5.5166515717524085
        ]
      },
      "properties": {
        "probability": 0.9999841451644897,
        "lat": 5.5166515717524085,
        "lon": -2.163706151625535,
        "region": "Tarkwa-Nsuaem",
        "detected_at": "2026-03-02T06:19:09.198616",
        "model_version": "48px_v3.7_2024-01-10"
      }
    },
    {
      "type": "Feature",
      "geometry": {
        "type": "Point",
        "coordinates": [
          -2.163706151625535,
          5.514477547394301
        ]
      },
      "properties": {
        "probability": 0.9999948740005493,
        "lat": 5.514477547394301,
        "lon": -2.163706151625535,
        "region": "Tarkwa-Nsuaem",
        "detected_at": "2026-03-02T06:19:09.198705",
        "model_version": "48px_v3.7_2024-01-10"
      }
    },
    {
      "type": "Feature",
      "geometry": {
        "type": "Point",
        "coordinates": [
          -2.163706151625535,
          5.510129498678084
        ]
      },
      "properties": {
        "probability": 0.9719702005386353,
        "lat": 5.510129498678084,
        "lon": -2.163706151625535,
        "region": "Tarkwa-Nsuaem",
        "detected_at": "2026-03-02T06:19:09.198793",
        "model_version": "48px_v3.7_2024-01-10"
      }
    },
    {
      "type": "Feature",
      "geometry": {
        "type": "Point",
        "coordinates": [
          -2.161536570220516,
          5.520999620468626
        ]
      },
      "properties": {
        "probability": 0.9999715089797974,
        "lat": 5.520999620468626,
        "lon": -2.161536570220516,
        "region": "Tarkwa-Nsuaem",
        "detected_at": "2026-03-02T06:19:09.198902",
        "model_version": "48px_v3.7_2024-01-10"
      }
    },
    {
      "type": "Feature",
      "geometry": {
        "type": "Point",
        "coordinates": [
          -2.1615365702205165,
          5.518825596110516
        ]
      },
      "properties": {
        "probability": 0.999998152256012,
        "lat": 5.518825596110516,
        "lon": -2.1615365702205165,
        "region": "Tarkwa-Nsuaem",
        "detected_at": "2026-03-02T06:19:09.198991",
        "model_version": "48px_v3.7_2024-01-10"
      }
    },
    {
      "type": "Feature",
      "geometry": {
        "type": "Point",
        "coordinates": [
          -2.161536570220516,
          5.516651571752409
        ]
      },
      "properties": {
        "probability": 0.9999998807907104,
        "lat": 5.516651571752409,
        "lon": -2.161536570220516,
        "region": "Tarkwa-Nsuaem",
        "detected_at": "2026-03-02T06:19:09.199080",
        "model_version": "48px_v3.7_2024-01-10"
      }
    },
    {
      "type": "Feature",
      "geometry": {
        "type": "Point",
        "coordinates": [
          -2.161536570220516,
          5.514477547394301
        ]
      },
      "properties": {
        "probability": 0.999993085861206,
        "lat": 5.514477547394301,
        "lon": -2.161536570220516,
        "region": "Tarkwa-Nsuaem",
        "detected_at": "2026-03-02T06:19:09.199168",
        "model_version": "48px_v3.7_2024-01-10"
      }
    },
    {
      "type": "Feature",
      "geometry": {
        "type": "Point",
        "coordinates": [
          -2.161536570220516,
          5.512303523036193
        ]
      },
      "properties": {
        "probability": 0.8661260604858398,
        "lat": 5.512303523036193,
        "lon": -2.161536570220516,
        "region": "Tarkwa-Nsuaem",
        "detected_at": "2026-03-02T06:19:09.199254",
        "model_version": "48px_v3.7_2024-01-10"
      }
    },
    {
      "type": "Feature",
      "geometry": {
        "type": "Point",
        "coordinates": [
          -2.1593669888154965,
          5.520999620468626
        ]
      },
      "properties": {
        "probability": 0.9951013326644897,
        "lat": 5.520999620468626,
        "lon": -2.1593669888154965,
        "region": "Tarkwa-Nsuaem",
        "detected_at": "2026-03-02T06:19:09.199349",
        "model_version": "48px_v3.7_2024-01-10"
      }
    },
    {
      "type": "Feature",
      "geometry": {
        "type": "Point",
        "coordinates": [
          -2.1593669888154965,
          5.518825596110516
        ]
      },
      "properties": {
        "probability": 0.9978601932525635,
        "lat": 5.518825596110516,
        "lon": -2.1593669888154965,
        "region": "Tarkwa-Nsuaem",
        "detected_at": "2026-03-02T06:19:09.199437",
        "model_version": "48px_v3.7_2024-01-10"
      }
    },
    {
      "type": "Feature",
      "geometry": {
        "type": "Point",
        "coordinates": [
          -2.1593669888154965,
          5.5166515717524085
        ]
      },
      "properties": {
        "probability": 0.996180534362793,
        "lat": 5.5166515717524085,
        "lon": -2.1593669888154965,
        "region": "Tarkwa-Nsuaem",
        "detected_at": "2026-03-02T06:19:09.199524",
        "model_version": "48px_v3.7_2024-01-10"
      }
    },
    {
      "type": "Feature",
      "geometry": {
        "type": "Point",
        "coordinates": [
          -2.1593669888154965,
          5.514477547394301
        ]
      },
      "properties": {
        "probability": 0.9966309070587158,
        "lat": 5.514477547394301,
        "lon": -2.1593669888154965,
        "region": "Tarkwa-Nsuaem",
        "detected_at": "2026-03-02T06:19:09.199611",
        "model_version": "48px_v3.7_2024-01-10"
      }
    },
    {
      "type": "Feature",
      "geometry": {
        "type": "Point",
        "coordinates": [
          -2.1593669888154965,
          5.512303523036193
        ]
      },
      "properties": {
        "probability": 0.9108349680900574,
        "lat": 5.512303523036193,
        "lon": -2.1593669888154965,
        "region": "Tarkwa-Nsuaem",
        "detected_at": "2026-03-02T06:19:09.199700",
        "model_version": "48px_v3.7_2024-01-10"
      }
    },
    {
      "type": "Feature",
      "geometry": {
        "type": "Point",
        "coordinates": [
          -2.157197407410478,
          5.514477547394301
        ]
      },
      "properties": {
        "probability": 0.980530858039856,
        "lat": 5.514477547394301,
        "lon": -2.157197407410478,
        "region": "Tarkwa-Nsuaem",
        "detected_at": "2026-03-02T06:19:09.199787",
        "model_version": "48px_v3.7_2024-01-10"
      }
    },
    {
      "type": "Feature",
      "geometry": {
        "type": "Point",
        "coordinates": [
          -2.1571974074104774,
          5.512303523036193
        ]
      },
      "properties": {
        "probability": 0.8065902590751648,
        "lat": 5.512303523036193,
        "lon": -2.1571974074104774,
        "region": "Tarkwa-Nsuaem",
        "detected_at": "2026-03-02T06:19:09.199894",
        "model_version": "48px_v3.7_2024-01-10"
      }
    },
    {
      "type": "Feature",
      "geometry": {
        "type": "Point",
        "coordinates": [
          -2.1550278260054583,
          5.516651571752409
        ]
      },
      "properties": {
        "probability": 0.8027999997138977,
        "lat": 5.516651571752409,
        "lon": -2.1550278260054583,
        "region": "Tarkwa-Nsuaem",
        "detected_at": "2026-03-02T06:19:09.199985",
        "model_version": "48px_v3.7_2024-01-10"
      }
    },
    {
      "type": "Feature",
      "geometry": {
        "type": "Point",
        "coordinates": [
          -2.1550278260054583,
          5.514477547394301
        ]
      },
      "properties": {
        "probability": 0.9999997019767761,
        "lat": 5.514477547394301,
        "lon": -2.1550278260054583,
        "region": "Tarkwa-Nsuaem",
        "detected_at": "2026-03-02T06:19:09.200073",
        "model_version": "48px_v3.7_2024-01-10"
      }
    },
    {
      "type": "Feature",
      "geometry": {
        "type": "Point",
        "coordinates": [
          -2.1550278260054583,
          5.512303523036193
        ]
      },
      "properties": {
        "probability": 0.994841456413269,
        "lat": 5.512303523036193,
        "lon": -2.1550278260054583,
        "region": "Tarkwa-Nsuaem",
        "detected_at": "2026-03-02T06:19:09.200161",
        "model_version": "48px_v3.7_2024-01-10"
      }
    },
    {
      "type": "Feature",
      "geometry": {
        "type": "Point",
        "coordinates": [
          -2.1528582446004387,
          5.514477547394301
        ]
      },
      "properties": {
        "probability": 0.9998486638069153,
        "lat": 5.514477547394301,
        "lon": -2.1528582446004387,
        "region": "Tarkwa-Nsuaem",
        "detected_at": "2026-03-02T06:19:09.200250",
        "model_version": "48px_v3.7_2024-01-10"
      }
    },
    {
      "type": "Feature",
      "geometry": {
        "type": "Point",
        "coordinates": [
          -2.1528582446004387,
          5.512303523036193
        ]
      },
      "properties": {
        "probability": 0.9913712739944458,
        "lat": 5.512303523036193,
        "lon": -2.1528582446004387,
        "region": "Tarkwa-Nsuaem",
        "detected_at": "2026-03-02T06:19:09.200338",
        "model_version": "48px_v3.7_2024-01-10"
      }
    },
    {
      "type": "Feature",
      "geometry": {
        "type": "Point",
        "coordinates": [
          -2.15068866319542,
          5.5166515717524085
        ]
      },
      "properties": {
        "probability": 0.9816412329673767,
        "lat": 5.5166515717524085,
        "lon": -2.15068866319542,
        "region": "Tarkwa-Nsuaem",
        "detected_at": "2026-03-02T06:19:09.200427",
        "model_version": "48px_v3.7_2024-01-10"
      }
    },
    {
      "type": "Feature",
      "geometry": {
        "type": "Point",
        "coordinates": [
          -2.15068866319542,
          5.514477547394301
        ]
      },
      "properties": {
        "probability": 0.9804068803787231,
        "lat": 5.514477547394301,
        "lon": -2.15068866319542,
        "region": "Tarkwa-Nsuaem",
        "detected_at": "2026-03-02T06:19:09.200516",
        "model_version": "48px_v3.7_2024-01-10"
      }
    },
    {
      "type": "Feature",
      "geometry": {
        "type": "Point",
        "coordinates": [
          -2.1485190817904005,
          5.516651571752409
        ]
      },
      "properties": {
        "probability": 0.9999377131462097,
        "lat": 5.516651571752409,
        "lon": -2.1485190817904005,
        "region": "Tarkwa-Nsuaem",
        "detected_at": "2026-03-02T06:19:09.200604",
        "model_version": "48px_v3.7_2024-01-10"
      }
    },
    {
      "type": "Feature",
      "geometry": {
        "type": "Point",
        "coordinates": [
          -2.1485190817904005,
          5.514477547394301
        ]
      },
      "properties": {
        "probability": 0.9999585151672363,
        "lat": 5.514477547394301,
        "lon": -2.1485190817904005,
        "region": "Tarkwa-Nsuaem",
        "detected_at": "2026-03-02T06:19:09.200697",
        "model_version": "48px_v3.7_2024-01-10"
      }
    },
    {
      "type": "Feature",
      "geometry": {
        "type": "Point",
        "coordinates": [
          -2.1485190817904005,
          5.512303523036193
        ]
      },
      "properties": {
        "probability": 0.9485087394714355,
        "lat": 5.512303523036193,
        "lon": -2.1485190817904005,
        "region": "Tarkwa-Nsuaem",
        "detected_at": "2026-03-02T06:19:09.200787",
        "model_version": "48px_v3.7_2024-01-10"
      }
    },
    {
      "type": "Feature",
      "geometry": {
        "type": "Point",
        "coordinates": [
          -2.146349500385381,
          5.5166515717524085
        ]
      },
      "properties": {
        "probability": 0.9902492165565491,
        "lat": 5.5166515717524085,
        "lon": -2.146349500385381,
        "region": "Tarkwa-Nsuaem",
        "detected_at": "2026-03-02T06:19:09.200894",
        "model_version": "48px_v3.7_2024-01-10"
      }
    },
    {
      "type": "Feature",
      "geometry": {
        "type": "Point",
        "coordinates": [
          -2.146349500385381,
          5.514477547394301
        ]
      },
      "properties": {
        "probability": 0.9999924302101135,
        "lat": 5.514477547394301,
        "lon": -2.146349500385381,
        "region": "Tarkwa-Nsuaem",
        "detected_at": "2026-03-02T06:19:09.200986",
        "model_version": "48px_v3.7_2024-01-10"
      }
    },
    {
      "type": "Feature",
      "geometry": {
        "type": "Point",
        "coordinates": [
          -2.146349500385381,
          5.512303523036193
        ]
      },
      "properties": {
        "probability": 0.9999905228614807,
        "lat": 5.512303523036193,
        "lon": -2.146349500385381,
        "region": "Tarkwa-Nsuaem",
        "detected_at": "2026-03-02T06:19:09.201075",
        "model_version": "48px_v3.7_2024-01-10"
      }
    },
    {
      "type": "Feature",
      "geometry": {
        "type": "Point",
        "coordinates": [
          -2.146349500385381,
          5.510129498678084
        ]
      },
      "properties": {
        "probability": 0.9524673223495483,
        "lat": 5.510129498678084,
        "lon": -2.146349500385381,
        "region": "Tarkwa-Nsuaem",
        "detected_at": "2026-03-02T06:19:09.201171",
        "model_version": "48px_v3.7_2024-01-10"
      }
    },
    {
      "type": "Feature",
      "geometry": {
        "type": "Point",
        "coordinates": [
          -2.1441799189803623,
          5.514477547394301
        ]
      },
      "properties": {
        "probability": 0.839392364025116,
        "lat": 5.514477547394301,
        "lon": -2.1441799189803623,
        "region": "Tarkwa-Nsuaem",
        "detected_at": "2026-03-02T06:19:09.201259",
        "model_version": "48px_v3.7_2024-01-10"
      }
    },
    {
      "type": "Feature",
      "geometry": {
        "type": "Point",
        "coordinates": [
          -2.1441799189803623,
          5.512303523036193
        ]
      },
      "properties": {
        "probability": 0.9174012541770935,
        "lat": 5.512303523036193,
        "lon": -2.1441799189803623,
        "region": "Tarkwa-Nsuaem",
        "detected_at": "2026-03-02T06:19:09.201348",
        "model_version": "48px_v3.7_2024-01-10"
      }
    },
    {
      "type": "Feature",
      "geometry": {
        "type": "Point",
        "coordinates": [
          -2.1441799189803623,
          5.510129498678084
        ]
      },
      "properties": {
        "probability": 0.9735157489776611,
        "lat": 5.510129498678084,
        "lon": -2.1441799189803623,
        "region": "Tarkwa-Nsuaem",
        "detected_at": "2026-03-02T06:19:09.201436",
        "model_version": "48px_v3.7_2024-01-10"
      }
    },
    {
      "type": "Feature",
      "geometry": {
        "type": "Point",
        "coordinates": [
          -2.1441799189803623,
          5.507955474319976
        ]
      },
      "properties": {
        "probability": 0.9544076919555664,
        "lat": 5.507955474319976,
        "lon": -2.1441799189803623,
        "region": "Tarkwa-Nsuaem",
        "detected_at": "2026-03-02T06:19:09.201524",
        "model_version": "48px_v3.7_2024-01-10"
      }
    },
    {
      "type": "Feature",
      "geometry": {
        "type": "Point",
        "coordinates": [
          -2.1420103375753428,
          5.507955474319976
        ]
      },
      "properties": {
        "probability": 0.8290390968322754,
        "lat": 5.507955474319976,
        "lon": -2.1420103375753428,
        "region": "Tarkwa-Nsuaem",
        "detected_at": "2026-03-02T06:19:09.201611",
        "model_version": "48px_v3.7_2024-01-10"
      }
    },
    {
      "type": "Feature",
      "geometry": {
        "type": "Point",
        "coordinates": [
          -2.1420103375753428,
          5.505781449961869
        ]
      },
      "properties": {
        "probability": 0.997694194316864,
        "lat": 5.505781449961869,
        "lon": -2.1420103375753428,
        "region": "Tarkwa-Nsuaem",
        "detected_at": "2026-03-02T06:19:09.201699",
        "model_version": "48px_v3.7_2024-01-10"
      }
    },
    {
      "type": "Feature",
      "geometry": {
        "type": "Point",
        "coordinates": [
          -2.1420103375753428,
          5.50360742560376
        ]
      },
      "properties": {
        "probability": 0.9692720770835876,
        "lat": 5.50360742560376,
        "lon": -2.1420103375753428,
        "region": "Tarkwa-Nsuaem",
        "detected_at": "2026-03-02T06:19:09.201788",
        "model_version": "48px_v3.7_2024-01-10"
      }
    },
    {
      "type": "Feature",
      "geometry": {
        "type": "Point",
        "coordinates": [
          -2.139840756170323,
          5.5057814499618685
        ]
      },
      "properties": {
        "probability": 0.9903176426887512,
        "lat": 5.5057814499618685,
        "lon": -2.139840756170323,
        "region": "Tarkwa-Nsuaem",
        "detected_at": "2026-03-02T06:19:09.201907",
        "model_version": "48px_v3.7_2024-01-10"
      }
    },
    {
      "type": "Feature",
      "geometry": {
        "type": "Point",
        "coordinates": [
          -2.135501593360285,
          5.501433401245651
        ]
      },
      "properties": {
        "probability": 0.9945488572120667,
        "lat": 5.501433401245651,
        "lon": -2.135501593360285,
        "region": "Tarkwa-Nsuaem",
        "detected_at": "2026-03-02T06:19:09.201998",
        "model_version": "48px_v3.7_2024-01-10"
      }
    },
    {
      "type": "Feature",
      "geometry": {
        "type": "Point",
        "coordinates": [
          -2.135501593360285,
          5.499259376887544
        ]
      },
      "properties": {
        "probability": 0.9975342750549316,
        "lat": 5.499259376887544,
        "lon": -2.135501593360285,
        "region": "Tarkwa-Nsuaem",
        "detected_at": "2026-03-02T06:19:09.202086",
        "model_version": "48px_v3.7_2024-01-10"
      }
    },
    {
      "type": "Feature",
      "geometry": {
        "type": "Point",
        "coordinates": [
          -2.1333320119552655,
          5.501433401245651
        ]
      },
      "properties": {
        "probability": 0.9998067617416382,
        "lat": 5.501433401245651,
        "lon": -2.1333320119552655,
        "region": "Tarkwa-Nsuaem",
        "detected_at": "2026-03-02T06:19:09.202173",
        "model_version": "48px_v3.7_2024-01-10"
      }
    },
    {
      "type": "Feature",
      "geometry": {
        "type": "Point",
        "coordinates": [
          -2.1333320119552655,
          5.499259376887544
        ]
      },
      "properties": {
        "probability": 0.9999820590019226,
        "lat": 5.499259376887544,
        "lon": -2.1333320119552655,
        "region": "Tarkwa-Nsuaem",
        "detected_at": "2026-03-02T06:19:09.202262",
        "model_version": "48px_v3.7_2024-01-10"
      }
    },
    {
      "type": "Feature",
      "geometry": {
        "type": "Point",
        "coordinates": [
          -2.1333320119552655,
          5.497085352529436
        ]
      },
      "properties": {
        "probability": 0.888593316078186,
        "lat": 5.497085352529436,
        "lon": -2.1333320119552655,
        "region": "Tarkwa-Nsuaem",
        "detected_at": "2026-03-02T06:19:09.202359",
        "model_version": "48px_v3.7_2024-01-10"
      }
    },
    {
      "type": "Feature",
      "geometry": {
        "type": "Point",
        "coordinates": [
          -2.1311624305502463,
          5.499259376887544
        ]
      },
      "properties": {
        "probability": 0.9999915361404419,
        "lat": 5.499259376887544,
        "lon": -2.1311624305502463,
        "region": "Tarkwa-Nsuaem",
        "detected_at": "2026-03-02T06:19:09.202449",
        "model_version": "48px_v3.7_2024-01-10"
      }
    },
    {
      "type": "Feature",
      "geometry": {
        "type": "Point",
        "coordinates": [
          -2.1289928491452272,
          5.499259376887544
        ]
      },
      "properties": {
        "probability": 0.9884180426597595,
        "lat": 5.499259376887544,
        "lon": -2.1289928491452272,
        "region": "Tarkwa-Nsuaem",
        "detected_at": "2026-03-02T06:19:09.202543",
        "model_version": "48px_v3.7_2024-01-10"
      }
    },
    {
      "type": "Feature",
      "geometry": {
        "type": "Point",
        "coordinates": [
          -2.124653686335189,
          5.479693157664572
        ]
      },
      "properties": {
        "probability": 0.9243364930152893,
        "lat": 5.479693157664572,
        "lon": -2.124653686335189,
        "region": "Tarkwa-Nsuaem",
        "detected_at": "2026-03-02T06:19:09.202634",
        "model_version": "48px_v3.7_2024-01-10"
      }
    },
    {
      "type": "Feature",
      "geometry": {
        "type": "Point",
        "coordinates": [
          -2.1224841049301695,
          5.501433401245651
        ]
      },
      "properties": {
        "probability": 0.9945124387741089,
        "lat": 5.501433401245651,
        "lon": -2.1224841049301695,
        "region": "Tarkwa-Nsuaem",
        "detected_at": "2026-03-02T06:19:09.202723",
        "model_version": "48px_v3.7_2024-01-10"
      }
    },
    {
      "type": "Feature",
      "geometry": {
        "type": "Point",
        "coordinates": [
          -2.1224841049301695,
          5.484041206380787
        ]
      },
      "properties": {
        "probability": 0.9861823320388794,
        "lat": 5.484041206380787,
        "lon": -2.1224841049301695,
        "region": "Tarkwa-Nsuaem",
        "detected_at": "2026-03-02T06:19:09.202811",
        "model_version": "48px_v3.7_2024-01-10"
      }
    },
    {
      "type": "Feature",
      "geometry": {
        "type": "Point",
        "coordinates": [
          -2.1224841049301695,
          5.481867182022679
        ]
      },
      "properties": {
        "probability": 0.8795508146286011,
        "lat": 5.481867182022679,
        "lon": -2.1224841049301695,
        "region": "Tarkwa-Nsuaem",
        "detected_at": "2026-03-02T06:19:09.202937",
        "model_version": "48px_v3.7_2024-01-10"
      }
    },
    {
      "type": "Feature",
      "geometry": {
        "type": "Point",
        "coordinates": [
          -2.12031452352515,
          5.503607425603761
        ]
      },
      "properties": {
        "probability": 0.9999193549156189,
        "lat": 5.503607425603761,
        "lon": -2.12031452352515,
        "region": "Tarkwa-Nsuaem",
        "detected_at": "2026-03-02T06:19:09.203026",
        "model_version": "48px_v3.7_2024-01-10"
      }
    },
    {
      "type": "Feature",
      "geometry": {
        "type": "Point",
        "coordinates": [
          -2.12031452352515,
          5.501433401245651
        ]
      },
      "properties": {
        "probability": 0.8296567797660828,
        "lat": 5.501433401245651,
        "lon": -2.12031452352515,
        "region": "Tarkwa-Nsuaem",
        "detected_at": "2026-03-02T06:19:09.203114",
        "model_version": "48px_v3.7_2024-01-10"
      }
    },
    {
      "type": "Feature",
      "geometry": {
        "type": "Point",
        "coordinates": [
          -2.12031452352515,
          5.486215230738897
        ]
      },
      "properties": {
        "probability": 0.9880812764167786,
        "lat": 5.486215230738897,
        "lon": -2.12031452352515,
        "region": "Tarkwa-Nsuaem",
        "detected_at": "2026-03-02T06:19:09.203200",
        "model_version": "48px_v3.7_2024-01-10"
      }
    },
    {
      "type": "Feature",
      "geometry": {
        "type": "Point",
        "coordinates": [
          -2.12031452352515,
          5.484041206380787
        ]
      },
      "properties": {
        "probability": 0.9998129606246948,
        "lat": 5.484041206380787,
        "lon": -2.12031452352515,
        "region": "Tarkwa-Nsuaem",
        "detected_at": "2026-03-02T06:19:09.203286",
        "model_version": "48px_v3.7_2024-01-10"
      }
    },
    {
      "type": "Feature",
      "geometry": {
        "type": "Point",
        "coordinates": [
          -2.12031452352515,
          5.481867182022679
        ]
      },
      "properties": {
        "probability": 0.9758337140083313,
        "lat": 5.481867182022679,
        "lon": -2.12031452352515,
        "region": "Tarkwa-Nsuaem",
        "detected_at": "2026-03-02T06:19:09.203374",
        "model_version": "48px_v3.7_2024-01-10"
      }
    },
    {
      "type": "Feature",
      "geometry": {
        "type": "Point",
        "coordinates": [
          -2.1181449421201313,
          5.488389255097005
        ]
      },
      "properties": {
        "probability": 0.8952239751815796,
        "lat": 5.488389255097005,
        "lon": -2.1181449421201313,
        "region": "Tarkwa-Nsuaem",
        "detected_at": "2026-03-02T06:19:09.203460",
        "model_version": "48px_v3.7_2024-01-10"
      }
    },
    {
      "type": "Feature",
      "geometry": {
        "type": "Point",
        "coordinates": [
          -2.1181449421201313,
          5.486215230738897
        ]
      },
      "properties": {
        "probability": 0.9977827072143555,
        "lat": 5.486215230738897,
        "lon": -2.1181449421201313,
        "region": "Tarkwa-Nsuaem",
        "detected_at": "2026-03-02T06:19:09.203547",
        "model_version": "48px_v3.7_2024-01-10"
      }
    },
    {
      "type": "Feature",
      "geometry": {
        "type": "Point",
        "coordinates": [
          -2.1181449421201313,
          5.484041206380787
        ]
      },
      "properties": {
        "probability": 0.9968805313110352,
        "lat": 5.484041206380787,
        "lon": -2.1181449421201313,
        "region": "Tarkwa-Nsuaem",
        "detected_at": "2026-03-02T06:19:09.203644",
        "model_version": "48px_v3.7_2024-01-10"
      }
    },
    {
      "type": "Feature",
      "geometry": {
        "type": "Point",
        "coordinates": [
          -2.1181449421201313,
          5.481867182022679
        ]
      },
      "properties": {
        "probability": 0.9998525977134705,
        "lat": 5.481867182022679,
        "lon": -2.1181449421201313,
        "region": "Tarkwa-Nsuaem",
        "detected_at": "2026-03-02T06:19:09.203733",
        "model_version": "48px_v3.7_2024-01-10"
      }
    },
    {
      "type": "Feature",
      "geometry": {
        "type": "Point",
        "coordinates": [
          -2.1138824746832583,
          5.499182535565255
        ]
      },
      "properties": {
        "probability": 0.9999618530273438,
        "lat": 5.499182535565255,
        "lon": -2.1138824746832583,
        "region": "Tarkwa-Nsuaem",
        "detected_at": "2026-03-02T06:19:09.203820",
        "model_version": "48px_v3.7_2024-01-10"
      }
    },
    {
      "type": "Feature",
      "geometry": {
        "type": "Point",
        "coordinates": [
          -2.1138824746832583,
          5.497008353124149
        ]
      },
      "properties": {
        "probability": 1.0,
        "lat": 5.497008353124149,
        "lon": -2.1138824746832583,
        "region": "Tarkwa-Nsuaem",
        "detected_at": "2026-03-02T06:19:09.203928",
        "model_version": "48px_v3.7_2024-01-10"
      }
    },
    {
      "type": "Feature",
      "geometry": {
        "type": "Point",
        "coordinates": [
          -2.1138824746832583,
          5.494834170683046
        ]
      },
      "properties": {
        "probability": 0.9926776885986328,
        "lat": 5.494834170683046,
        "lon": -2.1138824746832583,
        "region": "Tarkwa-Nsuaem",
        "detected_at": "2026-03-02T06:19:09.204016",
        "model_version": "48px_v3.7_2024-01-10"
      }
    },
    {
      "type": "Feature",
      "geometry": {
        "type": "Point",
        "coordinates": [
          -2.1138824746832583,
          5.490485805800839
        ]
      },
      "properties": {
        "probability": 0.9906784892082214,
        "lat": 5.490485805800839,
        "lon": -2.1138824746832583,
        "region": "Tarkwa-Nsuaem",
        "detected_at": "2026-03-02T06:19:09.204163",
        "model_version": "48px_v3.7_2024-01-10"
      }
    },
    {
      "type": "Feature",
      "geometry": {
        "type": "Point",
        "coordinates": [
          -2.1138824746832583,
          5.488311623359736
        ]
      },
      "properties": {
        "probability": 0.9173266291618347,
        "lat": 5.488311623359736,
        "lon": -2.1138824746832583,
        "region": "Tarkwa-Nsuaem",
        "detected_at": "2026-03-02T06:19:09.204320",
        "model_version": "48px_v3.7_2024-01-10"
      }
    },
    {
      "type": "Feature",
      "geometry": {
        "type": "Point",
        "coordinates": [
          -2.1138824746832583,
          5.4861374409186325
        ]
      },
      "properties": {
        "probability": 0.9852182865142822,
        "lat": 5.4861374409186325,
        "lon": -2.1138824746832583,
        "region": "Tarkwa-Nsuaem",
        "detected_at": "2026-03-02T06:19:09.204451",
        "model_version": "48px_v3.7_2024-01-10"
      }
    },
    {
      "type": "Feature",
      "geometry": {
        "type": "Point",
        "coordinates": [
          -2.1138824746832583,
          5.483963258477528
        ]
      },
      "properties": {
        "probability": 0.9969779849052429,
        "lat": 5.483963258477528,
        "lon": -2.1138824746832583,
        "region": "Tarkwa-Nsuaem",
        "detected_at": "2026-03-02T06:19:09.204545",
        "model_version": "48px_v3.7_2024-01-10"
      }
    },
    {
      "type": "Feature",
      "geometry": {
        "type": "Point",
        "coordinates": [
          -2.1138824746832583,
          5.481789076036426
        ]
      },
      "properties": {
        "probability": 0.9732346534729004,
        "lat": 5.481789076036426,
        "lon": -2.1138824746832583,
        "region": "Tarkwa-Nsuaem",
        "detected_at": "2026-03-02T06:19:09.204634",
        "model_version": "48px_v3.7_2024-01-10"
      }
    },
    {
      "type": "Feature",
      "geometry": {
        "type": "Point",
        "coordinates": [
          -2.1117127358028114,
          5.499182535565255
        ]
      },
      "properties": {
        "probability": 0.9999117255210876,
        "lat": 5.499182535565255,
        "lon": -2.1117127358028114,
        "region": "Tarkwa-Nsuaem",
        "detected_at": "2026-03-02T06:19:09.204721",
        "model_version": "48px_v3.7_2024-01-10"
      }
    },
    {
      "type": "Feature",
      "geometry": {
        "type": "Point",
        "coordinates": [
          -2.1117127358028114,
          5.497008353124149
        ]
      },
      "properties": {
        "probability": 0.9998608231544495,
        "lat": 5.497008353124149,
        "lon": -2.1117127358028114,
        "region": "Tarkwa-Nsuaem",
        "detected_at": "2026-03-02T06:19:09.204809",
        "model_version": "48px_v3.7_2024-01-10"
      }
    },
    {
      "type": "Feature",
      "geometry": {
        "type": "Point",
        "coordinates": [
          -2.1117127358028114,
          5.492659988241943
        ]
      },
      "properties": {
        "probability": 0.9677347540855408,
        "lat": 5.492659988241943,
        "lon": -2.1117127358028114,
        "region": "Tarkwa-Nsuaem",
        "detected_at": "2026-03-02T06:19:09.204963",
        "model_version": "48px_v3.7_2024-01-10"
      }
    },
    {
      "type": "Feature",
      "geometry": {
        "type": "Point",
        "coordinates": [
          -2.1117127358028114,
          5.490485805800839
        ]
      },
      "properties": {
        "probability": 0.999994158744812,
        "lat": 5.490485805800839,
        "lon": -2.1117127358028114,
        "region": "Tarkwa-Nsuaem",
        "detected_at": "2026-03-02T06:19:09.205056",
        "model_version": "48px_v3.7_2024-01-10"
      }
    },
    {
      "type": "Feature",
      "geometry": {
        "type": "Point",
        "coordinates": [
          -2.111712735802812,
          5.488311623359736
        ]
      },
      "properties": {
        "probability": 0.999978244304657,
        "lat": 5.488311623359736,
        "lon": -2.111712735802812,
        "region": "Tarkwa-Nsuaem",
        "detected_at": "2026-03-02T06:19:09.205145",
        "model_version": "48px_v3.7_2024-01-10"
      }
    },
    {
      "type": "Feature",
      "geometry": {
        "type": "Point",
        "coordinates": [
          -2.1117127358028114,
          5.4861374409186325
        ]
      },
      "properties": {
        "probability": 0.9987982511520386,
        "lat": 5.4861374409186325,
        "lon": -2.1117127358028114,
        "region": "Tarkwa-Nsuaem",
        "detected_at": "2026-03-02T06:19:09.205233",
        "model_version": "48px_v3.7_2024-01-10"
      }
    },
    {
      "type": "Feature",
      "geometry": {
        "type": "Point",
        "coordinates": [
          -2.1095429969223645,
          5.499182535565255
        ]
      },
      "properties": {
        "probability": 0.949975848197937,
        "lat": 5.499182535565255,
        "lon": -2.1095429969223645,
        "region": "Tarkwa-Nsuaem",
        "detected_at": "2026-03-02T06:19:09.205327",
        "model_version": "48px_v3.7_2024-01-10"
      }
    },
    {
      "type": "Feature",
      "geometry": {
        "type": "Point",
        "coordinates": [
          -2.1095429969223645,
          5.497008353124149
        ]
      },
      "properties": {
        "probability": 0.9555408954620361,
        "lat": 5.497008353124149,
        "lon": -2.1095429969223645,
        "region": "Tarkwa-Nsuaem",
        "detected_at": "2026-03-02T06:19:09.205417",
        "model_version": "48px_v3.7_2024-01-10"
      }
    },
    {
      "type": "Feature",
      "geometry": {
        "type": "Point",
        "coordinates": [
          -2.1095429969223645,
          5.492659988241943
        ]
      },
      "properties": {
        "probability": 0.9999502301216125,
        "lat": 5.492659988241943,
        "lon": -2.1095429969223645,
        "region": "Tarkwa-Nsuaem",
        "detected_at": "2026-03-02T06:19:09.205505",
        "model_version": "48px_v3.7_2024-01-10"
      }
    },
    {
      "type": "Feature",
      "geometry": {
        "type": "Point",
        "coordinates": [
          -2.1095429969223645,
          5.490485805800839
        ]
      },
      "properties": {
        "probability": 1.0,
        "lat": 5.490485805800839,
        "lon": -2.1095429969223645,
        "region": "Tarkwa-Nsuaem",
        "detected_at": "2026-03-02T06:19:09.205594",
        "model_version": "48px_v3.7_2024-01-10"
      }
    },
    {
      "type": "Feature",
      "geometry": {
        "type": "Point",
        "coordinates": [
          -2.1095429969223645,
          5.488311623359736
        ]
      },
      "properties": {
        "probability": 0.9999995231628418,
        "lat": 5.488311623359736,
        "lon": -2.1095429969223645,
        "region": "Tarkwa-Nsuaem",
        "detected_at": "2026-03-02T06:19:09.205682",
        "model_version": "48px_v3.7_2024-01-10"
      }
    },
    {
      "type": "Feature",
      "geometry": {
        "type": "Point",
        "coordinates": [
          -2.1095429969223645,
          5.4861374409186325
        ]
      },
      "properties": {
        "probability": 0.9958420991897583,
        "lat": 5.4861374409186325,
        "lon": -2.1095429969223645,
        "region": "Tarkwa-Nsuaem",
        "detected_at": "2026-03-02T06:19:09.205771",
        "model_version": "48px_v3.7_2024-01-10"
      }
    },
    {
      "type": "Feature",
      "geometry": {
        "type": "Point",
        "coordinates": [
          -2.1073732580419176,
          5.492659988241943
        ]
      },
      "properties": {
        "probability": 0.999950110912323,
        "lat": 5.492659988241943,
        "lon": -2.1073732580419176,
        "region": "Tarkwa-Nsuaem",
        "detected_at": "2026-03-02T06:19:09.205937",
        "model_version": "48px_v3.7_2024-01-10"
      }
    },
    {
      "type": "Feature",
      "geometry": {
        "type": "Point",
        "coordinates": [
          -2.1073732580419176,
          5.490485805800839
        ]
      },
      "properties": {
        "probability": 0.9999999403953552,
        "lat": 5.490485805800839,
        "lon": -2.1073732580419176,
        "region": "Tarkwa-Nsuaem",
        "detected_at": "2026-03-02T06:19:09.206101",
        "model_version": "48px_v3.7_2024-01-10"
      }
    },
    {
      "type": "Feature",
      "geometry": {
        "type": "Point",
        "coordinates": [
          -2.1073732580419176,
          5.488311623359736
        ]
      },
      "properties": {
        "probability": 0.9989362955093384,
        "lat": 5.488311623359736,
        "lon": -2.1073732580419176,
        "region": "Tarkwa-Nsuaem",
        "detected_at": "2026-03-02T06:19:09.206206",
        "model_version": "48px_v3.7_2024-01-10"
      }
    },
    {
      "type": "Feature",
      "geometry": {
        "type": "Point",
        "coordinates": [
          -2.1073732580419176,
          5.4861374409186325
        ]
      },
      "properties": {
        "probability": 0.9384400844573975,
        "lat": 5.4861374409186325,
        "lon": -2.1073732580419176,
        "region": "Tarkwa-Nsuaem",
        "detected_at": "2026-03-02T06:19:09.206298",
        "model_version": "48px_v3.7_2024-01-10"
      }
    },
    {
      "type": "Feature",
      "geometry": {
        "type": "Point",
        "coordinates": [
          -2.1073732580419176,
          5.483963258477528
        ]
      },
      "properties": {
        "probability": 0.8358941078186035,
        "lat": 5.483963258477528,
        "lon": -2.1073732580419176,
        "region": "Tarkwa-Nsuaem",
        "detected_at": "2026-03-02T06:19:09.206387",
        "model_version": "48px_v3.7_2024-01-10"
      }
    },
    {
      "type": "Feature",
      "geometry": {
        "type": "Point",
        "coordinates": [
          -2.1052035191614706,
          5.494834170683046
        ]
      },
      "properties": {
        "probability": 0.9954307675361633,
        "lat": 5.494834170683046,
        "lon": -2.1052035191614706,
        "region": "Tarkwa-Nsuaem",
        "detected_at": "2026-03-02T06:19:09.206476",
        "model_version": "48px_v3.7_2024-01-10"
      }
    },
    {
      "type": "Feature",
      "geometry": {
        "type": "Point",
        "coordinates": [
          -2.1052035191614706,
          5.492659988241943
        ]
      },
      "properties": {
        "probability": 0.9999301433563232,
        "lat": 5.492659988241943,
        "lon": -2.1052035191614706,
        "region": "Tarkwa-Nsuaem",
        "detected_at": "2026-03-02T06:19:09.206565",
        "model_version": "48px_v3.7_2024-01-10"
      }
    },
    {
      "type": "Feature",
      "geometry": {
        "type": "Point",
        "coordinates": [
          -2.1052035191614706,
          5.490485805800839
        ]
      },
      "properties": {
        "probability": 0.9989147186279297,
        "lat": 5.490485805800839,
        "lon": -2.1052035191614706,
        "region": "Tarkwa-Nsuaem",
        "detected_at": "2026-03-02T06:19:09.206654",
        "model_version": "48px_v3.7_2024-01-10"
      }
    },
    {
      "type": "Feature",
      "geometry": {
        "type": "Point",
        "coordinates": [
          -2.1030337802810237,
          5.516575995094081
        ]
      },
      "properties": {
        "probability": 0.840124785900116,
        "lat": 5.516575995094081,
        "lon": -2.1030337802810237,
        "region": "Tarkwa-Nsuaem",
        "detected_at": "2026-03-02T06:19:09.206742",
        "model_version": "48px_v3.7_2024-01-10"
      }
    },
    {
      "type": "Feature",
      "geometry": {
        "type": "Point",
        "coordinates": [
          -2.1030337802810237,
          5.497008353124149
        ]
      },
      "properties": {
        "probability": 0.8931213021278381,
        "lat": 5.497008353124149,
        "lon": -2.1030337802810237,
        "region": "Tarkwa-Nsuaem",
        "detected_at": "2026-03-02T06:19:09.206856",
        "model_version": "48px_v3.7_2024-01-10"
      }
    },
    {
      "type": "Feature",
      "geometry": {
        "type": "Point",
        "coordinates": [
          -2.1030337802810237,
          5.494834170683046
        ]
      },
      "properties": {
        "probability": 0.9985308647155762,
        "lat": 5.494834170683046,
        "lon": -2.1030337802810237,
        "region": "Tarkwa-Nsuaem",
        "detected_at": "2026-03-02T06:19:09.206960",
        "model_version": "48px_v3.7_2024-01-10"
      }
    },
    {
      "type": "Feature",
      "geometry": {
        "type": "Point",
        "coordinates": [
          -2.1030337802810237,
          5.492659988241943
        ]
      },
      "properties": {
        "probability": 0.9992101192474365,
        "lat": 5.492659988241943,
        "lon": -2.1030337802810237,
        "region": "Tarkwa-Nsuaem",
        "detected_at": "2026-03-02T06:19:09.207050",
        "model_version": "48px_v3.7_2024-01-10"
      }
    },
    {
      "type": "Feature",
      "geometry": {
        "type": "Point",
        "coordinates": [
          -2.100864041400577,
          5.501356718006357
        ]
      },
      "properties": {
        "probability": 0.9965324997901917,
        "lat": 5.501356718006357,
        "lon": -2.100864041400577,
        "region": "Tarkwa-Nsuaem",
        "detected_at": "2026-03-02T06:19:09.207136",
        "model_version": "48px_v3.7_2024-01-10"
      }
    },
    {
      "type": "Feature",
      "geometry": {
        "type": "Point",
        "coordinates": [
          -2.100864041400577,
          5.499182535565255
        ]
      },
      "properties": {
        "probability": 0.996153712272644,
        "lat": 5.499182535565255,
        "lon": -2.100864041400577,
        "region": "Tarkwa-Nsuaem",
        "detected_at": "2026-03-02T06:19:09.207223",
        "model_version": "48px_v3.7_2024-01-10"
      }
    },
    {
      "type": "Feature",
      "geometry": {
        "type": "Point",
        "coordinates": [
          -2.100864041400577,
          5.497008353124149
        ]
      },
      "properties": {
        "probability": 0.9989160895347595,
        "lat": 5.497008353124149,
        "lon": -2.100864041400577,
        "region": "Tarkwa-Nsuaem",
        "detected_at": "2026-03-02T06:19:09.207309",
        "model_version": "48px_v3.7_2024-01-10"
      }
    },
    {
      "type": "Feature",
      "geometry": {
        "type": "Point",
        "coordinates": [
          -2.100864041400577,
          5.494834170683046
        ]
      },
      "properties": {
        "probability": 0.9999929666519165,
        "lat": 5.494834170683046,
        "lon": -2.100864041400577,
        "region": "Tarkwa-Nsuaem",
        "detected_at": "2026-03-02T06:19:09.207400",
        "model_version": "48px_v3.7_2024-01-10"
      }
    },
    {
      "type": "Feature",
      "geometry": {
        "type": "Point",
        "coordinates": [
          -2.100864041400577,
          5.492659988241943
        ]
      },
      "properties": {
        "probability": 0.9999570846557617,
        "lat": 5.492659988241943,
        "lon": -2.100864041400577,
        "region": "Tarkwa-Nsuaem",
        "detected_at": "2026-03-02T06:19:09.207488",
        "model_version": "48px_v3.7_2024-01-10"
      }
    },
    {
      "type": "Feature",
      "geometry": {
        "type": "Point",
        "coordinates": [
          -2.09869430252013,
          5.512227630211875
        ]
      },
      "properties": {
        "probability": 0.9952606558799744,
        "lat": 5.512227630211875,
        "lon": -2.09869430252013,
        "region": "Tarkwa-Nsuaem",
        "detected_at": "2026-03-02T06:19:09.207577",
        "model_version": "48px_v3.7_2024-01-10"
      }
    },
    {
      "type": "Feature",
      "geometry": {
        "type": "Point",
        "coordinates": [
          -2.09869430252013,
          5.510053447770771
        ]
      },
      "properties": {
        "probability": 0.9818591475486755,
        "lat": 5.510053447770771,
        "lon": -2.09869430252013,
        "region": "Tarkwa-Nsuaem",
        "detected_at": "2026-03-02T06:19:09.207665",
        "model_version": "48px_v3.7_2024-01-10"
      }
    },
    {
      "type": "Feature",
      "geometry": {
        "type": "Point",
        "coordinates": [
          -2.09869430252013,
          5.507879265329668
        ]
      },
      "properties": {
        "probability": 0.8940396904945374,
        "lat": 5.507879265329668,
        "lon": -2.09869430252013,
        "region": "Tarkwa-Nsuaem",
        "detected_at": "2026-03-02T06:19:09.207754",
        "model_version": "48px_v3.7_2024-01-10"
      }
    },
    {
      "type": "Feature",
      "geometry": {
        "type": "Point",
        "coordinates": [
          -2.09869430252013,
          5.50353090044746
        ]
      },
      "properties": {
        "probability": 0.9986019134521484,
        "lat": 5.50353090044746,
        "lon": -2.09869430252013,
        "region": "Tarkwa-Nsuaem",
        "detected_at": "2026-03-02T06:19:09.207860",
        "model_version": "48px_v3.7_2024-01-10"
      }
    },
    {
      "type": "Feature",
      "geometry": {
        "type": "Point",
        "coordinates": [
          -2.09869430252013,
          5.501356718006357
        ]
      },
      "properties": {
        "probability": 0.9932655096054077,
        "lat": 5.501356718006357,
        "lon": -2.09869430252013,
        "region": "Tarkwa-Nsuaem",
        "detected_at": "2026-03-02T06:19:09.207952",
        "model_version": "48px_v3.7_2024-01-10"
      }
    },
    {
      "type": "Feature",
      "geometry": {
        "type": "Point",
        "coordinates": [
          -2.09869430252013,
          5.499182535565255
        ]
      },
      "properties": {
        "probability": 0.987797737121582,
        "lat": 5.499182535565255,
        "lon": -2.09869430252013,
        "region": "Tarkwa-Nsuaem",
        "detected_at": "2026-03-02T06:19:09.208039",
        "model_version": "48px_v3.7_2024-01-10"
      }
    },
    {
      "type": "Feature",
      "geometry": {
        "type": "Point",
        "coordinates": [
          -2.09869430252013,
          5.497008353124149
        ]
      },
      "properties": {
        "probability": 0.9795121550559998,
        "lat": 5.497008353124149,
        "lon": -2.09869430252013,
        "region": "Tarkwa-Nsuaem",
        "detected_at": "2026-03-02T06:19:09.208126",
        "model_version": "48px_v3.7_2024-01-10"
      }
    },
    {
      "type": "Feature",
      "geometry": {
        "type": "Point",
        "coordinates": [
          -2.0986943025201295,
          5.494834170683046
        ]
      },
      "properties": {
        "probability": 0.9998265504837036,
        "lat": 5.494834170683046,
        "lon": -2.0986943025201295,
        "region": "Tarkwa-Nsuaem",
        "detected_at": "2026-03-02T06:19:09.208213",
        "model_version": "48px_v3.7_2024-01-10"
      }
    },
    {
      "type": "Feature",
      "geometry": {
        "type": "Point",
        "coordinates": [
          -2.09869430252013,
          5.492659988241943
        ]
      },
      "properties": {
        "probability": 0.9994921684265137,
        "lat": 5.492659988241943,
        "lon": -2.09869430252013,
        "region": "Tarkwa-Nsuaem",
        "detected_at": "2026-03-02T06:19:09.208299",
        "model_version": "48px_v3.7_2024-01-10"
      }
    },
    {
      "type": "Feature",
      "geometry": {
        "type": "Point",
        "coordinates": [
          -2.096524563639683,
          5.512227630211875
        ]
      },
      "properties": {
        "probability": 0.9891623854637146,
        "lat": 5.512227630211875,
        "lon": -2.096524563639683,
        "region": "Tarkwa-Nsuaem",
        "detected_at": "2026-03-02T06:19:09.208394",
        "model_version": "48px_v3.7_2024-01-10"
      }
    },
    {
      "type": "Feature",
      "geometry": {
        "type": "Point",
        "coordinates": [
          -2.096524563639683,
          5.510053447770771
        ]
      },
      "properties": {
        "probability": 0.8624368906021118,
        "lat": 5.510053447770771,
        "lon": -2.096524563639683,
        "region": "Tarkwa-Nsuaem",
        "detected_at": "2026-03-02T06:19:09.208481",
        "model_version": "48px_v3.7_2024-01-10"
      }
    },
    {
      "type": "Feature",
      "geometry": {
        "type": "Point",
        "coordinates": [
          -2.096524563639683,
          5.50353090044746
        ]
      },
      "properties": {
        "probability": 0.9709230661392212,
        "lat": 5.50353090044746,
        "lon": -2.096524563639683,
        "region": "Tarkwa-Nsuaem",
        "detected_at": "2026-03-02T06:19:09.208568",
        "model_version": "48px_v3.7_2024-01-10"
      }
    },
    {
      "type": "Feature",
      "geometry": {
        "type": "Point",
        "coordinates": [
          -2.096524563639683,
          5.499182535565255
        ]
      },
      "properties": {
        "probability": 0.856960117816925,
        "lat": 5.499182535565255,
        "lon": -2.096524563639683,
        "region": "Tarkwa-Nsuaem",
        "detected_at": "2026-03-02T06:19:09.208662",
        "model_version": "48px_v3.7_2024-01-10"
      }
    },
    {
      "type": "Feature",
      "geometry": {
        "type": "Point",
        "coordinates": [
          -2.096524563639683,
          5.494834170683046
        ]
      },
      "properties": {
        "probability": 0.8142135143280029,
        "lat": 5.494834170683046,
        "lon": -2.096524563639683,
        "region": "Tarkwa-Nsuaem",
        "detected_at": "2026-03-02T06:19:09.208749",
        "model_version": "48px_v3.7_2024-01-10"
      }
    },
    {
      "type": "Feature",
      "geometry": {
        "type": "Point",
        "coordinates": [
          -2.096524563639683,
          5.492659988241943
        ]
      },
      "properties": {
        "probability": 0.9411664009094238,
        "lat": 5.492659988241943,
        "lon": -2.096524563639683,
        "region": "Tarkwa-Nsuaem",
        "detected_at": "2026-03-02T06:19:09.208853",
        "model_version": "48px_v3.7_2024-01-10"
      }
    },
    {
      "type": "Feature",
      "geometry": {
        "type": "Point",
        "coordinates": [
          -2.094354824759236,
          5.514401812652979
        ]
      },
      "properties": {
        "probability": 0.8088364005088806,
        "lat": 5.514401812652979,
        "lon": -2.094354824759236,
        "region": "Tarkwa-Nsuaem",
        "detected_at": "2026-03-02T06:19:09.208945",
        "model_version": "48px_v3.7_2024-01-10"
      }
    },
    {
      "type": "Feature",
      "geometry": {
        "type": "Point",
        "coordinates": [
          -2.092185085878789,
          5.516575995094081
        ]
      },
      "properties": {
        "probability": 0.9990423917770386,
        "lat": 5.516575995094081,
        "lon": -2.092185085878789,
        "region": "Tarkwa-Nsuaem",
        "detected_at": "2026-03-02T06:19:09.209033",
        "model_version": "48px_v3.7_2024-01-10"
      }
    },
    {
      "type": "Feature",
      "geometry": {
        "type": "Point",
        "coordinates": [
          -2.092185085878789,
          5.514401812652979
        ]
      },
      "properties": {
        "probability": 0.999618649482727,
        "lat": 5.514401812652979,
        "lon": -2.092185085878789,
        "region": "Tarkwa-Nsuaem",
        "detected_at": "2026-03-02T06:19:09.209121",
        "model_version": "48px_v3.7_2024-01-10"
      }
    },
    {
      "type": "Feature",
      "geometry": {
        "type": "Point",
        "coordinates": [
          -2.092185085878789,
          5.512227630211875
        ]
      },
      "properties": {
        "probability": 0.9321370124816895,
        "lat": 5.512227630211875,
        "lon": -2.092185085878789,
        "region": "Tarkwa-Nsuaem",
        "detected_at": "2026-03-02T06:19:09.209208",
        "model_version": "48px_v3.7_2024-01-10"
      }
    },
    {
      "type": "Feature",
      "geometry": {
        "type": "Point",
        "coordinates": [
          -2.0900153469983422,
          5.518750177535186
        ]
      },
      "properties": {
        "probability": 0.8734980821609497,
        "lat": 5.518750177535186,
        "lon": -2.0900153469983422,
        "region": "Tarkwa-Nsuaem",
        "detected_at": "2026-03-02T06:19:09.209295",
        "model_version": "48px_v3.7_2024-01-10"
      }
    },
    {
      "type": "Feature",
      "geometry": {
        "type": "Point",
        "coordinates": [
          -2.0900153469983422,
          5.516575995094081
        ]
      },
      "properties": {
        "probability": 0.9998618364334106,
        "lat": 5.516575995094081,
        "lon": -2.0900153469983422,
        "region": "Tarkwa-Nsuaem",
        "detected_at": "2026-03-02T06:19:09.209382",
        "model_version": "48px_v3.7_2024-01-10"
      }
    },
    {
      "type": "Feature",
      "geometry": {
        "type": "Point",
        "coordinates": [
          -2.0900153469983422,
          5.514401812652979
        ]
      },
      "properties": {
        "probability": 0.991036057472229,
        "lat": 5.514401812652979,
        "lon": -2.0900153469983422,
        "region": "Tarkwa-Nsuaem",
        "detected_at": "2026-03-02T06:19:09.209468",
        "model_version": "48px_v3.7_2024-01-10"
      }
    },
    {
      "type": "Feature",
      "geometry": {
        "type": "Point",
        "coordinates": [
          -2.087845608117895,
          5.52092435997629
        ]
      },
      "properties": {
        "probability": 0.9909600019454956,
        "lat": 5.52092435997629,
        "lon": -2.087845608117895,
        "region": "Tarkwa-Nsuaem",
        "detected_at": "2026-03-02T06:19:09.209554",
        "model_version": "48px_v3.7_2024-01-10"
      }
    },
    {
      "type": "Feature",
      "geometry": {
        "type": "Point",
        "coordinates": [
          -2.087845608117895,
          5.518750177535186
        ]
      },
      "properties": {
        "probability": 0.8813264966011047,
        "lat": 5.518750177535186,
        "lon": -2.087845608117895,
        "region": "Tarkwa-Nsuaem",
        "detected_at": "2026-03-02T06:19:09.209640",
        "model_version": "48px_v3.7_2024-01-10"
      }
    },
    {
      "type": "Feature",
      "geometry": {
        "type": "Point",
        "coordinates": [
          -2.0856758692374484,
          5.52092435997629
        ]
      },
      "properties": {
        "probability": 0.9989050626754761,
        "lat": 5.52092435997629,
        "lon": -2.0856758692374484,
        "region": "Tarkwa-Nsuaem",
        "detected_at": "2026-03-02T06:19:09.209726",
        "model_version": "48px_v3.7_2024-01-10"
      }
    },
    {
      "type": "Feature",
      "geometry": {
        "type": "Point",
        "coordinates": [
          -2.072657435954767,
          5.497008353124149
        ]
      },
      "properties": {
        "probability": 0.8872308731079102,
        "lat": 5.497008353124149,
        "lon": -2.072657435954767,
        "region": "Tarkwa-Nsuaem",
        "detected_at": "2026-03-02T06:19:09.209837",
        "model_version": "48px_v3.7_2024-01-10"
      }
    },
    {
      "type": "Feature",
      "geometry": {
        "type": "Point",
        "coordinates": [
          -2.07048769707432,
          5.494834170683046
        ]
      },
      "properties": {
        "probability": 0.9405929446220398,
        "lat": 5.494834170683046,
        "lon": -2.07048769707432,
        "region": "Tarkwa-Nsuaem",
        "detected_at": "2026-03-02T06:19:09.209933",
        "model_version": "48px_v3.7_2024-01-10"
      }
    },
    {
      "type": "Feature",
      "geometry": {
        "type": "Point",
        "coordinates": [
          -2.07048769707432,
          5.492659988241943
        ]
      },
      "properties": {
        "probability": 0.845695972442627,
        "lat": 5.492659988241943,
        "lon": -2.07048769707432,
        "region": "Tarkwa-Nsuaem",
        "detected_at": "2026-03-02T06:19:09.210019",
        "model_version": "48px_v3.7_2024-01-10"
      }
    },
    {
      "type": "Feature",
      "geometry": {
        "type": "Point",
        "coordinates": [
          -2.165803180176982,
          5.573101697324459
        ]
      },
      "properties": {
        "probability": 0.9698662161827087,
        "lat": 5.573101697324459,
        "lon": -2.165803180176982,
        "region": "Tarkwa-Nsuaem",
        "detected_at": "2026-03-02T06:19:09.210105",
        "model_version": "48px_v3.7_2024-01-10"
      }
    },
    {
      "type": "Feature",
      "geometry": {
        "type": "Point",
        "coordinates": [
          -2.1658031801769817,
          5.566579546684407
        ]
      },
      "properties": {
        "probability": 0.8058615922927856,
        "lat": 5.566579546684407,
        "lon": -2.1658031801769817,
        "region": "Tarkwa-Nsuaem",
        "detected_at": "2026-03-02T06:19:09.210191",
        "model_version": "48px_v3.7_2024-01-10"
      }
    },
    {
      "type": "Feature",
      "geometry": {
        "type": "Point",
        "coordinates": [
          -2.1658031801769817,
          5.564405496471057
        ]
      },
      "properties": {
        "probability": 0.9750819206237793,
        "lat": 5.564405496471057,
        "lon": -2.1658031801769817,
        "region": "Tarkwa-Nsuaem",
        "detected_at": "2026-03-02T06:19:09.210277",
        "model_version": "48px_v3.7_2024-01-10"
      }
    },
    {
      "type": "Feature",
      "geometry": {
        "type": "Point",
        "coordinates": [
          -2.1658031801769817,
          5.551361195190953
        ]
      },
      "properties": {
        "probability": 0.9942190647125244,
        "lat": 5.551361195190953,
        "lon": -2.1658031801769817,
        "region": "Tarkwa-Nsuaem",
        "detected_at": "2026-03-02T06:19:09.210369",
        "model_version": "48px_v3.7_2024-01-10"
      }
    },
    {
      "type": "Feature",
      "geometry": {
        "type": "Point",
        "coordinates": [
          -2.1658031801769817,
          5.549187144977601
        ]
      },
      "properties": {
        "probability": 0.9118983745574951,
        "lat": 5.549187144977601,
        "lon": -2.1658031801769817,
        "region": "Tarkwa-Nsuaem",
        "detected_at": "2026-03-02T06:19:09.210456",
        "model_version": "48px_v3.7_2024-01-10"
      }
    },
    {
      "type": "Feature",
      "geometry": {
        "type": "Point",
        "coordinates": [
          -2.165803180176982,
          5.527446642844094
        ]
      },
      "properties": {
        "probability": 0.9769450426101685,
        "lat": 5.527446642844094,
        "lon": -2.165803180176982,
        "region": "Tarkwa-Nsuaem",
        "detected_at": "2026-03-02T06:19:09.210541",
        "model_version": "48px_v3.7_2024-01-10"
      }
    },
    {
      "type": "Feature",
      "geometry": {
        "type": "Point",
        "coordinates": [
          -2.165803180176982,
          5.525272592630744
        ]
      },
      "properties": {
        "probability": 0.9633049368858337,
        "lat": 5.525272592630744,
        "lon": -2.165803180176982,
        "region": "Tarkwa-Nsuaem",
        "detected_at": "2026-03-02T06:19:09.210626",
        "model_version": "48px_v3.7_2024-01-10"
      }
    },
    {
      "type": "Feature",
      "geometry": {
        "type": "Point",
        "coordinates": [
          -2.1636333796546743,
          5.564405496471057
        ]
      },
      "properties": {
        "probability": 0.984507143497467,
        "lat": 5.564405496471057,
        "lon": -2.1636333796546743,
        "region": "Tarkwa-Nsuaem",
        "detected_at": "2026-03-02T06:19:09.210712",
        "model_version": "48px_v3.7_2024-01-10"
      }
    },
    {
      "type": "Feature",
      "geometry": {
        "type": "Point",
        "coordinates": [
          -2.163633379654674,
          5.562231446257706
        ]
      },
      "properties": {
        "probability": 0.9800117015838623,
        "lat": 5.562231446257706,
        "lon": -2.163633379654674,
        "region": "Tarkwa-Nsuaem",
        "detected_at": "2026-03-02T06:19:09.210804",
        "model_version": "48px_v3.7_2024-01-10"
      }
    },
    {
      "type": "Feature",
      "geometry": {
        "type": "Point",
        "coordinates": [
          -2.163633379654674,
          5.560057396044356
        ]
      },
      "properties": {
        "probability": 0.8837772607803345,
        "lat": 5.560057396044356,
        "lon": -2.163633379654674,
        "region": "Tarkwa-Nsuaem",
        "detected_at": "2026-03-02T06:19:09.210913",
        "model_version": "48px_v3.7_2024-01-10"
      }
    },
    {
      "type": "Feature",
      "geometry": {
        "type": "Point",
        "coordinates": [
          -2.1636333796546743,
          5.557883345831005
        ]
      },
      "properties": {
        "probability": 0.8502686023712158,
        "lat": 5.557883345831005,
        "lon": -2.1636333796546743,
        "region": "Tarkwa-Nsuaem",
        "detected_at": "2026-03-02T06:19:09.211002",
        "model_version": "48px_v3.7_2024-01-10"
      }
    },
    {
      "type": "Feature",
      "geometry": {
        "type": "Point",
        "coordinates": [
          -2.1636333796546743,
          5.551361195190953
        ]
      },
      "properties": {
        "probability": 0.9985824227333069,
        "lat": 5.551361195190953,
        "lon": -2.1636333796546743,
        "region": "Tarkwa-Nsuaem",
        "detected_at": "2026-03-02T06:19:09.211088",
        "model_version": "48px_v3.7_2024-01-10"
      }
    },
    {
      "type": "Feature",
      "geometry": {
        "type": "Point",
        "coordinates": [
          -2.1636333796546743,
          5.549187144977601
        ]
      },
      "properties": {
        "probability": 0.9920575022697449,
        "lat": 5.549187144977601,
        "lon": -2.1636333796546743,
        "region": "Tarkwa-Nsuaem",
        "detected_at": "2026-03-02T06:19:09.211174",
        "model_version": "48px_v3.7_2024-01-10"
      }
    },
    {
      "type": "Feature",
      "geometry": {
        "type": "Point",
        "coordinates": [
          -2.1636333796546743,
          5.529620693057445
        ]
      },
      "properties": {
        "probability": 0.9119964838027954,
        "lat": 5.529620693057445,
        "lon": -2.1636333796546743,
        "region": "Tarkwa-Nsuaem",
        "detected_at": "2026-03-02T06:19:09.211267",
        "model_version": "48px_v3.7_2024-01-10"
      }
    },
    {
      "type": "Feature",
      "geometry": {
        "type": "Point",
        "coordinates": [
          -2.163633379654674,
          5.527446642844094
        ]
      },
      "properties": {
        "probability": 0.9525102376937866,
        "lat": 5.527446642844094,
        "lon": -2.163633379654674,
        "region": "Tarkwa-Nsuaem",
        "detected_at": "2026-03-02T06:19:09.211353",
        "model_version": "48px_v3.7_2024-01-10"
      }
    },
    {
      "type": "Feature",
      "geometry": {
        "type": "Point",
        "coordinates": [
          -2.163633379654674,
          5.525272592630744
        ]
      },
      "properties": {
        "probability": 0.9019875526428223,
        "lat": 5.525272592630744,
        "lon": -2.163633379654674,
        "region": "Tarkwa-Nsuaem",
        "detected_at": "2026-03-02T06:19:09.211440",
        "model_version": "48px_v3.7_2024-01-10"
      }
    },
    {
      "type": "Feature",
      "geometry": {
        "type": "Point",
        "coordinates": [
          -2.1614635791323664,
          5.564405496471057
        ]
      },
      "properties": {
        "probability": 0.9978005290031433,
        "lat": 5.564405496471057,
        "lon": -2.1614635791323664,
        "region": "Tarkwa-Nsuaem",
        "detected_at": "2026-03-02T06:19:09.211527",
        "model_version": "48px_v3.7_2024-01-10"
      }
    },
    {
      "type": "Feature",
      "geometry": {
        "type": "Point",
        "coordinates": [
          -2.161463579132367,
          5.562231446257706
        ]
      },
      "properties": {
        "probability": 0.9999035000801086,
        "lat": 5.562231446257706,
        "lon": -2.161463579132367,
        "region": "Tarkwa-Nsuaem",
        "detected_at": "2026-03-02T06:19:09.211613",
        "model_version": "48px_v3.7_2024-01-10"
      }
    },
    {
      "type": "Feature",
      "geometry": {
        "type": "Point",
        "coordinates": [
          -2.161463579132367,
          5.560057396044355
        ]
      },
      "properties": {
        "probability": 0.9966891407966614,
        "lat": 5.560057396044355,
        "lon": -2.161463579132367,
        "region": "Tarkwa-Nsuaem",
        "detected_at": "2026-03-02T06:19:09.211699",
        "model_version": "48px_v3.7_2024-01-10"
      }
    },
    {
      "type": "Feature",
      "geometry": {
        "type": "Point",
        "coordinates": [
          -2.1614635791323664,
          5.557883345831005
        ]
      },
      "properties": {
        "probability": 0.9937610030174255,
        "lat": 5.557883345831005,
        "lon": -2.1614635791323664,
        "region": "Tarkwa-Nsuaem",
        "detected_at": "2026-03-02T06:19:09.211784",
        "model_version": "48px_v3.7_2024-01-10"
      }
    },
    {
      "type": "Feature",
      "geometry": {
        "type": "Point",
        "coordinates": [
          -2.1614635791323664,
          5.529620693057445
        ]
      },
      "properties": {
        "probability": 0.9959077835083008,
        "lat": 5.529620693057445,
        "lon": -2.1614635791323664,
        "region": "Tarkwa-Nsuaem",
        "detected_at": "2026-03-02T06:19:09.211888",
        "model_version": "48px_v3.7_2024-01-10"
      }
    },
    {
      "type": "Feature",
      "geometry": {
        "type": "Point",
        "coordinates": [
          -2.161463579132367,
          5.525272592630744
        ]
      },
      "properties": {
        "probability": 0.9234678745269775,
        "lat": 5.525272592630744,
        "lon": -2.161463579132367,
        "region": "Tarkwa-Nsuaem",
        "detected_at": "2026-03-02T06:19:09.211979",
        "model_version": "48px_v3.7_2024-01-10"
      }
    },
    {
      "type": "Feature",
      "geometry": {
        "type": "Point",
        "coordinates": [
          -2.159293778610059,
          5.562231446257706
        ]
      },
      "properties": {
        "probability": 0.9902358651161194,
        "lat": 5.562231446257706,
        "lon": -2.159293778610059,
        "region": "Tarkwa-Nsuaem",
        "detected_at": "2026-03-02T06:19:09.212065",
        "model_version": "48px_v3.7_2024-01-10"
      }
    },
    {
      "type": "Feature",
      "geometry": {
        "type": "Point",
        "coordinates": [
          -2.159293778610059,
          5.560057396044356
        ]
      },
      "properties": {
        "probability": 0.9576806426048279,
        "lat": 5.560057396044356,
        "lon": -2.159293778610059,
        "region": "Tarkwa-Nsuaem",
        "detected_at": "2026-03-02T06:19:09.212164",
        "model_version": "48px_v3.7_2024-01-10"
      }
    },
    {
      "type": "Feature",
      "geometry": {
        "type": "Point",
        "coordinates": [
          -2.159293778610059,
          5.557883345831005
        ]
      },
      "properties": {
        "probability": 0.9900160431861877,
        "lat": 5.557883345831005,
        "lon": -2.159293778610059,
        "region": "Tarkwa-Nsuaem",
        "detected_at": "2026-03-02T06:19:09.212251",
        "model_version": "48px_v3.7_2024-01-10"
      }
    },
    {
      "type": "Feature",
      "geometry": {
        "type": "Point",
        "coordinates": [
          -2.159293778610059,
          5.555709295617653
        ]
      },
      "properties": {
        "probability": 0.9728254675865173,
        "lat": 5.555709295617653,
        "lon": -2.159293778610059,
        "region": "Tarkwa-Nsuaem",
        "detected_at": "2026-03-02T06:19:09.212347",
        "model_version": "48px_v3.7_2024-01-10"
      }
    },
    {
      "type": "Feature",
      "geometry": {
        "type": "Point",
        "coordinates": [
          -2.1571239780877507,
          5.555709295617653
        ]
      },
      "properties": {
        "probability": 0.8538537621498108,
        "lat": 5.555709295617653,
        "lon": -2.1571239780877507,
        "region": "Tarkwa-Nsuaem",
        "detected_at": "2026-03-02T06:19:09.212437",
        "model_version": "48px_v3.7_2024-01-10"
      }
    },
    {
      "type": "Feature",
      "geometry": {
        "type": "Point",
        "coordinates": [
          -2.1007856421381996,
          5.5708515121865165
        ]
      },
      "properties": {
        "probability": 0.9060553312301636,
        "lat": 5.5708515121865165,
        "lon": -2.1007856421381996,
        "region": "Tarkwa-Nsuaem",
        "detected_at": "2026-03-02T06:19:09.212523",
        "model_version": "48px_v3.7_2024-01-10"
      }
    },
    {
      "type": "Feature",
      "geometry": {
        "type": "Point",
        "coordinates": [
          -2.0986156823414985,
          5.57302572227676
        ]
      },
      "properties": {
        "probability": 0.9853542447090149,
        "lat": 5.57302572227676,
        "lon": -2.0986156823414985,
        "region": "Tarkwa-Nsuaem",
        "detected_at": "2026-03-02T06:19:09.212618",
        "model_version": "48px_v3.7_2024-01-10"
      }
    },
    {
      "type": "Feature",
      "geometry": {
        "type": "Point",
        "coordinates": [
          -2.0899358431546915,
          5.529541520471908
        ]
      },
      "properties": {
        "probability": 0.8295835256576538,
        "lat": 5.529541520471908,
        "lon": -2.0899358431546915,
        "region": "Tarkwa-Nsuaem",
        "detected_at": "2026-03-02T06:19:09.212714",
        "model_version": "48px_v3.7_2024-01-10"
      }
    },
    {
      "type": "Feature",
      "geometry": {
        "type": "Point",
        "coordinates": [
          -2.0877658833579895,
          5.536064150742638
        ]
      },
      "properties": {
        "probability": 0.877914309501648,
        "lat": 5.536064150742638,
        "lon": -2.0877658833579895,
        "region": "Tarkwa-Nsuaem",
        "detected_at": "2026-03-02T06:19:09.212801",
        "model_version": "48px_v3.7_2024-01-10"
      }
    },
    {
      "type": "Feature",
      "geometry": {
        "type": "Point",
        "coordinates": [
          -2.0855959235612884,
          5.540412570923123
        ]
      },
      "properties": {
        "probability": 0.936715304851532,
        "lat": 5.540412570923123,
        "lon": -2.0855959235612884,
        "region": "Tarkwa-Nsuaem",
        "detected_at": "2026-03-02T06:19:09.212913",
        "model_version": "48px_v3.7_2024-01-10"
      }
    },
    {
      "type": "Feature",
      "geometry": {
        "type": "Point",
        "coordinates": [
          -2.0855959235612884,
          5.538238360832879
        ]
      },
      "properties": {
        "probability": 0.8006754517555237,
        "lat": 5.538238360832879,
        "lon": -2.0855959235612884,
        "region": "Tarkwa-Nsuaem",
        "detected_at": "2026-03-02T06:19:09.213004",
        "model_version": "48px_v3.7_2024-01-10"
      }
    },
    {
      "type": "Feature",
      "geometry": {
        "type": "Point",
        "coordinates": [
          -2.0855959235612884,
          5.536064150742638
        ]
      },
      "properties": {
        "probability": 0.9590511918067932,
        "lat": 5.536064150742638,
        "lon": -2.0855959235612884,
        "region": "Tarkwa-Nsuaem",
        "detected_at": "2026-03-02T06:19:09.213091",
        "model_version": "48px_v3.7_2024-01-10"
      }
    },
    {
      "type": "Feature",
      "geometry": {
        "type": "Point",
        "coordinates": [
          -2.0855959235612884,
          5.5338899406523945
        ]
      },
      "properties": {
        "probability": 0.9684547185897827,
        "lat": 5.5338899406523945,
        "lon": -2.0855959235612884,
        "region": "Tarkwa-Nsuaem",
        "detected_at": "2026-03-02T06:19:09.213180",
        "model_version": "48px_v3.7_2024-01-10"
      }
    },
    {
      "type": "Feature",
      "geometry": {
        "type": "Point",
        "coordinates": [
          -2.0855959235612884,
          5.525193100291424
        ]
      },
      "properties": {
        "probability": 0.9811083078384399,
        "lat": 5.525193100291424,
        "lon": -2.0855959235612884,
        "region": "Tarkwa-Nsuaem",
        "detected_at": "2026-03-02T06:19:09.213267",
        "model_version": "48px_v3.7_2024-01-10"
      }
    },
    {
      "type": "Feature",
      "geometry": {
        "type": "Point",
        "coordinates": [
          -2.0834259637645864,
          5.540412570923123
        ]
      },
      "properties": {
        "probability": 0.9999273419380188,
        "lat": 5.540412570923123,
        "lon": -2.0834259637645864,
        "region": "Tarkwa-Nsuaem",
        "detected_at": "2026-03-02T06:19:09.213354",
        "model_version": "48px_v3.7_2024-01-10"
      }
    },
    {
      "type": "Feature",
      "geometry": {
        "type": "Point",
        "coordinates": [
          -2.0834259637645864,
          5.53823836083288
        ]
      },
      "properties": {
        "probability": 0.9998331665992737,
        "lat": 5.53823836083288,
        "lon": -2.0834259637645864,
        "region": "Tarkwa-Nsuaem",
        "detected_at": "2026-03-02T06:19:09.213439",
        "model_version": "48px_v3.7_2024-01-10"
      }
    },
    {
      "type": "Feature",
      "geometry": {
        "type": "Point",
        "coordinates": [
          -2.0834259637645864,
          5.536064150742637
        ]
      },
      "properties": {
        "probability": 0.9999909996986389,
        "lat": 5.536064150742637,
        "lon": -2.0834259637645864,
        "region": "Tarkwa-Nsuaem",
        "detected_at": "2026-03-02T06:19:09.213525",
        "model_version": "48px_v3.7_2024-01-10"
      }
    },
    {
      "type": "Feature",
      "geometry": {
        "type": "Point",
        "coordinates": [
          -2.0834259637645864,
          5.5338899406523945
        ]
      },
      "properties": {
        "probability": 0.9992994666099548,
        "lat": 5.5338899406523945,
        "lon": -2.0834259637645864,
        "region": "Tarkwa-Nsuaem",
        "detected_at": "2026-03-02T06:19:09.213611",
        "model_version": "48px_v3.7_2024-01-10"
      }
    },
    {
      "type": "Feature",
      "geometry": {
        "type": "Point",
        "coordinates": [
          -2.0834259637645864,
          5.531715730562153
        ]
      },
      "properties": {
        "probability": 0.9343425631523132,
        "lat": 5.531715730562153,
        "lon": -2.0834259637645864,
        "region": "Tarkwa-Nsuaem",
        "detected_at": "2026-03-02T06:19:09.213697",
        "model_version": "48px_v3.7_2024-01-10"
      }
    },
    {
      "type": "Feature",
      "geometry": {
        "type": "Point",
        "coordinates": [
          -2.0834259637645864,
          5.525193100291426
        ]
      },
      "properties": {
        "probability": 0.9365185499191284,
        "lat": 5.525193100291426,
        "lon": -2.0834259637645864,
        "region": "Tarkwa-Nsuaem",
        "detected_at": "2026-03-02T06:19:09.213783",
        "model_version": "48px_v3.7_2024-01-10"
      }
    },
    {
      "type": "Feature",
      "geometry": {
        "type": "Point",
        "coordinates": [
          -2.0812560039678845,
          5.555632041554818
        ]
      },
      "properties": {
        "probability": 0.8274790048599243,
        "lat": 5.555632041554818,
        "lon": -2.0812560039678845,
        "region": "Tarkwa-Nsuaem",
        "detected_at": "2026-03-02T06:19:09.213913",
        "model_version": "48px_v3.7_2024-01-10"
      }
    },
    {
      "type": "Feature",
      "geometry": {
        "type": "Point",
        "coordinates": [
          -2.0812560039678845,
          5.540412570923123
        ]
      },
      "properties": {
        "probability": 0.9996746778488159,
        "lat": 5.540412570923123,
        "lon": -2.0812560039678845,
        "region": "Tarkwa-Nsuaem",
        "detected_at": "2026-03-02T06:19:09.214008",
        "model_version": "48px_v3.7_2024-01-10"
      }
    },
    {
      "type": "Feature",
      "geometry": {
        "type": "Point",
        "coordinates": [
          -2.0812560039678845,
          5.538238360832879
        ]
      },
      "properties": {
        "probability": 0.999626874923706,
        "lat": 5.538238360832879,
        "lon": -2.0812560039678845,
        "region": "Tarkwa-Nsuaem",
        "detected_at": "2026-03-02T06:19:09.214104",
        "model_version": "48px_v3.7_2024-01-10"
      }
    },
    {
      "type": "Feature",
      "geometry": {
        "type": "Point",
        "coordinates": [
          -2.081256003967884,
          5.536064150742638
        ]
      },
      "properties": {
        "probability": 0.9945420026779175,
        "lat": 5.536064150742638,
        "lon": -2.081256003967884,
        "region": "Tarkwa-Nsuaem",
        "detected_at": "2026-03-02T06:19:09.214192",
        "model_version": "48px_v3.7_2024-01-10"
      }
    },
    {
      "type": "Feature",
      "geometry": {
        "type": "Point",
        "coordinates": [
          -2.081256003967884,
          5.5338899406523945
        ]
      },
      "properties": {
        "probability": 0.8785828351974487,
        "lat": 5.5338899406523945,
        "lon": -2.081256003967884,
        "region": "Tarkwa-Nsuaem",
        "detected_at": "2026-03-02T06:19:09.214278",
        "model_version": "48px_v3.7_2024-01-10"
      }
    },
    {
      "type": "Feature",
      "geometry": {
        "type": "Point",
        "coordinates": [
          -2.079086044171183,
          5.540412570923123
        ]
      },
      "properties": {
        "probability": 0.9859915375709534,
        "lat": 5.540412570923123,
        "lon": -2.079086044171183,
        "region": "Tarkwa-Nsuaem",
        "detected_at": "2026-03-02T06:19:09.214365",
        "model_version": "48px_v3.7_2024-01-10"
      }
    },
    {
      "type": "Feature",
      "geometry": {
        "type": "Point",
        "coordinates": [
          -2.079086044171183,
          5.538238360832879
        ]
      },
      "properties": {
        "probability": 0.974862277507782,
        "lat": 5.538238360832879,
        "lon": -2.079086044171183,
        "region": "Tarkwa-Nsuaem",
        "detected_at": "2026-03-02T06:19:09.214451",
        "model_version": "48px_v3.7_2024-01-10"
      }
    },
    {
      "type": "Feature",
      "geometry": {
        "type": "Point",
        "coordinates": [
          -2.0747461245777794,
          5.542586781013363
        ]
      },
      "properties": {
        "probability": 0.9183327555656433,
        "lat": 5.542586781013363,
        "lon": -2.0747461245777794,
        "region": "Tarkwa-Nsuaem",
        "detected_at": "2026-03-02T06:19:09.214538",
        "model_version": "48px_v3.7_2024-01-10"
      }
    },
    {
      "type": "Feature",
      "geometry": {
        "type": "Point",
        "coordinates": [
          -1.670577777856616,
          6.06055062597831
        ]
      },
      "properties": {
        "probability": 0.8250842690467834,
        "lat": 6.06055062597831,
        "lon": -1.670577777856616,
        "region": "Obuasi",
        "detected_at": "2026-03-02T06:20:50.730128",
        "model_version": "48px_v3.7_2024-01-10"
      }
    },
    {
      "type": "Feature",
      "geometry": {
        "type": "Point",
        "coordinates": [
          -1.6597096687543524,
          6.093188257072495
        ]
      },
      "properties": {
        "probability": 0.9817072749137878,
        "lat": 6.093188257072495,
        "lon": -1.6597096687543524,
        "region": "Obuasi",
        "detected_at": "2026-03-02T06:20:50.730246",
        "model_version": "48px_v3.7_2024-01-10"
      }
    },
    {
      "type": "Feature",
      "geometry": {
        "type": "Point",
        "coordinates": [
          -1.6597096687543527,
          6.091012414999549
        ]
      },
      "properties": {
        "probability": 0.9996515512466431,
        "lat": 6.091012414999549,
        "lon": -1.6597096687543527,
        "region": "Obuasi",
        "detected_at": "2026-03-02T06:20:50.730346",
        "model_version": "48px_v3.7_2024-01-10"
      }
    },
    {
      "type": "Feature",
      "geometry": {
        "type": "Point",
        "coordinates": [
          -1.6575360469339002,
          6.0931882570724945
        ]
      },
      "properties": {
        "probability": 0.9135441780090332,
        "lat": 6.0931882570724945,
        "lon": -1.6575360469339002,
        "region": "Obuasi",
        "detected_at": "2026-03-02T06:20:50.730441",
        "model_version": "48px_v3.7_2024-01-10"
      }
    },
    {
      "type": "Feature",
      "geometry": {
        "type": "Point",
        "coordinates": [
          -1.6575360469339002,
          6.0910124149995495
        ]
      },
      "properties": {
        "probability": 0.9998981356620789,
        "lat": 6.0910124149995495,
        "lon": -1.6575360469339002,
        "region": "Obuasi",
        "detected_at": "2026-03-02T06:20:50.730537",
        "model_version": "48px_v3.7_2024-01-10"
      }
    },
    {
      "type": "Feature",
      "geometry": {
        "type": "Point",
        "coordinates": [
          -1.6575360469339002,
          6.088836572926604
        ]
      },
      "properties": {
        "probability": 0.9823910593986511,
        "lat": 6.088836572926604,
        "lon": -1.6575360469339002,
        "region": "Obuasi",
        "detected_at": "2026-03-02T06:20:50.730630",
        "model_version": "48px_v3.7_2024-01-10"
      }
    },
    {
      "type": "Feature",
      "geometry": {
        "type": "Point",
        "coordinates": [
          -1.6575360469339002,
          6.07578152048893
        ]
      },
      "properties": {
        "probability": 0.9391221404075623,
        "lat": 6.07578152048893,
        "lon": -1.6575360469339002,
        "region": "Obuasi",
        "detected_at": "2026-03-02T06:20:50.730722",
        "model_version": "48px_v3.7_2024-01-10"
      }
    },
    {
      "type": "Feature",
      "geometry": {
        "type": "Point",
        "coordinates": [
          -1.6575360469339002,
          6.049671415613581
        ]
      },
      "properties": {
        "probability": 0.8099996447563171,
        "lat": 6.049671415613581,
        "lon": -1.6575360469339002,
        "region": "Obuasi",
        "detected_at": "2026-03-02T06:20:50.730814",
        "model_version": "48px_v3.7_2024-01-10"
      }
    },
    {
      "type": "Feature",
      "geometry": {
        "type": "Point",
        "coordinates": [
          -1.6553624251134471,
          6.07578152048893
        ]
      },
      "properties": {
        "probability": 0.9787026643753052,
        "lat": 6.07578152048893,
        "lon": -1.6553624251134471,
        "region": "Obuasi",
        "detected_at": "2026-03-02T06:20:50.730960",
        "model_version": "48px_v3.7_2024-01-10"
      }
    },
    {
      "type": "Feature",
      "geometry": {
        "type": "Point",
        "coordinates": [
          -1.6553624251134471,
          6.0736056784159835
        ]
      },
      "properties": {
        "probability": 0.8189200758934021,
        "lat": 6.0736056784159835,
        "lon": -1.6553624251134471,
        "region": "Obuasi",
        "detected_at": "2026-03-02T06:20:50.731059",
        "model_version": "48px_v3.7_2024-01-10"
      }
    },
    {
      "type": "Feature",
      "geometry": {
        "type": "Point",
        "coordinates": [
          -1.6900143699711567,
          6.097411821279194
        ]
      },
      "properties": {
        "probability": 0.9818090796470642,
        "lat": 6.097411821279194,
        "lon": -1.6900143699711567,
        "region": "Obuasi",
        "detected_at": "2026-03-02T06:20:50.731151",
        "model_version": "48px_v3.7_2024-01-10"
      }
    },
    {
      "type": "Feature",
      "geometry": {
        "type": "Point",
        "coordinates": [
          -1.6878404926767472,
          6.097411821279194
        ]
      },
      "properties": {
        "probability": 0.9217312335968018,
        "lat": 6.097411821279194,
        "lon": -1.6878404926767472,
        "region": "Obuasi",
        "detected_at": "2026-03-02T06:20:50.731241",
        "model_version": "48px_v3.7_2024-01-10"
      }
    },
    {
      "type": "Feature",
      "geometry": {
        "type": "Point",
        "coordinates": [
          -1.6856666153823383,
          6.097411821279195
        ]
      },
      "properties": {
        "probability": 0.8331682085990906,
        "lat": 6.097411821279195,
        "lon": -1.6856666153823383,
        "region": "Obuasi",
        "detected_at": "2026-03-02T06:20:50.731333",
        "model_version": "48px_v3.7_2024-01-10"
      }
    },
    {
      "type": "Feature",
      "geometry": {
        "type": "Point",
        "coordinates": [
          -1.6269681334525217,
          6.158074005157487
        ]
      },
      "properties": {
        "probability": 0.8942043781280518,
        "lat": 6.158074005157487,
        "lon": -1.6269681334525217,
        "region": "Obuasi",
        "detected_at": "2026-03-02T06:20:50.731423",
        "model_version": "48px_v3.7_2024-01-10"
      }
    },
    {
      "type": "Feature",
      "geometry": {
        "type": "Point",
        "coordinates": [
          -1.6247938344935824,
          6.158074005157486
        ]
      },
      "properties": {
        "probability": 0.9249804019927979,
        "lat": 6.158074005157486,
        "lon": -1.6247938344935824,
        "region": "Obuasi",
        "detected_at": "2026-03-02T06:20:50.731512",
        "model_version": "48px_v3.7_2024-01-10"
      }
    },
    {
      "type": "Feature",
      "geometry": {
        "type": "Point",
        "coordinates": [
          -1.6073994428220715,
          6.162426186013294
        ]
      },
      "properties": {
        "probability": 0.8204741477966309,
        "lat": 6.162426186013294,
        "lon": -1.6073994428220715,
        "region": "Obuasi",
        "detected_at": "2026-03-02T06:20:50.731601",
        "model_version": "48px_v3.7_2024-01-10"
      }
    },
    {
      "type": "Feature",
      "geometry": {
        "type": "Point",
        "coordinates": [
          -1.6030508449041936,
          6.168954457297005
        ]
      },
      "properties": {
        "probability": 0.9009602069854736,
        "lat": 6.168954457297005,
        "lon": -1.6030508449041936,
        "region": "Obuasi",
        "detected_at": "2026-03-02T06:20:50.731691",
        "model_version": "48px_v3.7_2024-01-10"
      }
    },
    {
      "type": "Feature",
      "geometry": {
        "type": "Point",
        "coordinates": [
          -1.6008765459452547,
          6.173306638152813
        ]
      },
      "properties": {
        "probability": 0.8249267935752869,
        "lat": 6.173306638152813,
        "lon": -1.6008765459452547,
        "region": "Obuasi",
        "detected_at": "2026-03-02T06:20:50.731780",
        "model_version": "48px_v3.7_2024-01-10"
      }
    },
    {
      "type": "Feature",
      "geometry": {
        "type": "Point",
        "coordinates": [
          -1.6008765459452547,
          6.17113054772491
        ]
      },
      "properties": {
        "probability": 0.9491968750953674,
        "lat": 6.17113054772491,
        "lon": -1.6008765459452547,
        "region": "Obuasi",
        "detected_at": "2026-03-02T06:20:50.731917",
        "model_version": "48px_v3.7_2024-01-10"
      }
    },
    {
      "type": "Feature",
      "geometry": {
        "type": "Point",
        "coordinates": [
          -1.5987022469863157,
          6.173306638152813
        ]
      },
      "properties": {
        "probability": 0.9144324660301208,
        "lat": 6.173306638152813,
        "lon": -1.5987022469863157,
        "region": "Obuasi",
        "detected_at": "2026-03-02T06:20:50.732019",
        "model_version": "48px_v3.7_2024-01-10"
      }
    },
    {
      "type": "Feature",
      "geometry": {
        "type": "Point",
        "coordinates": [
          -1.5987022469863157,
          6.17113054772491
        ]
      },
      "properties": {
        "probability": 0.8451260328292847,
        "lat": 6.17113054772491,
        "lon": -1.5987022469863157,
        "region": "Obuasi",
        "detected_at": "2026-03-02T06:20:50.732111",
        "model_version": "48px_v3.7_2024-01-10"
      }
    },
    {
      "type": "Feature",
      "geometry": {
        "type": "Point",
        "coordinates": [
          -1.8007386936386867,
          6.09125432927689
        ]
      },
      "properties": {
        "probability": 0.8919045329093933,
        "lat": 6.09125432927689,
        "lon": -1.8007386936386867,
        "region": "Obuasi",
        "detected_at": "2026-03-02T06:20:50.732202",
        "model_version": "48px_v3.7_2024-01-10"
      }
    },
    {
      "type": "Feature",
      "geometry": {
        "type": "Point",
        "coordinates": [
          -1.8007386936386867,
          6.0890788155706845
        ]
      },
      "properties": {
        "probability": 0.8212047815322876,
        "lat": 6.0890788155706845,
        "lon": -1.8007386936386867,
        "region": "Obuasi",
        "detected_at": "2026-03-02T06:20:50.732292",
        "model_version": "48px_v3.7_2024-01-10"
      }
    },
    {
      "type": "Feature",
      "geometry": {
        "type": "Point",
        "coordinates": [
          -1.8007386936386867,
          6.078201247039655
        ]
      },
      "properties": {
        "probability": 0.8420820236206055,
        "lat": 6.078201247039655,
        "lon": -1.8007386936386867,
        "region": "Obuasi",
        "detected_at": "2026-03-02T06:20:50.732381",
        "model_version": "48px_v3.7_2024-01-10"
      }
    },
    {
      "type": "Feature",
      "geometry": {
        "type": "Point",
        "coordinates": [
          -1.8007386936386867,
          6.0760257333334495
        ]
      },
      "properties": {
        "probability": 0.9999628663063049,
        "lat": 6.0760257333334495,
        "lon": -1.8007386936386867,
        "region": "Obuasi",
        "detected_at": "2026-03-02T06:20:50.732472",
        "model_version": "48px_v3.7_2024-01-10"
      }
    },
    {
      "type": "Feature",
      "geometry": {
        "type": "Point",
        "coordinates": [
          -1.8007386936386867,
          6.073850219627244
        ]
      },
      "properties": {
        "probability": 0.9999685287475586,
        "lat": 6.073850219627244,
        "lon": -1.8007386936386867,
        "region": "Obuasi",
        "detected_at": "2026-03-02T06:20:50.732561",
        "model_version": "48px_v3.7_2024-01-10"
      }
    },
    {
      "type": "Feature",
      "geometry": {
        "type": "Point",
        "coordinates": [
          -1.8007386936386867,
          6.071674705921038
        ]
      },
      "properties": {
        "probability": 0.9576793909072876,
        "lat": 6.071674705921038,
        "lon": -1.8007386936386867,
        "region": "Obuasi",
        "detected_at": "2026-03-02T06:20:50.732652",
        "model_version": "48px_v3.7_2024-01-10"
      }
    },
    {
      "type": "Feature",
      "geometry": {
        "type": "Point",
        "coordinates": [
          -1.8007386936386867,
          6.069499192214832
        ]
      },
      "properties": {
        "probability": 0.926465630531311,
        "lat": 6.069499192214832,
        "lon": -1.8007386936386867,
        "region": "Obuasi",
        "detected_at": "2026-03-02T06:20:50.732744",
        "model_version": "48px_v3.7_2024-01-10"
      }
    },
    {
      "type": "Feature",
      "geometry": {
        "type": "Point",
        "coordinates": [
          -1.8007386936386867,
          6.067323678508626
        ]
      },
      "properties": {
        "probability": 0.9996290802955627,
        "lat": 6.067323678508626,
        "lon": -1.8007386936386867,
        "region": "Obuasi",
        "detected_at": "2026-03-02T06:20:50.732895",
        "model_version": "48px_v3.7_2024-01-10"
      }
    },
    {
      "type": "Feature",
      "geometry": {
        "type": "Point",
        "coordinates": [
          -1.8007386936386867,
          6.065148164802421
        ]
      },
      "properties": {
        "probability": 0.9449868202209473,
        "lat": 6.065148164802421,
        "lon": -1.8007386936386867,
        "region": "Obuasi",
        "detected_at": "2026-03-02T06:20:50.733003",
        "model_version": "48px_v3.7_2024-01-10"
      }
    },
    {
      "type": "Feature",
      "geometry": {
        "type": "Point",
        "coordinates": [
          -1.7985653988475172,
          6.093429842983096
        ]
      },
      "properties": {
        "probability": 0.8826804161071777,
        "lat": 6.093429842983096,
        "lon": -1.7985653988475172,
        "region": "Obuasi",
        "detected_at": "2026-03-02T06:20:50.733096",
        "model_version": "48px_v3.7_2024-01-10"
      }
    },
    {
      "type": "Feature",
      "geometry": {
        "type": "Point",
        "coordinates": [
          -1.7985653988475172,
          6.0760257333334495
        ]
      },
      "properties": {
        "probability": 0.9953495264053345,
        "lat": 6.0760257333334495,
        "lon": -1.7985653988475172,
        "region": "Obuasi",
        "detected_at": "2026-03-02T06:20:50.733186",
        "model_version": "48px_v3.7_2024-01-10"
      }
    },
    {
      "type": "Feature",
      "geometry": {
        "type": "Point",
        "coordinates": [
          -1.7985653988475172,
          6.073850219627244
        ]
      },
      "properties": {
        "probability": 0.992274284362793,
        "lat": 6.073850219627244,
        "lon": -1.7985653988475172,
        "region": "Obuasi",
        "detected_at": "2026-03-02T06:20:50.733277",
        "model_version": "48px_v3.7_2024-01-10"
      }
    },
    {
      "type": "Feature",
      "geometry": {
        "type": "Point",
        "coordinates": [
          -1.7985653988475172,
          6.069499192214832
        ]
      },
      "properties": {
        "probability": 0.9919566512107849,
        "lat": 6.069499192214832,
        "lon": -1.7985653988475172,
        "region": "Obuasi",
        "detected_at": "2026-03-02T06:20:50.733369",
        "model_version": "48px_v3.7_2024-01-10"
      }
    },
    {
      "type": "Feature",
      "geometry": {
        "type": "Point",
        "coordinates": [
          -1.7985653988475172,
          6.067323678508626
        ]
      },
      "properties": {
        "probability": 0.9982375502586365,
        "lat": 6.067323678508626,
        "lon": -1.7985653988475172,
        "region": "Obuasi",
        "detected_at": "2026-03-02T06:20:50.733458",
        "model_version": "48px_v3.7_2024-01-10"
      }
    },
    {
      "type": "Feature",
      "geometry": {
        "type": "Point",
        "coordinates": [
          -1.7920455144740106,
          6.078201247039655
        ]
      },
      "properties": {
        "probability": 0.8269059658050537,
        "lat": 6.078201247039655,
        "lon": -1.7920455144740106,
        "region": "Obuasi",
        "detected_at": "2026-03-02T06:20:50.733548",
        "model_version": "48px_v3.7_2024-01-10"
      }
    },
    {
      "type": "Feature",
      "geometry": {
        "type": "Point",
        "coordinates": [
          -1.7898722196828414,
          6.078201247039655
        ]
      },
      "properties": {
        "probability": 0.8524155020713806,
        "lat": 6.078201247039655,
        "lon": -1.7898722196828414,
        "region": "Obuasi",
        "detected_at": "2026-03-02T06:20:50.733635",
        "model_version": "48px_v3.7_2024-01-10"
      }
    },
    {
      "type": "Feature",
      "geometry": {
        "type": "Point",
        "coordinates": [
          -1.7724858613534902,
          6.0760257333334495
        ]
      },
      "properties": {
        "probability": 0.9664400219917297,
        "lat": 6.0760257333334495,
        "lon": -1.7724858613534902,
        "region": "Obuasi",
        "detected_at": "2026-03-02T06:20:50.733723",
        "model_version": "48px_v3.7_2024-01-10"
      }
    },
    {
      "type": "Feature",
      "geometry": {
        "type": "Point",
        "coordinates": [
          -1.7724858613534902,
          6.073850219627244
        ]
      },
      "properties": {
        "probability": 0.98095703125,
        "lat": 6.073850219627244,
        "lon": -1.7724858613534902,
        "region": "Obuasi",
        "detected_at": "2026-03-02T06:20:50.733813",
        "model_version": "48px_v3.7_2024-01-10"
      }
    },
    {
      "type": "Feature",
      "geometry": {
        "type": "Point",
        "coordinates": [
          -1.7703125665623212,
          6.0760257333334495
        ]
      },
      "properties": {
        "probability": 0.9746772646903992,
        "lat": 6.0760257333334495,
        "lon": -1.7703125665623212,
        "region": "Obuasi",
        "detected_at": "2026-03-02T06:20:50.733926",
        "model_version": "48px_v3.7_2024-01-10"
      }
    },
    {
      "type": "Feature",
      "geometry": {
        "type": "Point",
        "coordinates": [
          -1.7703125665623212,
          6.073850219627244
        ]
      },
      "properties": {
        "probability": 0.9895423650741577,
        "lat": 6.073850219627244,
        "lon": -1.7703125665623212,
        "region": "Obuasi",
        "detected_at": "2026-03-02T06:20:50.734018",
        "model_version": "48px_v3.7_2024-01-10"
      }
    },
    {
      "type": "Feature",
      "geometry": {
        "type": "Point",
        "coordinates": [
          -1.6423198581426723,
          6.11903927159777
        ]
      },
      "properties": {
        "probability": 0.8350085616111755,
        "lat": 6.11903927159777,
        "lon": -1.6423198581426723,
        "region": "Obuasi",
        "detected_at": "2026-03-02T06:20:50.734108",
        "model_version": "48px_v3.7_2024-01-10"
      }
    },
    {
      "type": "Feature",
      "geometry": {
        "type": "Point",
        "coordinates": [
          -1.6423198581426723,
          6.1168632246089105
        ]
      },
      "properties": {
        "probability": 0.9077733755111694,
        "lat": 6.1168632246089105,
        "lon": -1.6423198581426723,
        "region": "Obuasi",
        "detected_at": "2026-03-02T06:20:50.734198",
        "model_version": "48px_v3.7_2024-01-10"
      }
    },
    {
      "type": "Feature",
      "geometry": {
        "type": "Point",
        "coordinates": [
          -1.6379717784537082,
          6.1233913655754915
        ]
      },
      "properties": {
        "probability": 0.8914322257041931,
        "lat": 6.1233913655754915,
        "lon": -1.6379717784537082,
        "region": "Obuasi",
        "detected_at": "2026-03-02T06:20:50.734285",
        "model_version": "48px_v3.7_2024-01-10"
      }
    },
    {
      "type": "Feature",
      "geometry": {
        "type": "Point",
        "coordinates": [
          -1.6357977386092262,
          6.1233913655754915
        ]
      },
      "properties": {
        "probability": 0.9310907125473022,
        "lat": 6.1233913655754915,
        "lon": -1.6357977386092262,
        "region": "Obuasi",
        "detected_at": "2026-03-02T06:20:50.734373",
        "model_version": "48px_v3.7_2024-01-10"
      }
    },
    {
      "type": "Feature",
      "geometry": {
        "type": "Point",
        "coordinates": [
          -1.8006234503607068,
          6.121593860560376
        ]
      },
      "properties": {
        "probability": 0.82034832239151,
        "lat": 6.121593860560376,
        "lon": -1.8006234503607068,
        "region": "Obuasi",
        "detected_at": "2026-03-02T06:20:50.734460",
        "model_version": "48px_v3.7_2024-01-10"
      }
    },
    {
      "type": "Feature",
      "geometry": {
        "type": "Point",
        "coordinates": [
          -1.8006234503607068,
          6.108540549796799
        ]
      },
      "properties": {
        "probability": 0.8812136054039001,
        "lat": 6.108540549796799,
        "lon": -1.8006234503607068,
        "region": "Obuasi",
        "detected_at": "2026-03-02T06:20:50.734549",
        "model_version": "48px_v3.7_2024-01-10"
      }
    },
    {
      "type": "Feature",
      "geometry": {
        "type": "Point",
        "coordinates": [
          -1.800623450360707,
          6.106364998002869
        ]
      },
      "properties": {
        "probability": 0.9936591386795044,
        "lat": 6.106364998002869,
        "lon": -1.800623450360707,
        "region": "Obuasi",
        "detected_at": "2026-03-02T06:20:50.734642",
        "model_version": "48px_v3.7_2024-01-10"
      }
    },
    {
      "type": "Feature",
      "geometry": {
        "type": "Point",
        "coordinates": [
          -1.8006234503607068,
          6.104189446208941
        ]
      },
      "properties": {
        "probability": 0.9993776679039001,
        "lat": 6.104189446208941,
        "lon": -1.8006234503607068,
        "region": "Obuasi",
        "detected_at": "2026-03-02T06:20:50.734731",
        "model_version": "48px_v3.7_2024-01-10"
      }
    },
    {
      "type": "Feature",
      "geometry": {
        "type": "Point",
        "coordinates": [
          -1.800623450360707,
          6.10201389441501
        ]
      },
      "properties": {
        "probability": 0.940899670124054,
        "lat": 6.10201389441501,
        "lon": -1.800623450360707,
        "region": "Obuasi",
        "detected_at": "2026-03-02T06:20:50.734838",
        "model_version": "48px_v3.7_2024-01-10"
      }
    },
    {
      "type": "Feature",
      "geometry": {
        "type": "Point",
        "coordinates": [
          -1.79844990369336,
          6.106364998002869
        ]
      },
      "properties": {
        "probability": 0.9333916902542114,
        "lat": 6.106364998002869,
        "lon": -1.79844990369336,
        "region": "Obuasi",
        "detected_at": "2026-03-02T06:20:50.734934",
        "model_version": "48px_v3.7_2024-01-10"
      }
    },
    {
      "type": "Feature",
      "geometry": {
        "type": "Point",
        "coordinates": [
          -1.79844990369336,
          6.104189446208941
        ]
      },
      "properties": {
        "probability": 0.9995465874671936,
        "lat": 6.104189446208941,
        "lon": -1.79844990369336,
        "region": "Obuasi",
        "detected_at": "2026-03-02T06:20:50.735026",
        "model_version": "48px_v3.7_2024-01-10"
      }
    },
    {
      "type": "Feature",
      "geometry": {
        "type": "Point",
        "coordinates": [
          -1.79844990369336,
          6.10201389441501
        ]
      },
      "properties": {
        "probability": 0.9774224162101746,
        "lat": 6.10201389441501,
        "lon": -1.79844990369336,
        "region": "Obuasi",
        "detected_at": "2026-03-02T06:20:50.735115",
        "model_version": "48px_v3.7_2024-01-10"
      }
    },
    {
      "type": "Feature",
      "geometry": {
        "type": "Point",
        "coordinates": [
          -1.7962763570260132,
          6.097662790827151
        ]
      },
      "properties": {
        "probability": 0.8936160802841187,
        "lat": 6.097662790827151,
        "lon": -1.7962763570260132,
        "region": "Obuasi",
        "detected_at": "2026-03-02T06:20:50.735204",
        "model_version": "48px_v3.7_2024-01-10"
      }
    },
    {
      "type": "Feature",
      "geometry": {
        "type": "Point",
        "coordinates": [
          -1.794102810358666,
          6.117242756972517
        ]
      },
      "properties": {
        "probability": 0.8980311751365662,
        "lat": 6.117242756972517,
        "lon": -1.794102810358666,
        "region": "Obuasi",
        "detected_at": "2026-03-02T06:20:50.735292",
        "model_version": "48px_v3.7_2024-01-10"
      }
    },
    {
      "type": "Feature",
      "geometry": {
        "type": "Point",
        "coordinates": [
          -1.794102810358666,
          6.115067205178587
        ]
      },
      "properties": {
        "probability": 0.9747338891029358,
        "lat": 6.115067205178587,
        "lon": -1.794102810358666,
        "region": "Obuasi",
        "detected_at": "2026-03-02T06:20:50.735380",
        "model_version": "48px_v3.7_2024-01-10"
      }
    },
    {
      "type": "Feature",
      "geometry": {
        "type": "Point",
        "coordinates": [
          -1.7941028103586663,
          6.112891653384658
        ]
      },
      "properties": {
        "probability": 0.9262696504592896,
        "lat": 6.112891653384658,
        "lon": -1.7941028103586663,
        "region": "Obuasi",
        "detected_at": "2026-03-02T06:20:50.735475",
        "model_version": "48px_v3.7_2024-01-10"
      }
    },
    {
      "type": "Feature",
      "geometry": {
        "type": "Point",
        "coordinates": [
          -1.794102810358666,
          6.097662790827151
        ]
      },
      "properties": {
        "probability": 0.9717831611633301,
        "lat": 6.097662790827151,
        "lon": -1.794102810358666,
        "region": "Obuasi",
        "detected_at": "2026-03-02T06:20:50.735565",
        "model_version": "48px_v3.7_2024-01-10"
      }
    },
    {
      "type": "Feature",
      "geometry": {
        "type": "Point",
        "coordinates": [
          -1.7897557170239724,
          6.104189446208941
        ]
      },
      "properties": {
        "probability": 0.9302716255187988,
        "lat": 6.104189446208941,
        "lon": -1.7897557170239724,
        "region": "Obuasi",
        "detected_at": "2026-03-02T06:20:50.735653",
        "model_version": "48px_v3.7_2024-01-10"
      }
    },
    {
      "type": "Feature",
      "geometry": {
        "type": "Point",
        "coordinates": [
          -1.7875821703566255,
          6.121593860560376
        ]
      },
      "properties": {
        "probability": 0.9883298873901367,
        "lat": 6.121593860560376,
        "lon": -1.7875821703566255,
        "region": "Obuasi",
        "detected_at": "2026-03-02T06:20:50.735740",
        "model_version": "48px_v3.7_2024-01-10"
      }
    },
    {
      "type": "Feature",
      "geometry": {
        "type": "Point",
        "coordinates": [
          -1.787582170356625,
          6.119418308766446
        ]
      },
      "properties": {
        "probability": 0.983282744884491,
        "lat": 6.119418308766446,
        "lon": -1.787582170356625,
        "region": "Obuasi",
        "detected_at": "2026-03-02T06:20:50.735845",
        "model_version": "48px_v3.7_2024-01-10"
      }
    },
    {
      "type": "Feature",
      "geometry": {
        "type": "Point",
        "coordinates": [
          -1.7875821703566255,
          6.112891653384658
        ]
      },
      "properties": {
        "probability": 0.9991909265518188,
        "lat": 6.112891653384658,
        "lon": -1.7875821703566255,
        "region": "Obuasi",
        "detected_at": "2026-03-02T06:20:50.735941",
        "model_version": "48px_v3.7_2024-01-10"
      }
    },
    {
      "type": "Feature",
      "geometry": {
        "type": "Point",
        "coordinates": [
          -1.787582170356625,
          6.110716101590729
        ]
      },
      "properties": {
        "probability": 0.9975128173828125,
        "lat": 6.110716101590729,
        "lon": -1.787582170356625,
        "region": "Obuasi",
        "detected_at": "2026-03-02T06:20:50.736030",
        "model_version": "48px_v3.7_2024-01-10"
      }
    },
    {
      "type": "Feature",
      "geometry": {
        "type": "Point",
        "coordinates": [
          -1.7875821703566255,
          6.104189446208941
        ]
      },
      "properties": {
        "probability": 0.9988102316856384,
        "lat": 6.104189446208941,
        "lon": -1.7875821703566255,
        "region": "Obuasi",
        "detected_at": "2026-03-02T06:20:50.736118",
        "model_version": "48px_v3.7_2024-01-10"
      }
    },
    {
      "type": "Feature",
      "geometry": {
        "type": "Point",
        "coordinates": [
          -1.787582170356625,
          6.10201389441501
        ]
      },
      "properties": {
        "probability": 0.8179358243942261,
        "lat": 6.10201389441501,
        "lon": -1.787582170356625,
        "region": "Obuasi",
        "detected_at": "2026-03-02T06:20:50.736205",
        "model_version": "48px_v3.7_2024-01-10"
      }
    },
    {
      "type": "Feature",
      "geometry": {
        "type": "Point",
        "coordinates": [
          -1.7854086236892783,
          6.121593860560376
        ]
      },
      "properties": {
        "probability": 0.9991214871406555,
        "lat": 6.121593860560376,
        "lon": -1.7854086236892783,
        "region": "Obuasi",
        "detected_at": "2026-03-02T06:20:50.736293",
        "model_version": "48px_v3.7_2024-01-10"
      }
    },
    {
      "type": "Feature",
      "geometry": {
        "type": "Point",
        "coordinates": [
          -1.785408623689278,
          6.119418308766446
        ]
      },
      "properties": {
        "probability": 0.9999035596847534,
        "lat": 6.119418308766446,
        "lon": -1.785408623689278,
        "region": "Obuasi",
        "detected_at": "2026-03-02T06:20:50.736380",
        "model_version": "48px_v3.7_2024-01-10"
      }
    },
    {
      "type": "Feature",
      "geometry": {
        "type": "Point",
        "coordinates": [
          -1.7854086236892783,
          6.112891653384658
        ]
      },
      "properties": {
        "probability": 0.9999666810035706,
        "lat": 6.112891653384658,
        "lon": -1.7854086236892783,
        "region": "Obuasi",
        "detected_at": "2026-03-02T06:20:50.736467",
        "model_version": "48px_v3.7_2024-01-10"
      }
    },
    {
      "type": "Feature",
      "geometry": {
        "type": "Point",
        "coordinates": [
          -1.785408623689278,
          6.110716101590729
        ]
      },
      "properties": {
        "probability": 0.9997552633285522,
        "lat": 6.110716101590729,
        "lon": -1.785408623689278,
        "region": "Obuasi",
        "detected_at": "2026-03-02T06:20:50.736554",
        "model_version": "48px_v3.7_2024-01-10"
      }
    },
    {
      "type": "Feature",
      "geometry": {
        "type": "Point",
        "coordinates": [
          -1.7832350770219314,
          6.123769412354305
        ]
      },
      "properties": {
        "probability": 0.9336869120597839,
        "lat": 6.123769412354305,
        "lon": -1.7832350770219314,
        "region": "Obuasi",
        "detected_at": "2026-03-02T06:20:50.736641",
        "model_version": "48px_v3.7_2024-01-10"
      }
    },
    {
      "type": "Feature",
      "geometry": {
        "type": "Point",
        "coordinates": [
          -1.7832350770219314,
          6.121593860560376
        ]
      },
      "properties": {
        "probability": 0.9718714356422424,
        "lat": 6.121593860560376,
        "lon": -1.7832350770219314,
        "region": "Obuasi",
        "detected_at": "2026-03-02T06:20:50.736728",
        "model_version": "48px_v3.7_2024-01-10"
      }
    },
    {
      "type": "Feature",
      "geometry": {
        "type": "Point",
        "coordinates": [
          -1.7832350770219314,
          6.119418308766446
        ]
      },
      "properties": {
        "probability": 0.998446524143219,
        "lat": 6.119418308766446,
        "lon": -1.7832350770219314,
        "region": "Obuasi",
        "detected_at": "2026-03-02T06:20:50.736816",
        "model_version": "48px_v3.7_2024-01-10"
      }
    },
    {
      "type": "Feature",
      "geometry": {
        "type": "Point",
        "coordinates": [
          -1.7832350770219314,
          6.115067205178587
        ]
      },
      "properties": {
        "probability": 0.8374459743499756,
        "lat": 6.115067205178587,
        "lon": -1.7832350770219314,
        "region": "Obuasi",
        "detected_at": "2026-03-02T06:20:50.736927",
        "model_version": "48px_v3.7_2024-01-10"
      }
    },
    {
      "type": "Feature",
      "geometry": {
        "type": "Point",
        "coordinates": [
          -1.7832350770219314,
          6.112891653384658
        ]
      },
      "properties": {
        "probability": 0.9997069835662842,
        "lat": 6.112891653384658,
        "lon": -1.7832350770219314,
        "region": "Obuasi",
        "detected_at": "2026-03-02T06:20:50.737016",
        "model_version": "48px_v3.7_2024-01-10"
      }
    },
    {
      "type": "Feature",
      "geometry": {
        "type": "Point",
        "coordinates": [
          -1.7832350770219314,
          6.110716101590729
        ]
      },
      "properties": {
        "probability": 0.9902073740959167,
        "lat": 6.110716101590729,
        "lon": -1.7832350770219314,
        "region": "Obuasi",
        "detected_at": "2026-03-02T06:20:50.737105",
        "model_version": "48px_v3.7_2024-01-10"
      }
    },
    {
      "type": "Feature",
      "geometry": {
        "type": "Point",
        "coordinates": [
          -1.7810615303545847,
          6.128120515942165
        ]
      },
      "properties": {
        "probability": 0.996478259563446,
        "lat": 6.128120515942165,
        "lon": -1.7810615303545847,
        "region": "Obuasi",
        "detected_at": "2026-03-02T06:20:50.737193",
        "model_version": "48px_v3.7_2024-01-10"
      }
    },
    {
      "type": "Feature",
      "geometry": {
        "type": "Point",
        "coordinates": [
          -1.7810615303545845,
          6.125944964148235
        ]
      },
      "properties": {
        "probability": 0.8778218030929565,
        "lat": 6.125944964148235,
        "lon": -1.7810615303545845,
        "region": "Obuasi",
        "detected_at": "2026-03-02T06:20:50.737282",
        "model_version": "48px_v3.7_2024-01-10"
      }
    },
    {
      "type": "Feature",
      "geometry": {
        "type": "Point",
        "coordinates": [
          -1.7810615303545847,
          6.123769412354305
        ]
      },
      "properties": {
        "probability": 0.9878383874893188,
        "lat": 6.123769412354305,
        "lon": -1.7810615303545847,
        "region": "Obuasi",
        "detected_at": "2026-03-02T06:20:50.737372",
        "model_version": "48px_v3.7_2024-01-10"
      }
    },
    {
      "type": "Feature",
      "geometry": {
        "type": "Point",
        "coordinates": [
          -1.7810615303545845,
          6.121593860560376
        ]
      },
      "properties": {
        "probability": 0.9093731045722961,
        "lat": 6.121593860560376,
        "lon": -1.7810615303545845,
        "region": "Obuasi",
        "detected_at": "2026-03-02T06:20:50.737460",
        "model_version": "48px_v3.7_2024-01-10"
      }
    },
    {
      "type": "Feature",
      "geometry": {
        "type": "Point",
        "coordinates": [
          -1.7810615303545847,
          6.110716101590729
        ]
      },
      "properties": {
        "probability": 0.9367504119873047,
        "lat": 6.110716101590729,
        "lon": -1.7810615303545847,
        "region": "Obuasi",
        "detected_at": "2026-03-02T06:20:50.737549",
        "model_version": "48px_v3.7_2024-01-10"
      }
    },
    {
      "type": "Feature",
      "geometry": {
        "type": "Point",
        "coordinates": [
          -1.7788879836872376,
          6.136822723117882
        ]
      },
      "properties": {
        "probability": 0.8956286907196045,
        "lat": 6.136822723117882,
        "lon": -1.7788879836872376,
        "region": "Obuasi",
        "detected_at": "2026-03-02T06:20:50.737637",
        "model_version": "48px_v3.7_2024-01-10"
      }
    },
    {
      "type": "Feature",
      "geometry": {
        "type": "Point",
        "coordinates": [
          -1.7788879836872376,
          6.128120515942165
        ]
      },
      "properties": {
        "probability": 0.946365237236023,
        "lat": 6.128120515942165,
        "lon": -1.7788879836872376,
        "region": "Obuasi",
        "detected_at": "2026-03-02T06:20:50.737726",
        "model_version": "48px_v3.7_2024-01-10"
      }
    },
    {
      "type": "Feature",
      "geometry": {
        "type": "Point",
        "coordinates": [
          -1.7788879836872376,
          6.110716101590729
        ]
      },
      "properties": {
        "probability": 0.9081801772117615,
        "lat": 6.110716101590729,
        "lon": -1.7788879836872376,
        "region": "Obuasi",
        "detected_at": "2026-03-02T06:20:50.737819",
        "model_version": "48px_v3.7_2024-01-10"
      }
    },
    {
      "type": "Feature",
      "geometry": {
        "type": "Point",
        "coordinates": [
          -1.7788879836872376,
          6.108540549796799
        ]
      },
      "properties": {
        "probability": 0.99233478307724,
        "lat": 6.108540549796799,
        "lon": -1.7788879836872376,
        "region": "Obuasi",
        "detected_at": "2026-03-02T06:20:50.737942",
        "model_version": "48px_v3.7_2024-01-10"
      }
    },
    {
      "type": "Feature",
      "geometry": {
        "type": "Point",
        "coordinates": [
          -1.7767144370198908,
          6.108540549796799
        ]
      },
      "properties": {
        "probability": 0.8720118403434753,
        "lat": 6.108540549796799,
        "lon": -1.7767144370198908,
        "region": "Obuasi",
        "detected_at": "2026-03-02T06:20:50.738034",
        "model_version": "48px_v3.7_2024-01-10"
      }
    },
    {
      "type": "Feature",
      "geometry": {
        "type": "Point",
        "coordinates": [
          -1.774540890352544,
          6.1411738267057405
        ]
      },
      "properties": {
        "probability": 0.8838998675346375,
        "lat": 6.1411738267057405,
        "lon": -1.774540890352544,
        "region": "Obuasi",
        "detected_at": "2026-03-02T06:20:50.738125",
        "model_version": "48px_v3.7_2024-01-10"
      }
    },
    {
      "type": "Feature",
      "geometry": {
        "type": "Point",
        "coordinates": [
          -1.7745408903525437,
          6.138998274911812
        ]
      },
      "properties": {
        "probability": 0.9730572700500488,
        "lat": 6.138998274911812,
        "lon": -1.7745408903525437,
        "region": "Obuasi",
        "detected_at": "2026-03-02T06:20:50.738215",
        "model_version": "48px_v3.7_2024-01-10"
      }
    },
    {
      "type": "Feature",
      "geometry": {
        "type": "Point",
        "coordinates": [
          -1.7723673436851966,
          6.1411738267057405
        ]
      },
      "properties": {
        "probability": 0.9824565052986145,
        "lat": 6.1411738267057405,
        "lon": -1.7723673436851966,
        "region": "Obuasi",
        "detected_at": "2026-03-02T06:20:50.738303",
        "model_version": "48px_v3.7_2024-01-10"
      }
    },
    {
      "type": "Feature",
      "geometry": {
        "type": "Point",
        "coordinates": [
          -1.7701937970178498,
          6.14334937849967
        ]
      },
      "properties": {
        "probability": 0.9402691125869751,
        "lat": 6.14334937849967,
        "lon": -1.7701937970178498,
        "region": "Obuasi",
        "detected_at": "2026-03-02T06:20:50.738393",
        "model_version": "48px_v3.7_2024-01-10"
      }
    },
    {
      "type": "Feature",
      "geometry": {
        "type": "Point",
        "coordinates": [
          -1.7701937970178498,
          6.1411738267057405
        ]
      },
      "properties": {
        "probability": 0.848722517490387,
        "lat": 6.1411738267057405,
        "lon": -1.7701937970178498,
        "region": "Obuasi",
        "detected_at": "2026-03-02T06:20:50.738482",
        "model_version": "48px_v3.7_2024-01-10"
      }
    },
    {
      "type": "Feature",
      "geometry": {
        "type": "Point",
        "coordinates": [
          -1.768020250350503,
          6.1455249302936
        ]
      },
      "properties": {
        "probability": 0.8874950408935547,
        "lat": 6.1455249302936,
        "lon": -1.768020250350503,
        "region": "Obuasi",
        "detected_at": "2026-03-02T06:20:50.738571",
        "model_version": "48px_v3.7_2024-01-10"
      }
    },
    {
      "type": "Feature",
      "geometry": {
        "type": "Point",
        "coordinates": [
          -1.768020250350503,
          6.14334937849967
        ]
      },
      "properties": {
        "probability": 0.8865248560905457,
        "lat": 6.14334937849967,
        "lon": -1.768020250350503,
        "region": "Obuasi",
        "detected_at": "2026-03-02T06:20:50.738660",
        "model_version": "48px_v3.7_2024-01-10"
      }
    },
    {
      "type": "Feature",
      "geometry": {
        "type": "Point",
        "coordinates": [
          -1.7658467036831558,
          6.128120515942165
        ]
      },
      "properties": {
        "probability": 0.855242908000946,
        "lat": 6.128120515942165,
        "lon": -1.7658467036831558,
        "region": "Obuasi",
        "detected_at": "2026-03-02T06:20:50.738748",
        "model_version": "48px_v3.7_2024-01-10"
      }
    },
    {
      "type": "Feature",
      "geometry": {
        "type": "Point",
        "coordinates": [
          -1.7464054876381874,
          6.099715536509052
        ]
      },
      "properties": {
        "probability": 0.9869576692581177,
        "lat": 6.099715536509052,
        "lon": -1.7464054876381874,
        "region": "Obuasi",
        "detected_at": "2026-03-02T06:20:50.738875",
        "model_version": "48px_v3.7_2024-01-10"
      }
    },
    {
      "type": "Feature",
      "geometry": {
        "type": "Point",
        "coordinates": [
          -1.7464054876381876,
          6.097539817827246
        ]
      },
      "properties": {
        "probability": 0.9082006812095642,
        "lat": 6.097539817827246,
        "lon": -1.7464054876381876,
        "region": "Obuasi",
        "detected_at": "2026-03-02T06:20:50.738973",
        "model_version": "48px_v3.7_2024-01-10"
      }
    },
    {
      "type": "Feature",
      "geometry": {
        "type": "Point",
        "coordinates": [
          -1.8527789528960785,
          6.069614290144796
        ]
      },
      "properties": {
        "probability": 0.9782528877258301,
        "lat": 6.069614290144796,
        "lon": -1.8527789528960785,
        "region": "Obuasi",
        "detected_at": "2026-03-02T06:20:50.739062",
        "model_version": "48px_v3.7_2024-01-10"
      }
    },
    {
      "type": "Feature",
      "geometry": {
        "type": "Point",
        "coordinates": [
          -1.852778952896079,
          6.067438943354521
        ]
      },
      "properties": {
        "probability": 0.8624611496925354,
        "lat": 6.067438943354521,
        "lon": -1.852778952896079,
        "region": "Obuasi",
        "detected_at": "2026-03-02T06:20:50.739152",
        "model_version": "48px_v3.7_2024-01-10"
      }
    },
    {
      "type": "Feature",
      "geometry": {
        "type": "Point",
        "coordinates": [
          -1.8506058243800771,
          6.067438943354521
        ]
      },
      "properties": {
        "probability": 0.9807288646697998,
        "lat": 6.067438943354521,
        "lon": -1.8506058243800771,
        "region": "Obuasi",
        "detected_at": "2026-03-02T06:20:50.739239",
        "model_version": "48px_v3.7_2024-01-10"
      }
    },
    {
      "type": "Feature",
      "geometry": {
        "type": "Point",
        "coordinates": [
          -1.8484326958640764,
          6.067438943354521
        ]
      },
      "properties": {
        "probability": 0.9969362616539001,
        "lat": 6.067438943354521,
        "lon": -1.8484326958640764,
        "region": "Obuasi",
        "detected_at": "2026-03-02T06:20:50.739327",
        "model_version": "48px_v3.7_2024-01-10"
      }
    },
    {
      "type": "Feature",
      "geometry": {
        "type": "Point",
        "coordinates": [
          -1.8484326958640764,
          6.065263596564248
        ]
      },
      "properties": {
        "probability": 0.9979729652404785,
        "lat": 6.065263596564248,
        "lon": -1.8484326958640764,
        "region": "Obuasi",
        "detected_at": "2026-03-02T06:20:50.739415",
        "model_version": "48px_v3.7_2024-01-10"
      }
    },
    {
      "type": "Feature",
      "geometry": {
        "type": "Point",
        "coordinates": [
          -1.8484326958640762,
          6.063088249773974
        ]
      },
      "properties": {
        "probability": 0.9867132902145386,
        "lat": 6.063088249773974,
        "lon": -1.8484326958640762,
        "region": "Obuasi",
        "detected_at": "2026-03-02T06:20:50.739503",
        "model_version": "48px_v3.7_2024-01-10"
      }
    },
    {
      "type": "Feature",
      "geometry": {
        "type": "Point",
        "coordinates": [
          -1.8484326958640762,
          6.0609129029836994
        ]
      },
      "properties": {
        "probability": 0.9924997687339783,
        "lat": 6.0609129029836994,
        "lon": -1.8484326958640762,
        "region": "Obuasi",
        "detected_at": "2026-03-02T06:20:50.739589",
        "model_version": "48px_v3.7_2024-01-10"
      }
    },
    {
      "type": "Feature",
      "geometry": {
        "type": "Point",
        "coordinates": [
          -1.8462595673480755,
          6.052211515822604
        ]
      },
      "properties": {
        "probability": 0.9983451962471008,
        "lat": 6.052211515822604,
        "lon": -1.8462595673480755,
        "region": "Obuasi",
        "detected_at": "2026-03-02T06:20:50.739678",
        "model_version": "48px_v3.7_2024-01-10"
      }
    },
    {
      "type": "Feature",
      "geometry": {
        "type": "Point",
        "coordinates": [
          -1.8462595673480755,
          6.0500361690323325
        ]
      },
      "properties": {
        "probability": 0.9952214360237122,
        "lat": 6.0500361690323325,
        "lon": -1.8462595673480755,
        "region": "Obuasi",
        "detected_at": "2026-03-02T06:20:50.739765",
        "model_version": "48px_v3.7_2024-01-10"
      }
    },
    {
      "type": "Feature",
      "geometry": {
        "type": "Point",
        "coordinates": [
          -1.8440864388320741,
          6.052211515822604
        ]
      },
      "properties": {
        "probability": 0.9980013370513916,
        "lat": 6.052211515822604,
        "lon": -1.8440864388320741,
        "region": "Obuasi",
        "detected_at": "2026-03-02T06:20:50.739871",
        "model_version": "48px_v3.7_2024-01-10"
      }
    },
    {
      "type": "Feature",
      "geometry": {
        "type": "Point",
        "coordinates": [
          -1.8440864388320743,
          6.0500361690323325
        ]
      },
      "properties": {
        "probability": 0.9999105930328369,
        "lat": 6.0500361690323325,
        "lon": -1.8440864388320743,
        "region": "Obuasi",
        "detected_at": "2026-03-02T06:20:50.739963",
        "model_version": "48px_v3.7_2024-01-10"
      }
    },
    {
      "type": "Feature",
      "geometry": {
        "type": "Point",
        "coordinates": [
          -1.8440864388320743,
          6.0478608222420585
        ]
      },
      "properties": {
        "probability": 0.9972407817840576,
        "lat": 6.0478608222420585,
        "lon": -1.8440864388320743,
        "region": "Obuasi",
        "detected_at": "2026-03-02T06:20:50.740052",
        "model_version": "48px_v3.7_2024-01-10"
      }
    },
    {
      "type": "Feature",
      "geometry": {
        "type": "Point",
        "coordinates": [
          -1.8419133103160732,
          6.050036169032331
        ]
      },
      "properties": {
        "probability": 0.9983740448951721,
        "lat": 6.050036169032331,
        "lon": -1.8419133103160732,
        "region": "Obuasi",
        "detected_at": "2026-03-02T06:20:50.740141",
        "model_version": "48px_v3.7_2024-01-10"
      }
    },
    {
      "type": "Feature",
      "geometry": {
        "type": "Point",
        "coordinates": [
          -1.8419133103160732,
          6.047860822242057
        ]
      },
      "properties": {
        "probability": 0.9999931454658508,
        "lat": 6.047860822242057,
        "lon": -1.8419133103160732,
        "region": "Obuasi",
        "detected_at": "2026-03-02T06:20:50.740230",
        "model_version": "48px_v3.7_2024-01-10"
      }
    },
    {
      "type": "Feature",
      "geometry": {
        "type": "Point",
        "coordinates": [
          -1.8419133103160734,
          6.0456854754517835
        ]
      },
      "properties": {
        "probability": 0.9998930096626282,
        "lat": 6.0456854754517835,
        "lon": -1.8419133103160734,
        "region": "Obuasi",
        "detected_at": "2026-03-02T06:20:50.740733",
        "model_version": "48px_v3.7_2024-01-10"
      }
    },
    {
      "type": "Feature",
      "geometry": {
        "type": "Point",
        "coordinates": [
          -1.8397401818000723,
          6.0500361690323325
        ]
      },
      "properties": {
        "probability": 0.8222877383232117,
        "lat": 6.0500361690323325,
        "lon": -1.8397401818000723,
        "region": "Obuasi",
        "detected_at": "2026-03-02T06:20:50.740840",
        "model_version": "48px_v3.7_2024-01-10"
      }
    },
    {
      "type": "Feature",
      "geometry": {
        "type": "Point",
        "coordinates": [
          -1.8397401818000723,
          6.0478608222420585
        ]
      },
      "properties": {
        "probability": 0.9984370470046997,
        "lat": 6.0478608222420585,
        "lon": -1.8397401818000723,
        "region": "Obuasi",
        "detected_at": "2026-03-02T06:20:50.740936",
        "model_version": "48px_v3.7_2024-01-10"
      }
    },
    {
      "type": "Feature",
      "geometry": {
        "type": "Point",
        "coordinates": [
          -1.8397401818000723,
          6.045685475451783
        ]
      },
      "properties": {
        "probability": 0.9996072053909302,
        "lat": 6.045685475451783,
        "lon": -1.8397401818000723,
        "region": "Obuasi",
        "detected_at": "2026-03-02T06:20:50.741026",
        "model_version": "48px_v3.7_2024-01-10"
      }
    },
    {
      "type": "Feature",
      "geometry": {
        "type": "Point",
        "coordinates": [
          -1.8267014107040658,
          6.080491024096165
        ]
      },
      "properties": {
        "probability": 0.9798880219459534,
        "lat": 6.080491024096165,
        "lon": -1.8267014107040658,
        "region": "Obuasi",
        "detected_at": "2026-03-02T06:20:50.741114",
        "model_version": "48px_v3.7_2024-01-10"
      }
    },
    {
      "type": "Feature",
      "geometry": {
        "type": "Point",
        "coordinates": [
          -1.8267014107040658,
          6.078315677305892
        ]
      },
      "properties": {
        "probability": 0.9890874624252319,
        "lat": 6.078315677305892,
        "lon": -1.8267014107040658,
        "region": "Obuasi",
        "detected_at": "2026-03-02T06:20:50.741202",
        "model_version": "48px_v3.7_2024-01-10"
      }
    },
    {
      "type": "Feature",
      "geometry": {
        "type": "Point",
        "coordinates": [
          -1.8267014107040658,
          6.076140330515616
        ]
      },
      "properties": {
        "probability": 0.9467822909355164,
        "lat": 6.076140330515616,
        "lon": -1.8267014107040658,
        "region": "Obuasi",
        "detected_at": "2026-03-02T06:20:50.741289",
        "model_version": "48px_v3.7_2024-01-10"
      }
    },
    {
      "type": "Feature",
      "geometry": {
        "type": "Point",
        "coordinates": [
          -1.8223551536720637,
          6.067438943354521
        ]
      },
      "properties": {
        "probability": 0.9985100030899048,
        "lat": 6.067438943354521,
        "lon": -1.8223551536720637,
        "region": "Obuasi",
        "detected_at": "2026-03-02T06:20:50.741375",
        "model_version": "48px_v3.7_2024-01-10"
      }
    },
    {
      "type": "Feature",
      "geometry": {
        "type": "Point",
        "coordinates": [
          -1.8223551536720637,
          6.065263596564248
        ]
      },
      "properties": {
        "probability": 0.9913436770439148,
        "lat": 6.065263596564248,
        "lon": -1.8223551536720637,
        "region": "Obuasi",
        "detected_at": "2026-03-02T06:20:50.741464",
        "model_version": "48px_v3.7_2024-01-10"
      }
    },
    {
      "type": "Feature",
      "geometry": {
        "type": "Point",
        "coordinates": [
          -1.8201820251560625,
          6.0500361690323325
        ]
      },
      "properties": {
        "probability": 0.8620063066482544,
        "lat": 6.0500361690323325,
        "lon": -1.8201820251560625,
        "region": "Obuasi",
        "detected_at": "2026-03-02T06:20:50.741552",
        "model_version": "48px_v3.7_2024-01-10"
      }
    },
    {
      "type": "Feature",
      "geometry": {
        "type": "Point",
        "coordinates": [
          -1.8136626396080593,
          6.09354310483781
        ]
      },
      "properties": {
        "probability": 0.8689688444137573,
        "lat": 6.09354310483781,
        "lon": -1.8136626396080593,
        "region": "Obuasi",
        "detected_at": "2026-03-02T06:20:50.741640",
        "model_version": "48px_v3.7_2024-01-10"
      }
    },
    {
      "type": "Feature",
      "geometry": {
        "type": "Point",
        "coordinates": [
          -1.811489511092058,
          6.091367758047535
        ]
      },
      "properties": {
        "probability": 0.8168670535087585,
        "lat": 6.091367758047535,
        "lon": -1.811489511092058,
        "region": "Obuasi",
        "detected_at": "2026-03-02T06:20:50.741728",
        "model_version": "48px_v3.7_2024-01-10"
      }
    },
    {
      "type": "Feature",
      "geometry": {
        "type": "Point",
        "coordinates": [
          -1.8049701255440547,
          6.056562209403152
        ]
      },
      "properties": {
        "probability": 0.9293340444564819,
        "lat": 6.056562209403152,
        "lon": -1.8049701255440547,
        "region": "Obuasi",
        "detected_at": "2026-03-02T06:20:50.741816",
        "model_version": "48px_v3.7_2024-01-10"
      }
    },
    {
      "type": "Feature",
      "geometry": {
        "type": "Point",
        "coordinates": [
          -1.8049701255440547,
          6.054386862612879
        ]
      },
      "properties": {
        "probability": 0.999445378780365,
        "lat": 6.054386862612879,
        "lon": -1.8049701255440547,
        "region": "Obuasi",
        "detected_at": "2026-03-02T06:20:50.741928",
        "model_version": "48px_v3.7_2024-01-10"
      }
    },
    {
      "type": "Feature",
      "geometry": {
        "type": "Point",
        "coordinates": [
          -1.8049701255440547,
          6.052211515822604
        ]
      },
      "properties": {
        "probability": 0.9536416530609131,
        "lat": 6.052211515822604,
        "lon": -1.8049701255440547,
        "region": "Obuasi",
        "detected_at": "2026-03-02T06:20:50.742019",
        "model_version": "48px_v3.7_2024-01-10"
      }
    },
    {
      "type": "Feature",
      "geometry": {
        "type": "Point",
        "coordinates": [
          -1.8049701255440547,
          6.0500361690323325
        ]
      },
      "properties": {
        "probability": 0.9746014475822449,
        "lat": 6.0500361690323325,
        "lon": -1.8049701255440547,
        "region": "Obuasi",
        "detected_at": "2026-03-02T06:20:50.742106",
        "model_version": "48px_v3.7_2024-01-10"
      }
    },
    {
      "type": "Feature",
      "geometry": {
        "type": "Point",
        "coordinates": [
          -1.7421790636730161,
          6.047622305418812
        ]
      },
      "properties": {
        "probability": 0.8188579082489014,
        "lat": 6.047622305418812,
        "lon": -1.7421790636730161,
        "region": "Obuasi",
        "detected_at": "2026-03-02T06:20:50.742194",
        "model_version": "48px_v3.7_2024-01-10"
      }
    },
    {
      "type": "Feature",
      "geometry": {
        "type": "Point",
        "coordinates": [
          -1.7269648490895386,
          6.082433166229291
        ]
      },
      "properties": {
        "probability": 0.8298901915550232,
        "lat": 6.082433166229291,
        "lon": -1.7269648490895386,
        "region": "Obuasi",
        "detected_at": "2026-03-02T06:20:50.742282",
        "model_version": "48px_v3.7_2024-01-10"
      }
    },
    {
      "type": "Feature",
      "geometry": {
        "type": "Point",
        "coordinates": [
          -1.7247913898633271,
          6.0802574874286375
        ]
      },
      "properties": {
        "probability": 0.8617154955863953,
        "lat": 6.0802574874286375,
        "lon": -1.7247913898633271,
        "region": "Obuasi",
        "detected_at": "2026-03-02T06:20:50.742369",
        "model_version": "48px_v3.7_2024-01-10"
      }
    },
    {
      "type": "Feature",
      "geometry": {
        "type": "Point",
        "coordinates": [
          -1.7139240937322715,
          6.051973663020121
        ]
      },
      "properties": {
        "probability": 0.804074227809906,
        "lat": 6.051973663020121,
        "lon": -1.7139240937322715,
        "region": "Obuasi",
        "detected_at": "2026-03-02T06:20:50.742457",
        "model_version": "48px_v3.7_2024-01-10"
      }
    },
    {
      "type": "Feature",
      "geometry": {
        "type": "Point",
        "coordinates": [
          -1.8526687076287716,
          6.141288401454592
        ]
      },
      "properties": {
        "probability": 0.8716410994529724,
        "lat": 6.141288401454592,
        "lon": -1.8526687076287716,
        "region": "Obuasi",
        "detected_at": "2026-03-02T06:20:50.742545",
        "model_version": "48px_v3.7_2024-01-10"
      }
    },
    {
      "type": "Feature",
      "geometry": {
        "type": "Point",
        "coordinates": [
          -1.8526687076287716,
          6.108657655193671
        ]
      },
      "properties": {
        "probability": 0.979430615901947,
        "lat": 6.108657655193671,
        "lon": -1.8526687076287716,
        "region": "Obuasi",
        "detected_at": "2026-03-02T06:20:50.742632",
        "model_version": "48px_v3.7_2024-01-10"
      }
    },
    {
      "type": "Feature",
      "geometry": {
        "type": "Point",
        "coordinates": [
          -1.8439751932619128,
          6.139113018370531
        ]
      },
      "properties": {
        "probability": 0.9347749948501587,
        "lat": 6.139113018370531,
        "lon": -1.8439751932619128,
        "region": "Obuasi",
        "detected_at": "2026-03-02T06:20:50.742719",
        "model_version": "48px_v3.7_2024-01-10"
      }
    },
    {
      "type": "Feature",
      "geometry": {
        "type": "Point",
        "coordinates": [
          -1.843975193261913,
          6.136937635286469
        ]
      },
      "properties": {
        "probability": 0.8746720552444458,
        "lat": 6.136937635286469,
        "lon": -1.843975193261913,
        "region": "Obuasi",
        "detected_at": "2026-03-02T06:20:50.742808",
        "model_version": "48px_v3.7_2024-01-10"
      }
    },
    {
      "type": "Feature",
      "geometry": {
        "type": "Point",
        "coordinates": [
          -1.8374550574867687,
          6.121709953698039
        ]
      },
      "properties": {
        "probability": 0.9461910724639893,
        "lat": 6.121709953698039,
        "lon": -1.8374550574867687,
        "region": "Obuasi",
        "detected_at": "2026-03-02T06:20:50.742917",
        "model_version": "48px_v3.7_2024-01-10"
      }
    },
    {
      "type": "Feature",
      "geometry": {
        "type": "Point",
        "coordinates": [
          -1.8352816788950543,
          6.141288401454592
        ]
      },
      "properties": {
        "probability": 0.9873027801513672,
        "lat": 6.141288401454592,
        "lon": -1.8352816788950543,
        "region": "Obuasi",
        "detected_at": "2026-03-02T06:20:50.743009",
        "model_version": "48px_v3.7_2024-01-10"
      }
    },
    {
      "type": "Feature",
      "geometry": {
        "type": "Point",
        "coordinates": [
          -1.8352816788950543,
          6.13911301837053
        ]
      },
      "properties": {
        "probability": 0.8825291395187378,
        "lat": 6.13911301837053,
        "lon": -1.8352816788950543,
        "region": "Obuasi",
        "detected_at": "2026-03-02T06:20:50.743097",
        "model_version": "48px_v3.7_2024-01-10"
      }
    },
    {
      "type": "Feature",
      "geometry": {
        "type": "Point",
        "coordinates": [
          -1.8331083003033395,
          6.139113018370531
        ]
      },
      "properties": {
        "probability": 0.9912882447242737,
        "lat": 6.139113018370531,
        "lon": -1.8331083003033395,
        "region": "Obuasi",
        "detected_at": "2026-03-02T06:20:50.743184",
        "model_version": "48px_v3.7_2024-01-10"
      }
    },
    {
      "type": "Feature",
      "geometry": {
        "type": "Point",
        "coordinates": [
          -1.8309349217116249,
          6.139113018370531
        ]
      },
      "properties": {
        "probability": 0.8403878211975098,
        "lat": 6.139113018370531,
        "lon": -1.8309349217116249,
        "region": "Obuasi",
        "detected_at": "2026-03-02T06:20:50.743274",
        "model_version": "48px_v3.7_2024-01-10"
      }
    },
    {
      "type": "Feature",
      "geometry": {
        "type": "Point",
        "coordinates": [
          -1.8309349217116246,
          6.136937635286469
        ]
      },
      "properties": {
        "probability": 0.9896889925003052,
        "lat": 6.136937635286469,
        "lon": -1.8309349217116246,
        "region": "Obuasi",
        "detected_at": "2026-03-02T06:20:50.743362",
        "model_version": "48px_v3.7_2024-01-10"
      }
    },
    {
      "type": "Feature",
      "geometry": {
        "type": "Point",
        "coordinates": [
          -1.8309349217116246,
          6.130411486034285
        ]
      },
      "properties": {
        "probability": 0.9438099265098572,
        "lat": 6.130411486034285,
        "lon": -1.8309349217116246,
        "region": "Obuasi",
        "detected_at": "2026-03-02T06:20:50.743449",
        "model_version": "48px_v3.7_2024-01-10"
      }
    },
    {
      "type": "Feature",
      "geometry": {
        "type": "Point",
        "coordinates": [
          -1.8309349217116246,
          6.128236102950224
        ]
      },
      "properties": {
        "probability": 0.953993558883667,
        "lat": 6.128236102950224,
        "lon": -1.8309349217116246,
        "region": "Obuasi",
        "detected_at": "2026-03-02T06:20:50.743536",
        "model_version": "48px_v3.7_2024-01-10"
      }
    },
    {
      "type": "Feature",
      "geometry": {
        "type": "Point",
        "coordinates": [
          -1.8287615431199098,
          6.145639167622715
        ]
      },
      "properties": {
        "probability": 0.9931966662406921,
        "lat": 6.145639167622715,
        "lon": -1.8287615431199098,
        "region": "Obuasi",
        "detected_at": "2026-03-02T06:20:50.743623",
        "model_version": "48px_v3.7_2024-01-10"
      }
    },
    {
      "type": "Feature",
      "geometry": {
        "type": "Point",
        "coordinates": [
          -1.8287615431199098,
          6.134762252202407
        ]
      },
      "properties": {
        "probability": 0.9378416538238525,
        "lat": 6.134762252202407,
        "lon": -1.8287615431199098,
        "region": "Obuasi",
        "detected_at": "2026-03-02T06:20:50.743711",
        "model_version": "48px_v3.7_2024-01-10"
      }
    },
    {
      "type": "Feature",
      "geometry": {
        "type": "Point",
        "coordinates": [
          -1.8287615431199098,
          6.130411486034284
        ]
      },
      "properties": {
        "probability": 0.9675339460372925,
        "lat": 6.130411486034284,
        "lon": -1.8287615431199098,
        "region": "Obuasi",
        "detected_at": "2026-03-02T06:20:50.743797",
        "model_version": "48px_v3.7_2024-01-10"
      }
    },
    {
      "type": "Feature",
      "geometry": {
        "type": "Point",
        "coordinates": [
          -1.8287615431199098,
          6.119534570613977
        ]
      },
      "properties": {
        "probability": 0.9994256496429443,
        "lat": 6.119534570613977,
        "lon": -1.8287615431199098,
        "region": "Obuasi",
        "detected_at": "2026-03-02T06:20:50.743904",
        "model_version": "48px_v3.7_2024-01-10"
      }
    },
    {
      "type": "Feature",
      "geometry": {
        "type": "Point",
        "coordinates": [
          -1.82876154311991,
          6.1173591875299165
        ]
      },
      "properties": {
        "probability": 0.9794924855232239,
        "lat": 6.1173591875299165,
        "lon": -1.82876154311991,
        "region": "Obuasi",
        "detected_at": "2026-03-02T06:20:50.743995",
        "model_version": "48px_v3.7_2024-01-10"
      }
    },
    {
      "type": "Feature",
      "geometry": {
        "type": "Point",
        "coordinates": [
          -1.8265881645281952,
          6.145639167622716
        ]
      },
      "properties": {
        "probability": 0.8615175485610962,
        "lat": 6.145639167622716,
        "lon": -1.8265881645281952,
        "region": "Obuasi",
        "detected_at": "2026-03-02T06:20:50.744084",
        "model_version": "48px_v3.7_2024-01-10"
      }
    },
    {
      "type": "Feature",
      "geometry": {
        "type": "Point",
        "coordinates": [
          -1.8265881645281952,
          6.119534570613978
        ]
      },
      "properties": {
        "probability": 0.9999997019767761,
        "lat": 6.119534570613978,
        "lon": -1.8265881645281952,
        "region": "Obuasi",
        "detected_at": "2026-03-02T06:20:50.744172",
        "model_version": "48px_v3.7_2024-01-10"
      }
    },
    {
      "type": "Feature",
      "geometry": {
        "type": "Point",
        "coordinates": [
          -1.8265881645281952,
          6.1173591875299165
        ]
      },
      "properties": {
        "probability": 0.966904878616333,
        "lat": 6.1173591875299165,
        "lon": -1.8265881645281952,
        "region": "Obuasi",
        "detected_at": "2026-03-02T06:20:50.744259",
        "model_version": "48px_v3.7_2024-01-10"
      }
    },
    {
      "type": "Feature",
      "geometry": {
        "type": "Point",
        "coordinates": [
          -1.8244147859364805,
          6.119534570613978
        ]
      },
      "properties": {
        "probability": 0.9064792394638062,
        "lat": 6.119534570613978,
        "lon": -1.8244147859364805,
        "region": "Obuasi",
        "detected_at": "2026-03-02T06:20:50.744349",
        "model_version": "48px_v3.7_2024-01-10"
      }
    },
    {
      "type": "Feature",
      "geometry": {
        "type": "Point",
        "coordinates": [
          -1.820068028753051,
          6.121709953698039
        ]
      },
      "properties": {
        "probability": 0.9935613870620728,
        "lat": 6.121709953698039,
        "lon": -1.820068028753051,
        "region": "Obuasi",
        "detected_at": "2026-03-02T06:20:50.744437",
        "model_version": "48px_v3.7_2024-01-10"
      }
    },
    {
      "type": "Feature",
      "geometry": {
        "type": "Point",
        "coordinates": [
          -1.820068028753051,
          6.119534570613978
        ]
      },
      "properties": {
        "probability": 0.824815034866333,
        "lat": 6.119534570613978,
        "lon": -1.820068028753051,
        "region": "Obuasi",
        "detected_at": "2026-03-02T06:20:50.744525",
        "model_version": "48px_v3.7_2024-01-10"
      }
    },
    {
      "type": "Feature",
      "geometry": {
        "type": "Point",
        "coordinates": [
          -1.8178946501613367,
          6.123885336782101
        ]
      },
      "properties": {
        "probability": 0.9459528923034668,
        "lat": 6.123885336782101,
        "lon": -1.8178946501613367,
        "region": "Obuasi",
        "detected_at": "2026-03-02T06:20:50.744612",
        "model_version": "48px_v3.7_2024-01-10"
      }
    },
    {
      "type": "Feature",
      "geometry": {
        "type": "Point",
        "coordinates": [
          -1.8178946501613364,
          6.121709953698039
        ]
      },
      "properties": {
        "probability": 0.9983554482460022,
        "lat": 6.121709953698039,
        "lon": -1.8178946501613364,
        "region": "Obuasi",
        "detected_at": "2026-03-02T06:20:50.744699",
        "model_version": "48px_v3.7_2024-01-10"
      }
    },
    {
      "type": "Feature",
      "geometry": {
        "type": "Point",
        "coordinates": [
          -1.8178946501613364,
          6.119534570613978
        ]
      },
      "properties": {
        "probability": 0.9613718390464783,
        "lat": 6.119534570613978,
        "lon": -1.8178946501613364,
        "region": "Obuasi",
        "detected_at": "2026-03-02T06:20:50.744788",
        "model_version": "48px_v3.7_2024-01-10"
      }
    },
    {
      "type": "Feature",
      "geometry": {
        "type": "Point",
        "coordinates": [
          -1.815721271569622,
          6.121709953698039
        ]
      },
      "properties": {
        "probability": 0.8208618760108948,
        "lat": 6.121709953698039,
        "lon": -1.815721271569622,
        "region": "Obuasi",
        "detected_at": "2026-03-02T06:20:50.744897",
        "model_version": "48px_v3.7_2024-01-10"
      }
    },
    {
      "type": "Feature",
      "geometry": {
        "type": "Point",
        "coordinates": [
          -1.815721271569622,
          6.119534570613977
        ]
      },
      "properties": {
        "probability": 0.9208452105522156,
        "lat": 6.119534570613977,
        "lon": -1.815721271569622,
        "region": "Obuasi",
        "detected_at": "2026-03-02T06:20:50.744988",
        "model_version": "48px_v3.7_2024-01-10"
      }
    },
    {
      "type": "Feature",
      "geometry": {
        "type": "Point",
        "coordinates": [
          -1.813547892977907,
          6.141288401454592
        ]
      },
      "properties": {
        "probability": 0.8635455965995789,
        "lat": 6.141288401454592,
        "lon": -1.813547892977907,
        "region": "Obuasi",
        "detected_at": "2026-03-02T06:20:50.745076",
        "model_version": "48px_v3.7_2024-01-10"
      }
    },
    {
      "type": "Feature",
      "geometry": {
        "type": "Point",
        "coordinates": [
          -1.813547892977907,
          6.119534570613978
        ]
      },
      "properties": {
        "probability": 0.9882259368896484,
        "lat": 6.119534570613978,
        "lon": -1.813547892977907,
        "region": "Obuasi",
        "detected_at": "2026-03-02T06:20:50.745173",
        "model_version": "48px_v3.7_2024-01-10"
      }
    },
    {
      "type": "Feature",
      "geometry": {
        "type": "Point",
        "coordinates": [
          -1.813547892977907,
          6.1173591875299165
        ]
      },
      "properties": {
        "probability": 0.9757699370384216,
        "lat": 6.1173591875299165,
        "lon": -1.813547892977907,
        "region": "Obuasi",
        "detected_at": "2026-03-02T06:20:50.745262",
        "model_version": "48px_v3.7_2024-01-10"
      }
    },
    {
      "type": "Feature",
      "geometry": {
        "type": "Point",
        "coordinates": [
          -1.8113745143861926,
          6.145639167622716
        ]
      },
      "properties": {
        "probability": 0.9832330942153931,
        "lat": 6.145639167622716,
        "lon": -1.8113745143861926,
        "region": "Obuasi",
        "detected_at": "2026-03-02T06:20:50.745350",
        "model_version": "48px_v3.7_2024-01-10"
      }
    },
    {
      "type": "Feature",
      "geometry": {
        "type": "Point",
        "coordinates": [
          -1.8113745143861926,
          6.143463784538653
        ]
      },
      "properties": {
        "probability": 0.997071385383606,
        "lat": 6.143463784538653,
        "lon": -1.8113745143861926,
        "region": "Obuasi",
        "detected_at": "2026-03-02T06:20:50.745438",
        "model_version": "48px_v3.7_2024-01-10"
      }
    },
    {
      "type": "Feature",
      "geometry": {
        "type": "Point",
        "coordinates": [
          -1.8113745143861923,
          6.141288401454592
        ]
      },
      "properties": {
        "probability": 0.999963104724884,
        "lat": 6.141288401454592,
        "lon": -1.8113745143861923,
        "region": "Obuasi",
        "detected_at": "2026-03-02T06:20:50.745525",
        "model_version": "48px_v3.7_2024-01-10"
      }
    },
    {
      "type": "Feature",
      "geometry": {
        "type": "Point",
        "coordinates": [
          -1.8113745143861923,
          6.139113018370531
        ]
      },
      "properties": {
        "probability": 0.9999772906303406,
        "lat": 6.139113018370531,
        "lon": -1.8113745143861923,
        "region": "Obuasi",
        "detected_at": "2026-03-02T06:20:50.745613",
        "model_version": "48px_v3.7_2024-01-10"
      }
    },
    {
      "type": "Feature",
      "geometry": {
        "type": "Point",
        "coordinates": [
          -1.8113745143861926,
          6.136937635286469
        ]
      },
      "properties": {
        "probability": 0.9504399299621582,
        "lat": 6.136937635286469,
        "lon": -1.8113745143861926,
        "region": "Obuasi",
        "detected_at": "2026-03-02T06:20:50.745700",
        "model_version": "48px_v3.7_2024-01-10"
      }
    },
    {
      "type": "Feature",
      "geometry": {
        "type": "Point",
        "coordinates": [
          -1.8113745143861923,
          6.132586869118346
        ]
      },
      "properties": {
        "probability": 0.889813244342804,
        "lat": 6.132586869118346,
        "lon": -1.8113745143861923,
        "region": "Obuasi",
        "detected_at": "2026-03-02T06:20:50.745789",
        "model_version": "48px_v3.7_2024-01-10"
      }
    },
    {
      "type": "Feature",
      "geometry": {
        "type": "Point",
        "coordinates": [
          -1.8113745143861926,
          6.130411486034285
        ]
      },
      "properties": {
        "probability": 0.8100742697715759,
        "lat": 6.130411486034285,
        "lon": -1.8113745143861926,
        "region": "Obuasi",
        "detected_at": "2026-03-02T06:20:50.745897",
        "model_version": "48px_v3.7_2024-01-10"
      }
    },
    {
      "type": "Feature",
      "geometry": {
        "type": "Point",
        "coordinates": [
          -1.8113745143861923,
          6.1173591875299165
        ]
      },
      "properties": {
        "probability": 0.9400221109390259,
        "lat": 6.1173591875299165,
        "lon": -1.8113745143861923,
        "region": "Obuasi",
        "detected_at": "2026-03-02T06:20:50.745988",
        "model_version": "48px_v3.7_2024-01-10"
      }
    },
    {
      "type": "Feature",
      "geometry": {
        "type": "Point",
        "coordinates": [
          -1.8113745143861926,
          6.115183804445855
        ]
      },
      "properties": {
        "probability": 0.9130280613899231,
        "lat": 6.115183804445855,
        "lon": -1.8113745143861926,
        "region": "Obuasi",
        "detected_at": "2026-03-02T06:20:50.746077",
        "model_version": "48px_v3.7_2024-01-10"
      }
    },
    {
      "type": "Feature",
      "geometry": {
        "type": "Point",
        "coordinates": [
          -1.8092011357944777,
          6.145639167622715
        ]
      },
      "properties": {
        "probability": 0.9999973773956299,
        "lat": 6.145639167622715,
        "lon": -1.8092011357944777,
        "region": "Obuasi",
        "detected_at": "2026-03-02T06:20:50.746165",
        "model_version": "48px_v3.7_2024-01-10"
      }
    },
    {
      "type": "Feature",
      "geometry": {
        "type": "Point",
        "coordinates": [
          -1.8092011357944777,
          6.143463784538652
        ]
      },
      "properties": {
        "probability": 0.9999983906745911,
        "lat": 6.143463784538652,
        "lon": -1.8092011357944777,
        "region": "Obuasi",
        "detected_at": "2026-03-02T06:20:50.746252",
        "model_version": "48px_v3.7_2024-01-10"
      }
    },
    {
      "type": "Feature",
      "geometry": {
        "type": "Point",
        "coordinates": [
          -1.8092011357944777,
          6.141288401454592
        ]
      },
      "properties": {
        "probability": 0.9999008774757385,
        "lat": 6.141288401454592,
        "lon": -1.8092011357944777,
        "region": "Obuasi",
        "detected_at": "2026-03-02T06:20:50.746341",
        "model_version": "48px_v3.7_2024-01-10"
      }
    },
    {
      "type": "Feature",
      "geometry": {
        "type": "Point",
        "coordinates": [
          -1.8092011357944777,
          6.13911301837053
        ]
      },
      "properties": {
        "probability": 0.9937371611595154,
        "lat": 6.13911301837053,
        "lon": -1.8092011357944777,
        "region": "Obuasi",
        "detected_at": "2026-03-02T06:20:50.746429",
        "model_version": "48px_v3.7_2024-01-10"
      }
    },
    {
      "type": "Feature",
      "geometry": {
        "type": "Point",
        "coordinates": [
          -1.8092011357944777,
          6.136937635286469
        ]
      },
      "properties": {
        "probability": 0.996519923210144,
        "lat": 6.136937635286469,
        "lon": -1.8092011357944777,
        "region": "Obuasi",
        "detected_at": "2026-03-02T06:20:50.746518",
        "model_version": "48px_v3.7_2024-01-10"
      }
    },
    {
      "type": "Feature",
      "geometry": {
        "type": "Point",
        "coordinates": [
          -1.8092011357944777,
          6.134762252202407
        ]
      },
      "properties": {
        "probability": 0.9221394658088684,
        "lat": 6.134762252202407,
        "lon": -1.8092011357944777,
        "region": "Obuasi",
        "detected_at": "2026-03-02T06:20:50.746606",
        "model_version": "48px_v3.7_2024-01-10"
      }
    },
    {
      "type": "Feature",
      "geometry": {
        "type": "Point",
        "coordinates": [
          -1.8092011357944777,
          6.132586869118346
        ]
      },
      "properties": {
        "probability": 0.9998574256896973,
        "lat": 6.132586869118346,
        "lon": -1.8092011357944777,
        "region": "Obuasi",
        "detected_at": "2026-03-02T06:20:50.746693",
        "model_version": "48px_v3.7_2024-01-10"
      }
    },
    {
      "type": "Feature",
      "geometry": {
        "type": "Point",
        "coordinates": [
          -1.8092011357944777,
          6.130411486034284
        ]
      },
      "properties": {
        "probability": 0.9999961256980896,
        "lat": 6.130411486034284,
        "lon": -1.8092011357944777,
        "region": "Obuasi",
        "detected_at": "2026-03-02T06:20:50.746780",
        "model_version": "48px_v3.7_2024-01-10"
      }
    },
    {
      "type": "Feature",
      "geometry": {
        "type": "Point",
        "coordinates": [
          -1.8092011357944777,
          6.128236102950225
        ]
      },
      "properties": {
        "probability": 0.9999943971633911,
        "lat": 6.128236102950225,
        "lon": -1.8092011357944777,
        "region": "Obuasi",
        "detected_at": "2026-03-02T06:20:50.746894",
        "model_version": "48px_v3.7_2024-01-10"
      }
    },
    {
      "type": "Feature",
      "geometry": {
        "type": "Point",
        "coordinates": [
          -1.8092011357944777,
          6.126060719866161
        ]
      },
      "properties": {
        "probability": 0.9999820590019226,
        "lat": 6.126060719866161,
        "lon": -1.8092011357944777,
        "region": "Obuasi",
        "detected_at": "2026-03-02T06:20:50.746986",
        "model_version": "48px_v3.7_2024-01-10"
      }
    },
    {
      "type": "Feature",
      "geometry": {
        "type": "Point",
        "coordinates": [
          -1.8092011357944777,
          6.1238853367821005
        ]
      },
      "properties": {
        "probability": 0.9996784329414368,
        "lat": 6.1238853367821005,
        "lon": -1.8092011357944777,
        "region": "Obuasi",
        "detected_at": "2026-03-02T06:20:50.747074",
        "model_version": "48px_v3.7_2024-01-10"
      }
    },
    {
      "type": "Feature",
      "geometry": {
        "type": "Point",
        "coordinates": [
          -1.8092011357944777,
          6.121709953698039
        ]
      },
      "properties": {
        "probability": 0.8396264910697937,
        "lat": 6.121709953698039,
        "lon": -1.8092011357944777,
        "region": "Obuasi",
        "detected_at": "2026-03-02T06:20:50.747160",
        "model_version": "48px_v3.7_2024-01-10"
      }
    },
    {
      "type": "Feature",
      "geometry": {
        "type": "Point",
        "coordinates": [
          -1.8092011357944777,
          6.1173591875299165
        ]
      },
      "properties": {
        "probability": 0.9108594059944153,
        "lat": 6.1173591875299165,
        "lon": -1.8092011357944777,
        "region": "Obuasi",
        "detected_at": "2026-03-02T06:20:50.747247",
        "model_version": "48px_v3.7_2024-01-10"
      }
    },
    {
      "type": "Feature",
      "geometry": {
        "type": "Point",
        "coordinates": [
          -1.8092011357944777,
          6.115183804445856
        ]
      },
      "properties": {
        "probability": 0.9978352189064026,
        "lat": 6.115183804445856,
        "lon": -1.8092011357944777,
        "region": "Obuasi",
        "detected_at": "2026-03-02T06:20:50.747335",
        "model_version": "48px_v3.7_2024-01-10"
      }
    },
    {
      "type": "Feature",
      "geometry": {
        "type": "Point",
        "coordinates": [
          -1.8070277572027629,
          6.145639167622716
        ]
      },
      "properties": {
        "probability": 0.9999073147773743,
        "lat": 6.145639167622716,
        "lon": -1.8070277572027629,
        "region": "Obuasi",
        "detected_at": "2026-03-02T06:20:50.747422",
        "model_version": "48px_v3.7_2024-01-10"
      }
    },
    {
      "type": "Feature",
      "geometry": {
        "type": "Point",
        "coordinates": [
          -1.8070277572027629,
          6.143463784538653
        ]
      },
      "properties": {
        "probability": 0.9586648344993591,
        "lat": 6.143463784538653,
        "lon": -1.8070277572027629,
        "region": "Obuasi",
        "detected_at": "2026-03-02T06:20:50.747510",
        "model_version": "48px_v3.7_2024-01-10"
      }
    },
    {
      "type": "Feature",
      "geometry": {
        "type": "Point",
        "coordinates": [
          -1.8070277572027629,
          6.134762252202407
        ]
      },
      "properties": {
        "probability": 0.9239594340324402,
        "lat": 6.134762252202407,
        "lon": -1.8070277572027629,
        "region": "Obuasi",
        "detected_at": "2026-03-02T06:20:50.747598",
        "model_version": "48px_v3.7_2024-01-10"
      }
    },
    {
      "type": "Feature",
      "geometry": {
        "type": "Point",
        "coordinates": [
          -1.807027757202763,
          6.132586869118346
        ]
      },
      "properties": {
        "probability": 0.9999657869338989,
        "lat": 6.132586869118346,
        "lon": -1.807027757202763,
        "region": "Obuasi",
        "detected_at": "2026-03-02T06:20:50.747687",
        "model_version": "48px_v3.7_2024-01-10"
      }
    },
    {
      "type": "Feature",
      "geometry": {
        "type": "Point",
        "coordinates": [
          -1.8070277572027629,
          6.130411486034285
        ]
      },
      "properties": {
        "probability": 0.9999999403953552,
        "lat": 6.130411486034285,
        "lon": -1.8070277572027629,
        "region": "Obuasi",
        "detected_at": "2026-03-02T06:20:50.747775",
        "model_version": "48px_v3.7_2024-01-10"
      }
    },
    {
      "type": "Feature",
      "geometry": {
        "type": "Point",
        "coordinates": [
          -1.8070277572027629,
          6.128236102950224
        ]
      },
      "properties": {
        "probability": 1.0,
        "lat": 6.128236102950224,
        "lon": -1.8070277572027629,
        "region": "Obuasi",
        "detected_at": "2026-03-02T06:20:50.747888",
        "model_version": "48px_v3.7_2024-01-10"
      }
    },
    {
      "type": "Feature",
      "geometry": {
        "type": "Point",
        "coordinates": [
          -1.807027757202763,
          6.126060719866162
        ]
      },
      "properties": {
        "probability": 1.0,
        "lat": 6.126060719866162,
        "lon": -1.807027757202763,
        "region": "Obuasi",
        "detected_at": "2026-03-02T06:20:50.747981",
        "model_version": "48px_v3.7_2024-01-10"
      }
    },
    {
      "type": "Feature",
      "geometry": {
        "type": "Point",
        "coordinates": [
          -1.807027757202763,
          6.123885336782101
        ]
      },
      "properties": {
        "probability": 0.9999986290931702,
        "lat": 6.123885336782101,
        "lon": -1.807027757202763,
        "region": "Obuasi",
        "detected_at": "2026-03-02T06:20:50.748071",
        "model_version": "48px_v3.7_2024-01-10"
      }
    },
    {
      "type": "Feature",
      "geometry": {
        "type": "Point",
        "coordinates": [
          -1.8070277572027629,
          6.121709953698039
        ]
      },
      "properties": {
        "probability": 0.9926800727844238,
        "lat": 6.121709953698039,
        "lon": -1.8070277572027629,
        "region": "Obuasi",
        "detected_at": "2026-03-02T06:20:50.748159",
        "model_version": "48px_v3.7_2024-01-10"
      }
    },
    {
      "type": "Feature",
      "geometry": {
        "type": "Point",
        "coordinates": [
          -1.807027757202763,
          6.1173591875299165
        ]
      },
      "properties": {
        "probability": 0.8946594595909119,
        "lat": 6.1173591875299165,
        "lon": -1.807027757202763,
        "region": "Obuasi",
        "detected_at": "2026-03-02T06:20:50.748247",
        "model_version": "48px_v3.7_2024-01-10"
      }
    },
    {
      "type": "Feature",
      "geometry": {
        "type": "Point",
        "coordinates": [
          -1.8070277572027629,
          6.115183804445855
        ]
      },
      "properties": {
        "probability": 0.9998982548713684,
        "lat": 6.115183804445855,
        "lon": -1.8070277572027629,
        "region": "Obuasi",
        "detected_at": "2026-03-02T06:20:50.748335",
        "model_version": "48px_v3.7_2024-01-10"
      }
    },
    {
      "type": "Feature",
      "geometry": {
        "type": "Point",
        "coordinates": [
          -1.8070277572027629,
          6.113008421361795
        ]
      },
      "properties": {
        "probability": 0.9996902346611023,
        "lat": 6.113008421361795,
        "lon": -1.8070277572027629,
        "region": "Obuasi",
        "detected_at": "2026-03-02T06:20:50.748424",
        "model_version": "48px_v3.7_2024-01-10"
      }
    },
    {
      "type": "Feature",
      "geometry": {
        "type": "Point",
        "coordinates": [
          -1.807027757202763,
          6.1108330382777325
        ]
      },
      "properties": {
        "probability": 0.8447356820106506,
        "lat": 6.1108330382777325,
        "lon": -1.807027757202763,
        "region": "Obuasi",
        "detected_at": "2026-03-02T06:20:50.748512",
        "model_version": "48px_v3.7_2024-01-10"
      }
    },
    {
      "type": "Feature",
      "geometry": {
        "type": "Point",
        "coordinates": [
          -1.8048543786110485,
          6.134762252202407
        ]
      },
      "properties": {
        "probability": 0.8454914093017578,
        "lat": 6.134762252202407,
        "lon": -1.8048543786110485,
        "region": "Obuasi",
        "detected_at": "2026-03-02T06:20:50.748600",
        "model_version": "48px_v3.7_2024-01-10"
      }
    },
    {
      "type": "Feature",
      "geometry": {
        "type": "Point",
        "coordinates": [
          -1.8048543786110485,
          6.132586869118346
        ]
      },
      "properties": {
        "probability": 0.9997619986534119,
        "lat": 6.132586869118346,
        "lon": -1.8048543786110485,
        "region": "Obuasi",
        "detected_at": "2026-03-02T06:20:50.748695",
        "model_version": "48px_v3.7_2024-01-10"
      }
    },
    {
      "type": "Feature",
      "geometry": {
        "type": "Point",
        "coordinates": [
          -1.8048543786110485,
          6.130411486034285
        ]
      },
      "properties": {
        "probability": 0.999955415725708,
        "lat": 6.130411486034285,
        "lon": -1.8048543786110485,
        "region": "Obuasi",
        "detected_at": "2026-03-02T06:20:50.748783",
        "model_version": "48px_v3.7_2024-01-10"
      }
    },
    {
      "type": "Feature",
      "geometry": {
        "type": "Point",
        "coordinates": [
          -1.8048543786110485,
          6.128236102950224
        ]
      },
      "properties": {
        "probability": 0.9996431469917297,
        "lat": 6.128236102950224,
        "lon": -1.8048543786110485,
        "region": "Obuasi",
        "detected_at": "2026-03-02T06:20:50.748899",
        "model_version": "48px_v3.7_2024-01-10"
      }
    },
    {
      "type": "Feature",
      "geometry": {
        "type": "Point",
        "coordinates": [
          -1.8048543786110485,
          6.126060719866162
        ]
      },
      "properties": {
        "probability": 0.9994447827339172,
        "lat": 6.126060719866162,
        "lon": -1.8048543786110485,
        "region": "Obuasi",
        "detected_at": "2026-03-02T06:20:50.748991",
        "model_version": "48px_v3.7_2024-01-10"
      }
    },
    {
      "type": "Feature",
      "geometry": {
        "type": "Point",
        "coordinates": [
          -1.8048543786110485,
          6.123885336782101
        ]
      },
      "properties": {
        "probability": 0.9543988704681396,
        "lat": 6.123885336782101,
        "lon": -1.8048543786110485,
        "region": "Obuasi",
        "detected_at": "2026-03-02T06:20:50.749080",
        "model_version": "48px_v3.7_2024-01-10"
      }
    },
    {
      "type": "Feature",
      "geometry": {
        "type": "Point",
        "coordinates": [
          -1.8048543786110485,
          6.115183804445855
        ]
      },
      "properties": {
        "probability": 0.9036964774131775,
        "lat": 6.115183804445855,
        "lon": -1.8048543786110485,
        "region": "Obuasi",
        "detected_at": "2026-03-02T06:20:50.749167",
        "model_version": "48px_v3.7_2024-01-10"
      }
    },
    {
      "type": "Feature",
      "geometry": {
        "type": "Point",
        "coordinates": [
          -1.8048543786110485,
          6.113008421361795
        ]
      },
      "properties": {
        "probability": 0.9950804710388184,
        "lat": 6.113008421361795,
        "lon": -1.8048543786110485,
        "region": "Obuasi",
        "detected_at": "2026-03-02T06:20:50.749255",
        "model_version": "48px_v3.7_2024-01-10"
      }
    },
    {
      "type": "Feature",
      "geometry": {
        "type": "Point",
        "coordinates": [
          -1.8048543786110485,
          6.1108330382777325
        ]
      },
      "properties": {
        "probability": 0.9595407247543335,
        "lat": 6.1108330382777325,
        "lon": -1.8048543786110485,
        "region": "Obuasi",
        "detected_at": "2026-03-02T06:20:50.749435",
        "model_version": "48px_v3.7_2024-01-10"
      }
    },
    {
      "type": "Feature",
      "geometry": {
        "type": "Point",
        "coordinates": [
          -1.7136744138843425,
          6.162687457205611
        ]
      },
      "properties": {
        "probability": 0.853830099105835,
        "lat": 6.162687457205611,
        "lon": -1.7136744138843425,
        "region": "Obuasi",
        "detected_at": "2026-03-02T06:20:50.749525",
        "model_version": "48px_v3.7_2024-01-10"
      }
    },
    {
      "type": "Feature",
      "geometry": {
        "type": "Point",
        "coordinates": [
          -1.7115004454650844,
          6.167038974275672
        ]
      },
      "properties": {
        "probability": 0.8296006917953491,
        "lat": 6.167038974275672,
        "lon": -1.7115004454650844,
        "region": "Obuasi",
        "detected_at": "2026-03-02T06:20:50.749613",
        "model_version": "48px_v3.7_2024-01-10"
      }
    },
    {
      "type": "Feature",
      "geometry": {
        "type": "Point",
        "coordinates": [
          -1.8005071996346336,
          6.17586401560383
        ]
      },
      "properties": {
        "probability": 0.8710532188415527,
        "lat": 6.17586401560383,
        "lon": -1.8005071996346336,
        "region": "Obuasi",
        "detected_at": "2026-03-02T06:20:50.749700",
        "model_version": "48px_v3.7_2024-01-10"
      }
    },
    {
      "type": "Feature",
      "geometry": {
        "type": "Point",
        "coordinates": [
          -1.8005071996346336,
          6.173688425750365
        ]
      },
      "properties": {
        "probability": 0.9999313354492188,
        "lat": 6.173688425750365,
        "lon": -1.8005071996346336,
        "region": "Obuasi",
        "detected_at": "2026-03-02T06:20:50.749788",
        "model_version": "48px_v3.7_2024-01-10"
      }
    },
    {
      "type": "Feature",
      "geometry": {
        "type": "Point",
        "coordinates": [
          -1.8005071996346336,
          6.1715128358969
        ]
      },
      "properties": {
        "probability": 0.9999776482582092,
        "lat": 6.1715128358969,
        "lon": -1.8005071996346336,
        "region": "Obuasi",
        "detected_at": "2026-03-02T06:20:50.749917",
        "model_version": "48px_v3.7_2024-01-10"
      }
    },
    {
      "type": "Feature",
      "geometry": {
        "type": "Point",
        "coordinates": [
          -1.8005071996346336,
          6.169337246043435
        ]
      },
      "properties": {
        "probability": 0.9374198317527771,
        "lat": 6.169337246043435,
        "lon": -1.8005071996346336,
        "region": "Obuasi",
        "detected_at": "2026-03-02T06:20:50.750014",
        "model_version": "48px_v3.7_2024-01-10"
      }
    },
    {
      "type": "Feature",
      "geometry": {
        "type": "Point",
        "coordinates": [
          -1.8005071996346336,
          6.16716165618997
        ]
      },
      "properties": {
        "probability": 0.8153607845306396,
        "lat": 6.16716165618997,
        "lon": -1.8005071996346336,
        "region": "Obuasi",
        "detected_at": "2026-03-02T06:20:50.750103",
        "model_version": "48px_v3.7_2024-01-10"
      }
    },
    {
      "type": "Feature",
      "geometry": {
        "type": "Point",
        "coordinates": [
          -1.798333399249934,
          6.18021519531076
        ]
      },
      "properties": {
        "probability": 0.8611521124839783,
        "lat": 6.18021519531076,
        "lon": -1.798333399249934,
        "region": "Obuasi",
        "detected_at": "2026-03-02T06:20:50.750191",
        "model_version": "48px_v3.7_2024-01-10"
      }
    },
    {
      "type": "Feature",
      "geometry": {
        "type": "Point",
        "coordinates": [
          -1.798333399249934,
          6.178039605457295
        ]
      },
      "properties": {
        "probability": 0.9647377729415894,
        "lat": 6.178039605457295,
        "lon": -1.798333399249934,
        "region": "Obuasi",
        "detected_at": "2026-03-02T06:20:50.750279",
        "model_version": "48px_v3.7_2024-01-10"
      }
    },
    {
      "type": "Feature",
      "geometry": {
        "type": "Point",
        "coordinates": [
          -1.798333399249934,
          6.17586401560383
        ]
      },
      "properties": {
        "probability": 0.9944802522659302,
        "lat": 6.17586401560383,
        "lon": -1.798333399249934,
        "region": "Obuasi",
        "detected_at": "2026-03-02T06:20:50.750368",
        "model_version": "48px_v3.7_2024-01-10"
      }
    },
    {
      "type": "Feature",
      "geometry": {
        "type": "Point",
        "coordinates": [
          -1.798333399249934,
          6.173688425750365
        ]
      },
      "properties": {
        "probability": 0.9999977946281433,
        "lat": 6.173688425750365,
        "lon": -1.798333399249934,
        "region": "Obuasi",
        "detected_at": "2026-03-02T06:20:50.750461",
        "model_version": "48px_v3.7_2024-01-10"
      }
    },
    {
      "type": "Feature",
      "geometry": {
        "type": "Point",
        "coordinates": [
          -1.798333399249934,
          6.1715128358969
        ]
      },
      "properties": {
        "probability": 0.9999170303344727,
        "lat": 6.1715128358969,
        "lon": -1.798333399249934,
        "region": "Obuasi",
        "detected_at": "2026-03-02T06:20:50.750555",
        "model_version": "48px_v3.7_2024-01-10"
      }
    },
    {
      "type": "Feature",
      "geometry": {
        "type": "Point",
        "coordinates": [
          -1.7961595988652341,
          6.186741964871156
        ]
      },
      "properties": {
        "probability": 0.9313240051269531,
        "lat": 6.186741964871156,
        "lon": -1.7961595988652341,
        "region": "Obuasi",
        "detected_at": "2026-03-02T06:20:50.750645",
        "model_version": "48px_v3.7_2024-01-10"
      }
    },
    {
      "type": "Feature",
      "geometry": {
        "type": "Point",
        "coordinates": [
          -1.7961595988652341,
          6.184566375017691
        ]
      },
      "properties": {
        "probability": 0.9942960739135742,
        "lat": 6.184566375017691,
        "lon": -1.7961595988652341,
        "region": "Obuasi",
        "detected_at": "2026-03-02T06:20:50.750733",
        "model_version": "48px_v3.7_2024-01-10"
      }
    },
    {
      "type": "Feature",
      "geometry": {
        "type": "Point",
        "coordinates": [
          -1.7961595988652341,
          6.182390785164225
        ]
      },
      "properties": {
        "probability": 0.9999934434890747,
        "lat": 6.182390785164225,
        "lon": -1.7961595988652341,
        "region": "Obuasi",
        "detected_at": "2026-03-02T06:20:50.750822",
        "model_version": "48px_v3.7_2024-01-10"
      }
    },
    {
      "type": "Feature",
      "geometry": {
        "type": "Point",
        "coordinates": [
          -1.7961595988652341,
          6.18021519531076
        ]
      },
      "properties": {
        "probability": 0.9999968409538269,
        "lat": 6.18021519531076,
        "lon": -1.7961595988652341,
        "region": "Obuasi",
        "detected_at": "2026-03-02T06:20:50.750934",
        "model_version": "48px_v3.7_2024-01-10"
      }
    },
    {
      "type": "Feature",
      "geometry": {
        "type": "Point",
        "coordinates": [
          -1.7961595988652341,
          6.178039605457295
        ]
      },
      "properties": {
        "probability": 0.9999622106552124,
        "lat": 6.178039605457295,
        "lon": -1.7961595988652341,
        "region": "Obuasi",
        "detected_at": "2026-03-02T06:20:50.751026",
        "model_version": "48px_v3.7_2024-01-10"
      }
    },
    {
      "type": "Feature",
      "geometry": {
        "type": "Point",
        "coordinates": [
          -1.7961595988652341,
          6.17586401560383
        ]
      },
      "properties": {
        "probability": 0.8063762784004211,
        "lat": 6.17586401560383,
        "lon": -1.7961595988652341,
        "region": "Obuasi",
        "detected_at": "2026-03-02T06:20:50.751114",
        "model_version": "48px_v3.7_2024-01-10"
      }
    },
    {
      "type": "Feature",
      "geometry": {
        "type": "Point",
        "coordinates": [
          -1.7939857984805345,
          6.184566375017691
        ]
      },
      "properties": {
        "probability": 0.9997383952140808,
        "lat": 6.184566375017691,
        "lon": -1.7939857984805345,
        "region": "Obuasi",
        "detected_at": "2026-03-02T06:20:50.751202",
        "model_version": "48px_v3.7_2024-01-10"
      }
    },
    {
      "type": "Feature",
      "geometry": {
        "type": "Point",
        "coordinates": [
          -1.7939857984805343,
          6.182390785164225
        ]
      },
      "properties": {
        "probability": 0.9999975562095642,
        "lat": 6.182390785164225,
        "lon": -1.7939857984805343,
        "region": "Obuasi",
        "detected_at": "2026-03-02T06:20:50.751290",
        "model_version": "48px_v3.7_2024-01-10"
      }
    },
    {
      "type": "Feature",
      "geometry": {
        "type": "Point",
        "coordinates": [
          -1.7939857984805343,
          6.18021519531076
        ]
      },
      "properties": {
        "probability": 0.9998438358306885,
        "lat": 6.18021519531076,
        "lon": -1.7939857984805343,
        "region": "Obuasi",
        "detected_at": "2026-03-02T06:20:50.751378",
        "model_version": "48px_v3.7_2024-01-10"
      }
    },
    {
      "type": "Feature",
      "geometry": {
        "type": "Point",
        "coordinates": [
          -1.7939857984805343,
          6.178039605457295
        ]
      },
      "properties": {
        "probability": 0.9314915537834167,
        "lat": 6.178039605457295,
        "lon": -1.7939857984805343,
        "region": "Obuasi",
        "detected_at": "2026-03-02T06:20:50.751468",
        "model_version": "48px_v3.7_2024-01-10"
      }
    },
    {
      "type": "Feature",
      "geometry": {
        "type": "Point",
        "coordinates": [
          -1.7918119980958345,
          6.184566375017691
        ]
      },
      "properties": {
        "probability": 0.9933622479438782,
        "lat": 6.184566375017691,
        "lon": -1.7918119980958345,
        "region": "Obuasi",
        "detected_at": "2026-03-02T06:20:50.751556",
        "model_version": "48px_v3.7_2024-01-10"
      }
    },
    {
      "type": "Feature",
      "geometry": {
        "type": "Point",
        "coordinates": [
          -1.7918119980958347,
          6.182390785164225
        ]
      },
      "properties": {
        "probability": 0.9404934644699097,
        "lat": 6.182390785164225,
        "lon": -1.7918119980958347,
        "region": "Obuasi",
        "detected_at": "2026-03-02T06:20:50.751645",
        "model_version": "48px_v3.7_2024-01-10"
      }
    },
    {
      "type": "Feature",
      "geometry": {
        "type": "Point",
        "coordinates": [
          -1.7896381977111344,
          6.18891755472462
        ]
      },
      "properties": {
        "probability": 0.9800121188163757,
        "lat": 6.18891755472462,
        "lon": -1.7896381977111344,
        "region": "Obuasi",
        "detected_at": "2026-03-02T06:20:50.751733",
        "model_version": "48px_v3.7_2024-01-10"
      }
    },
    {
      "type": "Feature",
      "geometry": {
        "type": "Point",
        "coordinates": [
          -1.7896381977111344,
          6.186741964871156
        ]
      },
      "properties": {
        "probability": 0.999274492263794,
        "lat": 6.186741964871156,
        "lon": -1.7896381977111344,
        "region": "Obuasi",
        "detected_at": "2026-03-02T06:20:50.751821",
        "model_version": "48px_v3.7_2024-01-10"
      }
    },
    {
      "type": "Feature",
      "geometry": {
        "type": "Point",
        "coordinates": [
          -1.7896381977111344,
          6.184566375017691
        ]
      },
      "properties": {
        "probability": 0.9691970348358154,
        "lat": 6.184566375017691,
        "lon": -1.7896381977111344,
        "region": "Obuasi",
        "detected_at": "2026-03-02T06:20:50.751934",
        "model_version": "48px_v3.7_2024-01-10"
      }
    },
    {
      "type": "Feature",
      "geometry": {
        "type": "Point",
        "coordinates": [
          -1.7874643973264348,
          6.195444324285015
        ]
      },
      "properties": {
        "probability": 0.9586960673332214,
        "lat": 6.195444324285015,
        "lon": -1.7874643973264348,
        "region": "Obuasi",
        "detected_at": "2026-03-02T06:20:50.752023",
        "model_version": "48px_v3.7_2024-01-10"
      }
    },
    {
      "type": "Feature",
      "geometry": {
        "type": "Point",
        "coordinates": [
          -1.7874643973264348,
          6.19326873443155
        ]
      },
      "properties": {
        "probability": 0.998727560043335,
        "lat": 6.19326873443155,
        "lon": -1.7874643973264348,
        "region": "Obuasi",
        "detected_at": "2026-03-02T06:20:50.752113",
        "model_version": "48px_v3.7_2024-01-10"
      }
    },
    {
      "type": "Feature",
      "geometry": {
        "type": "Point",
        "coordinates": [
          -1.7874643973264348,
          6.191093144578085
        ]
      },
      "properties": {
        "probability": 0.9999569058418274,
        "lat": 6.191093144578085,
        "lon": -1.7874643973264348,
        "region": "Obuasi",
        "detected_at": "2026-03-02T06:20:50.752202",
        "model_version": "48px_v3.7_2024-01-10"
      }
    },
    {
      "type": "Feature",
      "geometry": {
        "type": "Point",
        "coordinates": [
          -1.7874643973264348,
          6.18891755472462
        ]
      },
      "properties": {
        "probability": 0.9997286796569824,
        "lat": 6.18891755472462,
        "lon": -1.7874643973264348,
        "region": "Obuasi",
        "detected_at": "2026-03-02T06:20:50.752289",
        "model_version": "48px_v3.7_2024-01-10"
      }
    },
    {
      "type": "Feature",
      "geometry": {
        "type": "Point",
        "coordinates": [
          -1.7874643973264348,
          6.186741964871156
        ]
      },
      "properties": {
        "probability": 0.9987236261367798,
        "lat": 6.186741964871156,
        "lon": -1.7874643973264348,
        "region": "Obuasi",
        "detected_at": "2026-03-02T06:20:50.752385",
        "model_version": "48px_v3.7_2024-01-10"
      }
    },
    {
      "type": "Feature",
      "geometry": {
        "type": "Point",
        "coordinates": [
          -1.785290596941735,
          6.197619914138481
        ]
      },
      "properties": {
        "probability": 0.9976643919944763,
        "lat": 6.197619914138481,
        "lon": -1.785290596941735,
        "region": "Obuasi",
        "detected_at": "2026-03-02T06:20:50.752474",
        "model_version": "48px_v3.7_2024-01-10"
      }
    },
    {
      "type": "Feature",
      "geometry": {
        "type": "Point",
        "coordinates": [
          -1.785290596941735,
          6.195444324285015
        ]
      },
      "properties": {
        "probability": 0.9994152188301086,
        "lat": 6.195444324285015,
        "lon": -1.785290596941735,
        "region": "Obuasi",
        "detected_at": "2026-03-02T06:20:50.752562",
        "model_version": "48px_v3.7_2024-01-10"
      }
    },
    {
      "type": "Feature",
      "geometry": {
        "type": "Point",
        "coordinates": [
          -1.785290596941735,
          6.19326873443155
        ]
      },
      "properties": {
        "probability": 0.9997215270996094,
        "lat": 6.19326873443155,
        "lon": -1.785290596941735,
        "region": "Obuasi",
        "detected_at": "2026-03-02T06:20:50.752652",
        "model_version": "48px_v3.7_2024-01-10"
      }
    },
    {
      "type": "Feature",
      "geometry": {
        "type": "Point",
        "coordinates": [
          -1.785290596941735,
          6.191093144578085
        ]
      },
      "properties": {
        "probability": 0.9999907612800598,
        "lat": 6.191093144578085,
        "lon": -1.785290596941735,
        "region": "Obuasi",
        "detected_at": "2026-03-02T06:20:50.752740",
        "model_version": "48px_v3.7_2024-01-10"
      }
    },
    {
      "type": "Feature",
      "geometry": {
        "type": "Point",
        "coordinates": [
          -1.785290596941735,
          6.18891755472462
        ]
      },
      "properties": {
        "probability": 0.9999741911888123,
        "lat": 6.18891755472462,
        "lon": -1.785290596941735,
        "region": "Obuasi",
        "detected_at": "2026-03-02T06:20:50.752869",
        "model_version": "48px_v3.7_2024-01-10"
      }
    },
    {
      "type": "Feature",
      "geometry": {
        "type": "Point",
        "coordinates": [
          -1.7852905969417352,
          6.186741964871156
        ]
      },
      "properties": {
        "probability": 0.9536800980567932,
        "lat": 6.186741964871156,
        "lon": -1.7852905969417352,
        "region": "Obuasi",
        "detected_at": "2026-03-02T06:20:50.753026",
        "model_version": "48px_v3.7_2024-01-10"
      }
    },
    {
      "type": "Feature",
      "geometry": {
        "type": "Point",
        "coordinates": [
          -1.7831167965570351,
          6.197619914138481
        ]
      },
      "properties": {
        "probability": 0.9999964237213135,
        "lat": 6.197619914138481,
        "lon": -1.7831167965570351,
        "region": "Obuasi",
        "detected_at": "2026-03-02T06:20:50.753124",
        "model_version": "48px_v3.7_2024-01-10"
      }
    },
    {
      "type": "Feature",
      "geometry": {
        "type": "Point",
        "coordinates": [
          -1.7831167965570351,
          6.195444324285015
        ]
      },
      "properties": {
        "probability": 0.9999260902404785,
        "lat": 6.195444324285015,
        "lon": -1.7831167965570351,
        "region": "Obuasi",
        "detected_at": "2026-03-02T06:20:50.753214",
        "model_version": "48px_v3.7_2024-01-10"
      }
    },
    {
      "type": "Feature",
      "geometry": {
        "type": "Point",
        "coordinates": [
          -1.7831167965570351,
          6.19326873443155
        ]
      },
      "properties": {
        "probability": 0.9998338222503662,
        "lat": 6.19326873443155,
        "lon": -1.7831167965570351,
        "region": "Obuasi",
        "detected_at": "2026-03-02T06:20:50.753304",
        "model_version": "48px_v3.7_2024-01-10"
      }
    },
    {
      "type": "Feature",
      "geometry": {
        "type": "Point",
        "coordinates": [
          -1.7831167965570351,
          6.191093144578085
        ]
      },
      "properties": {
        "probability": 0.9998398423194885,
        "lat": 6.191093144578085,
        "lon": -1.7831167965570351,
        "region": "Obuasi",
        "detected_at": "2026-03-02T06:20:50.753391",
        "model_version": "48px_v3.7_2024-01-10"
      }
    },
    {
      "type": "Feature",
      "geometry": {
        "type": "Point",
        "coordinates": [
          -1.7831167965570351,
          6.18891755472462
        ]
      },
      "properties": {
        "probability": 0.9955322742462158,
        "lat": 6.18891755472462,
        "lon": -1.7831167965570351,
        "region": "Obuasi",
        "detected_at": "2026-03-02T06:20:50.753486",
        "model_version": "48px_v3.7_2024-01-10"
      }
    },
    {
      "type": "Feature",
      "geometry": {
        "type": "Point",
        "coordinates": [
          -1.7831167965570351,
          6.1715128358969
        ]
      },
      "properties": {
        "probability": 0.9019388556480408,
        "lat": 6.1715128358969,
        "lon": -1.7831167965570351,
        "region": "Obuasi",
        "detected_at": "2026-03-02T06:20:50.753577",
        "model_version": "48px_v3.7_2024-01-10"
      }
    },
    {
      "type": "Feature",
      "geometry": {
        "type": "Point",
        "coordinates": [
          -1.7831167965570351,
          6.169337246043435
        ]
      },
      "properties": {
        "probability": 0.9916588068008423,
        "lat": 6.169337246043435,
        "lon": -1.7831167965570351,
        "region": "Obuasi",
        "detected_at": "2026-03-02T06:20:50.753665",
        "model_version": "48px_v3.7_2024-01-10"
      }
    },
    {
      "type": "Feature",
      "geometry": {
        "type": "Point",
        "coordinates": [
          -1.7831167965570351,
          6.149756937362252
        ]
      },
      "properties": {
        "probability": 0.8016380071640015,
        "lat": 6.149756937362252,
        "lon": -1.7831167965570351,
        "region": "Obuasi",
        "detected_at": "2026-03-02T06:20:50.753753",
        "model_version": "48px_v3.7_2024-01-10"
      }
    },
    {
      "type": "Feature",
      "geometry": {
        "type": "Point",
        "coordinates": [
          -1.7809429961723355,
          6.197619914138481
        ]
      },
      "properties": {
        "probability": 0.9999986290931702,
        "lat": 6.197619914138481,
        "lon": -1.7809429961723355,
        "region": "Obuasi",
        "detected_at": "2026-03-02T06:20:50.753861",
        "model_version": "48px_v3.7_2024-01-10"
      }
    },
    {
      "type": "Feature",
      "geometry": {
        "type": "Point",
        "coordinates": [
          -1.7809429961723355,
          6.195444324285015
        ]
      },
      "properties": {
        "probability": 0.9999864101409912,
        "lat": 6.195444324285015,
        "lon": -1.7809429961723355,
        "region": "Obuasi",
        "detected_at": "2026-03-02T06:20:50.753955",
        "model_version": "48px_v3.7_2024-01-10"
      }
    },
    {
      "type": "Feature",
      "geometry": {
        "type": "Point",
        "coordinates": [
          -1.7809429961723355,
          6.19326873443155
        ]
      },
      "properties": {
        "probability": 0.9788550734519958,
        "lat": 6.19326873443155,
        "lon": -1.7809429961723355,
        "region": "Obuasi",
        "detected_at": "2026-03-02T06:20:50.754044",
        "model_version": "48px_v3.7_2024-01-10"
      }
    },
    {
      "type": "Feature",
      "geometry": {
        "type": "Point",
        "coordinates": [
          -1.7809429961723355,
          6.1715128358969
        ]
      },
      "properties": {
        "probability": 0.9300849437713623,
        "lat": 6.1715128358969,
        "lon": -1.7809429961723355,
        "region": "Obuasi",
        "detected_at": "2026-03-02T06:20:50.754130",
        "model_version": "48px_v3.7_2024-01-10"
      }
    },
    {
      "type": "Feature",
      "geometry": {
        "type": "Point",
        "coordinates": [
          -1.7809429961723355,
          6.169337246043435
        ]
      },
      "properties": {
        "probability": 0.9983184337615967,
        "lat": 6.169337246043435,
        "lon": -1.7809429961723355,
        "region": "Obuasi",
        "detected_at": "2026-03-02T06:20:50.754224",
        "model_version": "48px_v3.7_2024-01-10"
      }
    },
    {
      "type": "Feature",
      "geometry": {
        "type": "Point",
        "coordinates": [
          -1.7787691957876353,
          6.197619914138481
        ]
      },
      "properties": {
        "probability": 0.9993631839752197,
        "lat": 6.197619914138481,
        "lon": -1.7787691957876353,
        "region": "Obuasi",
        "detected_at": "2026-03-02T06:20:50.754311",
        "model_version": "48px_v3.7_2024-01-10"
      }
    },
    {
      "type": "Feature",
      "geometry": {
        "type": "Point",
        "coordinates": [
          -1.7787691957876353,
          6.195444324285015
        ]
      },
      "properties": {
        "probability": 0.9841048717498779,
        "lat": 6.195444324285015,
        "lon": -1.7787691957876353,
        "region": "Obuasi",
        "detected_at": "2026-03-02T06:20:50.754398",
        "model_version": "48px_v3.7_2024-01-10"
      }
    },
    {
      "type": "Feature",
      "geometry": {
        "type": "Point",
        "coordinates": [
          -1.7765953954029354,
          6.197619914138481
        ]
      },
      "properties": {
        "probability": 0.9967884421348572,
        "lat": 6.197619914138481,
        "lon": -1.7765953954029354,
        "region": "Obuasi",
        "detected_at": "2026-03-02T06:20:50.754485",
        "model_version": "48px_v3.7_2024-01-10"
      }
    },
    {
      "type": "Feature",
      "geometry": {
        "type": "Point",
        "coordinates": [
          -1.7744215950182358,
          6.197619914138481
        ]
      },
      "properties": {
        "probability": 0.8650813102722168,
        "lat": 6.197619914138481,
        "lon": -1.7744215950182358,
        "region": "Obuasi",
        "detected_at": "2026-03-02T06:20:50.754573",
        "model_version": "48px_v3.7_2024-01-10"
      }
    },
    {
      "type": "Feature",
      "geometry": {
        "type": "Point",
        "coordinates": [
          -1.7744215950182358,
          6.195444324285015
        ]
      },
      "properties": {
        "probability": 0.9581288695335388,
        "lat": 6.195444324285015,
        "lon": -1.7744215950182358,
        "region": "Obuasi",
        "detected_at": "2026-03-02T06:20:50.754661",
        "model_version": "48px_v3.7_2024-01-10"
      }
    },
    {
      "type": "Feature",
      "geometry": {
        "type": "Point",
        "coordinates": [
          -1.772247794633536,
          6.195444324285015
        ]
      },
      "properties": {
        "probability": 0.9806481003761292,
        "lat": 6.195444324285015,
        "lon": -1.772247794633536,
        "region": "Obuasi",
        "detected_at": "2026-03-02T06:20:50.754748",
        "model_version": "48px_v3.7_2024-01-10"
      }
    },
    {
      "type": "Feature",
      "geometry": {
        "type": "Point",
        "coordinates": [
          -1.772247794633536,
          6.19326873443155
        ]
      },
      "properties": {
        "probability": 0.8843046426773071,
        "lat": 6.19326873443155,
        "lon": -1.772247794633536,
        "region": "Obuasi",
        "detected_at": "2026-03-02T06:20:50.754853",
        "model_version": "48px_v3.7_2024-01-10"
      }
    },
    {
      "type": "Feature",
      "geometry": {
        "type": "Point",
        "coordinates": [
          -1.772247794633536,
          6.173688425750365
        ]
      },
      "properties": {
        "probability": 0.8387365937232971,
        "lat": 6.173688425750365,
        "lon": -1.772247794633536,
        "region": "Obuasi",
        "detected_at": "2026-03-02T06:20:50.754946",
        "model_version": "48px_v3.7_2024-01-10"
      }
    },
    {
      "type": "Feature",
      "geometry": {
        "type": "Point",
        "coordinates": [
          -1.7700739942488364,
          6.19326873443155
        ]
      },
      "properties": {
        "probability": 0.8218816518783569,
        "lat": 6.19326873443155,
        "lon": -1.7700739942488364,
        "region": "Obuasi",
        "detected_at": "2026-03-02T06:20:50.755035",
        "model_version": "48px_v3.7_2024-01-10"
      }
    },
    {
      "type": "Feature",
      "geometry": {
        "type": "Point",
        "coordinates": [
          -1.7700739942488364,
          6.16716165618997
        ]
      },
      "properties": {
        "probability": 0.9322870969772339,
        "lat": 6.16716165618997,
        "lon": -1.7700739942488364,
        "region": "Obuasi",
        "detected_at": "2026-03-02T06:20:50.755122",
        "model_version": "48px_v3.7_2024-01-10"
      }
    },
    {
      "type": "Feature",
      "geometry": {
        "type": "Point",
        "coordinates": [
          -1.7700739942488364,
          6.149756937362252
        ]
      },
      "properties": {
        "probability": 0.9700957536697388,
        "lat": 6.149756937362252,
        "lon": -1.7700739942488364,
        "region": "Obuasi",
        "detected_at": "2026-03-02T06:20:50.755208",
        "model_version": "48px_v3.7_2024-01-10"
      }
    },
    {
      "type": "Feature",
      "geometry": {
        "type": "Point",
        "coordinates": [
          -1.7679001938641363,
          6.19326873443155
        ]
      },
      "properties": {
        "probability": 0.9368969202041626,
        "lat": 6.19326873443155,
        "lon": -1.7679001938641363,
        "region": "Obuasi",
        "detected_at": "2026-03-02T06:20:50.755295",
        "model_version": "48px_v3.7_2024-01-10"
      }
    },
    {
      "type": "Feature",
      "geometry": {
        "type": "Point",
        "coordinates": [
          -1.7679001938641363,
          6.191093144578085
        ]
      },
      "properties": {
        "probability": 0.9420830607414246,
        "lat": 6.191093144578085,
        "lon": -1.7679001938641363,
        "region": "Obuasi",
        "detected_at": "2026-03-02T06:20:50.755382",
        "model_version": "48px_v3.7_2024-01-10"
      }
    },
    {
      "type": "Feature",
      "geometry": {
        "type": "Point",
        "coordinates": [
          -1.7679001938641363,
          6.16716165618997
        ]
      },
      "properties": {
        "probability": 0.9995022416114807,
        "lat": 6.16716165618997,
        "lon": -1.7679001938641363,
        "region": "Obuasi",
        "detected_at": "2026-03-02T06:20:50.755473",
        "model_version": "48px_v3.7_2024-01-10"
      }
    },
    {
      "type": "Feature",
      "geometry": {
        "type": "Point",
        "coordinates": [
          -1.7679001938641363,
          6.164986066336505
        ]
      },
      "properties": {
        "probability": 0.9510121941566467,
        "lat": 6.164986066336505,
        "lon": -1.7679001938641363,
        "region": "Obuasi",
        "detected_at": "2026-03-02T06:20:50.755560",
        "model_version": "48px_v3.7_2024-01-10"
      }
    },
    {
      "type": "Feature",
      "geometry": {
        "type": "Point",
        "coordinates": [
          -1.767900193864136,
          6.162810476483042
        ]
      },
      "properties": {
        "probability": 0.9956005215644836,
        "lat": 6.162810476483042,
        "lon": -1.767900193864136,
        "region": "Obuasi",
        "detected_at": "2026-03-02T06:20:50.755648",
        "model_version": "48px_v3.7_2024-01-10"
      }
    },
    {
      "type": "Feature",
      "geometry": {
        "type": "Point",
        "coordinates": [
          -1.767900193864136,
          6.160634886629577
        ]
      },
      "properties": {
        "probability": 0.9975987672805786,
        "lat": 6.160634886629577,
        "lon": -1.767900193864136,
        "region": "Obuasi",
        "detected_at": "2026-03-02T06:20:50.755734",
        "model_version": "48px_v3.7_2024-01-10"
      }
    },
    {
      "type": "Feature",
      "geometry": {
        "type": "Point",
        "coordinates": [
          -1.7679001938641363,
          6.158459296776112
        ]
      },
      "properties": {
        "probability": 0.8289271593093872,
        "lat": 6.158459296776112,
        "lon": -1.7679001938641363,
        "region": "Obuasi",
        "detected_at": "2026-03-02T06:20:50.755820",
        "model_version": "48px_v3.7_2024-01-10"
      }
    },
    {
      "type": "Feature",
      "geometry": {
        "type": "Point",
        "coordinates": [
          -1.7679001938641363,
          6.151932527215717
        ]
      },
      "properties": {
        "probability": 0.917953610420227,
        "lat": 6.151932527215717,
        "lon": -1.7679001938641363,
        "region": "Obuasi",
        "detected_at": "2026-03-02T06:20:50.755929",
        "model_version": "48px_v3.7_2024-01-10"
      }
    },
    {
      "type": "Feature",
      "geometry": {
        "type": "Point",
        "coordinates": [
          -1.7679001938641363,
          6.149756937362252
        ]
      },
      "properties": {
        "probability": 0.997008740901947,
        "lat": 6.149756937362252,
        "lon": -1.7679001938641363,
        "region": "Obuasi",
        "detected_at": "2026-03-02T06:20:50.756024",
        "model_version": "48px_v3.7_2024-01-10"
      }
    },
    {
      "type": "Feature",
      "geometry": {
        "type": "Point",
        "coordinates": [
          -1.7657263934794363,
          6.19326873443155
        ]
      },
      "properties": {
        "probability": 0.831559956073761,
        "lat": 6.19326873443155,
        "lon": -1.7657263934794363,
        "region": "Obuasi",
        "detected_at": "2026-03-02T06:20:50.756113",
        "model_version": "48px_v3.7_2024-01-10"
      }
    },
    {
      "type": "Feature",
      "geometry": {
        "type": "Point",
        "coordinates": [
          -1.7657263934794363,
          6.191093144578085
        ]
      },
      "properties": {
        "probability": 0.9971520304679871,
        "lat": 6.191093144578085,
        "lon": -1.7657263934794363,
        "region": "Obuasi",
        "detected_at": "2026-03-02T06:20:50.756199",
        "model_version": "48px_v3.7_2024-01-10"
      }
    },
    {
      "type": "Feature",
      "geometry": {
        "type": "Point",
        "coordinates": [
          -1.7657263934794363,
          6.16716165618997
        ]
      },
      "properties": {
        "probability": 0.8138257265090942,
        "lat": 6.16716165618997,
        "lon": -1.7657263934794363,
        "region": "Obuasi",
        "detected_at": "2026-03-02T06:20:50.756286",
        "model_version": "48px_v3.7_2024-01-10"
      }
    },
    {
      "type": "Feature",
      "geometry": {
        "type": "Point",
        "coordinates": [
          -1.7657263934794363,
          6.164986066336505
        ]
      },
      "properties": {
        "probability": 0.9899353981018066,
        "lat": 6.164986066336505,
        "lon": -1.7657263934794363,
        "region": "Obuasi",
        "detected_at": "2026-03-02T06:20:50.756380",
        "model_version": "48px_v3.7_2024-01-10"
      }
    },
    {
      "type": "Feature",
      "geometry": {
        "type": "Point",
        "coordinates": [
          -1.7657263934794365,
          6.162810476483042
        ]
      },
      "properties": {
        "probability": 0.9989473819732666,
        "lat": 6.162810476483042,
        "lon": -1.7657263934794365,
        "region": "Obuasi",
        "detected_at": "2026-03-02T06:20:50.756468",
        "model_version": "48px_v3.7_2024-01-10"
      }
    },
    {
      "type": "Feature",
      "geometry": {
        "type": "Point",
        "coordinates": [
          -1.7657263934794365,
          6.160634886629577
        ]
      },
      "properties": {
        "probability": 0.9786996245384216,
        "lat": 6.160634886629577,
        "lon": -1.7657263934794365,
        "region": "Obuasi",
        "detected_at": "2026-03-02T06:20:50.756556",
        "model_version": "48px_v3.7_2024-01-10"
      }
    },
    {
      "type": "Feature",
      "geometry": {
        "type": "Point",
        "coordinates": [
          -1.7635525930947369,
          6.19326873443155
        ]
      },
      "properties": {
        "probability": 0.8641616702079773,
        "lat": 6.19326873443155,
        "lon": -1.7635525930947369,
        "region": "Obuasi",
        "detected_at": "2026-03-02T06:20:50.756643",
        "model_version": "48px_v3.7_2024-01-10"
      }
    },
    {
      "type": "Feature",
      "geometry": {
        "type": "Point",
        "coordinates": [
          -1.7635525930947369,
          6.191093144578085
        ]
      },
      "properties": {
        "probability": 0.9989913702011108,
        "lat": 6.191093144578085,
        "lon": -1.7635525930947369,
        "region": "Obuasi",
        "detected_at": "2026-03-02T06:20:50.756729",
        "model_version": "48px_v3.7_2024-01-10"
      }
    },
    {
      "type": "Feature",
      "geometry": {
        "type": "Point",
        "coordinates": [
          -1.7635525930947369,
          6.164986066336505
        ]
      },
      "properties": {
        "probability": 0.9733885526657104,
        "lat": 6.164986066336505,
        "lon": -1.7635525930947369,
        "region": "Obuasi",
        "detected_at": "2026-03-02T06:20:50.756815",
        "model_version": "48px_v3.7_2024-01-10"
      }
    },
    {
      "type": "Feature",
      "geometry": {
        "type": "Point",
        "coordinates": [
          -1.7635525930947369,
          6.162810476483042
        ]
      },
      "properties": {
        "probability": 0.9586890935897827,
        "lat": 6.162810476483042,
        "lon": -1.7635525930947369,
        "region": "Obuasi",
        "detected_at": "2026-03-02T06:20:50.756923",
        "model_version": "48px_v3.7_2024-01-10"
      }
    },
    {
      "type": "Feature",
      "geometry": {
        "type": "Point",
        "coordinates": [
          -1.7613787927100368,
          6.19326873443155
        ]
      },
      "properties": {
        "probability": 0.8696640133857727,
        "lat": 6.19326873443155,
        "lon": -1.7613787927100368,
        "region": "Obuasi",
        "detected_at": "2026-03-02T06:20:50.757012",
        "model_version": "48px_v3.7_2024-01-10"
      }
    },
    {
      "type": "Feature",
      "geometry": {
        "type": "Point",
        "coordinates": [
          -1.7613787927100368,
          6.191093144578085
        ]
      },
      "properties": {
        "probability": 0.9426969289779663,
        "lat": 6.191093144578085,
        "lon": -1.7613787927100368,
        "region": "Obuasi",
        "detected_at": "2026-03-02T06:20:50.757101",
        "model_version": "48px_v3.7_2024-01-10"
      }
    },
    {
      "type": "Feature",
      "geometry": {
        "type": "Point",
        "coordinates": [
          -1.7613787927100368,
          6.186741964871156
        ]
      },
      "properties": {
        "probability": 0.8047599792480469,
        "lat": 6.186741964871156,
        "lon": -1.7613787927100368,
        "region": "Obuasi",
        "detected_at": "2026-03-02T06:20:50.757188",
        "model_version": "48px_v3.7_2024-01-10"
      }
    },
    {
      "type": "Feature",
      "geometry": {
        "type": "Point",
        "coordinates": [
          -1.7592049923253368,
          6.19326873443155
        ]
      },
      "properties": {
        "probability": 0.8421493768692017,
        "lat": 6.19326873443155,
        "lon": -1.7592049923253368,
        "region": "Obuasi",
        "detected_at": "2026-03-02T06:20:50.757276",
        "model_version": "48px_v3.7_2024-01-10"
      }
    },
    {
      "type": "Feature",
      "geometry": {
        "type": "Point",
        "coordinates": [
          -1.7592049923253368,
          6.191093144578085
        ]
      },
      "properties": {
        "probability": 0.9600818157196045,
        "lat": 6.191093144578085,
        "lon": -1.7592049923253368,
        "region": "Obuasi",
        "detected_at": "2026-03-02T06:20:50.757363",
        "model_version": "48px_v3.7_2024-01-10"
      }
    },
    {
      "type": "Feature",
      "geometry": {
        "type": "Point",
        "coordinates": [
          -1.7592049923253368,
          6.18891755472462
        ]
      },
      "properties": {
        "probability": 0.9980143308639526,
        "lat": 6.18891755472462,
        "lon": -1.7592049923253368,
        "region": "Obuasi",
        "detected_at": "2026-03-02T06:20:50.757449",
        "model_version": "48px_v3.7_2024-01-10"
      }
    },
    {
      "type": "Feature",
      "geometry": {
        "type": "Point",
        "coordinates": [
          -1.7592049923253368,
          6.1715128358969
        ]
      },
      "properties": {
        "probability": 0.9173365831375122,
        "lat": 6.1715128358969,
        "lon": -1.7592049923253368,
        "region": "Obuasi",
        "detected_at": "2026-03-02T06:20:50.757536",
        "model_version": "48px_v3.7_2024-01-10"
      }
    },
    {
      "type": "Feature",
      "geometry": {
        "type": "Point",
        "coordinates": [
          -1.7570311919406372,
          6.18891755472462
        ]
      },
      "properties": {
        "probability": 0.9951488971710205,
        "lat": 6.18891755472462,
        "lon": -1.7570311919406372,
        "region": "Obuasi",
        "detected_at": "2026-03-02T06:20:50.757623",
        "model_version": "48px_v3.7_2024-01-10"
      }
    },
    {
      "type": "Feature",
      "geometry": {
        "type": "Point",
        "coordinates": [
          -1.7570311919406374,
          6.186741964871156
        ]
      },
      "properties": {
        "probability": 0.8011514544487,
        "lat": 6.186741964871156,
        "lon": -1.7570311919406374,
        "region": "Obuasi",
        "detected_at": "2026-03-02T06:20:50.757718",
        "model_version": "48px_v3.7_2024-01-10"
      }
    },
    {
      "type": "Feature",
      "geometry": {
        "type": "Point",
        "coordinates": [
          -1.7548573915559373,
          6.18891755472462
        ]
      },
      "properties": {
        "probability": 0.9565067291259766,
        "lat": 6.18891755472462,
        "lon": -1.7548573915559373,
        "region": "Obuasi",
        "detected_at": "2026-03-02T06:20:50.757805",
        "model_version": "48px_v3.7_2024-01-10"
      }
    },
    {
      "type": "Feature",
      "geometry": {
        "type": "Point",
        "coordinates": [
          -1.8416893460659052,
          6.149875901436924
        ]
      },
      "properties": {
        "probability": 0.8734245896339417,
        "lat": 6.149875901436924,
        "lon": -1.8416893460659052,
        "region": "Obuasi",
        "detected_at": "2026-03-02T06:20:50.757931",
        "model_version": "48px_v3.7_2024-01-10"
      }
    },
    {
      "type": "Feature",
      "geometry": {
        "type": "Point",
        "coordinates": [
          -1.8264739325105073,
          6.19555970777421
        ]
      },
      "properties": {
        "probability": 0.947039783000946,
        "lat": 6.19555970777421,
        "lon": -1.8264739325105073,
        "region": "Obuasi",
        "detected_at": "2026-03-02T06:20:50.758019",
        "model_version": "48px_v3.7_2024-01-10"
      }
    },
    {
      "type": "Feature",
      "geometry": {
        "type": "Point",
        "coordinates": [
          -1.8264739325105073,
          6.193384288424815
        ]
      },
      "properties": {
        "probability": 0.9386601448059082,
        "lat": 6.193384288424815,
        "lon": -1.8264739325105073,
        "region": "Obuasi",
        "detected_at": "2026-03-02T06:20:50.758106",
        "model_version": "48px_v3.7_2024-01-10"
      }
    },
    {
      "type": "Feature",
      "geometry": {
        "type": "Point",
        "coordinates": [
          -1.824300302002593,
          6.175980933629657
        ]
      },
      "properties": {
        "probability": 0.8445882201194763,
        "lat": 6.175980933629657,
        "lon": -1.824300302002593,
        "region": "Obuasi",
        "detected_at": "2026-03-02T06:20:50.758193",
        "model_version": "48px_v3.7_2024-01-10"
      }
    },
    {
      "type": "Feature",
      "geometry": {
        "type": "Point",
        "coordinates": [
          -1.824300302002593,
          6.160752998183897
        ]
      },
      "properties": {
        "probability": 0.9910593032836914,
        "lat": 6.160752998183897,
        "lon": -1.824300302002593,
        "region": "Obuasi",
        "detected_at": "2026-03-02T06:20:50.758280",
        "model_version": "48px_v3.7_2024-01-10"
      }
    },
    {
      "type": "Feature",
      "geometry": {
        "type": "Point",
        "coordinates": [
          -1.824300302002593,
          6.158577578834501
        ]
      },
      "properties": {
        "probability": 0.9997995495796204,
        "lat": 6.158577578834501,
        "lon": -1.824300302002593,
        "region": "Obuasi",
        "detected_at": "2026-03-02T06:20:50.758366",
        "model_version": "48px_v3.7_2024-01-10"
      }
    },
    {
      "type": "Feature",
      "geometry": {
        "type": "Point",
        "coordinates": [
          -1.8221266714946796,
          6.173805514280264
        ]
      },
      "properties": {
        "probability": 0.9095116853713989,
        "lat": 6.173805514280264,
        "lon": -1.8221266714946796,
        "region": "Obuasi",
        "detected_at": "2026-03-02T06:20:50.758454",
        "model_version": "48px_v3.7_2024-01-10"
      }
    },
    {
      "type": "Feature",
      "geometry": {
        "type": "Point",
        "coordinates": [
          -1.8221266714946793,
          6.158577578834502
        ]
      },
      "properties": {
        "probability": 0.9976606369018555,
        "lat": 6.158577578834502,
        "lon": -1.8221266714946793,
        "region": "Obuasi",
        "detected_at": "2026-03-02T06:20:50.758539",
        "model_version": "48px_v3.7_2024-01-10"
      }
    },
    {
      "type": "Feature",
      "geometry": {
        "type": "Point",
        "coordinates": [
          -1.8221266714946793,
          6.156402159485108
        ]
      },
      "properties": {
        "probability": 0.9962834715843201,
        "lat": 6.156402159485108,
        "lon": -1.8221266714946793,
        "region": "Obuasi",
        "detected_at": "2026-03-02T06:20:50.758625",
        "model_version": "48px_v3.7_2024-01-10"
      }
    },
    {
      "type": "Feature",
      "geometry": {
        "type": "Point",
        "coordinates": [
          -1.8156057799709373,
          6.167279256232081
        ]
      },
      "properties": {
        "probability": 0.9981048107147217,
        "lat": 6.167279256232081,
        "lon": -1.8156057799709373,
        "region": "Obuasi",
        "detected_at": "2026-03-02T06:20:50.758712",
        "model_version": "48px_v3.7_2024-01-10"
      }
    },
    {
      "type": "Feature",
      "geometry": {
        "type": "Point",
        "coordinates": [
          -1.8156057799709373,
          6.165103836882686
        ]
      },
      "properties": {
        "probability": 0.9996993541717529,
        "lat": 6.165103836882686,
        "lon": -1.8156057799709373,
        "region": "Obuasi",
        "detected_at": "2026-03-02T06:20:50.758797",
        "model_version": "48px_v3.7_2024-01-10"
      }
    },
    {
      "type": "Feature",
      "geometry": {
        "type": "Point",
        "coordinates": [
          -1.8134321494630232,
          6.165103836882685
        ]
      },
      "properties": {
        "probability": 0.9940552115440369,
        "lat": 6.165103836882685,
        "lon": -1.8134321494630232,
        "region": "Obuasi",
        "detected_at": "2026-03-02T06:20:50.758904",
        "model_version": "48px_v3.7_2024-01-10"
      }
    },
    {
      "type": "Feature",
      "geometry": {
        "type": "Point",
        "coordinates": [
          -1.8134321494630232,
          6.1629284175332915
        ]
      },
      "properties": {
        "probability": 0.8405461311340332,
        "lat": 6.1629284175332915,
        "lon": -1.8134321494630232,
        "region": "Obuasi",
        "detected_at": "2026-03-02T06:20:50.758992",
        "model_version": "48px_v3.7_2024-01-10"
      }
    },
    {
      "type": "Feature",
      "geometry": {
        "type": "Point",
        "coordinates": [
          -1.8112585189551094,
          6.154226740135713
        ]
      },
      "properties": {
        "probability": 0.9459196925163269,
        "lat": 6.154226740135713,
        "lon": -1.8112585189551094,
        "region": "Obuasi",
        "detected_at": "2026-03-02T06:20:50.759080",
        "model_version": "48px_v3.7_2024-01-10"
      }
    },
    {
      "type": "Feature",
      "geometry": {
        "type": "Point",
        "coordinates": [
          -1.8112585189551094,
          6.149875901436925
        ]
      },
      "properties": {
        "probability": 0.9617631435394287,
        "lat": 6.149875901436925,
        "lon": -1.8112585189551094,
        "region": "Obuasi",
        "detected_at": "2026-03-02T06:20:50.759166",
        "model_version": "48px_v3.7_2024-01-10"
      }
    },
    {
      "type": "Feature",
      "geometry": {
        "type": "Point",
        "coordinates": [
          -1.8090848884471953,
          6.156402159485108
        ]
      },
      "properties": {
        "probability": 0.9771502017974854,
        "lat": 6.156402159485108,
        "lon": -1.8090848884471953,
        "region": "Obuasi",
        "detected_at": "2026-03-02T06:20:50.759259",
        "model_version": "48px_v3.7_2024-01-10"
      }
    },
    {
      "type": "Feature",
      "geometry": {
        "type": "Point",
        "coordinates": [
          -1.8090848884471953,
          6.154226740135714
        ]
      },
      "properties": {
        "probability": 0.9999995827674866,
        "lat": 6.154226740135714,
        "lon": -1.8090848884471953,
        "region": "Obuasi",
        "detected_at": "2026-03-02T06:20:50.759346",
        "model_version": "48px_v3.7_2024-01-10"
      }
    },
    {
      "type": "Feature",
      "geometry": {
        "type": "Point",
        "coordinates": [
          -1.8090848884471953,
          6.152051320786319
        ]
      },
      "properties": {
        "probability": 0.9999978542327881,
        "lat": 6.152051320786319,
        "lon": -1.8090848884471953,
        "region": "Obuasi",
        "detected_at": "2026-03-02T06:20:50.759431",
        "model_version": "48px_v3.7_2024-01-10"
      }
    },
    {
      "type": "Feature",
      "geometry": {
        "type": "Point",
        "coordinates": [
          -1.8090848884471953,
          6.149875901436924
        ]
      },
      "properties": {
        "probability": 0.9999933838844299,
        "lat": 6.149875901436924,
        "lon": -1.8090848884471953,
        "region": "Obuasi",
        "detected_at": "2026-03-02T06:20:50.759524",
        "model_version": "48px_v3.7_2024-01-10"
      }
    },
    {
      "type": "Feature",
      "geometry": {
        "type": "Point",
        "coordinates": [
          -1.8069112579392816,
          6.175980933629657
        ]
      },
      "properties": {
        "probability": 0.962975800037384,
        "lat": 6.175980933629657,
        "lon": -1.8069112579392816,
        "region": "Obuasi",
        "detected_at": "2026-03-02T06:20:50.759610",
        "model_version": "48px_v3.7_2024-01-10"
      }
    },
    {
      "type": "Feature",
      "geometry": {
        "type": "Point",
        "coordinates": [
          -1.8069112579392816,
          6.1738055142802635
        ]
      },
      "properties": {
        "probability": 0.9996873140335083,
        "lat": 6.1738055142802635,
        "lon": -1.8069112579392816,
        "region": "Obuasi",
        "detected_at": "2026-03-02T06:20:50.759703",
        "model_version": "48px_v3.7_2024-01-10"
      }
    },
    {
      "type": "Feature",
      "geometry": {
        "type": "Point",
        "coordinates": [
          -1.8069112579392816,
          6.171630094930871
        ]
      },
      "properties": {
        "probability": 0.9585715532302856,
        "lat": 6.171630094930871,
        "lon": -1.8069112579392816,
        "region": "Obuasi",
        "detected_at": "2026-03-02T06:20:50.759791",
        "model_version": "48px_v3.7_2024-01-10"
      }
    },
    {
      "type": "Feature",
      "geometry": {
        "type": "Point",
        "coordinates": [
          -1.8069112579392816,
          6.1629284175332915
        ]
      },
      "properties": {
        "probability": 0.9225602149963379,
        "lat": 6.1629284175332915,
        "lon": -1.8069112579392816,
        "region": "Obuasi",
        "detected_at": "2026-03-02T06:20:50.759898",
        "model_version": "48px_v3.7_2024-01-10"
      }
    },
    {
      "type": "Feature",
      "geometry": {
        "type": "Point",
        "coordinates": [
          -1.8069112579392816,
          6.160752998183897
        ]
      },
      "properties": {
        "probability": 0.8948509097099304,
        "lat": 6.160752998183897,
        "lon": -1.8069112579392816,
        "region": "Obuasi",
        "detected_at": "2026-03-02T06:20:50.759988",
        "model_version": "48px_v3.7_2024-01-10"
      }
    },
    {
      "type": "Feature",
      "geometry": {
        "type": "Point",
        "coordinates": [
          -1.8069112579392816,
          6.158577578834501
        ]
      },
      "properties": {
        "probability": 0.9848393201828003,
        "lat": 6.158577578834501,
        "lon": -1.8069112579392816,
        "region": "Obuasi",
        "detected_at": "2026-03-02T06:20:50.760075",
        "model_version": "48px_v3.7_2024-01-10"
      }
    },
    {
      "type": "Feature",
      "geometry": {
        "type": "Point",
        "coordinates": [
          -1.8069112579392816,
          6.156402159485109
        ]
      },
      "properties": {
        "probability": 0.9999167919158936,
        "lat": 6.156402159485109,
        "lon": -1.8069112579392816,
        "region": "Obuasi",
        "detected_at": "2026-03-02T06:20:50.760163",
        "model_version": "48px_v3.7_2024-01-10"
      }
    },
    {
      "type": "Feature",
      "geometry": {
        "type": "Point",
        "coordinates": [
          -1.8069112579392816,
          6.154226740135713
        ]
      },
      "properties": {
        "probability": 0.9999983906745911,
        "lat": 6.154226740135713,
        "lon": -1.8069112579392816,
        "region": "Obuasi",
        "detected_at": "2026-03-02T06:20:50.760249",
        "model_version": "48px_v3.7_2024-01-10"
      }
    },
    {
      "type": "Feature",
      "geometry": {
        "type": "Point",
        "coordinates": [
          -1.8069112579392816,
          6.152051320786318
        ]
      },
      "properties": {
        "probability": 0.9999868869781494,
        "lat": 6.152051320786318,
        "lon": -1.8069112579392816,
        "region": "Obuasi",
        "detected_at": "2026-03-02T06:20:50.760336",
        "model_version": "48px_v3.7_2024-01-10"
      }
    },
    {
      "type": "Feature",
      "geometry": {
        "type": "Point",
        "coordinates": [
          -1.8069112579392816,
          6.149875901436925
        ]
      },
      "properties": {
        "probability": 0.9999437928199768,
        "lat": 6.149875901436925,
        "lon": -1.8069112579392816,
        "region": "Obuasi",
        "detected_at": "2026-03-02T06:20:50.760422",
        "model_version": "48px_v3.7_2024-01-10"
      }
    },
    {
      "type": "Feature",
      "geometry": {
        "type": "Point",
        "coordinates": [
          -1.8047376274313673,
          6.175980933629657
        ]
      },
      "properties": {
        "probability": 0.9674802422523499,
        "lat": 6.175980933629657,
        "lon": -1.8047376274313673,
        "region": "Obuasi",
        "detected_at": "2026-03-02T06:20:50.760508",
        "model_version": "48px_v3.7_2024-01-10"
      }
    },
    {
      "type": "Feature",
      "geometry": {
        "type": "Point",
        "coordinates": [
          -1.8047376274313673,
          6.1738055142802635
        ]
      },
      "properties": {
        "probability": 0.999815821647644,
        "lat": 6.1738055142802635,
        "lon": -1.8047376274313673,
        "region": "Obuasi",
        "detected_at": "2026-03-02T06:20:50.760595",
        "model_version": "48px_v3.7_2024-01-10"
      }
    },
    {
      "type": "Feature",
      "geometry": {
        "type": "Point",
        "coordinates": [
          -1.804737627431367,
          6.171630094930871
        ]
      },
      "properties": {
        "probability": 0.998561441898346,
        "lat": 6.171630094930871,
        "lon": -1.804737627431367,
        "region": "Obuasi",
        "detected_at": "2026-03-02T06:20:50.760681",
        "model_version": "48px_v3.7_2024-01-10"
      }
    },
    {
      "type": "Feature",
      "geometry": {
        "type": "Point",
        "coordinates": [
          -1.804737627431367,
          6.169454675581475
        ]
      },
      "properties": {
        "probability": 0.9962753653526306,
        "lat": 6.169454675581475,
        "lon": -1.804737627431367,
        "region": "Obuasi",
        "detected_at": "2026-03-02T06:20:50.760768",
        "model_version": "48px_v3.7_2024-01-10"
      }
    },
    {
      "type": "Feature",
      "geometry": {
        "type": "Point",
        "coordinates": [
          -1.804737627431367,
          6.167279256232081
        ]
      },
      "properties": {
        "probability": 0.9837411642074585,
        "lat": 6.167279256232081,
        "lon": -1.804737627431367,
        "region": "Obuasi",
        "detected_at": "2026-03-02T06:20:50.760874",
        "model_version": "48px_v3.7_2024-01-10"
      }
    },
    {
      "type": "Feature",
      "geometry": {
        "type": "Point",
        "coordinates": [
          -1.804737627431367,
          6.160752998183897
        ]
      },
      "properties": {
        "probability": 0.9922237992286682,
        "lat": 6.160752998183897,
        "lon": -1.804737627431367,
        "region": "Obuasi",
        "detected_at": "2026-03-02T06:20:50.760967",
        "model_version": "48px_v3.7_2024-01-10"
      }
    },
    {
      "type": "Feature",
      "geometry": {
        "type": "Point",
        "coordinates": [
          -1.804737627431367,
          6.158577578834501
        ]
      },
      "properties": {
        "probability": 0.9973304271697998,
        "lat": 6.158577578834501,
        "lon": -1.804737627431367,
        "region": "Obuasi",
        "detected_at": "2026-03-02T06:20:50.761056",
        "model_version": "48px_v3.7_2024-01-10"
      }
    },
    {
      "type": "Feature",
      "geometry": {
        "type": "Point",
        "coordinates": [
          -1.804737627431367,
          6.156402159485109
        ]
      },
      "properties": {
        "probability": 0.9932866096496582,
        "lat": 6.156402159485109,
        "lon": -1.804737627431367,
        "region": "Obuasi",
        "detected_at": "2026-03-02T06:20:50.761146",
        "model_version": "48px_v3.7_2024-01-10"
      }
    },
    {
      "type": "Feature",
      "geometry": {
        "type": "Point",
        "coordinates": [
          -1.804737627431367,
          6.149875901436925
        ]
      },
      "properties": {
        "probability": 0.8557531237602234,
        "lat": 6.149875901436925,
        "lon": -1.804737627431367,
        "region": "Obuasi",
        "detected_at": "2026-03-02T06:20:50.761242",
        "model_version": "48px_v3.7_2024-01-10"
      }
    },
    {
      "type": "Feature",
      "geometry": {
        "type": "Point",
        "coordinates": [
          -1.485905294453128,
          6.201023801257412
        ]
      },
      "properties": {
        "probability": 0.9952266812324524,
        "lat": 6.201023801257412,
        "lon": -1.485905294453128,
        "region": "Obuasi",
        "detected_at": "2026-03-02T06:20:50.761331",
        "model_version": "48px_v3.7_2024-01-10"
      }
    },
    {
      "type": "Feature",
      "geometry": {
        "type": "Point",
        "coordinates": [
          -1.483730247170243,
          6.201023801257412
        ]
      },
      "properties": {
        "probability": 0.999998927116394,
        "lat": 6.201023801257412,
        "lon": -1.483730247170243,
        "region": "Obuasi",
        "detected_at": "2026-03-02T06:20:50.761418",
        "model_version": "48px_v3.7_2024-01-10"
      }
    },
    {
      "type": "Feature",
      "geometry": {
        "type": "Point",
        "coordinates": [
          -1.4815551998873582,
          6.201023801257412
        ]
      },
      "properties": {
        "probability": 0.9381870031356812,
        "lat": 6.201023801257412,
        "lon": -1.4815551998873582,
        "region": "Obuasi",
        "detected_at": "2026-03-02T06:20:50.761505",
        "model_version": "48px_v3.7_2024-01-10"
      }
    },
    {
      "type": "Feature",
      "geometry": {
        "type": "Point",
        "coordinates": [
          -1.5463653810438296,
          6.275172846381965
        ]
      },
      "properties": {
        "probability": 0.8764764070510864,
        "lat": 6.275172846381965,
        "lon": -1.5463653810438296,
        "region": "Obuasi",
        "detected_at": "2026-03-02T06:20:50.761591",
        "model_version": "48px_v3.7_2024-01-10"
      }
    },
    {
      "type": "Feature",
      "geometry": {
        "type": "Point",
        "coordinates": [
          -1.5441903922225122,
          6.277349190401038
        ]
      },
      "properties": {
        "probability": 0.8303157091140747,
        "lat": 6.277349190401038,
        "lon": -1.5441903922225122,
        "region": "Obuasi",
        "detected_at": "2026-03-02T06:20:50.761677",
        "model_version": "48px_v3.7_2024-01-10"
      }
    },
    {
      "type": "Feature",
      "geometry": {
        "type": "Point",
        "coordinates": [
          -1.579130579535466,
          6.216554054372456
        ]
      },
      "properties": {
        "probability": 0.9511948823928833,
        "lat": 6.216554054372456,
        "lon": -1.579130579535466,
        "region": "Obuasi",
        "detected_at": "2026-03-02T06:20:50.761763",
        "model_version": "48px_v3.7_2024-01-10"
      }
    },
    {
      "type": "Feature",
      "geometry": {
        "type": "Point",
        "coordinates": [
          -1.561732785783498,
          6.229611847424131
        ]
      },
      "properties": {
        "probability": 0.9251288175582886,
        "lat": 6.229611847424131,
        "lon": -1.561732785783498,
        "region": "Obuasi",
        "detected_at": "2026-03-02T06:20:50.761866",
        "model_version": "48px_v3.7_2024-01-10"
      }
    },
    {
      "type": "Feature",
      "geometry": {
        "type": "Point",
        "coordinates": [
          -1.559558061564502,
          6.2317881462660765
        ]
      },
      "properties": {
        "probability": 0.9555525779724121,
        "lat": 6.2317881462660765,
        "lon": -1.559558061564502,
        "region": "Obuasi",
        "detected_at": "2026-03-02T06:20:50.761959",
        "model_version": "48px_v3.7_2024-01-10"
      }
    },
    {
      "type": "Feature",
      "geometry": {
        "type": "Point",
        "coordinates": [
          -1.557383337345506,
          6.2317881462660765
        ]
      },
      "properties": {
        "probability": 0.9644521474838257,
        "lat": 6.2317881462660765,
        "lon": -1.557383337345506,
        "region": "Obuasi",
        "detected_at": "2026-03-02T06:20:50.762047",
        "model_version": "48px_v3.7_2024-01-10"
      }
    },
    {
      "type": "Feature",
      "geometry": {
        "type": "Point",
        "coordinates": [
          -1.553033888907514,
          6.229611847424131
        ]
      },
      "properties": {
        "probability": 0.9031253457069397,
        "lat": 6.229611847424131,
        "lon": -1.553033888907514,
        "region": "Obuasi",
        "detected_at": "2026-03-02T06:20:50.762143",
        "model_version": "48px_v3.7_2024-01-10"
      }
    },
    {
      "type": "Feature",
      "geometry": {
        "type": "Point",
        "coordinates": [
          -1.5401290197848365,
          6.235997828042646
        ]
      },
      "properties": {
        "probability": 0.9473177194595337,
        "lat": 6.235997828042646,
        "lon": -1.5401290197848365,
        "region": "Obuasi",
        "detected_at": "2026-03-02T06:20:50.762233",
        "model_version": "48px_v3.7_2024-01-10"
      }
    },
    {
      "type": "Feature",
      "geometry": {
        "type": "Point",
        "coordinates": [
          -1.5227299263905287,
          6.233821366024148
        ]
      },
      "properties": {
        "probability": 0.8378844261169434,
        "lat": 6.233821366024148,
        "lon": -1.5227299263905287,
        "region": "Obuasi",
        "detected_at": "2026-03-02T06:20:50.762320",
        "model_version": "48px_v3.7_2024-01-10"
      }
    },
    {
      "type": "Feature",
      "geometry": {
        "type": "Point",
        "coordinates": [
          -1.5399851147387942,
          6.279380755575996
        ]
      },
      "properties": {
        "probability": 0.9917398691177368,
        "lat": 6.279380755575996,
        "lon": -1.5399851147387942,
        "region": "Obuasi",
        "detected_at": "2026-03-02T06:20:50.762407",
        "model_version": "48px_v3.7_2024-01-10"
      }
    },
    {
      "type": "Feature",
      "geometry": {
        "type": "Point",
        "coordinates": [
          -1.5378099616650545,
          6.294616318489959
        ]
      },
      "properties": {
        "probability": 0.813250720500946,
        "lat": 6.294616318489959,
        "lon": -1.5378099616650545,
        "region": "Obuasi",
        "detected_at": "2026-03-02T06:20:50.762493",
        "model_version": "48px_v3.7_2024-01-10"
      }
    },
    {
      "type": "Feature",
      "geometry": {
        "type": "Point",
        "coordinates": [
          -1.5378099616650545,
          6.279380755575996
        ]
      },
      "properties": {
        "probability": 0.9636459946632385,
        "lat": 6.279380755575996,
        "lon": -1.5378099616650545,
        "region": "Obuasi",
        "detected_at": "2026-03-02T06:20:50.762581",
        "model_version": "48px_v3.7_2024-01-10"
      }
    },
    {
      "type": "Feature",
      "geometry": {
        "type": "Point",
        "coordinates": [
          -1.518233584001397,
          6.301145845453088
        ]
      },
      "properties": {
        "probability": 0.9633755683898926,
        "lat": 6.301145845453088,
        "lon": -1.518233584001397,
        "region": "Obuasi",
        "detected_at": "2026-03-02T06:20:50.762669",
        "model_version": "48px_v3.7_2024-01-10"
      }
    },
    {
      "type": "Feature",
      "geometry": {
        "type": "Point",
        "coordinates": [
          -1.6181352942071856,
          6.210164916214202
        ]
      },
      "properties": {
        "probability": 0.9040918350219727,
        "lat": 6.210164916214202,
        "lon": -1.6181352942071856,
        "region": "Obuasi",
        "detected_at": "2026-03-02T06:20:50.762755",
        "model_version": "48px_v3.7_2024-01-10"
      }
    },
    {
      "type": "Feature",
      "geometry": {
        "type": "Point",
        "coordinates": [
          -1.6137861743718458,
          6.216693317733093
        ]
      },
      "properties": {
        "probability": 0.8288465142250061,
        "lat": 6.216693317733093,
        "lon": -1.6137861743718458,
        "region": "Obuasi",
        "detected_at": "2026-03-02T06:20:50.762860",
        "model_version": "48px_v3.7_2024-01-10"
      }
    },
    {
      "type": "Feature",
      "geometry": {
        "type": "Point",
        "coordinates": [
          -1.6116116144541763,
          6.223221719251983
        ]
      },
      "properties": {
        "probability": 0.86543869972229,
        "lat": 6.223221719251983,
        "lon": -1.6116116144541763,
        "region": "Obuasi",
        "detected_at": "2026-03-02T06:20:50.762952",
        "model_version": "48px_v3.7_2024-01-10"
      }
    },
    {
      "type": "Feature",
      "geometry": {
        "type": "Point",
        "coordinates": [
          -1.6094370545365067,
          6.225397853091612
        ]
      },
      "properties": {
        "probability": 0.8094378113746643,
        "lat": 6.225397853091612,
        "lon": -1.6094370545365067,
        "region": "Obuasi",
        "detected_at": "2026-03-02T06:20:50.763055",
        "model_version": "48px_v3.7_2024-01-10"
      }
    },
    {
      "type": "Feature",
      "geometry": {
        "type": "Point",
        "coordinates": [
          -1.6094370545365067,
          6.223221719251983
        ]
      },
      "properties": {
        "probability": 0.9279876947402954,
        "lat": 6.223221719251983,
        "lon": -1.6094370545365067,
        "region": "Obuasi",
        "detected_at": "2026-03-02T06:20:50.763143",
        "model_version": "48px_v3.7_2024-01-10"
      }
    },
    {
      "type": "Feature",
      "geometry": {
        "type": "Point",
        "coordinates": [
          -1.6050879347011673,
          6.225397853091612
        ]
      },
      "properties": {
        "probability": 0.8853325247764587,
        "lat": 6.225397853091612,
        "lon": -1.6050879347011673,
        "region": "Obuasi",
        "detected_at": "2026-03-02T06:20:50.763229",
        "model_version": "48px_v3.7_2024-01-10"
      }
    },
    {
      "type": "Feature",
      "geometry": {
        "type": "Point",
        "coordinates": [
          -1.466178156014243,
          6.270524115302813
        ]
      },
      "properties": {
        "probability": 0.8519810438156128,
        "lat": 6.270524115302813,
        "lon": -1.466178156014243,
        "region": "Obuasi",
        "detected_at": "2026-03-02T06:20:50.763315",
        "model_version": "48px_v3.7_2024-01-10"
      }
    },
    {
      "type": "Feature",
      "geometry": {
        "type": "Point",
        "coordinates": [
          -1.4640028405358834,
          6.270524115302813
        ]
      },
      "properties": {
        "probability": 0.9157317280769348,
        "lat": 6.270524115302813,
        "lon": -1.4640028405358834,
        "region": "Obuasi",
        "detected_at": "2026-03-02T06:20:50.763400",
        "model_version": "48px_v3.7_2024-01-10"
      }
    },
    {
      "type": "Feature",
      "geometry": {
        "type": "Point",
        "coordinates": [
          -1.4640028405358834,
          6.25746408252665
        ]
      },
      "properties": {
        "probability": 0.8320651650428772,
        "lat": 6.25746408252665,
        "lon": -1.4640028405358834,
        "region": "Obuasi",
        "detected_at": "2026-03-02T06:20:50.763486",
        "model_version": "48px_v3.7_2024-01-10"
      }
    },
    {
      "type": "Feature",
      "geometry": {
        "type": "Point",
        "coordinates": [
          -1.4640028405358834,
          6.255287410397291
        ]
      },
      "properties": {
        "probability": 0.8631064891815186,
        "lat": 6.255287410397291,
        "lon": -1.4640028405358834,
        "region": "Obuasi",
        "detected_at": "2026-03-02T06:20:50.763571",
        "model_version": "48px_v3.7_2024-01-10"
      }
    },
    {
      "type": "Feature",
      "geometry": {
        "type": "Point",
        "coordinates": [
          -1.4618275250575237,
          6.272700787432173
        ]
      },
      "properties": {
        "probability": 0.9249791502952576,
        "lat": 6.272700787432173,
        "lon": -1.4618275250575237,
        "region": "Obuasi",
        "detected_at": "2026-03-02T06:20:50.763658",
        "model_version": "48px_v3.7_2024-01-10"
      }
    },
    {
      "type": "Feature",
      "geometry": {
        "type": "Point",
        "coordinates": [
          -1.4596522095791638,
          6.281407475949616
        ]
      },
      "properties": {
        "probability": 0.9723575115203857,
        "lat": 6.281407475949616,
        "lon": -1.4596522095791638,
        "region": "Obuasi",
        "detected_at": "2026-03-02T06:20:50.763747",
        "model_version": "48px_v3.7_2024-01-10"
      }
    },
    {
      "type": "Feature",
      "geometry": {
        "type": "Point",
        "coordinates": [
          -1.4596522095791633,
          6.279230803820255
        ]
      },
      "properties": {
        "probability": 0.868756115436554,
        "lat": 6.279230803820255,
        "lon": -1.4596522095791633,
        "region": "Obuasi",
        "detected_at": "2026-03-02T06:20:50.763850",
        "model_version": "48px_v3.7_2024-01-10"
      }
    },
    {
      "type": "Feature",
      "geometry": {
        "type": "Point",
        "coordinates": [
          -1.5115595049072112,
          6.309703865034142
        ]
      },
      "properties": {
        "probability": 0.8634746670722961,
        "lat": 6.309703865034142,
        "lon": -1.5115595049072112,
        "region": "Obuasi",
        "detected_at": "2026-03-02T06:20:50.763942",
        "model_version": "48px_v3.7_2024-01-10"
      }
    },
    {
      "type": "Feature",
      "geometry": {
        "type": "Point",
        "coordinates": [
          -1.537517929790679,
          6.390087793918497
        ]
      },
      "properties": {
        "probability": 0.8602790832519531,
        "lat": 6.390087793918497,
        "lon": -1.537517929790679,
        "region": "Obuasi",
        "detected_at": "2026-03-02T06:20:50.764028",
        "model_version": "48px_v3.7_2024-01-10"
      }
    },
    {
      "type": "Feature",
      "geometry": {
        "type": "Point",
        "coordinates": [
          -1.5375179297906787,
          6.387911191072103
        ]
      },
      "properties": {
        "probability": 0.9419096112251282,
        "lat": 6.387911191072103,
        "lon": -1.5375179297906787,
        "region": "Obuasi",
        "detected_at": "2026-03-02T06:20:50.764114",
        "model_version": "48px_v3.7_2024-01-10"
      }
    },
    {
      "type": "Feature",
      "geometry": {
        "type": "Point",
        "coordinates": [
          -1.5353422383734987,
          6.387911191072103
        ]
      },
      "properties": {
        "probability": 0.9795283079147339,
        "lat": 6.387911191072103,
        "lon": -1.5353422383734987,
        "region": "Obuasi",
        "detected_at": "2026-03-02T06:20:50.764200",
        "model_version": "48px_v3.7_2024-01-10"
      }
    },
    {
      "type": "Feature",
      "geometry": {
        "type": "Point",
        "coordinates": [
          -1.5288151641219585,
          6.385734588225711
        ]
      },
      "properties": {
        "probability": 0.861591637134552,
        "lat": 6.385734588225711,
        "lon": -1.5288151641219585,
        "region": "Obuasi",
        "detected_at": "2026-03-02T06:20:50.764285",
        "model_version": "48px_v3.7_2024-01-10"
      }
    },
    {
      "type": "Feature",
      "geometry": {
        "type": "Point",
        "coordinates": [
          -1.5288151641219585,
          6.383557985379319
        ]
      },
      "properties": {
        "probability": 0.9988309741020203,
        "lat": 6.383557985379319,
        "lon": -1.5288151641219585,
        "region": "Obuasi",
        "detected_at": "2026-03-02T06:20:50.764372",
        "model_version": "48px_v3.7_2024-01-10"
      }
    },
    {
      "type": "Feature",
      "geometry": {
        "type": "Point",
        "coordinates": [
          -1.5266394727047783,
          6.383557985379318
        ]
      },
      "properties": {
        "probability": 0.933420717716217,
        "lat": 6.383557985379318,
        "lon": -1.5266394727047783,
        "region": "Obuasi",
        "detected_at": "2026-03-02T06:20:50.764459",
        "model_version": "48px_v3.7_2024-01-10"
      }
    },
    {
      "type": "Feature",
      "geometry": {
        "type": "Point",
        "coordinates": [
          -1.515761015618878,
          6.379204779686536
        ]
      },
      "properties": {
        "probability": 0.9599325060844421,
        "lat": 6.379204779686536,
        "lon": -1.515761015618878,
        "region": "Obuasi",
        "detected_at": "2026-03-02T06:20:50.764546",
        "model_version": "48px_v3.7_2024-01-10"
      }
    },
    {
      "type": "Feature",
      "geometry": {
        "type": "Point",
        "coordinates": [
          -1.513585324201698,
          6.37485157399375
        ]
      },
      "properties": {
        "probability": 0.9118003249168396,
        "lat": 6.37485157399375,
        "lon": -1.513585324201698,
        "region": "Obuasi",
        "detected_at": "2026-03-02T06:20:50.764631",
        "model_version": "48px_v3.7_2024-01-10"
      }
    },
    {
      "type": "Feature",
      "geometry": {
        "type": "Point",
        "coordinates": [
          -1.511409632784518,
          6.377028176840143
        ]
      },
      "properties": {
        "probability": 0.8304523229598999,
        "lat": 6.377028176840143,
        "lon": -1.511409632784518,
        "region": "Obuasi",
        "detected_at": "2026-03-02T06:20:50.764725",
        "model_version": "48px_v3.7_2024-01-10"
      }
    },
    {
      "type": "Feature",
      "geometry": {
        "type": "Point",
        "coordinates": [
          -1.511409632784518,
          6.37485157399375
        ]
      },
      "properties": {
        "probability": 0.9704992175102234,
        "lat": 6.37485157399375,
        "lon": -1.511409632784518,
        "region": "Obuasi",
        "detected_at": "2026-03-02T06:20:50.764813",
        "model_version": "48px_v3.7_2024-01-10"
      }
    },
    {
      "type": "Feature",
      "geometry": {
        "type": "Point",
        "coordinates": [
          -1.509233941367338,
          6.37485157399375
        ]
      },
      "properties": {
        "probability": 0.8128940463066101,
        "lat": 6.37485157399375,
        "lon": -1.509233941367338,
        "region": "Obuasi",
        "detected_at": "2026-03-02T06:20:50.764926",
        "model_version": "48px_v3.7_2024-01-10"
      }
    },
    {
      "type": "Feature",
      "geometry": {
        "type": "Point",
        "coordinates": [
          -1.5027068671157975,
          6.394440999611281
        ]
      },
      "properties": {
        "probability": 0.8113133311271667,
        "lat": 6.394440999611281,
        "lon": -1.5027068671157975,
        "region": "Obuasi",
        "detected_at": "2026-03-02T06:20:50.765017",
        "model_version": "48px_v3.7_2024-01-10"
      }
    },
    {
      "type": "Feature",
      "geometry": {
        "type": "Point",
        "coordinates": [
          -1.5636218653327607,
          6.349026526996784
        ]
      },
      "properties": {
        "probability": 0.9923104643821716,
        "lat": 6.349026526996784,
        "lon": -1.5636218653327607,
        "region": "Obuasi",
        "detected_at": "2026-03-02T06:20:50.765139",
        "model_version": "48px_v3.7_2024-01-10"
      }
    },
    {
      "type": "Feature",
      "geometry": {
        "type": "Point",
        "coordinates": [
          -1.5636218653327607,
          6.346850137827452
        ]
      },
      "properties": {
        "probability": 0.8397104740142822,
        "lat": 6.346850137827452,
        "lon": -1.5636218653327607,
        "region": "Obuasi",
        "detected_at": "2026-03-02T06:20:50.765227",
        "model_version": "48px_v3.7_2024-01-10"
      }
    },
    {
      "type": "Feature",
      "geometry": {
        "type": "Point",
        "coordinates": [
          -1.5614466100619886,
          6.349026526996785
        ]
      },
      "properties": {
        "probability": 0.9435688257217407,
        "lat": 6.349026526996785,
        "lon": -1.5614466100619886,
        "region": "Obuasi",
        "detected_at": "2026-03-02T06:20:50.765315",
        "model_version": "48px_v3.7_2024-01-10"
      }
    },
    {
      "type": "Feature",
      "geometry": {
        "type": "Point",
        "coordinates": [
          -1.5614466100619886,
          6.346850137827452
        ]
      },
      "properties": {
        "probability": 0.9987221360206604,
        "lat": 6.346850137827452,
        "lon": -1.5614466100619886,
        "region": "Obuasi",
        "detected_at": "2026-03-02T06:20:50.765402",
        "model_version": "48px_v3.7_2024-01-10"
      }
    },
    {
      "type": "Feature",
      "geometry": {
        "type": "Point",
        "coordinates": [
          -1.5614466100619886,
          6.34467374865812
        ]
      },
      "properties": {
        "probability": 0.9981661438941956,
        "lat": 6.34467374865812,
        "lon": -1.5614466100619886,
        "region": "Obuasi",
        "detected_at": "2026-03-02T06:20:50.765488",
        "model_version": "48px_v3.7_2024-01-10"
      }
    },
    {
      "type": "Feature",
      "geometry": {
        "type": "Point",
        "coordinates": [
          -1.5614466100619886,
          6.342497359488786
        ]
      },
      "properties": {
        "probability": 0.9821954369544983,
        "lat": 6.342497359488786,
        "lon": -1.5614466100619886,
        "region": "Obuasi",
        "detected_at": "2026-03-02T06:20:50.765575",
        "model_version": "48px_v3.7_2024-01-10"
      }
    },
    {
      "type": "Feature",
      "geometry": {
        "type": "Point",
        "coordinates": [
          -1.5592713547912165,
          6.34467374865812
        ]
      },
      "properties": {
        "probability": 0.9841774702072144,
        "lat": 6.34467374865812,
        "lon": -1.5592713547912165,
        "region": "Obuasi",
        "detected_at": "2026-03-02T06:20:50.765661",
        "model_version": "48px_v3.7_2024-01-10"
      }
    },
    {
      "type": "Feature",
      "geometry": {
        "type": "Point",
        "coordinates": [
          -1.5592713547912163,
          6.342497359488787
        ]
      },
      "properties": {
        "probability": 0.9990060329437256,
        "lat": 6.342497359488787,
        "lon": -1.5592713547912163,
        "region": "Obuasi",
        "detected_at": "2026-03-02T06:20:50.765747",
        "model_version": "48px_v3.7_2024-01-10"
      }
    },
    {
      "type": "Feature",
      "geometry": {
        "type": "Point",
        "coordinates": [
          -1.5570960995204444,
          6.342497359488787
        ]
      },
      "properties": {
        "probability": 0.9984992742538452,
        "lat": 6.342497359488787,
        "lon": -1.5570960995204444,
        "region": "Obuasi",
        "detected_at": "2026-03-02T06:20:50.765849",
        "model_version": "48px_v3.7_2024-01-10"
      }
    },
    {
      "type": "Feature",
      "geometry": {
        "type": "Point",
        "coordinates": [
          -1.5570960995204444,
          6.340320970319454
        ]
      },
      "properties": {
        "probability": 0.884733259677887,
        "lat": 6.340320970319454,
        "lon": -1.5570960995204444,
        "region": "Obuasi",
        "detected_at": "2026-03-02T06:20:50.765941",
        "model_version": "48px_v3.7_2024-01-10"
      }
    },
    {
      "type": "Feature",
      "geometry": {
        "type": "Point",
        "coordinates": [
          -1.5549208442496723,
          6.342497359488786
        ]
      },
      "properties": {
        "probability": 0.9978457093238831,
        "lat": 6.342497359488786,
        "lon": -1.5549208442496723,
        "region": "Obuasi",
        "detected_at": "2026-03-02T06:20:50.766029",
        "model_version": "48px_v3.7_2024-01-10"
      }
    },
    {
      "type": "Feature",
      "geometry": {
        "type": "Point",
        "coordinates": [
          -1.5549208442496723,
          6.340320970319454
        ]
      },
      "properties": {
        "probability": 0.9672707319259644,
        "lat": 6.340320970319454,
        "lon": -1.5549208442496723,
        "region": "Obuasi",
        "detected_at": "2026-03-02T06:20:50.766114",
        "model_version": "48px_v3.7_2024-01-10"
      }
    },
    {
      "type": "Feature",
      "geometry": {
        "type": "Point",
        "coordinates": [
          -1.5527455889788997,
          6.340320970319454
        ]
      },
      "properties": {
        "probability": 0.8189241886138916,
        "lat": 6.340320970319454,
        "lon": -1.5527455889788997,
        "region": "Obuasi",
        "detected_at": "2026-03-02T06:20:50.766201",
        "model_version": "48px_v3.7_2024-01-10"
      }
    },
    {
      "type": "Feature",
      "geometry": {
        "type": "Point",
        "coordinates": [
          -1.5527455889789,
          6.338144581150121
        ]
      },
      "properties": {
        "probability": 0.9228304624557495,
        "lat": 6.338144581150121,
        "lon": -1.5527455889789,
        "region": "Obuasi",
        "detected_at": "2026-03-02T06:20:50.766288",
        "model_version": "48px_v3.7_2024-01-10"
      }
    },
    {
      "type": "Feature",
      "geometry": {
        "type": "Point",
        "coordinates": [
          -1.5505703337081278,
          6.338144581150121
        ]
      },
      "properties": {
        "probability": 0.8043826222419739,
        "lat": 6.338144581150121,
        "lon": -1.5505703337081278,
        "region": "Obuasi",
        "detected_at": "2026-03-02T06:20:50.766373",
        "model_version": "48px_v3.7_2024-01-10"
      }
    },
    {
      "type": "Feature",
      "geometry": {
        "type": "Point",
        "coordinates": [
          -1.576530371974305,
          6.388058053962821
        ]
      },
      "properties": {
        "probability": 0.9631149172782898,
        "lat": 6.388058053962821,
        "lon": -1.576530371974305,
        "region": "Obuasi",
        "detected_at": "2026-03-02T06:20:50.766459",
        "model_version": "48px_v3.7_2024-01-10"
      }
    },
    {
      "type": "Feature",
      "geometry": {
        "type": "Point",
        "coordinates": [
          -1.5743548484058356,
          6.388058053962821
        ]
      },
      "properties": {
        "probability": 0.9443365931510925,
        "lat": 6.388058053962821,
        "lon": -1.5743548484058356,
        "region": "Obuasi",
        "detected_at": "2026-03-02T06:20:50.766553",
        "model_version": "48px_v3.7_2024-01-10"
      }
    },
    {
      "type": "Feature",
      "geometry": {
        "type": "Point",
        "coordinates": [
          -1.5743548484058356,
          6.385881619670007
        ]
      },
      "properties": {
        "probability": 0.9931919574737549,
        "lat": 6.385881619670007,
        "lon": -1.5743548484058356,
        "region": "Obuasi",
        "detected_at": "2026-03-02T06:20:50.766642",
        "model_version": "48px_v3.7_2024-01-10"
      }
    },
    {
      "type": "Feature",
      "geometry": {
        "type": "Point",
        "coordinates": [
          -1.5721793248373663,
          6.383705185377191
        ]
      },
      "properties": {
        "probability": 0.9796790480613708,
        "lat": 6.383705185377191,
        "lon": -1.5721793248373663,
        "region": "Obuasi",
        "detected_at": "2026-03-02T06:20:50.766728",
        "model_version": "48px_v3.7_2024-01-10"
      }
    },
    {
      "type": "Feature",
      "geometry": {
        "type": "Point",
        "coordinates": [
          -1.5721793248373663,
          6.381528751084376
        ]
      },
      "properties": {
        "probability": 0.9894172549247742,
        "lat": 6.381528751084376,
        "lon": -1.5721793248373663,
        "region": "Obuasi",
        "detected_at": "2026-03-02T06:20:50.766815",
        "model_version": "48px_v3.7_2024-01-10"
      }
    },
    {
      "type": "Feature",
      "geometry": {
        "type": "Point",
        "coordinates": [
          -1.5721793248373666,
          6.379352316791562
        ]
      },
      "properties": {
        "probability": 0.8723147511482239,
        "lat": 6.379352316791562,
        "lon": -1.5721793248373666,
        "region": "Obuasi",
        "detected_at": "2026-03-02T06:20:50.766926",
        "model_version": "48px_v3.7_2024-01-10"
      }
    },
    {
      "type": "Feature",
      "geometry": {
        "type": "Point",
        "coordinates": [
          -1.570003801268898,
          6.379352316791562
        ]
      },
      "properties": {
        "probability": 0.8197333216667175,
        "lat": 6.379352316791562,
        "lon": -1.570003801268898,
        "region": "Obuasi",
        "detected_at": "2026-03-02T06:20:50.767017",
        "model_version": "48px_v3.7_2024-01-10"
      }
    },
    {
      "type": "Feature",
      "geometry": {
        "type": "Point",
        "coordinates": [
          -1.5678282777004284,
          6.377175882498747
        ]
      },
      "properties": {
        "probability": 0.9871798753738403,
        "lat": 6.377175882498747,
        "lon": -1.5678282777004284,
        "region": "Obuasi",
        "detected_at": "2026-03-02T06:20:50.767106",
        "model_version": "48px_v3.7_2024-01-10"
      }
    },
    {
      "type": "Feature",
      "geometry": {
        "type": "Point",
        "coordinates": [
          -1.5678282777004284,
          6.374999448205934
        ]
      },
      "properties": {
        "probability": 0.8956359624862671,
        "lat": 6.374999448205934,
        "lon": -1.5678282777004284,
        "region": "Obuasi",
        "detected_at": "2026-03-02T06:20:50.767194",
        "model_version": "48px_v3.7_2024-01-10"
      }
    },
    {
      "type": "Feature",
      "geometry": {
        "type": "Point",
        "coordinates": [
          -1.5678282777004284,
          6.372823013913118
        ]
      },
      "properties": {
        "probability": 0.9686019420623779,
        "lat": 6.372823013913118,
        "lon": -1.5678282777004284,
        "region": "Obuasi",
        "detected_at": "2026-03-02T06:20:50.767289",
        "model_version": "48px_v3.7_2024-01-10"
      }
    },
    {
      "type": "Feature",
      "geometry": {
        "type": "Point",
        "coordinates": [
          -1.5656527541319591,
          6.3706465796203045
        ]
      },
      "properties": {
        "probability": 0.8514180779457092,
        "lat": 6.3706465796203045,
        "lon": -1.5656527541319591,
        "region": "Obuasi",
        "detected_at": "2026-03-02T06:20:50.767379",
        "model_version": "48px_v3.7_2024-01-10"
      }
    },
    {
      "type": "Feature",
      "geometry": {
        "type": "Point",
        "coordinates": [
          -1.56347723056349,
          6.3619408424490445
        ]
      },
      "properties": {
        "probability": 0.9133506417274475,
        "lat": 6.3619408424490445,
        "lon": -1.56347723056349,
        "region": "Obuasi",
        "detected_at": "2026-03-02T06:20:50.767466",
        "model_version": "48px_v3.7_2024-01-10"
      }
    },
    {
      "type": "Feature",
      "geometry": {
        "type": "Point",
        "coordinates": [
          -1.556950659858083,
          6.403293094012524
        ]
      },
      "properties": {
        "probability": 0.8582696318626404,
        "lat": 6.403293094012524,
        "lon": -1.556950659858083,
        "region": "Obuasi",
        "detected_at": "2026-03-02T06:20:50.767554",
        "model_version": "48px_v3.7_2024-01-10"
      }
    },
    {
      "type": "Feature",
      "geometry": {
        "type": "Point",
        "coordinates": [
          -1.556950659858083,
          6.401116659719709
        ]
      },
      "properties": {
        "probability": 0.9810402393341064,
        "lat": 6.401116659719709,
        "lon": -1.556950659858083,
        "region": "Obuasi",
        "detected_at": "2026-03-02T06:20:50.767640",
        "model_version": "48px_v3.7_2024-01-10"
      }
    },
    {
      "type": "Feature",
      "geometry": {
        "type": "Point",
        "coordinates": [
          -1.5547751362896136,
          6.396763791134079
        ]
      },
      "properties": {
        "probability": 0.9289935827255249,
        "lat": 6.396763791134079,
        "lon": -1.5547751362896136,
        "region": "Obuasi",
        "detected_at": "2026-03-02T06:20:50.767728",
        "model_version": "48px_v3.7_2024-01-10"
      }
    },
    {
      "type": "Feature",
      "geometry": {
        "type": "Point",
        "coordinates": [
          -1.552599612721144,
          6.396763791134079
        ]
      },
      "properties": {
        "probability": 0.9741284847259521,
        "lat": 6.396763791134079,
        "lon": -1.552599612721144,
        "region": "Obuasi",
        "detected_at": "2026-03-02T06:20:50.767837",
        "model_version": "48px_v3.7_2024-01-10"
      }
    },
    {
      "type": "Feature",
      "geometry": {
        "type": "Point",
        "coordinates": [
          -1.5504240891526753,
          6.396763791134079
        ]
      },
      "properties": {
        "probability": 0.9868730902671814,
        "lat": 6.396763791134079,
        "lon": -1.5504240891526753,
        "region": "Obuasi",
        "detected_at": "2026-03-02T06:20:50.767934",
        "model_version": "48px_v3.7_2024-01-10"
      }
    },
    {
      "type": "Feature",
      "geometry": {
        "type": "Point",
        "coordinates": [
          -1.5504240891526755,
          6.394587356841264
        ]
      },
      "properties": {
        "probability": 0.9977694749832153,
        "lat": 6.394587356841264,
        "lon": -1.5504240891526755,
        "region": "Obuasi",
        "detected_at": "2026-03-02T06:20:50.768022",
        "model_version": "48px_v3.7_2024-01-10"
      }
    },
    {
      "type": "Feature",
      "geometry": {
        "type": "Point",
        "coordinates": [
          -1.5504240891526755,
          6.392410922548451
        ]
      },
      "properties": {
        "probability": 0.9508765339851379,
        "lat": 6.392410922548451,
        "lon": -1.5504240891526755,
        "region": "Obuasi",
        "detected_at": "2026-03-02T06:20:50.768109",
        "model_version": "48px_v3.7_2024-01-10"
      }
    },
    {
      "type": "Feature",
      "geometry": {
        "type": "Point",
        "coordinates": [
          -1.5482485655842062,
          6.396763791134079
        ]
      },
      "properties": {
        "probability": 0.9983260035514832,
        "lat": 6.396763791134079,
        "lon": -1.5482485655842062,
        "region": "Obuasi",
        "detected_at": "2026-03-02T06:20:50.768195",
        "model_version": "48px_v3.7_2024-01-10"
      }
    },
    {
      "type": "Feature",
      "geometry": {
        "type": "Point",
        "coordinates": [
          -1.5482485655842062,
          6.394587356841265
        ]
      },
      "properties": {
        "probability": 0.9906806349754333,
        "lat": 6.394587356841265,
        "lon": -1.5482485655842062,
        "region": "Obuasi",
        "detected_at": "2026-03-02T06:20:50.768287",
        "model_version": "48px_v3.7_2024-01-10"
      }
    },
    {
      "type": "Feature",
      "geometry": {
        "type": "Point",
        "coordinates": [
          -1.5785619427159134,
          6.424912451806556
        ]
      },
      "properties": {
        "probability": 0.9220174551010132,
        "lat": 6.424912451806556,
        "lon": -1.5785619427159134,
        "region": "Obuasi",
        "detected_at": "2026-03-02T06:20:50.768373",
        "model_version": "48px_v3.7_2024-01-10"
      }
    },
    {
      "type": "Feature",
      "geometry": {
        "type": "Point",
        "coordinates": [
          -1.5763861490003896,
          6.424912451806556
        ]
      },
      "properties": {
        "probability": 0.9241649508476257,
        "lat": 6.424912451806556,
        "lon": -1.5763861490003896,
        "region": "Obuasi",
        "detected_at": "2026-03-02T06:20:50.768459",
        "model_version": "48px_v3.7_2024-01-10"
      }
    },
    {
      "type": "Feature",
      "geometry": {
        "type": "Point",
        "coordinates": [
          -1.572034561569341,
          6.42708893119617
        ]
      },
      "properties": {
        "probability": 0.9026296734809875,
        "lat": 6.42708893119617,
        "lon": -1.572034561569341,
        "region": "Obuasi",
        "detected_at": "2026-03-02T06:20:50.768546",
        "model_version": "48px_v3.7_2024-01-10"
      }
    },
    {
      "type": "Feature",
      "geometry": {
        "type": "Point",
        "coordinates": [
          -1.5698587678538174,
          6.429265410585785
        ]
      },
      "properties": {
        "probability": 0.9038928151130676,
        "lat": 6.429265410585785,
        "lon": -1.5698587678538174,
        "region": "Obuasi",
        "detected_at": "2026-03-02T06:20:50.768632",
        "model_version": "48px_v3.7_2024-01-10"
      }
    },
    {
      "type": "Feature",
      "geometry": {
        "type": "Point",
        "coordinates": [
          -1.5698587678538174,
          6.42708893119617
        ]
      },
      "properties": {
        "probability": 0.9960474371910095,
        "lat": 6.42708893119617,
        "lon": -1.5698587678538174,
        "region": "Obuasi",
        "detected_at": "2026-03-02T06:20:50.768724",
        "model_version": "48px_v3.7_2024-01-10"
      }
    },
    {
      "type": "Feature",
      "geometry": {
        "type": "Point",
        "coordinates": [
          -1.5676829741382934,
          6.427088931196169
        ]
      },
      "properties": {
        "probability": 0.9941942095756531,
        "lat": 6.427088931196169,
        "lon": -1.5676829741382934,
        "region": "Obuasi",
        "detected_at": "2026-03-02T06:20:50.768812",
        "model_version": "48px_v3.7_2024-01-10"
      }
    },
    {
      "type": "Feature",
      "geometry": {
        "type": "Point",
        "coordinates": [
          -1.5676829741382932,
          6.424912451806555
        ]
      },
      "properties": {
        "probability": 0.892187774181366,
        "lat": 6.424912451806555,
        "lon": -1.5676829741382932,
        "region": "Obuasi",
        "detected_at": "2026-03-02T06:20:50.768920",
        "model_version": "48px_v3.7_2024-01-10"
      }
    },
    {
      "type": "Feature",
      "geometry": {
        "type": "Point",
        "coordinates": [
          -1.5655071804227687,
          6.42708893119617
        ]
      },
      "properties": {
        "probability": 0.9866614937782288,
        "lat": 6.42708893119617,
        "lon": -1.5655071804227687,
        "region": "Obuasi",
        "detected_at": "2026-03-02T06:20:50.769008",
        "model_version": "48px_v3.7_2024-01-10"
      }
    },
    {
      "type": "Feature",
      "geometry": {
        "type": "Point",
        "coordinates": [
          -1.565507180422769,
          6.424912451806556
        ]
      },
      "properties": {
        "probability": 0.9917535781860352,
        "lat": 6.424912451806556,
        "lon": -1.565507180422769,
        "region": "Obuasi",
        "detected_at": "2026-03-02T06:20:50.769095",
        "model_version": "48px_v3.7_2024-01-10"
      }
    },
    {
      "type": "Feature",
      "geometry": {
        "type": "Point",
        "coordinates": [
          -1.5633313867072451,
          6.42708893119617
        ]
      },
      "properties": {
        "probability": 0.9374465942382812,
        "lat": 6.42708893119617,
        "lon": -1.5633313867072451,
        "region": "Obuasi",
        "detected_at": "2026-03-02T06:20:50.769182",
        "model_version": "48px_v3.7_2024-01-10"
      }
    },
    {
      "type": "Feature",
      "geometry": {
        "type": "Point",
        "coordinates": [
          -1.5633313867072454,
          6.424912451806556
        ]
      },
      "properties": {
        "probability": 0.9981719851493835,
        "lat": 6.424912451806556,
        "lon": -1.5633313867072454,
        "region": "Obuasi",
        "detected_at": "2026-03-02T06:20:50.769267",
        "model_version": "48px_v3.7_2024-01-10"
      }
    },
    {
      "type": "Feature",
      "geometry": {
        "type": "Point",
        "coordinates": [
          -1.5633313867072451,
          6.416206534248094
        ]
      },
      "properties": {
        "probability": 0.9002997279167175,
        "lat": 6.416206534248094,
        "lon": -1.5633313867072451,
        "region": "Obuasi",
        "detected_at": "2026-03-02T06:20:50.769353",
        "model_version": "48px_v3.7_2024-01-10"
      }
    },
    {
      "type": "Feature",
      "geometry": {
        "type": "Point",
        "coordinates": [
          -1.561155592991721,
          6.418383013637709
        ]
      },
      "properties": {
        "probability": 0.9974851012229919,
        "lat": 6.418383013637709,
        "lon": -1.561155592991721,
        "region": "Obuasi",
        "detected_at": "2026-03-02T06:20:50.769438",
        "model_version": "48px_v3.7_2024-01-10"
      }
    },
    {
      "type": "Feature",
      "geometry": {
        "type": "Point",
        "coordinates": [
          -1.561155592991721,
          6.416206534248094
        ]
      },
      "properties": {
        "probability": 0.9969176650047302,
        "lat": 6.416206534248094,
        "lon": -1.561155592991721,
        "region": "Obuasi",
        "detected_at": "2026-03-02T06:20:50.769524",
        "model_version": "48px_v3.7_2024-01-10"
      }
    },
    {
      "type": "Feature",
      "geometry": {
        "type": "Point",
        "coordinates": [
          -1.561155592991721,
          6.414030054858479
        ]
      },
      "properties": {
        "probability": 0.997668445110321,
        "lat": 6.414030054858479,
        "lon": -1.561155592991721,
        "region": "Obuasi",
        "detected_at": "2026-03-02T06:20:50.769610",
        "model_version": "48px_v3.7_2024-01-10"
      }
    },
    {
      "type": "Feature",
      "geometry": {
        "type": "Point",
        "coordinates": [
          -1.561155592991721,
          6.4118535754688635
        ]
      },
      "properties": {
        "probability": 0.949647068977356,
        "lat": 6.4118535754688635,
        "lon": -1.561155592991721,
        "region": "Obuasi",
        "detected_at": "2026-03-02T06:20:50.769708",
        "model_version": "48px_v3.7_2024-01-10"
      }
    },
    {
      "type": "Feature",
      "geometry": {
        "type": "Point",
        "coordinates": [
          -1.4462881433803005,
          6.392112604257765
        ]
      },
      "properties": {
        "probability": 0.937501072883606,
        "lat": 6.392112604257765,
        "lon": -1.4462881433803005,
        "region": "Obuasi",
        "detected_at": "2026-03-02T06:20:50.769794",
        "model_version": "48px_v3.7_2024-01-10"
      }
    },
    {
      "type": "Feature",
      "geometry": {
        "type": "Point",
        "coordinates": [
          -1.4462881433803005,
          6.389935834685897
        ]
      },
      "properties": {
        "probability": 0.9373098611831665,
        "lat": 6.389935834685897,
        "lon": -1.4462881433803005,
        "region": "Obuasi",
        "detected_at": "2026-03-02T06:20:50.769901",
        "model_version": "48px_v3.7_2024-01-10"
      }
    },
    {
      "type": "Feature",
      "geometry": {
        "type": "Point",
        "coordinates": [
          -1.4462881433803005,
          6.387759065114029
        ]
      },
      "properties": {
        "probability": 0.8747256398200989,
        "lat": 6.387759065114029,
        "lon": -1.4462881433803005,
        "region": "Obuasi",
        "detected_at": "2026-03-02T06:20:50.769990",
        "model_version": "48px_v3.7_2024-01-10"
      }
    },
    {
      "type": "Feature",
      "geometry": {
        "type": "Point",
        "coordinates": [
          -1.5134344711545182,
          6.439999737301756
        ]
      },
      "properties": {
        "probability": 0.9206970930099487,
        "lat": 6.439999737301756,
        "lon": -1.5134344711545182,
        "region": "Obuasi",
        "detected_at": "2026-03-02T06:20:50.770083",
        "model_version": "48px_v3.7_2024-01-10"
      }
    },
    {
      "type": "Feature",
      "geometry": {
        "type": "Point",
        "coordinates": [
          -1.5134344711545182,
          6.437823087565695
        ]
      },
      "properties": {
        "probability": 0.8456827998161316,
        "lat": 6.437823087565695,
        "lon": -1.5134344711545182,
        "region": "Obuasi",
        "detected_at": "2026-03-02T06:20:50.770176",
        "model_version": "48px_v3.7_2024-01-10"
      }
    },
    {
      "type": "Feature",
      "geometry": {
        "type": "Point",
        "coordinates": [
          -1.689367832827694,
          6.370927254514725
        ]
      },
      "properties": {
        "probability": 0.9743881821632385,
        "lat": 6.370927254514725,
        "lon": -1.689367832827694,
        "region": "Obuasi",
        "detected_at": "2026-03-02T06:20:50.770264",
        "model_version": "48px_v3.7_2024-01-10"
      }
    },
    {
      "type": "Feature",
      "geometry": {
        "type": "Point",
        "coordinates": [
          -1.6893678328276944,
          6.368751162810607
        ]
      },
      "properties": {
        "probability": 0.8176165223121643,
        "lat": 6.368751162810607,
        "lon": -1.6893678328276944,
        "region": "Obuasi",
        "detected_at": "2026-03-02T06:20:50.770350",
        "model_version": "48px_v3.7_2024-01-10"
      }
    },
    {
      "type": "Feature",
      "geometry": {
        "type": "Point",
        "coordinates": [
          -1.6871926505040213,
          6.405744721780608
        ]
      },
      "properties": {
        "probability": 0.8525252938270569,
        "lat": 6.405744721780608,
        "lon": -1.6871926505040213,
        "region": "Obuasi",
        "detected_at": "2026-03-02T06:20:50.770435",
        "model_version": "48px_v3.7_2024-01-10"
      }
    },
    {
      "type": "Feature",
      "geometry": {
        "type": "Point",
        "coordinates": [
          -1.6871926505040213,
          6.39486426326002
        ]
      },
      "properties": {
        "probability": 0.8707826733589172,
        "lat": 6.39486426326002,
        "lon": -1.6871926505040213,
        "region": "Obuasi",
        "detected_at": "2026-03-02T06:20:50.770521",
        "model_version": "48px_v3.7_2024-01-10"
      }
    },
    {
      "type": "Feature",
      "geometry": {
        "type": "Point",
        "coordinates": [
          -1.6871926505040213,
          6.3926881715559025
        ]
      },
      "properties": {
        "probability": 0.9074601531028748,
        "lat": 6.3926881715559025,
        "lon": -1.6871926505040213,
        "region": "Obuasi",
        "detected_at": "2026-03-02T06:20:50.770609",
        "model_version": "48px_v3.7_2024-01-10"
      }
    },
    {
      "type": "Feature",
      "geometry": {
        "type": "Point",
        "coordinates": [
          -1.6850174681803483,
          6.405744721780608
        ]
      },
      "properties": {
        "probability": 0.9015129208564758,
        "lat": 6.405744721780608,
        "lon": -1.6850174681803483,
        "region": "Obuasi",
        "detected_at": "2026-03-02T06:20:50.770701",
        "model_version": "48px_v3.7_2024-01-10"
      }
    },
    {
      "type": "Feature",
      "geometry": {
        "type": "Point",
        "coordinates": [
          -1.6850174681803483,
          6.399216446668256
        ]
      },
      "properties": {
        "probability": 0.9864593744277954,
        "lat": 6.399216446668256,
        "lon": -1.6850174681803483,
        "region": "Obuasi",
        "detected_at": "2026-03-02T06:20:50.770792",
        "model_version": "48px_v3.7_2024-01-10"
      }
    },
    {
      "type": "Feature",
      "geometry": {
        "type": "Point",
        "coordinates": [
          -1.6850174681803483,
          6.397040354964137
        ]
      },
      "properties": {
        "probability": 0.999848484992981,
        "lat": 6.397040354964137,
        "lon": -1.6850174681803483,
        "region": "Obuasi",
        "detected_at": "2026-03-02T06:20:50.770901",
        "model_version": "48px_v3.7_2024-01-10"
      }
    },
    {
      "type": "Feature",
      "geometry": {
        "type": "Point",
        "coordinates": [
          -1.6850174681803483,
          6.3687511628106055
        ]
      },
      "properties": {
        "probability": 0.8400449752807617,
        "lat": 6.3687511628106055,
        "lon": -1.6850174681803483,
        "region": "Obuasi",
        "detected_at": "2026-03-02T06:20:50.770991",
        "model_version": "48px_v3.7_2024-01-10"
      }
    },
    {
      "type": "Feature",
      "geometry": {
        "type": "Point",
        "coordinates": [
          -1.6850174681803483,
          6.366575071106489
        ]
      },
      "properties": {
        "probability": 0.9569762349128723,
        "lat": 6.366575071106489,
        "lon": -1.6850174681803483,
        "region": "Obuasi",
        "detected_at": "2026-03-02T06:20:50.771078",
        "model_version": "48px_v3.7_2024-01-10"
      }
    },
    {
      "type": "Feature",
      "geometry": {
        "type": "Point",
        "coordinates": [
          -1.685017468180348,
          6.362222887698253
        ]
      },
      "properties": {
        "probability": 0.8812524676322937,
        "lat": 6.362222887698253,
        "lon": -1.685017468180348,
        "region": "Obuasi",
        "detected_at": "2026-03-02T06:20:50.771165",
        "model_version": "48px_v3.7_2024-01-10"
      }
    },
    {
      "type": "Feature",
      "geometry": {
        "type": "Point",
        "coordinates": [
          -1.6828422858566747,
          6.397040354964137
        ]
      },
      "properties": {
        "probability": 0.9985824823379517,
        "lat": 6.397040354964137,
        "lon": -1.6828422858566747,
        "region": "Obuasi",
        "detected_at": "2026-03-02T06:20:50.771252",
        "model_version": "48px_v3.7_2024-01-10"
      }
    },
    {
      "type": "Feature",
      "geometry": {
        "type": "Point",
        "coordinates": [
          -1.6828422858566747,
          6.368751162810607
        ]
      },
      "properties": {
        "probability": 0.9785512089729309,
        "lat": 6.368751162810607,
        "lon": -1.6828422858566747,
        "region": "Obuasi",
        "detected_at": "2026-03-02T06:20:50.771338",
        "model_version": "48px_v3.7_2024-01-10"
      }
    },
    {
      "type": "Feature",
      "geometry": {
        "type": "Point",
        "coordinates": [
          -1.6828422858566747,
          6.366575071106489
        ]
      },
      "properties": {
        "probability": 0.9857511520385742,
        "lat": 6.366575071106489,
        "lon": -1.6828422858566747,
        "region": "Obuasi",
        "detected_at": "2026-03-02T06:20:50.771426",
        "model_version": "48px_v3.7_2024-01-10"
      }
    },
    {
      "type": "Feature",
      "geometry": {
        "type": "Point",
        "coordinates": [
          -1.680667103533002,
          6.397040354964137
        ]
      },
      "properties": {
        "probability": 0.8311887383460999,
        "lat": 6.397040354964137,
        "lon": -1.680667103533002,
        "region": "Obuasi",
        "detected_at": "2026-03-02T06:20:50.771512",
        "model_version": "48px_v3.7_2024-01-10"
      }
    },
    {
      "type": "Feature",
      "geometry": {
        "type": "Point",
        "coordinates": [
          -1.6806671035330019,
          6.370927254514725
        ]
      },
      "properties": {
        "probability": 0.8219299912452698,
        "lat": 6.370927254514725,
        "lon": -1.6806671035330019,
        "region": "Obuasi",
        "detected_at": "2026-03-02T06:20:50.771606",
        "model_version": "48px_v3.7_2024-01-10"
      }
    },
    {
      "type": "Feature",
      "geometry": {
        "type": "Point",
        "coordinates": [
          -1.680667103533002,
          6.368751162810607
        ]
      },
      "properties": {
        "probability": 0.991933286190033,
        "lat": 6.368751162810607,
        "lon": -1.680667103533002,
        "region": "Obuasi",
        "detected_at": "2026-03-02T06:20:50.771695",
        "model_version": "48px_v3.7_2024-01-10"
      }
    },
    {
      "type": "Feature",
      "geometry": {
        "type": "Point",
        "coordinates": [
          -1.6784919212093286,
          6.370927254514725
        ]
      },
      "properties": {
        "probability": 0.9779106378555298,
        "lat": 6.370927254514725,
        "lon": -1.6784919212093286,
        "region": "Obuasi",
        "detected_at": "2026-03-02T06:20:50.771788",
        "model_version": "48px_v3.7_2024-01-10"
      }
    },
    {
      "type": "Feature",
      "geometry": {
        "type": "Point",
        "coordinates": [
          -1.6784919212093283,
          6.3687511628106055
        ]
      },
      "properties": {
        "probability": 0.915010392665863,
        "lat": 6.3687511628106055,
        "lon": -1.6784919212093283,
        "region": "Obuasi",
        "detected_at": "2026-03-02T06:20:50.771895",
        "model_version": "48px_v3.7_2024-01-10"
      }
    },
    {
      "type": "Feature",
      "geometry": {
        "type": "Point",
        "coordinates": [
          -1.6741415565619824,
          6.3926881715559025
        ]
      },
      "properties": {
        "probability": 0.8028102517127991,
        "lat": 6.3926881715559025,
        "lon": -1.6741415565619824,
        "region": "Obuasi",
        "detected_at": "2026-03-02T06:20:50.771986",
        "model_version": "48px_v3.7_2024-01-10"
      }
    },
    {
      "type": "Feature",
      "geometry": {
        "type": "Point",
        "coordinates": [
          -1.6654408272672896,
          6.397040354964137
        ]
      },
      "properties": {
        "probability": 0.9747129678726196,
        "lat": 6.397040354964137,
        "lon": -1.6654408272672896,
        "region": "Obuasi",
        "detected_at": "2026-03-02T06:20:50.772073",
        "model_version": "48px_v3.7_2024-01-10"
      }
    },
    {
      "type": "Feature",
      "geometry": {
        "type": "Point",
        "coordinates": [
          -1.6894993441399275,
          6.32318754073018
        ]
      },
      "properties": {
        "probability": 0.9297500848770142,
        "lat": 6.32318754073018,
        "lon": -1.6894993441399275,
        "region": "Obuasi",
        "detected_at": "2026-03-02T06:20:50.772159",
        "model_version": "48px_v3.7_2024-01-10"
      }
    },
    {
      "type": "Feature",
      "geometry": {
        "type": "Point",
        "coordinates": [
          -1.6568755797456434,
          6.349300142740109
        ]
      },
      "properties": {
        "probability": 0.991199254989624,
        "lat": 6.349300142740109,
        "lon": -1.6568755797456434,
        "region": "Obuasi",
        "detected_at": "2026-03-02T06:20:50.772245",
        "model_version": "48px_v3.7_2024-01-10"
      }
    },
    {
      "type": "Feature",
      "geometry": {
        "type": "Point",
        "coordinates": [
          -1.6568755797456431,
          6.347124092572615
        ]
      },
      "properties": {
        "probability": 0.9690916538238525,
        "lat": 6.347124092572615,
        "lon": -1.6568755797456431,
        "region": "Obuasi",
        "detected_at": "2026-03-02T06:20:50.772331",
        "model_version": "48px_v3.7_2024-01-10"
      }
    },
    {
      "type": "Feature",
      "geometry": {
        "type": "Point",
        "coordinates": [
          -1.617581097531149,
          6.427232727534958
        ]
      },
      "properties": {
        "probability": 0.8133311867713928,
        "lat": 6.427232727534958,
        "lon": -1.617581097531149,
        "region": "Obuasi",
        "detected_at": "2026-03-02T06:20:50.772420",
        "model_version": "48px_v3.7_2024-01-10"
      }
    },
    {
      "type": "Feature",
      "geometry": {
        "type": "Point",
        "coordinates": [
          -1.6001761197938686,
          6.433761649180558
        ]
      },
      "properties": {
        "probability": 0.9673411250114441,
        "lat": 6.433761649180558,
        "lon": -1.6001761197938686,
        "region": "Obuasi",
        "detected_at": "2026-03-02T06:20:50.772509",
        "model_version": "48px_v3.7_2024-01-10"
      }
    },
    {
      "type": "Feature",
      "geometry": {
        "type": "Point",
        "coordinates": [
          -1.6001761197938686,
          6.4315853419653575
        ]
      },
      "properties": {
        "probability": 0.9951717257499695,
        "lat": 6.4315853419653575,
        "lon": -1.6001761197938686,
        "region": "Obuasi",
        "detected_at": "2026-03-02T06:20:50.772596",
        "model_version": "48px_v3.7_2024-01-10"
      }
    },
    {
      "type": "Feature",
      "geometry": {
        "type": "Point",
        "coordinates": [
          -1.598000497576708,
          6.438114263610958
        ]
      },
      "properties": {
        "probability": 0.9654868245124817,
        "lat": 6.438114263610958,
        "lon": -1.598000497576708,
        "region": "Obuasi",
        "detected_at": "2026-03-02T06:20:50.772683",
        "model_version": "48px_v3.7_2024-01-10"
      }
    },
    {
      "type": "Feature",
      "geometry": {
        "type": "Point",
        "coordinates": [
          -1.598000497576708,
          6.431585341965358
        ]
      },
      "properties": {
        "probability": 0.9999932050704956,
        "lat": 6.431585341965358,
        "lon": -1.598000497576708,
        "region": "Obuasi",
        "detected_at": "2026-03-02T06:20:50.772770",
        "model_version": "48px_v3.7_2024-01-10"
      }
    },
    {
      "type": "Feature",
      "geometry": {
        "type": "Point",
        "coordinates": [
          -1.598000497576708,
          6.429409034750156
        ]
      },
      "properties": {
        "probability": 0.999808132648468,
        "lat": 6.429409034750156,
        "lon": -1.598000497576708,
        "region": "Obuasi",
        "detected_at": "2026-03-02T06:20:50.772876",
        "model_version": "48px_v3.7_2024-01-10"
      }
    },
    {
      "type": "Feature",
      "geometry": {
        "type": "Point",
        "coordinates": [
          -1.5958248753595485,
          6.429409034750156
        ]
      },
      "properties": {
        "probability": 0.9987481832504272,
        "lat": 6.429409034750156,
        "lon": -1.5958248753595485,
        "region": "Obuasi",
        "detected_at": "2026-03-02T06:20:50.772968",
        "model_version": "48px_v3.7_2024-01-10"
      }
    },
    {
      "type": "Feature",
      "geometry": {
        "type": "Point",
        "coordinates": [
          -1.5958248753595485,
          6.427232727534958
        ]
      },
      "properties": {
        "probability": 0.9920597076416016,
        "lat": 6.427232727534958,
        "lon": -1.5958248753595485,
        "region": "Obuasi",
        "detected_at": "2026-03-02T06:20:50.773062",
        "model_version": "48px_v3.7_2024-01-10"
      }
    },
    {
      "type": "Feature",
      "geometry": {
        "type": "Point",
        "coordinates": [
          -1.6957615650978597,
          6.412138294815609
        ]
      },
      "properties": {
        "probability": 0.9968595504760742,
        "lat": 6.412138294815609,
        "lon": -1.6957615650978597,
        "region": "Obuasi",
        "detected_at": "2026-03-02T06:20:50.773148",
        "model_version": "48px_v3.7_2024-01-10"
      }
    },
    {
      "type": "Feature",
      "geometry": {
        "type": "Point",
        "coordinates": [
          -1.6957615650978597,
          6.409962161602088
        ]
      },
      "properties": {
        "probability": 0.9846294522285461,
        "lat": 6.409962161602088,
        "lon": -1.6957615650978597,
        "region": "Obuasi",
        "detected_at": "2026-03-02T06:20:50.773235",
        "model_version": "48px_v3.7_2024-01-10"
      }
    },
    {
      "type": "Feature",
      "geometry": {
        "type": "Point",
        "coordinates": [
          -1.693586116228841,
          6.412138294815609
        ]
      },
      "properties": {
        "probability": 0.9431325793266296,
        "lat": 6.412138294815609,
        "lon": -1.693586116228841,
        "region": "Obuasi",
        "detected_at": "2026-03-02T06:20:50.773320",
        "model_version": "48px_v3.7_2024-01-10"
      }
    },
    {
      "type": "Feature",
      "geometry": {
        "type": "Point",
        "coordinates": [
          -1.693586116228841,
          6.409962161602088
        ]
      },
      "properties": {
        "probability": 0.9833095073699951,
        "lat": 6.409962161602088,
        "lon": -1.693586116228841,
        "region": "Obuasi",
        "detected_at": "2026-03-02T06:20:50.773407",
        "model_version": "48px_v3.7_2024-01-10"
      }
    },
    {
      "type": "Feature",
      "geometry": {
        "type": "Point",
        "coordinates": [
          -1.680533423014727,
          6.412138294815609
        ]
      },
      "properties": {
        "probability": 0.9972593188285828,
        "lat": 6.412138294815609,
        "lon": -1.680533423014727,
        "region": "Obuasi",
        "detected_at": "2026-03-02T06:20:50.773493",
        "model_version": "48px_v3.7_2024-01-10"
      }
    },
    {
      "type": "Feature",
      "geometry": {
        "type": "Point",
        "coordinates": [
          -1.678357974145708,
          6.425195094096728
        ]
      },
      "properties": {
        "probability": 0.869753360748291,
        "lat": 6.425195094096728,
        "lon": -1.678357974145708,
        "region": "Obuasi",
        "detected_at": "2026-03-02T06:20:50.773608",
        "model_version": "48px_v3.7_2024-01-10"
      }
    },
    {
      "type": "Feature",
      "geometry": {
        "type": "Point",
        "coordinates": [
          -1.678357974145708,
          6.423018960883209
        ]
      },
      "properties": {
        "probability": 0.9041728973388672,
        "lat": 6.423018960883209,
        "lon": -1.678357974145708,
        "region": "Obuasi",
        "detected_at": "2026-03-02T06:20:50.773700",
        "model_version": "48px_v3.7_2024-01-10"
      }
    },
    {
      "type": "Feature",
      "geometry": {
        "type": "Point",
        "coordinates": [
          -1.678357974145708,
          6.412138294815609
        ]
      },
      "properties": {
        "probability": 0.9856314063072205,
        "lat": 6.412138294815609,
        "lon": -1.678357974145708,
        "region": "Obuasi",
        "detected_at": "2026-03-02T06:20:50.773796",
        "model_version": "48px_v3.7_2024-01-10"
      }
    },
    {
      "type": "Feature",
      "geometry": {
        "type": "Point",
        "coordinates": [
          -1.678357974145708,
          6.409962161602088
        ]
      },
      "properties": {
        "probability": 0.8317831158638,
        "lat": 6.409962161602088,
        "lon": -1.678357974145708,
        "region": "Obuasi",
        "detected_at": "2026-03-02T06:20:50.773904",
        "model_version": "48px_v3.7_2024-01-10"
      }
    },
    {
      "type": "Feature",
      "geometry": {
        "type": "Point",
        "coordinates": [
          -1.676182525276689,
          6.42301896088321
        ]
      },
      "properties": {
        "probability": 0.9037460684776306,
        "lat": 6.42301896088321,
        "lon": -1.676182525276689,
        "region": "Obuasi",
        "detected_at": "2026-03-02T06:20:50.773995",
        "model_version": "48px_v3.7_2024-01-10"
      }
    },
    {
      "type": "Feature",
      "geometry": {
        "type": "Point",
        "coordinates": [
          -1.6718316275386513,
          6.457837092299534
        ]
      },
      "properties": {
        "probability": 0.8028432726860046,
        "lat": 6.457837092299534,
        "lon": -1.6718316275386513,
        "region": "Obuasi",
        "detected_at": "2026-03-02T06:20:50.774083",
        "model_version": "48px_v3.7_2024-01-10"
      }
    },
    {
      "type": "Feature",
      "geometry": {
        "type": "Point",
        "coordinates": [
          -1.6696561786696322,
          6.42301896088321
        ]
      },
      "properties": {
        "probability": 0.8511356711387634,
        "lat": 6.42301896088321,
        "lon": -1.6696561786696322,
        "region": "Obuasi",
        "detected_at": "2026-03-02T06:20:50.774170",
        "model_version": "48px_v3.7_2024-01-10"
      }
    },
    {
      "type": "Feature",
      "geometry": {
        "type": "Point",
        "coordinates": [
          -1.6696561786696322,
          6.420842827669689
        ]
      },
      "properties": {
        "probability": 0.991527795791626,
        "lat": 6.420842827669689,
        "lon": -1.6696561786696322,
        "region": "Obuasi",
        "detected_at": "2026-03-02T06:20:50.774257",
        "model_version": "48px_v3.7_2024-01-10"
      }
    },
    {
      "type": "Feature",
      "geometry": {
        "type": "Point",
        "coordinates": [
          -1.669656178669632,
          6.418666694456169
        ]
      },
      "properties": {
        "probability": 0.8380644917488098,
        "lat": 6.418666694456169,
        "lon": -1.669656178669632,
        "region": "Obuasi",
        "detected_at": "2026-03-02T06:20:50.774344",
        "model_version": "48px_v3.7_2024-01-10"
      }
    },
    {
      "type": "Feature",
      "geometry": {
        "type": "Point",
        "coordinates": [
          -1.7938677731463364,
          6.247539165768845
        ]
      },
      "properties": {
        "probability": 0.9242068529129028,
        "lat": 6.247539165768845,
        "lon": -1.7938677731463364,
        "region": "Obuasi",
        "detected_at": "2026-03-02T06:20:50.774430",
        "model_version": "48px_v3.7_2024-01-10"
      }
    },
    {
      "type": "Feature",
      "geometry": {
        "type": "Point",
        "coordinates": [
          -1.7938677731463364,
          6.225782886919895
        ]
      },
      "properties": {
        "probability": 0.8517529368400574,
        "lat": 6.225782886919895,
        "lon": -1.7938677731463364,
        "region": "Obuasi",
        "detected_at": "2026-03-02T06:20:50.774537",
        "model_version": "48px_v3.7_2024-01-10"
      }
    },
    {
      "type": "Feature",
      "geometry": {
        "type": "Point",
        "coordinates": [
          -1.7938677731463364,
          6.223607259034998
        ]
      },
      "properties": {
        "probability": 0.9008011221885681,
        "lat": 6.223607259034998,
        "lon": -1.7938677731463364,
        "region": "Obuasi",
        "detected_at": "2026-03-02T06:20:50.774625",
        "model_version": "48px_v3.7_2024-01-10"
      }
    },
    {
      "type": "Feature",
      "geometry": {
        "type": "Point",
        "coordinates": [
          -1.7916937172020566,
          6.247539165768845
        ]
      },
      "properties": {
        "probability": 0.9542983174324036,
        "lat": 6.247539165768845,
        "lon": -1.7916937172020566,
        "region": "Obuasi",
        "detected_at": "2026-03-02T06:20:50.774712",
        "model_version": "48px_v3.7_2024-01-10"
      }
    },
    {
      "type": "Feature",
      "geometry": {
        "type": "Point",
        "coordinates": [
          -1.7916937172020566,
          6.223607259034998
        ]
      },
      "properties": {
        "probability": 0.8954576849937439,
        "lat": 6.223607259034998,
        "lon": -1.7916937172020566,
        "region": "Obuasi",
        "detected_at": "2026-03-02T06:20:50.774799",
        "model_version": "48px_v3.7_2024-01-10"
      }
    },
    {
      "type": "Feature",
      "geometry": {
        "type": "Point",
        "coordinates": [
          -1.7916937172020566,
          6.221431631150103
        ]
      },
      "properties": {
        "probability": 0.814760684967041,
        "lat": 6.221431631150103,
        "lon": -1.7916937172020566,
        "region": "Obuasi",
        "detected_at": "2026-03-02T06:20:50.774929",
        "model_version": "48px_v3.7_2024-01-10"
      }
    },
    {
      "type": "Feature",
      "geometry": {
        "type": "Point",
        "coordinates": [
          -1.785171549369219,
          6.20185098018605
        ]
      },
      "properties": {
        "probability": 0.8947235345840454,
        "lat": 6.20185098018605,
        "lon": -1.785171549369219,
        "region": "Obuasi",
        "detected_at": "2026-03-02T06:20:50.775020",
        "model_version": "48px_v3.7_2024-01-10"
      }
    },
    {
      "type": "Feature",
      "geometry": {
        "type": "Point",
        "coordinates": [
          -1.7764753255921022,
          6.20185098018605
        ]
      },
      "properties": {
        "probability": 0.9155678749084473,
        "lat": 6.20185098018605,
        "lon": -1.7764753255921022,
        "region": "Obuasi",
        "detected_at": "2026-03-02T06:20:50.775108",
        "model_version": "48px_v3.7_2024-01-10"
      }
    },
    {
      "type": "Feature",
      "geometry": {
        "type": "Point",
        "coordinates": [
          -1.774301269647823,
          6.20185098018605
        ]
      },
      "properties": {
        "probability": 0.9403015971183777,
        "lat": 6.20185098018605,
        "lon": -1.774301269647823,
        "region": "Obuasi",
        "detected_at": "2026-03-02T06:20:50.775196",
        "model_version": "48px_v3.7_2024-01-10"
      }
    },
    {
      "type": "Feature",
      "geometry": {
        "type": "Point",
        "coordinates": [
          -1.7721272137035438,
          6.24971479365374
        ]
      },
      "properties": {
        "probability": 0.9953487515449524,
        "lat": 6.24971479365374,
        "lon": -1.7721272137035438,
        "region": "Obuasi",
        "detected_at": "2026-03-02T06:20:50.775283",
        "model_version": "48px_v3.7_2024-01-10"
      }
    },
    {
      "type": "Feature",
      "geometry": {
        "type": "Point",
        "coordinates": [
          -1.7721272137035438,
          6.2170803753803145
        ]
      },
      "properties": {
        "probability": 0.8402168154716492,
        "lat": 6.2170803753803145,
        "lon": -1.7721272137035438,
        "region": "Obuasi",
        "detected_at": "2026-03-02T06:20:50.775379",
        "model_version": "48px_v3.7_2024-01-10"
      }
    },
    {
      "type": "Feature",
      "geometry": {
        "type": "Point",
        "coordinates": [
          -1.7721272137035438,
          6.214904747495419
        ]
      },
      "properties": {
        "probability": 0.8918026685714722,
        "lat": 6.214904747495419,
        "lon": -1.7721272137035438,
        "region": "Obuasi",
        "detected_at": "2026-03-02T06:20:50.775469",
        "model_version": "48px_v3.7_2024-01-10"
      }
    },
    {
      "type": "Feature",
      "geometry": {
        "type": "Point",
        "coordinates": [
          -1.7721272137035438,
          6.2127291196105245
        ]
      },
      "properties": {
        "probability": 0.9077982306480408,
        "lat": 6.2127291196105245,
        "lon": -1.7721272137035438,
        "region": "Obuasi",
        "detected_at": "2026-03-02T06:20:50.775558",
        "model_version": "48px_v3.7_2024-01-10"
      }
    },
    {
      "type": "Feature",
      "geometry": {
        "type": "Point",
        "coordinates": [
          -1.7721272137035438,
          6.210553491725631
        ]
      },
      "properties": {
        "probability": 0.9603219032287598,
        "lat": 6.210553491725631,
        "lon": -1.7721272137035438,
        "region": "Obuasi",
        "detected_at": "2026-03-02T06:20:50.775645",
        "model_version": "48px_v3.7_2024-01-10"
      }
    },
    {
      "type": "Feature",
      "geometry": {
        "type": "Point",
        "coordinates": [
          -1.7721272137035438,
          6.208377863840735
        ]
      },
      "properties": {
        "probability": 0.9091018438339233,
        "lat": 6.208377863840735,
        "lon": -1.7721272137035438,
        "region": "Obuasi",
        "detected_at": "2026-03-02T06:20:50.775731",
        "model_version": "48px_v3.7_2024-01-10"
      }
    },
    {
      "type": "Feature",
      "geometry": {
        "type": "Point",
        "coordinates": [
          -1.7721272137035438,
          6.206202235955839
        ]
      },
      "properties": {
        "probability": 0.9298076033592224,
        "lat": 6.206202235955839,
        "lon": -1.7721272137035438,
        "region": "Obuasi",
        "detected_at": "2026-03-02T06:20:50.775841",
        "model_version": "48px_v3.7_2024-01-10"
      }
    },
    {
      "type": "Feature",
      "geometry": {
        "type": "Point",
        "coordinates": [
          -1.7699531577592647,
          6.249714793653739
        ]
      },
      "properties": {
        "probability": 0.9625185132026672,
        "lat": 6.249714793653739,
        "lon": -1.7699531577592647,
        "region": "Obuasi",
        "detected_at": "2026-03-02T06:20:50.775941",
        "model_version": "48px_v3.7_2024-01-10"
      }
    },
    {
      "type": "Feature",
      "geometry": {
        "type": "Point",
        "coordinates": [
          -1.7699531577592647,
          6.247539165768845
        ]
      },
      "properties": {
        "probability": 0.9119969010353088,
        "lat": 6.247539165768845,
        "lon": -1.7699531577592647,
        "region": "Obuasi",
        "detected_at": "2026-03-02T06:20:50.776029",
        "model_version": "48px_v3.7_2024-01-10"
      }
    },
    {
      "type": "Feature",
      "geometry": {
        "type": "Point",
        "coordinates": [
          -1.7699531577592647,
          6.221431631150104
        ]
      },
      "properties": {
        "probability": 0.9944129586219788,
        "lat": 6.221431631150104,
        "lon": -1.7699531577592647,
        "region": "Obuasi",
        "detected_at": "2026-03-02T06:20:50.776117",
        "model_version": "48px_v3.7_2024-01-10"
      }
    },
    {
      "type": "Feature",
      "geometry": {
        "type": "Point",
        "coordinates": [
          -1.7699531577592647,
          6.219256003265209
        ]
      },
      "properties": {
        "probability": 0.9996814131736755,
        "lat": 6.219256003265209,
        "lon": -1.7699531577592647,
        "region": "Obuasi",
        "detected_at": "2026-03-02T06:20:50.776204",
        "model_version": "48px_v3.7_2024-01-10"
      }
    },
    {
      "type": "Feature",
      "geometry": {
        "type": "Point",
        "coordinates": [
          -1.7699531577592647,
          6.2170803753803145
        ]
      },
      "properties": {
        "probability": 0.9999988079071045,
        "lat": 6.2170803753803145,
        "lon": -1.7699531577592647,
        "region": "Obuasi",
        "detected_at": "2026-03-02T06:20:50.776290",
        "model_version": "48px_v3.7_2024-01-10"
      }
    },
    {
      "type": "Feature",
      "geometry": {
        "type": "Point",
        "coordinates": [
          -1.7699531577592647,
          6.214904747495419
        ]
      },
      "properties": {
        "probability": 0.9996874332427979,
        "lat": 6.214904747495419,
        "lon": -1.7699531577592647,
        "region": "Obuasi",
        "detected_at": "2026-03-02T06:20:50.776375",
        "model_version": "48px_v3.7_2024-01-10"
      }
    },
    {
      "type": "Feature",
      "geometry": {
        "type": "Point",
        "coordinates": [
          -1.7699531577592647,
          6.212729119610524
        ]
      },
      "properties": {
        "probability": 0.9819020628929138,
        "lat": 6.212729119610524,
        "lon": -1.7699531577592647,
        "region": "Obuasi",
        "detected_at": "2026-03-02T06:20:50.776461",
        "model_version": "48px_v3.7_2024-01-10"
      }
    },
    {
      "type": "Feature",
      "geometry": {
        "type": "Point",
        "coordinates": [
          -1.7699531577592647,
          6.210553491725631
        ]
      },
      "properties": {
        "probability": 0.930910587310791,
        "lat": 6.210553491725631,
        "lon": -1.7699531577592647,
        "region": "Obuasi",
        "detected_at": "2026-03-02T06:20:50.776554",
        "model_version": "48px_v3.7_2024-01-10"
      }
    },
    {
      "type": "Feature",
      "geometry": {
        "type": "Point",
        "coordinates": [
          -1.7699531577592647,
          6.206202235955838
        ]
      },
      "properties": {
        "probability": 0.9784011840820312,
        "lat": 6.206202235955838,
        "lon": -1.7699531577592647,
        "region": "Obuasi",
        "detected_at": "2026-03-02T06:20:50.776640",
        "model_version": "48px_v3.7_2024-01-10"
      }
    },
    {
      "type": "Feature",
      "geometry": {
        "type": "Point",
        "coordinates": [
          -1.7699531577592647,
          6.204026608070944
        ]
      },
      "properties": {
        "probability": 0.9330135583877563,
        "lat": 6.204026608070944,
        "lon": -1.7699531577592647,
        "region": "Obuasi",
        "detected_at": "2026-03-02T06:20:50.776725",
        "model_version": "48px_v3.7_2024-01-10"
      }
    },
    {
      "type": "Feature",
      "geometry": {
        "type": "Point",
        "coordinates": [
          -1.7677791018149855,
          6.243187909999054
        ]
      },
      "properties": {
        "probability": 0.9121354222297668,
        "lat": 6.243187909999054,
        "lon": -1.7677791018149855,
        "region": "Obuasi",
        "detected_at": "2026-03-02T06:20:50.776810",
        "model_version": "48px_v3.7_2024-01-10"
      }
    },
    {
      "type": "Feature",
      "geometry": {
        "type": "Point",
        "coordinates": [
          -1.7677791018149855,
          6.223607259034998
        ]
      },
      "properties": {
        "probability": 0.8587467670440674,
        "lat": 6.223607259034998,
        "lon": -1.7677791018149855,
        "region": "Obuasi",
        "detected_at": "2026-03-02T06:20:50.776917",
        "model_version": "48px_v3.7_2024-01-10"
      }
    },
    {
      "type": "Feature",
      "geometry": {
        "type": "Point",
        "coordinates": [
          -1.7677791018149855,
          6.221431631150103
        ]
      },
      "properties": {
        "probability": 0.8909834027290344,
        "lat": 6.221431631150103,
        "lon": -1.7677791018149855,
        "region": "Obuasi",
        "detected_at": "2026-03-02T06:20:50.777006",
        "model_version": "48px_v3.7_2024-01-10"
      }
    },
    {
      "type": "Feature",
      "geometry": {
        "type": "Point",
        "coordinates": [
          -1.7677791018149855,
          6.21925600326521
        ]
      },
      "properties": {
        "probability": 0.9446191191673279,
        "lat": 6.21925600326521,
        "lon": -1.7677791018149855,
        "region": "Obuasi",
        "detected_at": "2026-03-02T06:20:50.777092",
        "model_version": "48px_v3.7_2024-01-10"
      }
    },
    {
      "type": "Feature",
      "geometry": {
        "type": "Point",
        "coordinates": [
          -1.7677791018149855,
          6.2170803753803145
        ]
      },
      "properties": {
        "probability": 0.9995002746582031,
        "lat": 6.2170803753803145,
        "lon": -1.7677791018149855,
        "region": "Obuasi",
        "detected_at": "2026-03-02T06:20:50.777185",
        "model_version": "48px_v3.7_2024-01-10"
      }
    },
    {
      "type": "Feature",
      "geometry": {
        "type": "Point",
        "coordinates": [
          -1.7677791018149855,
          6.214904747495419
        ]
      },
      "properties": {
        "probability": 0.9994405508041382,
        "lat": 6.214904747495419,
        "lon": -1.7677791018149855,
        "region": "Obuasi",
        "detected_at": "2026-03-02T06:20:50.777272",
        "model_version": "48px_v3.7_2024-01-10"
      }
    },
    {
      "type": "Feature",
      "geometry": {
        "type": "Point",
        "coordinates": [
          -1.7656050458707058,
          6.2170803753803145
        ]
      },
      "properties": {
        "probability": 0.9891147017478943,
        "lat": 6.2170803753803145,
        "lon": -1.7656050458707058,
        "region": "Obuasi",
        "detected_at": "2026-03-02T06:20:50.777365",
        "model_version": "48px_v3.7_2024-01-10"
      }
    },
    {
      "type": "Feature",
      "geometry": {
        "type": "Point",
        "coordinates": [
          -1.7656050458707058,
          6.214904747495419
        ]
      },
      "properties": {
        "probability": 0.9999300837516785,
        "lat": 6.214904747495419,
        "lon": -1.7656050458707058,
        "region": "Obuasi",
        "detected_at": "2026-03-02T06:20:50.777452",
        "model_version": "48px_v3.7_2024-01-10"
      }
    },
    {
      "type": "Feature",
      "geometry": {
        "type": "Point",
        "coordinates": [
          -1.7656050458707058,
          6.2127291196105245
        ]
      },
      "properties": {
        "probability": 0.9264844059944153,
        "lat": 6.2127291196105245,
        "lon": -1.7656050458707058,
        "region": "Obuasi",
        "detected_at": "2026-03-02T06:20:50.777539",
        "model_version": "48px_v3.7_2024-01-10"
      }
    },
    {
      "type": "Feature",
      "geometry": {
        "type": "Point",
        "coordinates": [
          -1.7656050458707058,
          6.204026608070943
        ]
      },
      "properties": {
        "probability": 0.8744676113128662,
        "lat": 6.204026608070943,
        "lon": -1.7656050458707058,
        "region": "Obuasi",
        "detected_at": "2026-03-02T06:20:50.777626",
        "model_version": "48px_v3.7_2024-01-10"
      }
    },
    {
      "type": "Feature",
      "geometry": {
        "type": "Point",
        "coordinates": [
          -1.7634309899264267,
          6.236661026344368
        ]
      },
      "properties": {
        "probability": 0.8243808150291443,
        "lat": 6.236661026344368,
        "lon": -1.7634309899264267,
        "region": "Obuasi",
        "detected_at": "2026-03-02T06:20:50.777714",
        "model_version": "48px_v3.7_2024-01-10"
      }
    },
    {
      "type": "Feature",
      "geometry": {
        "type": "Point",
        "coordinates": [
          -1.7634309899264267,
          6.234485398459474
        ]
      },
      "properties": {
        "probability": 0.8135905265808105,
        "lat": 6.234485398459474,
        "lon": -1.7634309899264267,
        "region": "Obuasi",
        "detected_at": "2026-03-02T06:20:50.777800",
        "model_version": "48px_v3.7_2024-01-10"
      }
    },
    {
      "type": "Feature",
      "geometry": {
        "type": "Point",
        "coordinates": [
          -1.7634309899264267,
          6.225782886919895
        ]
      },
      "properties": {
        "probability": 0.9988344311714172,
        "lat": 6.225782886919895,
        "lon": -1.7634309899264267,
        "region": "Obuasi",
        "detected_at": "2026-03-02T06:20:50.777910",
        "model_version": "48px_v3.7_2024-01-10"
      }
    },
    {
      "type": "Feature",
      "geometry": {
        "type": "Point",
        "coordinates": [
          -1.7634309899264267,
          6.223607259035
        ]
      },
      "properties": {
        "probability": 0.99978107213974,
        "lat": 6.223607259035,
        "lon": -1.7634309899264267,
        "region": "Obuasi",
        "detected_at": "2026-03-02T06:20:50.777999",
        "model_version": "48px_v3.7_2024-01-10"
      }
    },
    {
      "type": "Feature",
      "geometry": {
        "type": "Point",
        "coordinates": [
          -1.7634309899264267,
          6.221431631150104
        ]
      },
      "properties": {
        "probability": 0.9987210631370544,
        "lat": 6.221431631150104,
        "lon": -1.7634309899264267,
        "region": "Obuasi",
        "detected_at": "2026-03-02T06:20:50.778094",
        "model_version": "48px_v3.7_2024-01-10"
      }
    },
    {
      "type": "Feature",
      "geometry": {
        "type": "Point",
        "coordinates": [
          -1.7634309899264267,
          6.219256003265209
        ]
      },
      "properties": {
        "probability": 0.9993693828582764,
        "lat": 6.219256003265209,
        "lon": -1.7634309899264267,
        "region": "Obuasi",
        "detected_at": "2026-03-02T06:20:50.778183",
        "model_version": "48px_v3.7_2024-01-10"
      }
    },
    {
      "type": "Feature",
      "geometry": {
        "type": "Point",
        "coordinates": [
          -1.7634309899264267,
          6.2170803753803145
        ]
      },
      "properties": {
        "probability": 0.9780274033546448,
        "lat": 6.2170803753803145,
        "lon": -1.7634309899264267,
        "region": "Obuasi",
        "detected_at": "2026-03-02T06:20:50.778273",
        "model_version": "48px_v3.7_2024-01-10"
      }
    },
    {
      "type": "Feature",
      "geometry": {
        "type": "Point",
        "coordinates": [
          -1.7634309899264267,
          6.214904747495419
        ]
      },
      "properties": {
        "probability": 0.9999156594276428,
        "lat": 6.214904747495419,
        "lon": -1.7634309899264267,
        "region": "Obuasi",
        "detected_at": "2026-03-02T06:20:50.778363",
        "model_version": "48px_v3.7_2024-01-10"
      }
    },
    {
      "type": "Feature",
      "geometry": {
        "type": "Point",
        "coordinates": [
          -1.7634309899264267,
          6.212729119610524
        ]
      },
      "properties": {
        "probability": 0.9858625531196594,
        "lat": 6.212729119610524,
        "lon": -1.7634309899264267,
        "region": "Obuasi",
        "detected_at": "2026-03-02T06:20:50.778450",
        "model_version": "48px_v3.7_2024-01-10"
      }
    },
    {
      "type": "Feature",
      "geometry": {
        "type": "Point",
        "coordinates": [
          -1.7612569339821476,
          6.232309770574579
        ]
      },
      "properties": {
        "probability": 0.8717703223228455,
        "lat": 6.232309770574579,
        "lon": -1.7612569339821476,
        "region": "Obuasi",
        "detected_at": "2026-03-02T06:20:50.778537",
        "model_version": "48px_v3.7_2024-01-10"
      }
    },
    {
      "type": "Feature",
      "geometry": {
        "type": "Point",
        "coordinates": [
          -1.7612569339821476,
          6.230134142689685
        ]
      },
      "properties": {
        "probability": 0.9947882890701294,
        "lat": 6.230134142689685,
        "lon": -1.7612569339821476,
        "region": "Obuasi",
        "detected_at": "2026-03-02T06:20:50.778624",
        "model_version": "48px_v3.7_2024-01-10"
      }
    },
    {
      "type": "Feature",
      "geometry": {
        "type": "Point",
        "coordinates": [
          -1.7612569339821476,
          6.22795851480479
        ]
      },
      "properties": {
        "probability": 0.9992905855178833,
        "lat": 6.22795851480479,
        "lon": -1.7612569339821476,
        "region": "Obuasi",
        "detected_at": "2026-03-02T06:20:50.778710",
        "model_version": "48px_v3.7_2024-01-10"
      }
    },
    {
      "type": "Feature",
      "geometry": {
        "type": "Point",
        "coordinates": [
          -1.7612569339821476,
          6.225782886919895
        ]
      },
      "properties": {
        "probability": 0.9999994039535522,
        "lat": 6.225782886919895,
        "lon": -1.7612569339821476,
        "region": "Obuasi",
        "detected_at": "2026-03-02T06:20:50.778804",
        "model_version": "48px_v3.7_2024-01-10"
      }
    },
    {
      "type": "Feature",
      "geometry": {
        "type": "Point",
        "coordinates": [
          -1.7612569339821476,
          6.223607259034998
        ]
      },
      "properties": {
        "probability": 0.9999985098838806,
        "lat": 6.223607259034998,
        "lon": -1.7612569339821476,
        "region": "Obuasi",
        "detected_at": "2026-03-02T06:20:50.778917",
        "model_version": "48px_v3.7_2024-01-10"
      }
    },
    {
      "type": "Feature",
      "geometry": {
        "type": "Point",
        "coordinates": [
          -1.7612569339821476,
          6.221431631150103
        ]
      },
      "properties": {
        "probability": 0.9664269089698792,
        "lat": 6.221431631150103,
        "lon": -1.7612569339821476,
        "region": "Obuasi",
        "detected_at": "2026-03-02T06:20:50.779006",
        "model_version": "48px_v3.7_2024-01-10"
      }
    },
    {
      "type": "Feature",
      "geometry": {
        "type": "Point",
        "coordinates": [
          -1.7612569339821476,
          6.214904747495419
        ]
      },
      "properties": {
        "probability": 0.9728639125823975,
        "lat": 6.214904747495419,
        "lon": -1.7612569339821476,
        "region": "Obuasi",
        "detected_at": "2026-03-02T06:20:50.779092",
        "model_version": "48px_v3.7_2024-01-10"
      }
    },
    {
      "type": "Feature",
      "geometry": {
        "type": "Point",
        "coordinates": [
          -1.7590828780378678,
          6.232309770574579
        ]
      },
      "properties": {
        "probability": 0.9997269511222839,
        "lat": 6.232309770574579,
        "lon": -1.7590828780378678,
        "region": "Obuasi",
        "detected_at": "2026-03-02T06:20:50.779179",
        "model_version": "48px_v3.7_2024-01-10"
      }
    },
    {
      "type": "Feature",
      "geometry": {
        "type": "Point",
        "coordinates": [
          -1.7590828780378678,
          6.230134142689685
        ]
      },
      "properties": {
        "probability": 0.9999933838844299,
        "lat": 6.230134142689685,
        "lon": -1.7590828780378678,
        "region": "Obuasi",
        "detected_at": "2026-03-02T06:20:50.779264",
        "model_version": "48px_v3.7_2024-01-10"
      }
    },
    {
      "type": "Feature",
      "geometry": {
        "type": "Point",
        "coordinates": [
          -1.759082878037868,
          6.22795851480479
        ]
      },
      "properties": {
        "probability": 0.9999645352363586,
        "lat": 6.22795851480479,
        "lon": -1.759082878037868,
        "region": "Obuasi",
        "detected_at": "2026-03-02T06:20:50.779350",
        "model_version": "48px_v3.7_2024-01-10"
      }
    },
    {
      "type": "Feature",
      "geometry": {
        "type": "Point",
        "coordinates": [
          -1.7590828780378678,
          6.225782886919895
        ]
      },
      "properties": {
        "probability": 0.992658257484436,
        "lat": 6.225782886919895,
        "lon": -1.7590828780378678,
        "region": "Obuasi",
        "detected_at": "2026-03-02T06:20:50.779444",
        "model_version": "48px_v3.7_2024-01-10"
      }
    },
    {
      "type": "Feature",
      "geometry": {
        "type": "Point",
        "coordinates": [
          -1.7590828780378678,
          6.223607259034998
        ]
      },
      "properties": {
        "probability": 0.9768250584602356,
        "lat": 6.223607259034998,
        "lon": -1.7590828780378678,
        "region": "Obuasi",
        "detected_at": "2026-03-02T06:20:50.779532",
        "model_version": "48px_v3.7_2024-01-10"
      }
    },
    {
      "type": "Feature",
      "geometry": {
        "type": "Point",
        "coordinates": [
          -1.7569088220935887,
          6.238836654229265
        ]
      },
      "properties": {
        "probability": 0.9372284412384033,
        "lat": 6.238836654229265,
        "lon": -1.7569088220935887,
        "region": "Obuasi",
        "detected_at": "2026-03-02T06:20:50.779619",
        "model_version": "48px_v3.7_2024-01-10"
      }
    },
    {
      "type": "Feature",
      "geometry": {
        "type": "Point",
        "coordinates": [
          -1.7569088220935887,
          6.234485398459474
        ]
      },
      "properties": {
        "probability": 0.99686598777771,
        "lat": 6.234485398459474,
        "lon": -1.7569088220935887,
        "region": "Obuasi",
        "detected_at": "2026-03-02T06:20:50.779705",
        "model_version": "48px_v3.7_2024-01-10"
      }
    },
    {
      "type": "Feature",
      "geometry": {
        "type": "Point",
        "coordinates": [
          -1.7569088220935887,
          6.232309770574579
        ]
      },
      "properties": {
        "probability": 0.9999791383743286,
        "lat": 6.232309770574579,
        "lon": -1.7569088220935887,
        "region": "Obuasi",
        "detected_at": "2026-03-02T06:20:50.779791",
        "model_version": "48px_v3.7_2024-01-10"
      }
    },
    {
      "type": "Feature",
      "geometry": {
        "type": "Point",
        "coordinates": [
          -1.7569088220935887,
          6.230134142689683
        ]
      },
      "properties": {
        "probability": 0.9999880790710449,
        "lat": 6.230134142689683,
        "lon": -1.7569088220935887,
        "region": "Obuasi",
        "detected_at": "2026-03-02T06:20:50.779897",
        "model_version": "48px_v3.7_2024-01-10"
      }
    },
    {
      "type": "Feature",
      "geometry": {
        "type": "Point",
        "coordinates": [
          -1.756908822093589,
          6.22795851480479
        ]
      },
      "properties": {
        "probability": 0.940811276435852,
        "lat": 6.22795851480479,
        "lon": -1.756908822093589,
        "region": "Obuasi",
        "detected_at": "2026-03-02T06:20:50.779988",
        "model_version": "48px_v3.7_2024-01-10"
      }
    },
    {
      "type": "Feature",
      "geometry": {
        "type": "Point",
        "coordinates": [
          -1.7569088220935887,
          6.219256003265209
        ]
      },
      "properties": {
        "probability": 0.8394261598587036,
        "lat": 6.219256003265209,
        "lon": -1.7569088220935887,
        "region": "Obuasi",
        "detected_at": "2026-03-02T06:20:50.780074",
        "model_version": "48px_v3.7_2024-01-10"
      }
    },
    {
      "type": "Feature",
      "geometry": {
        "type": "Point",
        "coordinates": [
          -1.7547347661493098,
          6.236661026344368
        ]
      },
      "properties": {
        "probability": 0.8434383273124695,
        "lat": 6.236661026344368,
        "lon": -1.7547347661493098,
        "region": "Obuasi",
        "detected_at": "2026-03-02T06:20:50.780161",
        "model_version": "48px_v3.7_2024-01-10"
      }
    },
    {
      "type": "Feature",
      "geometry": {
        "type": "Point",
        "coordinates": [
          -1.7547347661493098,
          6.234485398459475
        ]
      },
      "properties": {
        "probability": 0.9999796152114868,
        "lat": 6.234485398459475,
        "lon": -1.7547347661493098,
        "region": "Obuasi",
        "detected_at": "2026-03-02T06:20:50.780255",
        "model_version": "48px_v3.7_2024-01-10"
      }
    },
    {
      "type": "Feature",
      "geometry": {
        "type": "Point",
        "coordinates": [
          -1.7547347661493098,
          6.232309770574579
        ]
      },
      "properties": {
        "probability": 0.9990909695625305,
        "lat": 6.232309770574579,
        "lon": -1.7547347661493098,
        "region": "Obuasi",
        "detected_at": "2026-03-02T06:20:50.780348",
        "model_version": "48px_v3.7_2024-01-10"
      }
    },
    {
      "type": "Feature",
      "geometry": {
        "type": "Point",
        "coordinates": [
          -1.7547347661493098,
          6.230134142689685
        ]
      },
      "properties": {
        "probability": 0.9730204939842224,
        "lat": 6.230134142689685,
        "lon": -1.7547347661493098,
        "region": "Obuasi",
        "detected_at": "2026-03-02T06:20:50.780436",
        "model_version": "48px_v3.7_2024-01-10"
      }
    },
    {
      "type": "Feature",
      "geometry": {
        "type": "Point",
        "coordinates": [
          -1.7547347661493098,
          6.21925600326521
        ]
      },
      "properties": {
        "probability": 0.8384553790092468,
        "lat": 6.21925600326521,
        "lon": -1.7547347661493098,
        "region": "Obuasi",
        "detected_at": "2026-03-02T06:20:50.780534",
        "model_version": "48px_v3.7_2024-01-10"
      }
    },
    {
      "type": "Feature",
      "geometry": {
        "type": "Point",
        "coordinates": [
          -1.7547347661493098,
          6.2170803753803145
        ]
      },
      "properties": {
        "probability": 0.9995483756065369,
        "lat": 6.2170803753803145,
        "lon": -1.7547347661493098,
        "region": "Obuasi",
        "detected_at": "2026-03-02T06:20:50.780620",
        "model_version": "48px_v3.7_2024-01-10"
      }
    },
    {
      "type": "Feature",
      "geometry": {
        "type": "Point",
        "coordinates": [
          -1.7525607102050302,
          6.24971479365374
        ]
      },
      "properties": {
        "probability": 0.9978929162025452,
        "lat": 6.24971479365374,
        "lon": -1.7525607102050302,
        "region": "Obuasi",
        "detected_at": "2026-03-02T06:20:50.780741",
        "model_version": "48px_v3.7_2024-01-10"
      }
    },
    {
      "type": "Feature",
      "geometry": {
        "type": "Point",
        "coordinates": [
          -1.7525607102050302,
          6.241012282114159
        ]
      },
      "properties": {
        "probability": 0.8517054319381714,
        "lat": 6.241012282114159,
        "lon": -1.7525607102050302,
        "region": "Obuasi",
        "detected_at": "2026-03-02T06:20:50.780846",
        "model_version": "48px_v3.7_2024-01-10"
      }
    },
    {
      "type": "Feature",
      "geometry": {
        "type": "Point",
        "coordinates": [
          -1.7525607102050302,
          6.236661026344368
        ]
      },
      "properties": {
        "probability": 0.9963813424110413,
        "lat": 6.236661026344368,
        "lon": -1.7525607102050302,
        "region": "Obuasi",
        "detected_at": "2026-03-02T06:20:50.780939",
        "model_version": "48px_v3.7_2024-01-10"
      }
    },
    {
      "type": "Feature",
      "geometry": {
        "type": "Point",
        "coordinates": [
          -1.7525607102050302,
          6.234485398459475
        ]
      },
      "properties": {
        "probability": 0.9998382925987244,
        "lat": 6.234485398459475,
        "lon": -1.7525607102050302,
        "region": "Obuasi",
        "detected_at": "2026-03-02T06:20:50.781025",
        "model_version": "48px_v3.7_2024-01-10"
      }
    },
    {
      "type": "Feature",
      "geometry": {
        "type": "Point",
        "coordinates": [
          -1.7525607102050302,
          6.21925600326521
        ]
      },
      "properties": {
        "probability": 0.8466638922691345,
        "lat": 6.21925600326521,
        "lon": -1.7525607102050302,
        "region": "Obuasi",
        "detected_at": "2026-03-02T06:20:50.781112",
        "model_version": "48px_v3.7_2024-01-10"
      }
    },
    {
      "type": "Feature",
      "geometry": {
        "type": "Point",
        "coordinates": [
          -1.7525607102050302,
          6.2170803753803145
        ]
      },
      "properties": {
        "probability": 0.9928909540176392,
        "lat": 6.2170803753803145,
        "lon": -1.7525607102050302,
        "region": "Obuasi",
        "detected_at": "2026-03-02T06:20:50.781199",
        "model_version": "48px_v3.7_2024-01-10"
      }
    },
    {
      "type": "Feature",
      "geometry": {
        "type": "Point",
        "coordinates": [
          -1.7525607102050302,
          6.206202235955839
        ]
      },
      "properties": {
        "probability": 0.9971014261245728,
        "lat": 6.206202235955839,
        "lon": -1.7525607102050302,
        "region": "Obuasi",
        "detected_at": "2026-03-02T06:20:50.781286",
        "model_version": "48px_v3.7_2024-01-10"
      }
    },
    {
      "type": "Feature",
      "geometry": {
        "type": "Point",
        "coordinates": [
          -1.850271441100039,
          6.228076426614537
        ]
      },
      "properties": {
        "probability": 0.9942609071731567,
        "lat": 6.228076426614537,
        "lon": -1.850271441100039,
        "region": "Obuasi",
        "detected_at": "2026-03-02T06:20:50.781373",
        "model_version": "48px_v3.7_2024-01-10"
      }
    },
    {
      "type": "Feature",
      "geometry": {
        "type": "Point",
        "coordinates": [
          -1.8480975568343962,
          6.247655526891717
        ]
      },
      "properties": {
        "probability": 0.9277770519256592,
        "lat": 6.247655526891717,
        "lon": -1.8480975568343962,
        "region": "Obuasi",
        "detected_at": "2026-03-02T06:20:50.781459",
        "model_version": "48px_v3.7_2024-01-10"
      }
    },
    {
      "type": "Feature",
      "geometry": {
        "type": "Point",
        "coordinates": [
          -1.8480975568343965,
          6.228076426614537
        ]
      },
      "properties": {
        "probability": 0.9744566082954407,
        "lat": 6.228076426614537,
        "lon": -1.8480975568343965,
        "region": "Obuasi",
        "detected_at": "2026-03-02T06:20:50.781546",
        "model_version": "48px_v3.7_2024-01-10"
      }
    },
    {
      "type": "Feature",
      "geometry": {
        "type": "Point",
        "coordinates": [
          -1.8480975568343962,
          6.225900971028184
        ]
      },
      "properties": {
        "probability": 0.9727562069892883,
        "lat": 6.225900971028184,
        "lon": -1.8480975568343962,
        "region": "Obuasi",
        "detected_at": "2026-03-02T06:20:50.781634",
        "model_version": "48px_v3.7_2024-01-10"
      }
    },
    {
      "type": "Feature",
      "geometry": {
        "type": "Point",
        "coordinates": [
          -1.8459236725687542,
          6.249830982478072
        ]
      },
      "properties": {
        "probability": 0.9597163796424866,
        "lat": 6.249830982478072,
        "lon": -1.8459236725687542,
        "region": "Obuasi",
        "detected_at": "2026-03-02T06:20:50.781728",
        "model_version": "48px_v3.7_2024-01-10"
      }
    },
    {
      "type": "Feature",
      "geometry": {
        "type": "Point",
        "coordinates": [
          -1.8459236725687542,
          6.247655526891717
        ]
      },
      "properties": {
        "probability": 0.9859393835067749,
        "lat": 6.247655526891717,
        "lon": -1.8459236725687542,
        "region": "Obuasi",
        "detected_at": "2026-03-02T06:20:50.781815",
        "model_version": "48px_v3.7_2024-01-10"
      }
    },
    {
      "type": "Feature",
      "geometry": {
        "type": "Point",
        "coordinates": [
          -1.843749788303112,
          6.249830982478072
        ]
      },
      "properties": {
        "probability": 0.852695643901825,
        "lat": 6.249830982478072,
        "lon": -1.843749788303112,
        "region": "Obuasi",
        "detected_at": "2026-03-02T06:20:50.781923",
        "model_version": "48px_v3.7_2024-01-10"
      }
    },
    {
      "type": "Feature",
      "geometry": {
        "type": "Point",
        "coordinates": [
          -1.8415759040374695,
          6.249830982478072
        ]
      },
      "properties": {
        "probability": 0.8176171183586121,
        "lat": 6.249830982478072,
        "lon": -1.8415759040374695,
        "region": "Obuasi",
        "detected_at": "2026-03-02T06:20:50.782013",
        "model_version": "48px_v3.7_2024-01-10"
      }
    },
    {
      "type": "Feature",
      "geometry": {
        "type": "Point",
        "coordinates": [
          -1.839402019771827,
          6.249830982478072
        ]
      },
      "properties": {
        "probability": 0.8283276557922363,
        "lat": 6.249830982478072,
        "lon": -1.839402019771827,
        "region": "Obuasi",
        "detected_at": "2026-03-02T06:20:50.782101",
        "model_version": "48px_v3.7_2024-01-10"
      }
    },
    {
      "type": "Feature",
      "geometry": {
        "type": "Point",
        "coordinates": [
          -1.8307064827092578,
          6.215023693096418
        ]
      },
      "properties": {
        "probability": 0.9464396834373474,
        "lat": 6.215023693096418,
        "lon": -1.8307064827092578,
        "region": "Obuasi",
        "detected_at": "2026-03-02T06:20:50.782187",
        "model_version": "48px_v3.7_2024-01-10"
      }
    },
    {
      "type": "Feature",
      "geometry": {
        "type": "Point",
        "coordinates": [
          -1.8285325984436154,
          6.215023693096418
        ]
      },
      "properties": {
        "probability": 0.9524727463722229,
        "lat": 6.215023693096418,
        "lon": -1.8285325984436154,
        "region": "Obuasi",
        "detected_at": "2026-03-02T06:20:50.782273",
        "model_version": "48px_v3.7_2024-01-10"
      }
    },
    {
      "type": "Feature",
      "geometry": {
        "type": "Point",
        "coordinates": [
          -1.8285325984436154,
          6.212848237510065
        ]
      },
      "properties": {
        "probability": 0.976314127445221,
        "lat": 6.212848237510065,
        "lon": -1.8285325984436154,
        "region": "Obuasi",
        "detected_at": "2026-03-02T06:20:50.782373",
        "model_version": "48px_v3.7_2024-01-10"
      }
    },
    {
      "type": "Feature",
      "geometry": {
        "type": "Point",
        "coordinates": [
          -1.826358714177973,
          6.212848237510064
        ]
      },
      "properties": {
        "probability": 0.9114722609519958,
        "lat": 6.212848237510064,
        "lon": -1.826358714177973,
        "region": "Obuasi",
        "detected_at": "2026-03-02T06:20:50.782467",
        "model_version": "48px_v3.7_2024-01-10"
      }
    },
    {
      "type": "Feature",
      "geometry": {
        "type": "Point",
        "coordinates": [
          -1.8198370613810462,
          6.204146415164652
        ]
      },
      "properties": {
        "probability": 0.971759557723999,
        "lat": 6.204146415164652,
        "lon": -1.8198370613810462,
        "region": "Obuasi",
        "detected_at": "2026-03-02T06:20:50.782554",
        "model_version": "48px_v3.7_2024-01-10"
      }
    },
    {
      "type": "Feature",
      "geometry": {
        "type": "Point",
        "coordinates": [
          -1.8176631771154041,
          6.204146415164652
        ]
      },
      "properties": {
        "probability": 0.9661661386489868,
        "lat": 6.204146415164652,
        "lon": -1.8176631771154041,
        "region": "Obuasi",
        "detected_at": "2026-03-02T06:20:50.782641",
        "model_version": "48px_v3.7_2024-01-10"
      }
    },
    {
      "type": "Feature",
      "geometry": {
        "type": "Point",
        "coordinates": [
          -1.8176631771154041,
          6.201970959578299
        ]
      },
      "properties": {
        "probability": 0.9762146472930908,
        "lat": 6.201970959578299,
        "lon": -1.8176631771154041,
        "region": "Obuasi",
        "detected_at": "2026-03-02T06:20:50.782734",
        "model_version": "48px_v3.7_2024-01-10"
      }
    },
    {
      "type": "Feature",
      "geometry": {
        "type": "Point",
        "coordinates": [
          -1.8046198715215502,
          6.243304615719012
        ]
      },
      "properties": {
        "probability": 0.8461118936538696,
        "lat": 6.243304615719012,
        "lon": -1.8046198715215502,
        "region": "Obuasi",
        "detected_at": "2026-03-02T06:20:50.782821",
        "model_version": "48px_v3.7_2024-01-10"
      }
    },
    {
      "type": "Feature",
      "geometry": {
        "type": "Point",
        "coordinates": [
          -1.748212169276764,
          6.275577151319673
        ]
      },
      "properties": {
        "probability": 0.9307950139045715,
        "lat": 6.275577151319673,
        "lon": -1.748212169276764,
        "region": "Obuasi",
        "detected_at": "2026-03-02T06:20:50.782962",
        "model_version": "48px_v3.7_2024-01-10"
      }
    },
    {
      "type": "Feature",
      "geometry": {
        "type": "Point",
        "coordinates": [
          -1.7482121692767643,
          6.273401313161621
        ]
      },
      "properties": {
        "probability": 0.997806191444397,
        "lat": 6.273401313161621,
        "lon": -1.7482121692767643,
        "region": "Obuasi",
        "detected_at": "2026-03-02T06:20:50.783052",
        "model_version": "48px_v3.7_2024-01-10"
      }
    },
    {
      "type": "Feature",
      "geometry": {
        "type": "Point",
        "coordinates": [
          -1.748212169276764,
          6.27122547500357
        ]
      },
      "properties": {
        "probability": 0.9885332584381104,
        "lat": 6.27122547500357,
        "lon": -1.748212169276764,
        "region": "Obuasi",
        "detected_at": "2026-03-02T06:20:50.783150",
        "model_version": "48px_v3.7_2024-01-10"
      }
    },
    {
      "type": "Feature",
      "geometry": {
        "type": "Point",
        "coordinates": [
          -1.748212169276764,
          6.269049636845518
        ]
      },
      "properties": {
        "probability": 0.9875536561012268,
        "lat": 6.269049636845518,
        "lon": -1.748212169276764,
        "region": "Obuasi",
        "detected_at": "2026-03-02T06:20:50.783243",
        "model_version": "48px_v3.7_2024-01-10"
      }
    },
    {
      "type": "Feature",
      "geometry": {
        "type": "Point",
        "coordinates": [
          -1.7460376842927778,
          6.269049636845518
        ]
      },
      "properties": {
        "probability": 0.9930098056793213,
        "lat": 6.269049636845518,
        "lon": -1.7460376842927778,
        "region": "Obuasi",
        "detected_at": "2026-03-02T06:20:50.783331",
        "model_version": "48px_v3.7_2024-01-10"
      }
    },
    {
      "type": "Feature",
      "geometry": {
        "type": "Point",
        "coordinates": [
          -1.7460376842927776,
          6.2668737986874685
        ]
      },
      "properties": {
        "probability": 0.9992120265960693,
        "lat": 6.2668737986874685,
        "lon": -1.7460376842927776,
        "region": "Obuasi",
        "detected_at": "2026-03-02T06:20:50.783417",
        "model_version": "48px_v3.7_2024-01-10"
      }
    },
    {
      "type": "Feature",
      "geometry": {
        "type": "Point",
        "coordinates": [
          -1.7460376842927776,
          6.2603462842133135
        ]
      },
      "properties": {
        "probability": 0.809959352016449,
        "lat": 6.2603462842133135,
        "lon": -1.7460376842927776,
        "region": "Obuasi",
        "detected_at": "2026-03-02T06:20:50.783504",
        "model_version": "48px_v3.7_2024-01-10"
      }
    },
    {
      "type": "Feature",
      "geometry": {
        "type": "Point",
        "coordinates": [
          -1.7460376842927776,
          6.258170446055262
        ]
      },
      "properties": {
        "probability": 0.9989902377128601,
        "lat": 6.258170446055262,
        "lon": -1.7460376842927776,
        "region": "Obuasi",
        "detected_at": "2026-03-02T06:20:50.783590",
        "model_version": "48px_v3.7_2024-01-10"
      }
    },
    {
      "type": "Feature",
      "geometry": {
        "type": "Point",
        "coordinates": [
          -1.7460376842927778,
          6.255994607897211
        ]
      },
      "properties": {
        "probability": 0.9961758852005005,
        "lat": 6.255994607897211,
        "lon": -1.7460376842927778,
        "region": "Obuasi",
        "detected_at": "2026-03-02T06:20:50.783676",
        "model_version": "48px_v3.7_2024-01-10"
      }
    },
    {
      "type": "Feature",
      "geometry": {
        "type": "Point",
        "coordinates": [
          -1.7460376842927778,
          6.253818769739159
        ]
      },
      "properties": {
        "probability": 0.9992368221282959,
        "lat": 6.253818769739159,
        "lon": -1.7460376842927778,
        "region": "Obuasi",
        "detected_at": "2026-03-02T06:20:50.783762",
        "model_version": "48px_v3.7_2024-01-10"
      }
    },
    {
      "type": "Feature",
      "geometry": {
        "type": "Point",
        "coordinates": [
          -1.743863199308791,
          6.266873798687468
        ]
      },
      "properties": {
        "probability": 0.9988141059875488,
        "lat": 6.266873798687468,
        "lon": -1.743863199308791,
        "region": "Obuasi",
        "detected_at": "2026-03-02T06:20:50.783868",
        "model_version": "48px_v3.7_2024-01-10"
      }
    },
    {
      "type": "Feature",
      "geometry": {
        "type": "Point",
        "coordinates": [
          -1.743863199308791,
          6.264697960529416
        ]
      },
      "properties": {
        "probability": 0.9972329139709473,
        "lat": 6.264697960529416,
        "lon": -1.743863199308791,
        "region": "Obuasi",
        "detected_at": "2026-03-02T06:20:50.783960",
        "model_version": "48px_v3.7_2024-01-10"
      }
    },
    {
      "type": "Feature",
      "geometry": {
        "type": "Point",
        "coordinates": [
          -1.743863199308791,
          6.262522122371365
        ]
      },
      "properties": {
        "probability": 0.9308595657348633,
        "lat": 6.262522122371365,
        "lon": -1.743863199308791,
        "region": "Obuasi",
        "detected_at": "2026-03-02T06:20:50.784047",
        "model_version": "48px_v3.7_2024-01-10"
      }
    },
    {
      "type": "Feature",
      "geometry": {
        "type": "Point",
        "coordinates": [
          -1.743863199308791,
          6.2603462842133135
        ]
      },
      "properties": {
        "probability": 0.9964528679847717,
        "lat": 6.2603462842133135,
        "lon": -1.743863199308791,
        "region": "Obuasi",
        "detected_at": "2026-03-02T06:20:50.784134",
        "model_version": "48px_v3.7_2024-01-10"
      }
    },
    {
      "type": "Feature",
      "geometry": {
        "type": "Point",
        "coordinates": [
          -1.743863199308791,
          6.258170446055261
        ]
      },
      "properties": {
        "probability": 0.9998398423194885,
        "lat": 6.258170446055261,
        "lon": -1.743863199308791,
        "region": "Obuasi",
        "detected_at": "2026-03-02T06:20:50.784220",
        "model_version": "48px_v3.7_2024-01-10"
      }
    },
    {
      "type": "Feature",
      "geometry": {
        "type": "Point",
        "coordinates": [
          -1.743863199308791,
          6.25599460789721
        ]
      },
      "properties": {
        "probability": 0.9051962494850159,
        "lat": 6.25599460789721,
        "lon": -1.743863199308791,
        "region": "Obuasi",
        "detected_at": "2026-03-02T06:20:50.784314",
        "model_version": "48px_v3.7_2024-01-10"
      }
    },
    {
      "type": "Feature",
      "geometry": {
        "type": "Point",
        "coordinates": [
          -1.741688714324804,
          6.284280503951878
        ]
      },
      "properties": {
        "probability": 0.8675757050514221,
        "lat": 6.284280503951878,
        "lon": -1.741688714324804,
        "region": "Obuasi",
        "detected_at": "2026-03-02T06:20:50.784400",
        "model_version": "48px_v3.7_2024-01-10"
      }
    },
    {
      "type": "Feature",
      "geometry": {
        "type": "Point",
        "coordinates": [
          -1.741688714324804,
          6.262522122371365
        ]
      },
      "properties": {
        "probability": 0.9953656792640686,
        "lat": 6.262522122371365,
        "lon": -1.741688714324804,
        "region": "Obuasi",
        "detected_at": "2026-03-02T06:20:50.784488",
        "model_version": "48px_v3.7_2024-01-10"
      }
    },
    {
      "type": "Feature",
      "geometry": {
        "type": "Point",
        "coordinates": [
          -1.741688714324804,
          6.2603462842133135
        ]
      },
      "properties": {
        "probability": 0.9992588758468628,
        "lat": 6.2603462842133135,
        "lon": -1.741688714324804,
        "region": "Obuasi",
        "detected_at": "2026-03-02T06:20:50.784585",
        "model_version": "48px_v3.7_2024-01-10"
      }
    },
    {
      "type": "Feature",
      "geometry": {
        "type": "Point",
        "coordinates": [
          -1.741688714324804,
          6.258170446055262
        ]
      },
      "properties": {
        "probability": 0.8278369307518005,
        "lat": 6.258170446055262,
        "lon": -1.741688714324804,
        "region": "Obuasi",
        "detected_at": "2026-03-02T06:20:50.784680",
        "model_version": "48px_v3.7_2024-01-10"
      }
    },
    {
      "type": "Feature",
      "geometry": {
        "type": "Point",
        "coordinates": [
          -1.7395142293408177,
          6.262522122371365
        ]
      },
      "properties": {
        "probability": 0.9919835925102234,
        "lat": 6.262522122371365,
        "lon": -1.7395142293408177,
        "region": "Obuasi",
        "detected_at": "2026-03-02T06:20:50.784768",
        "model_version": "48px_v3.7_2024-01-10"
      }
    },
    {
      "type": "Feature",
      "geometry": {
        "type": "Point",
        "coordinates": [
          -1.7395142293408177,
          6.2603462842133135
        ]
      },
      "properties": {
        "probability": 0.9984185099601746,
        "lat": 6.2603462842133135,
        "lon": -1.7395142293408177,
        "region": "Obuasi",
        "detected_at": "2026-03-02T06:20:50.784881",
        "model_version": "48px_v3.7_2024-01-10"
      }
    },
    {
      "type": "Feature",
      "geometry": {
        "type": "Point",
        "coordinates": [
          -1.7373397443568308,
          6.295159694742136
        ]
      },
      "properties": {
        "probability": 0.8785141706466675,
        "lat": 6.295159694742136,
        "lon": -1.7373397443568308,
        "region": "Obuasi",
        "detected_at": "2026-03-02T06:20:50.784974",
        "model_version": "48px_v3.7_2024-01-10"
      }
    },
    {
      "type": "Feature",
      "geometry": {
        "type": "Point",
        "coordinates": [
          -1.7373397443568306,
          6.292983856584086
        ]
      },
      "properties": {
        "probability": 0.8135919570922852,
        "lat": 6.292983856584086,
        "lon": -1.7373397443568306,
        "region": "Obuasi",
        "detected_at": "2026-03-02T06:20:50.785061",
        "model_version": "48px_v3.7_2024-01-10"
      }
    },
    {
      "type": "Feature",
      "geometry": {
        "type": "Point",
        "coordinates": [
          -1.7373397443568308,
          6.279928827635776
        ]
      },
      "properties": {
        "probability": 0.9421415328979492,
        "lat": 6.279928827635776,
        "lon": -1.7373397443568308,
        "region": "Obuasi",
        "detected_at": "2026-03-02T06:20:50.785157",
        "model_version": "48px_v3.7_2024-01-10"
      }
    },
    {
      "type": "Feature",
      "geometry": {
        "type": "Point",
        "coordinates": [
          -1.7373397443568306,
          6.277752989477724
        ]
      },
      "properties": {
        "probability": 0.9124301671981812,
        "lat": 6.277752989477724,
        "lon": -1.7373397443568306,
        "region": "Obuasi",
        "detected_at": "2026-03-02T06:20:50.785245",
        "model_version": "48px_v3.7_2024-01-10"
      }
    },
    {
      "type": "Feature",
      "geometry": {
        "type": "Point",
        "coordinates": [
          -1.7373397443568306,
          6.275577151319674
        ]
      },
      "properties": {
        "probability": 0.8855348229408264,
        "lat": 6.275577151319674,
        "lon": -1.7373397443568306,
        "region": "Obuasi",
        "detected_at": "2026-03-02T06:20:50.785340",
        "model_version": "48px_v3.7_2024-01-10"
      }
    },
    {
      "type": "Feature",
      "geometry": {
        "type": "Point",
        "coordinates": [
          -1.7373397443568308,
          6.273401313161622
        ]
      },
      "properties": {
        "probability": 0.9797731041908264,
        "lat": 6.273401313161622,
        "lon": -1.7373397443568308,
        "region": "Obuasi",
        "detected_at": "2026-03-02T06:20:50.785429",
        "model_version": "48px_v3.7_2024-01-10"
      }
    },
    {
      "type": "Feature",
      "geometry": {
        "type": "Point",
        "coordinates": [
          -1.7373397443568306,
          6.271225475003571
        ]
      },
      "properties": {
        "probability": 0.9921101927757263,
        "lat": 6.271225475003571,
        "lon": -1.7373397443568306,
        "region": "Obuasi",
        "detected_at": "2026-03-02T06:20:50.785516",
        "model_version": "48px_v3.7_2024-01-10"
      }
    },
    {
      "type": "Feature",
      "geometry": {
        "type": "Point",
        "coordinates": [
          -1.7373397443568306,
          6.264697960529416
        ]
      },
      "properties": {
        "probability": 0.9950016140937805,
        "lat": 6.264697960529416,
        "lon": -1.7373397443568306,
        "region": "Obuasi",
        "detected_at": "2026-03-02T06:20:50.785601",
        "model_version": "48px_v3.7_2024-01-10"
      }
    },
    {
      "type": "Feature",
      "geometry": {
        "type": "Point",
        "coordinates": [
          -1.7373397443568306,
          6.262522122371365
        ]
      },
      "properties": {
        "probability": 0.999998152256012,
        "lat": 6.262522122371365,
        "lon": -1.7373397443568306,
        "region": "Obuasi",
        "detected_at": "2026-03-02T06:20:50.785687",
        "model_version": "48px_v3.7_2024-01-10"
      }
    },
    {
      "type": "Feature",
      "geometry": {
        "type": "Point",
        "coordinates": [
          -1.7373397443568308,
          6.2603462842133135
        ]
      },
      "properties": {
        "probability": 0.9838141798973083,
        "lat": 6.2603462842133135,
        "lon": -1.7373397443568308,
        "region": "Obuasi",
        "detected_at": "2026-03-02T06:20:50.785773",
        "model_version": "48px_v3.7_2024-01-10"
      }
    },
    {
      "type": "Feature",
      "geometry": {
        "type": "Point",
        "coordinates": [
          -1.7351652593728442,
          6.27122547500357
        ]
      },
      "properties": {
        "probability": 0.8677359223365784,
        "lat": 6.27122547500357,
        "lon": -1.7351652593728442,
        "region": "Obuasi",
        "detected_at": "2026-03-02T06:20:50.785879",
        "model_version": "48px_v3.7_2024-01-10"
      }
    },
    {
      "type": "Feature",
      "geometry": {
        "type": "Point",
        "coordinates": [
          -1.7351652593728442,
          6.269049636845518
        ]
      },
      "properties": {
        "probability": 0.999546468257904,
        "lat": 6.269049636845518,
        "lon": -1.7351652593728442,
        "region": "Obuasi",
        "detected_at": "2026-03-02T06:20:50.785969",
        "model_version": "48px_v3.7_2024-01-10"
      }
    },
    {
      "type": "Feature",
      "geometry": {
        "type": "Point",
        "coordinates": [
          -1.7351652593728442,
          6.2668737986874685
        ]
      },
      "properties": {
        "probability": 0.9999011754989624,
        "lat": 6.2668737986874685,
        "lon": -1.7351652593728442,
        "region": "Obuasi",
        "detected_at": "2026-03-02T06:20:50.786064",
        "model_version": "48px_v3.7_2024-01-10"
      }
    },
    {
      "type": "Feature",
      "geometry": {
        "type": "Point",
        "coordinates": [
          -1.7351652593728442,
          6.264697960529416
        ]
      },
      "properties": {
        "probability": 0.9999932646751404,
        "lat": 6.264697960529416,
        "lon": -1.7351652593728442,
        "region": "Obuasi",
        "detected_at": "2026-03-02T06:20:50.786158",
        "model_version": "48px_v3.7_2024-01-10"
      }
    },
    {
      "type": "Feature",
      "geometry": {
        "type": "Point",
        "coordinates": [
          -1.7351652593728442,
          6.262522122371365
        ]
      },
      "properties": {
        "probability": 0.999763011932373,
        "lat": 6.262522122371365,
        "lon": -1.7351652593728442,
        "region": "Obuasi",
        "detected_at": "2026-03-02T06:20:50.786244",
        "model_version": "48px_v3.7_2024-01-10"
      }
    },
    {
      "type": "Feature",
      "geometry": {
        "type": "Point",
        "coordinates": [
          -1.7329907743888575,
          6.2821046657938275
        ]
      },
      "properties": {
        "probability": 0.8878344297409058,
        "lat": 6.2821046657938275,
        "lon": -1.7329907743888575,
        "region": "Obuasi",
        "detected_at": "2026-03-02T06:20:50.786331",
        "model_version": "48px_v3.7_2024-01-10"
      }
    },
    {
      "type": "Feature",
      "geometry": {
        "type": "Point",
        "coordinates": [
          -1.7329907743888575,
          6.279928827635777
        ]
      },
      "properties": {
        "probability": 0.9949541687965393,
        "lat": 6.279928827635777,
        "lon": -1.7329907743888575,
        "region": "Obuasi",
        "detected_at": "2026-03-02T06:20:50.786418",
        "model_version": "48px_v3.7_2024-01-10"
      }
    },
    {
      "type": "Feature",
      "geometry": {
        "type": "Point",
        "coordinates": [
          -1.7329907743888575,
          6.273401313161621
        ]
      },
      "properties": {
        "probability": 0.9872519969940186,
        "lat": 6.273401313161621,
        "lon": -1.7329907743888575,
        "region": "Obuasi",
        "detected_at": "2026-03-02T06:20:50.786505",
        "model_version": "48px_v3.7_2024-01-10"
      }
    },
    {
      "type": "Feature",
      "geometry": {
        "type": "Point",
        "coordinates": [
          -1.7329907743888575,
          6.27122547500357
        ]
      },
      "properties": {
        "probability": 0.9996088743209839,
        "lat": 6.27122547500357,
        "lon": -1.7329907743888575,
        "region": "Obuasi",
        "detected_at": "2026-03-02T06:20:50.786592",
        "model_version": "48px_v3.7_2024-01-10"
      }
    },
    {
      "type": "Feature",
      "geometry": {
        "type": "Point",
        "coordinates": [
          -1.7329907743888575,
          6.269049636845518
        ]
      },
      "properties": {
        "probability": 0.9997060298919678,
        "lat": 6.269049636845518,
        "lon": -1.7329907743888575,
        "region": "Obuasi",
        "detected_at": "2026-03-02T06:20:50.786680",
        "model_version": "48px_v3.7_2024-01-10"
      }
    },
    {
      "type": "Feature",
      "geometry": {
        "type": "Point",
        "coordinates": [
          -1.7329907743888575,
          6.2668737986874685
        ]
      },
      "properties": {
        "probability": 0.994319498538971,
        "lat": 6.2668737986874685,
        "lon": -1.7329907743888575,
        "region": "Obuasi",
        "detected_at": "2026-03-02T06:20:50.786767",
        "model_version": "48px_v3.7_2024-01-10"
      }
    },
    {
      "type": "Feature",
      "geometry": {
        "type": "Point",
        "coordinates": [
          -1.7308162894048709,
          6.2821046657938275
        ]
      },
      "properties": {
        "probability": 0.9983249306678772,
        "lat": 6.2821046657938275,
        "lon": -1.7308162894048709,
        "region": "Obuasi",
        "detected_at": "2026-03-02T06:20:50.786873",
        "model_version": "48px_v3.7_2024-01-10"
      }
    },
    {
      "type": "Feature",
      "geometry": {
        "type": "Point",
        "coordinates": [
          -1.7308162894048709,
          6.279928827635776
        ]
      },
      "properties": {
        "probability": 0.9999734163284302,
        "lat": 6.279928827635776,
        "lon": -1.7308162894048709,
        "region": "Obuasi",
        "detected_at": "2026-03-02T06:20:50.786966",
        "model_version": "48px_v3.7_2024-01-10"
      }
    },
    {
      "type": "Feature",
      "geometry": {
        "type": "Point",
        "coordinates": [
          -1.7308162894048706,
          6.277752989477724
        ]
      },
      "properties": {
        "probability": 0.9997208714485168,
        "lat": 6.277752989477724,
        "lon": -1.7308162894048706,
        "region": "Obuasi",
        "detected_at": "2026-03-02T06:20:50.787054",
        "model_version": "48px_v3.7_2024-01-10"
      }
    },
    {
      "type": "Feature",
      "geometry": {
        "type": "Point",
        "coordinates": [
          -1.7308162894048706,
          6.275577151319674
        ]
      },
      "properties": {
        "probability": 0.9589552879333496,
        "lat": 6.275577151319674,
        "lon": -1.7308162894048706,
        "region": "Obuasi",
        "detected_at": "2026-03-02T06:20:50.787142",
        "model_version": "48px_v3.7_2024-01-10"
      }
    },
    {
      "type": "Feature",
      "geometry": {
        "type": "Point",
        "coordinates": [
          -1.7308162894048709,
          6.273401313161622
        ]
      },
      "properties": {
        "probability": 0.9273658990859985,
        "lat": 6.273401313161622,
        "lon": -1.7308162894048709,
        "region": "Obuasi",
        "detected_at": "2026-03-02T06:20:50.787229",
        "model_version": "48px_v3.7_2024-01-10"
      }
    },
    {
      "type": "Feature",
      "geometry": {
        "type": "Point",
        "coordinates": [
          -1.7308162894048706,
          6.271225475003571
        ]
      },
      "properties": {
        "probability": 0.9717485904693604,
        "lat": 6.271225475003571,
        "lon": -1.7308162894048706,
        "region": "Obuasi",
        "detected_at": "2026-03-02T06:20:50.787316",
        "model_version": "48px_v3.7_2024-01-10"
      }
    },
    {
      "type": "Feature",
      "geometry": {
        "type": "Point",
        "coordinates": [
          -1.728641804420884,
          6.288632180267982
        ]
      },
      "properties": {
        "probability": 0.8900271058082581,
        "lat": 6.288632180267982,
        "lon": -1.728641804420884,
        "region": "Obuasi",
        "detected_at": "2026-03-02T06:20:50.787409",
        "model_version": "48px_v3.7_2024-01-10"
      }
    },
    {
      "type": "Feature",
      "geometry": {
        "type": "Point",
        "coordinates": [
          -1.7286418044208838,
          6.286456342109931
        ]
      },
      "properties": {
        "probability": 0.9325554370880127,
        "lat": 6.286456342109931,
        "lon": -1.7286418044208838,
        "region": "Obuasi",
        "detected_at": "2026-03-02T06:20:50.787503",
        "model_version": "48px_v3.7_2024-01-10"
      }
    },
    {
      "type": "Feature",
      "geometry": {
        "type": "Point",
        "coordinates": [
          -1.7286418044208838,
          6.284280503951878
        ]
      },
      "properties": {
        "probability": 0.8272774815559387,
        "lat": 6.284280503951878,
        "lon": -1.7286418044208838,
        "region": "Obuasi",
        "detected_at": "2026-03-02T06:20:50.787591",
        "model_version": "48px_v3.7_2024-01-10"
      }
    },
    {
      "type": "Feature",
      "geometry": {
        "type": "Point",
        "coordinates": [
          -1.728641804420884,
          6.2821046657938275
        ]
      },
      "properties": {
        "probability": 0.992886483669281,
        "lat": 6.2821046657938275,
        "lon": -1.728641804420884,
        "region": "Obuasi",
        "detected_at": "2026-03-02T06:20:50.787677",
        "model_version": "48px_v3.7_2024-01-10"
      }
    },
    {
      "type": "Feature",
      "geometry": {
        "type": "Point",
        "coordinates": [
          -1.728641804420884,
          6.258170446055262
        ]
      },
      "properties": {
        "probability": 0.979328989982605,
        "lat": 6.258170446055262,
        "lon": -1.728641804420884,
        "region": "Obuasi",
        "detected_at": "2026-03-02T06:20:50.787764",
        "model_version": "48px_v3.7_2024-01-10"
      }
    },
    {
      "type": "Feature",
      "geometry": {
        "type": "Point",
        "coordinates": [
          -1.7286418044208838,
          6.255994607897211
        ]
      },
      "properties": {
        "probability": 0.9976351261138916,
        "lat": 6.255994607897211,
        "lon": -1.7286418044208838,
        "region": "Obuasi",
        "detected_at": "2026-03-02T06:20:50.787877",
        "model_version": "48px_v3.7_2024-01-10"
      }
    },
    {
      "type": "Feature",
      "geometry": {
        "type": "Point",
        "coordinates": [
          -1.7286418044208838,
          6.253818769739159
        ]
      },
      "properties": {
        "probability": 0.9990662932395935,
        "lat": 6.253818769739159,
        "lon": -1.7286418044208838,
        "region": "Obuasi",
        "detected_at": "2026-03-02T06:20:50.787968",
        "model_version": "48px_v3.7_2024-01-10"
      }
    },
    {
      "type": "Feature",
      "geometry": {
        "type": "Point",
        "coordinates": [
          -1.7264673194368974,
          6.258170446055262
        ]
      },
      "properties": {
        "probability": 0.9996734857559204,
        "lat": 6.258170446055262,
        "lon": -1.7264673194368974,
        "region": "Obuasi",
        "detected_at": "2026-03-02T06:20:50.788055",
        "model_version": "48px_v3.7_2024-01-10"
      }
    },
    {
      "type": "Feature",
      "geometry": {
        "type": "Point",
        "coordinates": [
          -1.7264673194368974,
          6.255994607897211
        ]
      },
      "properties": {
        "probability": 0.9998284578323364,
        "lat": 6.255994607897211,
        "lon": -1.7264673194368974,
        "region": "Obuasi",
        "detected_at": "2026-03-02T06:20:50.788147",
        "model_version": "48px_v3.7_2024-01-10"
      }
    },
    {
      "type": "Feature",
      "geometry": {
        "type": "Point",
        "coordinates": [
          -1.7242928344529107,
          6.258170446055261
        ]
      },
      "properties": {
        "probability": 0.986912727355957,
        "lat": 6.258170446055261,
        "lon": -1.7242928344529107,
        "region": "Obuasi",
        "detected_at": "2026-03-02T06:20:50.788235",
        "model_version": "48px_v3.7_2024-01-10"
      }
    },
    {
      "type": "Feature",
      "geometry": {
        "type": "Point",
        "coordinates": [
          -1.7242928344529103,
          6.25599460789721
        ]
      },
      "properties": {
        "probability": 0.996624231338501,
        "lat": 6.25599460789721,
        "lon": -1.7242928344529103,
        "region": "Obuasi",
        "detected_at": "2026-03-02T06:20:50.788322",
        "model_version": "48px_v3.7_2024-01-10"
      }
    },
    {
      "type": "Feature",
      "geometry": {
        "type": "Point",
        "coordinates": [
          -1.7221183494689236,
          6.264697960529416
        ]
      },
      "properties": {
        "probability": 0.9372317790985107,
        "lat": 6.264697960529416,
        "lon": -1.7221183494689236,
        "region": "Obuasi",
        "detected_at": "2026-03-02T06:20:50.788410",
        "model_version": "48px_v3.7_2024-01-10"
      }
    },
    {
      "type": "Feature",
      "geometry": {
        "type": "Point",
        "coordinates": [
          -1.7221183494689236,
          6.262522122371365
        ]
      },
      "properties": {
        "probability": 0.9618278741836548,
        "lat": 6.262522122371365,
        "lon": -1.7221183494689236,
        "region": "Obuasi",
        "detected_at": "2026-03-02T06:20:50.788497",
        "model_version": "48px_v3.7_2024-01-10"
      }
    },
    {
      "type": "Feature",
      "geometry": {
        "type": "Point",
        "coordinates": [
          -1.7221183494689238,
          6.2603462842133135
        ]
      },
      "properties": {
        "probability": 0.9987632632255554,
        "lat": 6.2603462842133135,
        "lon": -1.7221183494689238,
        "region": "Obuasi",
        "detected_at": "2026-03-02T06:20:50.788584",
        "model_version": "48px_v3.7_2024-01-10"
      }
    },
    {
      "type": "Feature",
      "geometry": {
        "type": "Point",
        "coordinates": [
          -1.7221183494689238,
          6.258170446055262
        ]
      },
      "properties": {
        "probability": 0.9746756553649902,
        "lat": 6.258170446055262,
        "lon": -1.7221183494689238,
        "region": "Obuasi",
        "detected_at": "2026-03-02T06:20:50.788669",
        "model_version": "48px_v3.7_2024-01-10"
      }
    },
    {
      "type": "Feature",
      "geometry": {
        "type": "Point",
        "coordinates": [
          -1.7199438644849374,
          6.269049636845518
        ]
      },
      "properties": {
        "probability": 0.9969603419303894,
        "lat": 6.269049636845518,
        "lon": -1.7199438644849374,
        "region": "Obuasi",
        "detected_at": "2026-03-02T06:20:50.788755",
        "model_version": "48px_v3.7_2024-01-10"
      }
    },
    {
      "type": "Feature",
      "geometry": {
        "type": "Point",
        "coordinates": [
          -1.7199438644849372,
          6.2668737986874685
        ]
      },
      "properties": {
        "probability": 0.9899246692657471,
        "lat": 6.2668737986874685,
        "lon": -1.7199438644849372,
        "region": "Obuasi",
        "detected_at": "2026-03-02T06:20:50.788859",
        "model_version": "48px_v3.7_2024-01-10"
      }
    },
    {
      "type": "Feature",
      "geometry": {
        "type": "Point",
        "coordinates": [
          -1.7199438644849372,
          6.2603462842133135
        ]
      },
      "properties": {
        "probability": 0.9400848150253296,
        "lat": 6.2603462842133135,
        "lon": -1.7199438644849372,
        "region": "Obuasi",
        "detected_at": "2026-03-02T06:20:50.788956",
        "model_version": "48px_v3.7_2024-01-10"
      }
    },
    {
      "type": "Feature",
      "geometry": {
        "type": "Point",
        "coordinates": [
          -1.7177693795009505,
          6.269049636845518
        ]
      },
      "properties": {
        "probability": 0.9863266348838806,
        "lat": 6.269049636845518,
        "lon": -1.7177693795009505,
        "region": "Obuasi",
        "detected_at": "2026-03-02T06:20:50.789043",
        "model_version": "48px_v3.7_2024-01-10"
      }
    },
    {
      "type": "Feature",
      "geometry": {
        "type": "Point",
        "coordinates": [
          -1.71776937950095,
          6.266873798687468
        ]
      },
      "properties": {
        "probability": 0.8510692119598389,
        "lat": 6.266873798687468,
        "lon": -1.71776937950095,
        "region": "Obuasi",
        "detected_at": "2026-03-02T06:20:50.789130",
        "model_version": "48px_v3.7_2024-01-10"
      }
    },
    {
      "type": "Feature",
      "geometry": {
        "type": "Point",
        "coordinates": [
          -1.713420409532977,
          6.27122547500357
        ]
      },
      "properties": {
        "probability": 0.9849770069122314,
        "lat": 6.27122547500357,
        "lon": -1.713420409532977,
        "region": "Obuasi",
        "detected_at": "2026-03-02T06:20:50.789217",
        "model_version": "48px_v3.7_2024-01-10"
      }
    },
    {
      "type": "Feature",
      "geometry": {
        "type": "Point",
        "coordinates": [
          -1.713420409532977,
          6.269049636845518
        ]
      },
      "properties": {
        "probability": 0.9514029026031494,
        "lat": 6.269049636845518,
        "lon": -1.713420409532977,
        "region": "Obuasi",
        "detected_at": "2026-03-02T06:20:50.789304",
        "model_version": "48px_v3.7_2024-01-10"
      }
    },
    {
      "type": "Feature",
      "geometry": {
        "type": "Point",
        "coordinates": [
          -1.7112459245489902,
          6.275577151319674
        ]
      },
      "properties": {
        "probability": 0.9610244035720825,
        "lat": 6.275577151319674,
        "lon": -1.7112459245489902,
        "region": "Obuasi",
        "detected_at": "2026-03-02T06:20:50.789390",
        "model_version": "48px_v3.7_2024-01-10"
      }
    },
    {
      "type": "Feature",
      "geometry": {
        "type": "Point",
        "coordinates": [
          -1.7112459245489902,
          6.273401313161622
        ]
      },
      "properties": {
        "probability": 0.98882657289505,
        "lat": 6.273401313161622,
        "lon": -1.7112459245489902,
        "region": "Obuasi",
        "detected_at": "2026-03-02T06:20:50.789476",
        "model_version": "48px_v3.7_2024-01-10"
      }
    },
    {
      "type": "Feature",
      "geometry": {
        "type": "Point",
        "coordinates": [
          -1.7112459245489902,
          6.271225475003571
        ]
      },
      "properties": {
        "probability": 0.9778671264648438,
        "lat": 6.271225475003571,
        "lon": -1.7112459245489902,
        "region": "Obuasi",
        "detected_at": "2026-03-02T06:20:50.789569",
        "model_version": "48px_v3.7_2024-01-10"
      }
    },
    {
      "type": "Feature",
      "geometry": {
        "type": "Point",
        "coordinates": [
          -1.7090714395650033,
          6.275577151319673
        ]
      },
      "properties": {
        "probability": 0.9416630864143372,
        "lat": 6.275577151319673,
        "lon": -1.7090714395650033,
        "region": "Obuasi",
        "detected_at": "2026-03-02T06:20:50.789661",
        "model_version": "48px_v3.7_2024-01-10"
      }
    },
    {
      "type": "Feature",
      "geometry": {
        "type": "Point",
        "coordinates": [
          -1.70472246959703,
          6.299511371058239
        ]
      },
      "properties": {
        "probability": 0.8679054379463196,
        "lat": 6.299511371058239,
        "lon": -1.70472246959703,
        "region": "Obuasi",
        "detected_at": "2026-03-02T06:20:50.789748",
        "model_version": "48px_v3.7_2024-01-10"
      }
    },
    {
      "type": "Feature",
      "geometry": {
        "type": "Point",
        "coordinates": [
          -1.7003734996290565,
          6.295159694742136
        ]
      },
      "properties": {
        "probability": 0.8861837983131409,
        "lat": 6.295159694742136,
        "lon": -1.7003734996290565,
        "region": "Obuasi",
        "detected_at": "2026-03-02T06:20:50.789852",
        "model_version": "48px_v3.7_2024-01-10"
      }
    },
    {
      "type": "Feature",
      "geometry": {
        "type": "Point",
        "coordinates": [
          -1.7483355650069115,
          6.249593454184338
        ]
      },
      "properties": {
        "probability": 1.0,
        "lat": 6.249593454184338,
        "lon": -1.7483355650069115,
        "region": "Obuasi",
        "detected_at": "2026-03-02T06:20:50.789944",
        "model_version": "48px_v3.7_2024-01-10"
      }
    },
    {
      "type": "Feature",
      "geometry": {
        "type": "Point",
        "coordinates": [
          -1.7483355650069115,
          6.247417655823918
        ]
      },
      "properties": {
        "probability": 0.9999995827674866,
        "lat": 6.247417655823918,
        "lon": -1.7483355650069115,
        "region": "Obuasi",
        "detected_at": "2026-03-02T06:20:50.790040",
        "model_version": "48px_v3.7_2024-01-10"
      }
    },
    {
      "type": "Feature",
      "geometry": {
        "type": "Point",
        "coordinates": [
          -1.7483355650069112,
          6.245241857463499
        ]
      },
      "properties": {
        "probability": 0.9999979734420776,
        "lat": 6.245241857463499,
        "lon": -1.7483355650069112,
        "region": "Obuasi",
        "detected_at": "2026-03-02T06:20:50.790128",
        "model_version": "48px_v3.7_2024-01-10"
      }
    },
    {
      "type": "Feature",
      "geometry": {
        "type": "Point",
        "coordinates": [
          -1.7483355650069112,
          6.243066059103081
        ]
      },
      "properties": {
        "probability": 0.9994847178459167,
        "lat": 6.243066059103081,
        "lon": -1.7483355650069112,
        "region": "Obuasi",
        "detected_at": "2026-03-02T06:20:50.790213",
        "model_version": "48px_v3.7_2024-01-10"
      }
    },
    {
      "type": "Feature",
      "geometry": {
        "type": "Point",
        "coordinates": [
          -1.7483355650069112,
          6.2408902607426615
        ]
      },
      "properties": {
        "probability": 0.9863396286964417,
        "lat": 6.2408902607426615,
        "lon": -1.7483355650069112,
        "region": "Obuasi",
        "detected_at": "2026-03-02T06:20:50.790299",
        "model_version": "48px_v3.7_2024-01-10"
      }
    },
    {
      "type": "Feature",
      "geometry": {
        "type": "Point",
        "coordinates": [
          -1.7483355650069115,
          6.221308075498893
        ]
      },
      "properties": {
        "probability": 0.9196354150772095,
        "lat": 6.221308075498893,
        "lon": -1.7483355650069115,
        "region": "Obuasi",
        "detected_at": "2026-03-02T06:20:50.790393",
        "model_version": "48px_v3.7_2024-01-10"
      }
    },
    {
      "type": "Feature",
      "geometry": {
        "type": "Point",
        "coordinates": [
          -1.7483355650069115,
          6.203901688615543
        ]
      },
      "properties": {
        "probability": 0.8431351780891418,
        "lat": 6.203901688615543,
        "lon": -1.7483355650069115,
        "region": "Obuasi",
        "detected_at": "2026-03-02T06:20:50.790496",
        "model_version": "48px_v3.7_2024-01-10"
      }
    },
    {
      "type": "Feature",
      "geometry": {
        "type": "Point",
        "coordinates": [
          -1.746161339227285,
          6.249593454184338
        ]
      },
      "properties": {
        "probability": 0.999773383140564,
        "lat": 6.249593454184338,
        "lon": -1.746161339227285,
        "region": "Obuasi",
        "detected_at": "2026-03-02T06:20:50.790584",
        "model_version": "48px_v3.7_2024-01-10"
      }
    },
    {
      "type": "Feature",
      "geometry": {
        "type": "Point",
        "coordinates": [
          -1.746161339227285,
          6.247417655823918
        ]
      },
      "properties": {
        "probability": 0.9999935030937195,
        "lat": 6.247417655823918,
        "lon": -1.746161339227285,
        "region": "Obuasi",
        "detected_at": "2026-03-02T06:20:50.790670",
        "model_version": "48px_v3.7_2024-01-10"
      }
    },
    {
      "type": "Feature",
      "geometry": {
        "type": "Point",
        "coordinates": [
          -1.7461613392272854,
          6.245241857463499
        ]
      },
      "properties": {
        "probability": 0.9990580081939697,
        "lat": 6.245241857463499,
        "lon": -1.7461613392272854,
        "region": "Obuasi",
        "detected_at": "2026-03-02T06:20:50.790757",
        "model_version": "48px_v3.7_2024-01-10"
      }
    },
    {
      "type": "Feature",
      "geometry": {
        "type": "Point",
        "coordinates": [
          -1.7461613392272854,
          6.225659672219731
        ]
      },
      "properties": {
        "probability": 0.9131362438201904,
        "lat": 6.225659672219731,
        "lon": -1.7461613392272854,
        "region": "Obuasi",
        "detected_at": "2026-03-02T06:20:50.790862",
        "model_version": "48px_v3.7_2024-01-10"
      }
    },
    {
      "type": "Feature",
      "geometry": {
        "type": "Point",
        "coordinates": [
          -1.7461613392272854,
          6.223483873859311
        ]
      },
      "properties": {
        "probability": 0.9810032844543457,
        "lat": 6.223483873859311,
        "lon": -1.7461613392272854,
        "region": "Obuasi",
        "detected_at": "2026-03-02T06:20:50.790954",
        "model_version": "48px_v3.7_2024-01-10"
      }
    },
    {
      "type": "Feature",
      "geometry": {
        "type": "Point",
        "coordinates": [
          -1.746161339227285,
          6.221308075498893
        ]
      },
      "properties": {
        "probability": 0.9864558577537537,
        "lat": 6.221308075498893,
        "lon": -1.746161339227285,
        "region": "Obuasi",
        "detected_at": "2026-03-02T06:20:50.791045",
        "model_version": "48px_v3.7_2024-01-10"
      }
    },
    {
      "type": "Feature",
      "geometry": {
        "type": "Point",
        "coordinates": [
          -1.746161339227285,
          6.201725890255125
        ]
      },
      "properties": {
        "probability": 0.8705784678459167,
        "lat": 6.201725890255125,
        "lon": -1.746161339227285,
        "region": "Obuasi",
        "detected_at": "2026-03-02T06:20:50.791134",
        "model_version": "48px_v3.7_2024-01-10"
      }
    },
    {
      "type": "Feature",
      "geometry": {
        "type": "Point",
        "coordinates": [
          -1.743987113447659,
          6.245241857463499
        ]
      },
      "properties": {
        "probability": 0.9979793429374695,
        "lat": 6.245241857463499,
        "lon": -1.743987113447659,
        "region": "Obuasi",
        "detected_at": "2026-03-02T06:20:50.791222",
        "model_version": "48px_v3.7_2024-01-10"
      }
    },
    {
      "type": "Feature",
      "geometry": {
        "type": "Point",
        "coordinates": [
          -1.743987113447659,
          6.22783547058015
        ]
      },
      "properties": {
        "probability": 0.9497881531715393,
        "lat": 6.22783547058015,
        "lon": -1.743987113447659,
        "region": "Obuasi",
        "detected_at": "2026-03-02T06:20:50.791308",
        "model_version": "48px_v3.7_2024-01-10"
      }
    },
    {
      "type": "Feature",
      "geometry": {
        "type": "Point",
        "coordinates": [
          -1.7418128876680328,
          6.232187067300988
        ]
      },
      "properties": {
        "probability": 0.9996294379234314,
        "lat": 6.232187067300988,
        "lon": -1.7418128876680328,
        "region": "Obuasi",
        "detected_at": "2026-03-02T06:20:50.791402",
        "model_version": "48px_v3.7_2024-01-10"
      }
    },
    {
      "type": "Feature",
      "geometry": {
        "type": "Point",
        "coordinates": [
          -1.7418128876680328,
          6.230011268940569
        ]
      },
      "properties": {
        "probability": 0.9991828203201294,
        "lat": 6.230011268940569,
        "lon": -1.7418128876680328,
        "region": "Obuasi",
        "detected_at": "2026-03-02T06:20:50.791490",
        "model_version": "48px_v3.7_2024-01-10"
      }
    },
    {
      "type": "Feature",
      "geometry": {
        "type": "Point",
        "coordinates": [
          -1.7418128876680328,
          6.22783547058015
        ]
      },
      "properties": {
        "probability": 0.988823413848877,
        "lat": 6.22783547058015,
        "lon": -1.7418128876680328,
        "region": "Obuasi",
        "detected_at": "2026-03-02T06:20:50.791577",
        "model_version": "48px_v3.7_2024-01-10"
      }
    },
    {
      "type": "Feature",
      "geometry": {
        "type": "Point",
        "coordinates": [
          -1.7418128876680328,
          6.219132277138473
        ]
      },
      "properties": {
        "probability": 0.805694043636322,
        "lat": 6.219132277138473,
        "lon": -1.7418128876680328,
        "region": "Obuasi",
        "detected_at": "2026-03-02T06:20:50.791663",
        "model_version": "48px_v3.7_2024-01-10"
      }
    },
    {
      "type": "Feature",
      "geometry": {
        "type": "Point",
        "coordinates": [
          -1.7418128876680328,
          6.216956478778057
        ]
      },
      "properties": {
        "probability": 0.9134567975997925,
        "lat": 6.216956478778057,
        "lon": -1.7418128876680328,
        "region": "Obuasi",
        "detected_at": "2026-03-02T06:20:50.791750",
        "model_version": "48px_v3.7_2024-01-10"
      }
    },
    {
      "type": "Feature",
      "geometry": {
        "type": "Point",
        "coordinates": [
          -1.7418128876680328,
          6.201725890255125
        ]
      },
      "properties": {
        "probability": 0.8244289755821228,
        "lat": 6.201725890255125,
        "lon": -1.7418128876680328,
        "region": "Obuasi",
        "detected_at": "2026-03-02T06:20:50.791860",
        "model_version": "48px_v3.7_2024-01-10"
      }
    },
    {
      "type": "Feature",
      "geometry": {
        "type": "Point",
        "coordinates": [
          -1.7396386618884063,
          6.234362865661406
        ]
      },
      "properties": {
        "probability": 0.977815568447113,
        "lat": 6.234362865661406,
        "lon": -1.7396386618884063,
        "region": "Obuasi",
        "detected_at": "2026-03-02T06:20:50.791951",
        "model_version": "48px_v3.7_2024-01-10"
      }
    },
    {
      "type": "Feature",
      "geometry": {
        "type": "Point",
        "coordinates": [
          -1.7396386618884065,
          6.232187067300988
        ]
      },
      "properties": {
        "probability": 0.999688446521759,
        "lat": 6.232187067300988,
        "lon": -1.7396386618884065,
        "region": "Obuasi",
        "detected_at": "2026-03-02T06:20:50.792044",
        "model_version": "48px_v3.7_2024-01-10"
      }
    },
    {
      "type": "Feature",
      "geometry": {
        "type": "Point",
        "coordinates": [
          -1.7396386618884065,
          6.230011268940569
        ]
      },
      "properties": {
        "probability": 0.9972251653671265,
        "lat": 6.230011268940569,
        "lon": -1.7396386618884065,
        "region": "Obuasi",
        "detected_at": "2026-03-02T06:20:50.792134",
        "model_version": "48px_v3.7_2024-01-10"
      }
    },
    {
      "type": "Feature",
      "geometry": {
        "type": "Point",
        "coordinates": [
          -1.7396386618884063,
          6.22783547058015
        ]
      },
      "properties": {
        "probability": 0.9758185148239136,
        "lat": 6.22783547058015,
        "lon": -1.7396386618884063,
        "region": "Obuasi",
        "detected_at": "2026-03-02T06:20:50.792220",
        "model_version": "48px_v3.7_2024-01-10"
      }
    },
    {
      "type": "Feature",
      "geometry": {
        "type": "Point",
        "coordinates": [
          -1.7396386618884063,
          6.216956478778057
        ]
      },
      "properties": {
        "probability": 0.8106185793876648,
        "lat": 6.216956478778057,
        "lon": -1.7396386618884063,
        "region": "Obuasi",
        "detected_at": "2026-03-02T06:20:50.792307",
        "model_version": "48px_v3.7_2024-01-10"
      }
    },
    {
      "type": "Feature",
      "geometry": {
        "type": "Point",
        "coordinates": [
          -1.7396386618884065,
          6.203901688615543
        ]
      },
      "properties": {
        "probability": 0.9898480772972107,
        "lat": 6.203901688615543,
        "lon": -1.7396386618884065,
        "region": "Obuasi",
        "detected_at": "2026-03-02T06:20:50.792394",
        "model_version": "48px_v3.7_2024-01-10"
      }
    },
    {
      "type": "Feature",
      "geometry": {
        "type": "Point",
        "coordinates": [
          -1.7396386618884065,
          6.201725890255125
        ]
      },
      "properties": {
        "probability": 0.9638500213623047,
        "lat": 6.201725890255125,
        "lon": -1.7396386618884065,
        "region": "Obuasi",
        "detected_at": "2026-03-02T06:20:50.792481",
        "model_version": "48px_v3.7_2024-01-10"
      }
    },
    {
      "type": "Feature",
      "geometry": {
        "type": "Point",
        "coordinates": [
          -1.7374644361087803,
          6.234362865661406
        ]
      },
      "properties": {
        "probability": 0.9956112504005432,
        "lat": 6.234362865661406,
        "lon": -1.7374644361087803,
        "region": "Obuasi",
        "detected_at": "2026-03-02T06:20:50.792568",
        "model_version": "48px_v3.7_2024-01-10"
      }
    },
    {
      "type": "Feature",
      "geometry": {
        "type": "Point",
        "coordinates": [
          -1.7374644361087805,
          6.232187067300988
        ]
      },
      "properties": {
        "probability": 0.9971086382865906,
        "lat": 6.232187067300988,
        "lon": -1.7374644361087805,
        "region": "Obuasi",
        "detected_at": "2026-03-02T06:20:50.792656",
        "model_version": "48px_v3.7_2024-01-10"
      }
    },
    {
      "type": "Feature",
      "geometry": {
        "type": "Point",
        "coordinates": [
          -1.7374644361087805,
          6.203901688615543
        ]
      },
      "properties": {
        "probability": 0.9783363342285156,
        "lat": 6.203901688615543,
        "lon": -1.7374644361087805,
        "region": "Obuasi",
        "detected_at": "2026-03-02T06:20:50.792743",
        "model_version": "48px_v3.7_2024-01-10"
      }
    },
    {
      "type": "Feature",
      "geometry": {
        "type": "Point",
        "coordinates": [
          -1.735290210329154,
          6.2408902607426615
        ]
      },
      "properties": {
        "probability": 0.9304488897323608,
        "lat": 6.2408902607426615,
        "lon": -1.735290210329154,
        "region": "Obuasi",
        "detected_at": "2026-03-02T06:20:50.792846",
        "model_version": "48px_v3.7_2024-01-10"
      }
    },
    {
      "type": "Feature",
      "geometry": {
        "type": "Point",
        "coordinates": [
          -1.735290210329154,
          6.238714462382243
        ]
      },
      "properties": {
        "probability": 0.8883642554283142,
        "lat": 6.238714462382243,
        "lon": -1.735290210329154,
        "region": "Obuasi",
        "detected_at": "2026-03-02T06:20:50.792940",
        "model_version": "48px_v3.7_2024-01-10"
      }
    },
    {
      "type": "Feature",
      "geometry": {
        "type": "Point",
        "coordinates": [
          -1.735290210329154,
          6.234362865661406
        ]
      },
      "properties": {
        "probability": 0.9517608284950256,
        "lat": 6.234362865661406,
        "lon": -1.735290210329154,
        "region": "Obuasi",
        "detected_at": "2026-03-02T06:20:50.793027",
        "model_version": "48px_v3.7_2024-01-10"
      }
    },
    {
      "type": "Feature",
      "geometry": {
        "type": "Point",
        "coordinates": [
          -1.735290210329154,
          6.232187067300988
        ]
      },
      "properties": {
        "probability": 0.9268239736557007,
        "lat": 6.232187067300988,
        "lon": -1.735290210329154,
        "region": "Obuasi",
        "detected_at": "2026-03-02T06:20:50.793120",
        "model_version": "48px_v3.7_2024-01-10"
      }
    },
    {
      "type": "Feature",
      "geometry": {
        "type": "Point",
        "coordinates": [
          -1.7331159845495279,
          6.243066059103081
        ]
      },
      "properties": {
        "probability": 0.8399065136909485,
        "lat": 6.243066059103081,
        "lon": -1.7331159845495279,
        "region": "Obuasi",
        "detected_at": "2026-03-02T06:20:50.793207",
        "model_version": "48px_v3.7_2024-01-10"
      }
    },
    {
      "type": "Feature",
      "geometry": {
        "type": "Point",
        "coordinates": [
          -1.7331159845495279,
          6.2408902607426615
        ]
      },
      "properties": {
        "probability": 0.9995455145835876,
        "lat": 6.2408902607426615,
        "lon": -1.7331159845495279,
        "region": "Obuasi",
        "detected_at": "2026-03-02T06:20:50.793299",
        "model_version": "48px_v3.7_2024-01-10"
      }
    },
    {
      "type": "Feature",
      "geometry": {
        "type": "Point",
        "coordinates": [
          -1.7331159845495279,
          6.238714462382243
        ]
      },
      "properties": {
        "probability": 0.9974415302276611,
        "lat": 6.238714462382243,
        "lon": -1.7331159845495279,
        "region": "Obuasi",
        "detected_at": "2026-03-02T06:20:50.793391",
        "model_version": "48px_v3.7_2024-01-10"
      }
    },
    {
      "type": "Feature",
      "geometry": {
        "type": "Point",
        "coordinates": [
          -1.7331159845495279,
          6.234362865661406
        ]
      },
      "properties": {
        "probability": 0.9955341815948486,
        "lat": 6.234362865661406,
        "lon": -1.7331159845495279,
        "region": "Obuasi",
        "detected_at": "2026-03-02T06:20:50.793477",
        "model_version": "48px_v3.7_2024-01-10"
      }
    },
    {
      "type": "Feature",
      "geometry": {
        "type": "Point",
        "coordinates": [
          -1.7331159845495279,
          6.232187067300988
        ]
      },
      "properties": {
        "probability": 0.9747557044029236,
        "lat": 6.232187067300988,
        "lon": -1.7331159845495279,
        "region": "Obuasi",
        "detected_at": "2026-03-02T06:20:50.793564",
        "model_version": "48px_v3.7_2024-01-10"
      }
    },
    {
      "type": "Feature",
      "geometry": {
        "type": "Point",
        "coordinates": [
          -1.7331159845495279,
          6.214780680417638
        ]
      },
      "properties": {
        "probability": 0.8305506110191345,
        "lat": 6.214780680417638,
        "lon": -1.7331159845495279,
        "region": "Obuasi",
        "detected_at": "2026-03-02T06:20:50.793650",
        "model_version": "48px_v3.7_2024-01-10"
      }
    },
    {
      "type": "Feature",
      "geometry": {
        "type": "Point",
        "coordinates": [
          -1.7309417587699016,
          6.249593454184338
        ]
      },
      "properties": {
        "probability": 0.9919804334640503,
        "lat": 6.249593454184338,
        "lon": -1.7309417587699016,
        "region": "Obuasi",
        "detected_at": "2026-03-02T06:20:50.793735",
        "model_version": "48px_v3.7_2024-01-10"
      }
    },
    {
      "type": "Feature",
      "geometry": {
        "type": "Point",
        "coordinates": [
          -1.7309417587699016,
          6.247417655823918
        ]
      },
      "properties": {
        "probability": 0.93147212266922,
        "lat": 6.247417655823918,
        "lon": -1.7309417587699016,
        "region": "Obuasi",
        "detected_at": "2026-03-02T06:20:50.793821",
        "model_version": "48px_v3.7_2024-01-10"
      }
    },
    {
      "type": "Feature",
      "geometry": {
        "type": "Point",
        "coordinates": [
          -1.7309417587699014,
          6.245241857463499
        ]
      },
      "properties": {
        "probability": 0.8830069899559021,
        "lat": 6.245241857463499,
        "lon": -1.7309417587699014,
        "region": "Obuasi",
        "detected_at": "2026-03-02T06:20:50.793934",
        "model_version": "48px_v3.7_2024-01-10"
      }
    },
    {
      "type": "Feature",
      "geometry": {
        "type": "Point",
        "coordinates": [
          -1.7309417587699014,
          6.216956478778057
        ]
      },
      "properties": {
        "probability": 0.873578667640686,
        "lat": 6.216956478778057,
        "lon": -1.7309417587699014,
        "region": "Obuasi",
        "detected_at": "2026-03-02T06:20:50.794023",
        "model_version": "48px_v3.7_2024-01-10"
      }
    },
    {
      "type": "Feature",
      "geometry": {
        "type": "Point",
        "coordinates": [
          -1.7309417587699016,
          6.214780680417638
        ]
      },
      "properties": {
        "probability": 0.9071758985519409,
        "lat": 6.214780680417638,
        "lon": -1.7309417587699016,
        "region": "Obuasi",
        "detected_at": "2026-03-02T06:20:50.794110",
        "model_version": "48px_v3.7_2024-01-10"
      }
    },
    {
      "type": "Feature",
      "geometry": {
        "type": "Point",
        "coordinates": [
          -1.7287675329902752,
          6.249593454184338
        ]
      },
      "properties": {
        "probability": 0.961376965045929,
        "lat": 6.249593454184338,
        "lon": -1.7287675329902752,
        "region": "Obuasi",
        "detected_at": "2026-03-02T06:20:50.794198",
        "model_version": "48px_v3.7_2024-01-10"
      }
    },
    {
      "type": "Feature",
      "geometry": {
        "type": "Point",
        "coordinates": [
          -1.7287675329902752,
          6.247417655823918
        ]
      },
      "properties": {
        "probability": 0.9989740252494812,
        "lat": 6.247417655823918,
        "lon": -1.7287675329902752,
        "region": "Obuasi",
        "detected_at": "2026-03-02T06:20:50.794284",
        "model_version": "48px_v3.7_2024-01-10"
      }
    },
    {
      "type": "Feature",
      "geometry": {
        "type": "Point",
        "coordinates": [
          -1.7287675329902754,
          6.245241857463499
        ]
      },
      "properties": {
        "probability": 0.9787333011627197,
        "lat": 6.245241857463499,
        "lon": -1.7287675329902754,
        "region": "Obuasi",
        "detected_at": "2026-03-02T06:20:50.794378",
        "model_version": "48px_v3.7_2024-01-10"
      }
    },
    {
      "type": "Feature",
      "geometry": {
        "type": "Point",
        "coordinates": [
          -1.7265933072106492,
          6.238714462382243
        ]
      },
      "properties": {
        "probability": 0.9818370938301086,
        "lat": 6.238714462382243,
        "lon": -1.7265933072106492,
        "region": "Obuasi",
        "detected_at": "2026-03-02T06:20:50.794466",
        "model_version": "48px_v3.7_2024-01-10"
      }
    },
    {
      "type": "Feature",
      "geometry": {
        "type": "Point",
        "coordinates": [
          -1.724419081431023,
          6.245241857463499
        ]
      },
      "properties": {
        "probability": 0.8798152804374695,
        "lat": 6.245241857463499,
        "lon": -1.724419081431023,
        "region": "Obuasi",
        "detected_at": "2026-03-02T06:20:50.794552",
        "model_version": "48px_v3.7_2024-01-10"
      }
    },
    {
      "type": "Feature",
      "geometry": {
        "type": "Point",
        "coordinates": [
          -1.724419081431023,
          6.243066059103081
        ]
      },
      "properties": {
        "probability": 0.9991709589958191,
        "lat": 6.243066059103081,
        "lon": -1.724419081431023,
        "region": "Obuasi",
        "detected_at": "2026-03-02T06:20:50.794642",
        "model_version": "48px_v3.7_2024-01-10"
      }
    },
    {
      "type": "Feature",
      "geometry": {
        "type": "Point",
        "coordinates": [
          -1.724419081431023,
          6.2408902607426615
        ]
      },
      "properties": {
        "probability": 0.9902003407478333,
        "lat": 6.2408902607426615,
        "lon": -1.724419081431023,
        "region": "Obuasi",
        "detected_at": "2026-03-02T06:20:50.794735",
        "model_version": "48px_v3.7_2024-01-10"
      }
    },
    {
      "type": "Feature",
      "geometry": {
        "type": "Point",
        "coordinates": [
          -1.724419081431023,
          6.238714462382243
        ]
      },
      "properties": {
        "probability": 0.9952020645141602,
        "lat": 6.238714462382243,
        "lon": -1.724419081431023,
        "region": "Obuasi",
        "detected_at": "2026-03-02T06:20:50.794840",
        "model_version": "48px_v3.7_2024-01-10"
      }
    },
    {
      "type": "Feature",
      "geometry": {
        "type": "Point",
        "coordinates": [
          -1.724419081431023,
          6.236538664021824
        ]
      },
      "properties": {
        "probability": 0.9978188872337341,
        "lat": 6.236538664021824,
        "lon": -1.724419081431023,
        "region": "Obuasi",
        "detected_at": "2026-03-02T06:20:50.794942",
        "model_version": "48px_v3.7_2024-01-10"
      }
    },
    {
      "type": "Feature",
      "geometry": {
        "type": "Point",
        "coordinates": [
          -1.7222448556513963,
          6.245241857463499
        ]
      },
      "properties": {
        "probability": 0.9985997676849365,
        "lat": 6.245241857463499,
        "lon": -1.7222448556513963,
        "region": "Obuasi",
        "detected_at": "2026-03-02T06:20:50.795041",
        "model_version": "48px_v3.7_2024-01-10"
      }
    },
    {
      "type": "Feature",
      "geometry": {
        "type": "Point",
        "coordinates": [
          -1.7222448556513963,
          6.243066059103081
        ]
      },
      "properties": {
        "probability": 0.9959763288497925,
        "lat": 6.243066059103081,
        "lon": -1.7222448556513963,
        "region": "Obuasi",
        "detected_at": "2026-03-02T06:20:50.795128",
        "model_version": "48px_v3.7_2024-01-10"
      }
    },
    {
      "type": "Feature",
      "geometry": {
        "type": "Point",
        "coordinates": [
          -1.7222448556513967,
          6.236538664021824
        ]
      },
      "properties": {
        "probability": 0.9890286326408386,
        "lat": 6.236538664021824,
        "lon": -1.7222448556513967,
        "region": "Obuasi",
        "detected_at": "2026-03-02T06:20:50.795215",
        "model_version": "48px_v3.7_2024-01-10"
      }
    },
    {
      "type": "Feature",
      "geometry": {
        "type": "Point",
        "coordinates": [
          -1.7222448556513963,
          6.234362865661406
        ]
      },
      "properties": {
        "probability": 0.9973695278167725,
        "lat": 6.234362865661406,
        "lon": -1.7222448556513963,
        "region": "Obuasi",
        "detected_at": "2026-03-02T06:20:50.795300",
        "model_version": "48px_v3.7_2024-01-10"
      }
    },
    {
      "type": "Feature",
      "geometry": {
        "type": "Point",
        "coordinates": [
          -1.7200706298717707,
          6.247417655823918
        ]
      },
      "properties": {
        "probability": 0.9417510628700256,
        "lat": 6.247417655823918,
        "lon": -1.7200706298717707,
        "region": "Obuasi",
        "detected_at": "2026-03-02T06:20:50.795386",
        "model_version": "48px_v3.7_2024-01-10"
      }
    },
    {
      "type": "Feature",
      "geometry": {
        "type": "Point",
        "coordinates": [
          -1.7200706298717705,
          6.245241857463499
        ]
      },
      "properties": {
        "probability": 0.9999920725822449,
        "lat": 6.245241857463499,
        "lon": -1.7200706298717705,
        "region": "Obuasi",
        "detected_at": "2026-03-02T06:20:50.795473",
        "model_version": "48px_v3.7_2024-01-10"
      }
    },
    {
      "type": "Feature",
      "geometry": {
        "type": "Point",
        "coordinates": [
          -1.7200706298717705,
          6.234362865661406
        ]
      },
      "properties": {
        "probability": 0.9998360276222229,
        "lat": 6.234362865661406,
        "lon": -1.7200706298717705,
        "region": "Obuasi",
        "detected_at": "2026-03-02T06:20:50.795569",
        "model_version": "48px_v3.7_2024-01-10"
      }
    },
    {
      "type": "Feature",
      "geometry": {
        "type": "Point",
        "coordinates": [
          -1.7178964040921443,
          6.247417655823918
        ]
      },
      "properties": {
        "probability": 0.9993278384208679,
        "lat": 6.247417655823918,
        "lon": -1.7178964040921443,
        "region": "Obuasi",
        "detected_at": "2026-03-02T06:20:50.795656",
        "model_version": "48px_v3.7_2024-01-10"
      }
    },
    {
      "type": "Feature",
      "geometry": {
        "type": "Point",
        "coordinates": [
          -1.7178964040921443,
          6.245241857463499
        ]
      },
      "properties": {
        "probability": 0.9999974370002747,
        "lat": 6.245241857463499,
        "lon": -1.7178964040921443,
        "region": "Obuasi",
        "detected_at": "2026-03-02T06:20:50.795741",
        "model_version": "48px_v3.7_2024-01-10"
      }
    },
    {
      "type": "Feature",
      "geometry": {
        "type": "Point",
        "coordinates": [
          -1.7178964040921443,
          6.243066059103081
        ]
      },
      "properties": {
        "probability": 0.9469658732414246,
        "lat": 6.243066059103081,
        "lon": -1.7178964040921443,
        "region": "Obuasi",
        "detected_at": "2026-03-02T06:20:50.795842",
        "model_version": "48px_v3.7_2024-01-10"
      }
    },
    {
      "type": "Feature",
      "geometry": {
        "type": "Point",
        "coordinates": [
          -1.7178964040921443,
          6.234362865661406
        ]
      },
      "properties": {
        "probability": 0.9868519306182861,
        "lat": 6.234362865661406,
        "lon": -1.7178964040921443,
        "region": "Obuasi",
        "detected_at": "2026-03-02T06:20:50.795936",
        "model_version": "48px_v3.7_2024-01-10"
      }
    },
    {
      "type": "Feature",
      "geometry": {
        "type": "Point",
        "coordinates": [
          -1.7178964040921443,
          6.232187067300988
        ]
      },
      "properties": {
        "probability": 0.9339077472686768,
        "lat": 6.232187067300988,
        "lon": -1.7178964040921443,
        "region": "Obuasi",
        "detected_at": "2026-03-02T06:20:50.796034",
        "model_version": "48px_v3.7_2024-01-10"
      }
    },
    {
      "type": "Feature",
      "geometry": {
        "type": "Point",
        "coordinates": [
          -1.715722178312518,
          6.249593454184338
        ]
      },
      "properties": {
        "probability": 0.9986926913261414,
        "lat": 6.249593454184338,
        "lon": -1.715722178312518,
        "region": "Obuasi",
        "detected_at": "2026-03-02T06:20:50.796120",
        "model_version": "48px_v3.7_2024-01-10"
      }
    },
    {
      "type": "Feature",
      "geometry": {
        "type": "Point",
        "coordinates": [
          -1.715722178312518,
          6.247417655823918
        ]
      },
      "properties": {
        "probability": 0.9998758435249329,
        "lat": 6.247417655823918,
        "lon": -1.715722178312518,
        "region": "Obuasi",
        "detected_at": "2026-03-02T06:20:50.796214",
        "model_version": "48px_v3.7_2024-01-10"
      }
    },
    {
      "type": "Feature",
      "geometry": {
        "type": "Point",
        "coordinates": [
          -1.715722178312518,
          6.245241857463499
        ]
      },
      "properties": {
        "probability": 0.9971790313720703,
        "lat": 6.245241857463499,
        "lon": -1.715722178312518,
        "region": "Obuasi",
        "detected_at": "2026-03-02T06:20:50.796302",
        "model_version": "48px_v3.7_2024-01-10"
      }
    },
    {
      "type": "Feature",
      "geometry": {
        "type": "Point",
        "coordinates": [
          -1.7135479525328916,
          6.249593454184338
        ]
      },
      "properties": {
        "probability": 0.9763084650039673,
        "lat": 6.249593454184338,
        "lon": -1.7135479525328916,
        "region": "Obuasi",
        "detected_at": "2026-03-02T06:20:50.796416",
        "model_version": "48px_v3.7_2024-01-10"
      }
    },
    {
      "type": "Feature",
      "geometry": {
        "type": "Point",
        "coordinates": [
          -1.713547952532892,
          6.245241857463499
        ]
      },
      "properties": {
        "probability": 0.8237537145614624,
        "lat": 6.245241857463499,
        "lon": -1.713547952532892,
        "region": "Obuasi",
        "detected_at": "2026-03-02T06:20:50.796504",
        "model_version": "48px_v3.7_2024-01-10"
      }
    },
    {
      "type": "Feature",
      "geometry": {
        "type": "Point",
        "coordinates": [
          -1.713547952532892,
          6.243066059103081
        ]
      },
      "properties": {
        "probability": 0.8941856026649475,
        "lat": 6.243066059103081,
        "lon": -1.713547952532892,
        "region": "Obuasi",
        "detected_at": "2026-03-02T06:20:50.796590",
        "model_version": "48px_v3.7_2024-01-10"
      }
    },
    {
      "type": "Feature",
      "geometry": {
        "type": "Point",
        "coordinates": [
          -1.7113737267532656,
          6.225659672219731
        ]
      },
      "properties": {
        "probability": 0.9865882992744446,
        "lat": 6.225659672219731,
        "lon": -1.7113737267532656,
        "region": "Obuasi",
        "detected_at": "2026-03-02T06:20:50.796691",
        "model_version": "48px_v3.7_2024-01-10"
      }
    },
    {
      "type": "Feature",
      "geometry": {
        "type": "Point",
        "coordinates": [
          -1.7113737267532656,
          6.223483873859311
        ]
      },
      "properties": {
        "probability": 0.8880809545516968,
        "lat": 6.223483873859311,
        "lon": -1.7113737267532656,
        "region": "Obuasi",
        "detected_at": "2026-03-02T06:20:50.796779",
        "model_version": "48px_v3.7_2024-01-10"
      }
    },
    {
      "type": "Feature",
      "geometry": {
        "type": "Point",
        "coordinates": [
          -1.7091995009736394,
          6.225659672219731
        ]
      },
      "properties": {
        "probability": 0.8538544774055481,
        "lat": 6.225659672219731,
        "lon": -1.7091995009736394,
        "region": "Obuasi",
        "detected_at": "2026-03-02T06:20:50.796891",
        "model_version": "48px_v3.7_2024-01-10"
      }
    },
    {
      "type": "Feature",
      "geometry": {
        "type": "Point",
        "coordinates": [
          -1.8458097678470156,
          6.2562414051286686
        ]
      },
      "properties": {
        "probability": 0.842436671257019,
        "lat": 6.2562414051286686,
        "lon": -1.8458097678470156,
        "region": "Obuasi",
        "detected_at": "2026-03-02T06:20:50.796983",
        "model_version": "48px_v3.7_2024-01-10"
      }
    },
    {
      "type": "Feature",
      "geometry": {
        "type": "Point",
        "coordinates": [
          -1.8436356279810584,
          6.2562414051286686
        ]
      },
      "properties": {
        "probability": 0.856174886226654,
        "lat": 6.2562414051286686,
        "lon": -1.8436356279810584,
        "region": "Obuasi",
        "detected_at": "2026-03-02T06:20:50.797070",
        "model_version": "48px_v3.7_2024-01-10"
      }
    },
    {
      "type": "Feature",
      "geometry": {
        "type": "Point",
        "coordinates": [
          -1.839287348249144,
          6.258416896923686
        ]
      },
      "properties": {
        "probability": 0.8775873780250549,
        "lat": 6.258416896923686,
        "lon": -1.839287348249144,
        "region": "Obuasi",
        "detected_at": "2026-03-02T06:20:50.797157",
        "model_version": "48px_v3.7_2024-01-10"
      }
    },
    {
      "type": "Feature",
      "geometry": {
        "type": "Point",
        "coordinates": [
          -1.837113208383187,
          6.262767880513722
        ]
      },
      "properties": {
        "probability": 0.8798574209213257,
        "lat": 6.262767880513722,
        "lon": -1.837113208383187,
        "region": "Obuasi",
        "detected_at": "2026-03-02T06:20:50.797242",
        "model_version": "48px_v3.7_2024-01-10"
      }
    },
    {
      "type": "Feature",
      "geometry": {
        "type": "Point",
        "coordinates": [
          -1.837113208383187,
          6.260592388718703
        ]
      },
      "properties": {
        "probability": 0.9617655873298645,
        "lat": 6.260592388718703,
        "lon": -1.837113208383187,
        "region": "Obuasi",
        "detected_at": "2026-03-02T06:20:50.797328",
        "model_version": "48px_v3.7_2024-01-10"
      }
    },
    {
      "type": "Feature",
      "geometry": {
        "type": "Point",
        "coordinates": [
          -1.8349390685172298,
          6.267118864103756
        ]
      },
      "properties": {
        "probability": 0.9939737319946289,
        "lat": 6.267118864103756,
        "lon": -1.8349390685172298,
        "region": "Obuasi",
        "detected_at": "2026-03-02T06:20:50.797414",
        "model_version": "48px_v3.7_2024-01-10"
      }
    },
    {
      "type": "Feature",
      "geometry": {
        "type": "Point",
        "coordinates": [
          -1.8349390685172298,
          6.264943372308739
        ]
      },
      "properties": {
        "probability": 0.9529905319213867,
        "lat": 6.264943372308739,
        "lon": -1.8349390685172298,
        "region": "Obuasi",
        "detected_at": "2026-03-02T06:20:50.797500",
        "model_version": "48px_v3.7_2024-01-10"
      }
    },
    {
      "type": "Feature",
      "geometry": {
        "type": "Point",
        "coordinates": [
          -1.8327649286512724,
          6.280171814873862
        ]
      },
      "properties": {
        "probability": 0.8944775462150574,
        "lat": 6.280171814873862,
        "lon": -1.8327649286512724,
        "region": "Obuasi",
        "detected_at": "2026-03-02T06:20:50.797585",
        "model_version": "48px_v3.7_2024-01-10"
      }
    },
    {
      "type": "Feature",
      "geometry": {
        "type": "Point",
        "coordinates": [
          -1.8327649286512724,
          6.269294355898773
        ]
      },
      "properties": {
        "probability": 0.9897137880325317,
        "lat": 6.269294355898773,
        "lon": -1.8327649286512724,
        "region": "Obuasi",
        "detected_at": "2026-03-02T06:20:50.797678",
        "model_version": "48px_v3.7_2024-01-10"
      }
    },
    {
      "type": "Feature",
      "geometry": {
        "type": "Point",
        "coordinates": [
          -1.8327649286512724,
          6.267118864103756
        ]
      },
      "properties": {
        "probability": 0.9992460608482361,
        "lat": 6.267118864103756,
        "lon": -1.8327649286512724,
        "region": "Obuasi",
        "detected_at": "2026-03-02T06:20:50.797766",
        "model_version": "48px_v3.7_2024-01-10"
      }
    },
    {
      "type": "Feature",
      "geometry": {
        "type": "Point",
        "coordinates": [
          -1.8305907887853152,
          6.280171814873862
        ]
      },
      "properties": {
        "probability": 0.9992778897285461,
        "lat": 6.280171814873862,
        "lon": -1.8305907887853152,
        "region": "Obuasi",
        "detected_at": "2026-03-02T06:20:50.797876",
        "model_version": "48px_v3.7_2024-01-10"
      }
    },
    {
      "type": "Feature",
      "geometry": {
        "type": "Point",
        "coordinates": [
          -1.8305907887853154,
          6.277996323078844
        ]
      },
      "properties": {
        "probability": 0.9927181601524353,
        "lat": 6.277996323078844,
        "lon": -1.8305907887853154,
        "region": "Obuasi",
        "detected_at": "2026-03-02T06:20:50.797970",
        "model_version": "48px_v3.7_2024-01-10"
      }
    },
    {
      "type": "Feature",
      "geometry": {
        "type": "Point",
        "coordinates": [
          -1.8305907887853152,
          6.269294355898773
        ]
      },
      "properties": {
        "probability": 0.9999254941940308,
        "lat": 6.269294355898773,
        "lon": -1.8305907887853152,
        "region": "Obuasi",
        "detected_at": "2026-03-02T06:20:50.798057",
        "model_version": "48px_v3.7_2024-01-10"
      }
    },
    {
      "type": "Feature",
      "geometry": {
        "type": "Point",
        "coordinates": [
          -1.8305907887853152,
          6.267118864103756
        ]
      },
      "properties": {
        "probability": 0.9996721744537354,
        "lat": 6.267118864103756,
        "lon": -1.8305907887853152,
        "region": "Obuasi",
        "detected_at": "2026-03-02T06:20:50.798144",
        "model_version": "48px_v3.7_2024-01-10"
      }
    },
    {
      "type": "Feature",
      "geometry": {
        "type": "Point",
        "coordinates": [
          -1.828416648919358,
          6.280171814873862
        ]
      },
      "properties": {
        "probability": 0.8805110454559326,
        "lat": 6.280171814873862,
        "lon": -1.828416648919358,
        "region": "Obuasi",
        "detected_at": "2026-03-02T06:20:50.798241",
        "model_version": "48px_v3.7_2024-01-10"
      }
    },
    {
      "type": "Feature",
      "geometry": {
        "type": "Point",
        "coordinates": [
          -1.828416648919358,
          6.2714698476937905
        ]
      },
      "properties": {
        "probability": 0.9910035133361816,
        "lat": 6.2714698476937905,
        "lon": -1.828416648919358,
        "region": "Obuasi",
        "detected_at": "2026-03-02T06:20:50.798327",
        "model_version": "48px_v3.7_2024-01-10"
      }
    },
    {
      "type": "Feature",
      "geometry": {
        "type": "Point",
        "coordinates": [
          -1.828416648919358,
          6.269294355898773
        ]
      },
      "properties": {
        "probability": 0.9999961256980896,
        "lat": 6.269294355898773,
        "lon": -1.828416648919358,
        "region": "Obuasi",
        "detected_at": "2026-03-02T06:20:50.798412",
        "model_version": "48px_v3.7_2024-01-10"
      }
    },
    {
      "type": "Feature",
      "geometry": {
        "type": "Point",
        "coordinates": [
          -1.828416648919358,
          6.267118864103756
        ]
      },
      "properties": {
        "probability": 0.9996845722198486,
        "lat": 6.267118864103756,
        "lon": -1.828416648919358,
        "region": "Obuasi",
        "detected_at": "2026-03-02T06:20:50.798505",
        "model_version": "48px_v3.7_2024-01-10"
      }
    },
    {
      "type": "Feature",
      "geometry": {
        "type": "Point",
        "coordinates": [
          -1.826242509053401,
          6.275820831283826
        ]
      },
      "properties": {
        "probability": 0.8708093762397766,
        "lat": 6.275820831283826,
        "lon": -1.826242509053401,
        "region": "Obuasi",
        "detected_at": "2026-03-02T06:20:50.798601",
        "model_version": "48px_v3.7_2024-01-10"
      }
    },
    {
      "type": "Feature",
      "geometry": {
        "type": "Point",
        "coordinates": [
          -1.826242509053401,
          6.273645339488808
        ]
      },
      "properties": {
        "probability": 0.8408854603767395,
        "lat": 6.273645339488808,
        "lon": -1.826242509053401,
        "region": "Obuasi",
        "detected_at": "2026-03-02T06:20:50.798700",
        "model_version": "48px_v3.7_2024-01-10"
      }
    },
    {
      "type": "Feature",
      "geometry": {
        "type": "Point",
        "coordinates": [
          -1.826242509053401,
          6.2714698476937905
        ]
      },
      "properties": {
        "probability": 0.9323578476905823,
        "lat": 6.2714698476937905,
        "lon": -1.826242509053401,
        "region": "Obuasi",
        "detected_at": "2026-03-02T06:20:50.798786",
        "model_version": "48px_v3.7_2024-01-10"
      }
    },
    {
      "type": "Feature",
      "geometry": {
        "type": "Point",
        "coordinates": [
          -1.813197669857658,
          6.254065913333651
        ]
      },
      "properties": {
        "probability": 0.9990906715393066,
        "lat": 6.254065913333651,
        "lon": -1.813197669857658,
        "region": "Obuasi",
        "detected_at": "2026-03-02T06:20:50.798905",
        "model_version": "48px_v3.7_2024-01-10"
      }
    },
    {
      "type": "Feature",
      "geometry": {
        "type": "Point",
        "coordinates": [
          -1.8110235299917008,
          6.254065913333651
        ]
      },
      "properties": {
        "probability": 0.9988658428192139,
        "lat": 6.254065913333651,
        "lon": -1.8110235299917008,
        "region": "Obuasi",
        "detected_at": "2026-03-02T06:20:50.798999",
        "model_version": "48px_v3.7_2024-01-10"
      }
    },
    {
      "type": "Feature",
      "geometry": {
        "type": "Point",
        "coordinates": [
          -1.8088493901257436,
          6.2562414051286686
        ]
      },
      "properties": {
        "probability": 0.8713644742965698,
        "lat": 6.2562414051286686,
        "lon": -1.8088493901257436,
        "region": "Obuasi",
        "detected_at": "2026-03-02T06:20:50.799092",
        "model_version": "48px_v3.7_2024-01-10"
      }
    },
    {
      "type": "Feature",
      "geometry": {
        "type": "Point",
        "coordinates": [
          -1.7980973605616035,
          6.277877243204382
        ]
      },
      "properties": {
        "probability": 0.8826791048049927,
        "lat": 6.277877243204382,
        "lon": -1.7980973605616035,
        "region": "Obuasi",
        "detected_at": "2026-03-02T06:20:50.799179",
        "model_version": "48px_v3.7_2024-01-10"
      }
    },
    {
      "type": "Feature",
      "geometry": {
        "type": "Point",
        "coordinates": [
          -1.7937487338672988,
          6.27570157731608
        ]
      },
      "properties": {
        "probability": 0.8126466870307922,
        "lat": 6.27570157731608,
        "lon": -1.7937487338672988,
        "region": "Obuasi",
        "detected_at": "2026-03-02T06:20:50.799264",
        "model_version": "48px_v3.7_2024-01-10"
      }
    },
    {
      "type": "Feature",
      "geometry": {
        "type": "Point",
        "coordinates": [
          -1.793748733867299,
          6.273525911427778
        ]
      },
      "properties": {
        "probability": 0.9613842368125916,
        "lat": 6.273525911427778,
        "lon": -1.793748733867299,
        "region": "Obuasi",
        "detected_at": "2026-03-02T06:20:50.799349",
        "model_version": "48px_v3.7_2024-01-10"
      }
    },
    {
      "type": "Feature",
      "geometry": {
        "type": "Point",
        "coordinates": [
          -1.791574420520147,
          6.273525911427778
        ]
      },
      "properties": {
        "probability": 0.8657045364379883,
        "lat": 6.273525911427778,
        "lon": -1.791574420520147,
        "region": "Obuasi",
        "detected_at": "2026-03-02T06:20:50.799435",
        "model_version": "48px_v3.7_2024-01-10"
      }
    },
    {
      "type": "Feature",
      "geometry": {
        "type": "Point",
        "coordinates": [
          -1.7763542270900814,
          6.253944918433058
        ]
      },
      "properties": {
        "probability": 0.9957168698310852,
        "lat": 6.253944918433058,
        "lon": -1.7763542270900814,
        "region": "Obuasi",
        "detected_at": "2026-03-02T06:20:50.799522",
        "model_version": "48px_v3.7_2024-01-10"
      }
    },
    {
      "type": "Feature",
      "geometry": {
        "type": "Point",
        "coordinates": [
          -1.7741799137429288,
          6.253944918433058
        ]
      },
      "properties": {
        "probability": 0.986015796661377,
        "lat": 6.253944918433058,
        "lon": -1.7741799137429288,
        "region": "Obuasi",
        "detected_at": "2026-03-02T06:20:50.799608",
        "model_version": "48px_v3.7_2024-01-10"
      }
    },
    {
      "type": "Feature",
      "geometry": {
        "type": "Point",
        "coordinates": [
          -1.7698312870486248,
          6.2626475819862675
        ]
      },
      "properties": {
        "probability": 0.8883118629455566,
        "lat": 6.2626475819862675,
        "lon": -1.7698312870486248,
        "region": "Obuasi",
        "detected_at": "2026-03-02T06:20:50.799693",
        "model_version": "48px_v3.7_2024-01-10"
      }
    },
    {
      "type": "Feature",
      "geometry": {
        "type": "Point",
        "coordinates": [
          -1.7676569737014727,
          6.262647581986268
        ]
      },
      "properties": {
        "probability": 0.8153603672981262,
        "lat": 6.262647581986268,
        "lon": -1.7676569737014727,
        "region": "Obuasi",
        "detected_at": "2026-03-02T06:20:50.799787",
        "model_version": "48px_v3.7_2024-01-10"
      }
    },
    {
      "type": "Feature",
      "geometry": {
        "type": "Point",
        "coordinates": [
          -1.7567854069657116,
          6.290931238534196
        ]
      },
      "properties": {
        "probability": 0.81979900598526,
        "lat": 6.290931238534196,
        "lon": -1.7567854069657116,
        "region": "Obuasi",
        "detected_at": "2026-03-02T06:20:50.799894",
        "model_version": "48px_v3.7_2024-01-10"
      }
    },
    {
      "type": "Feature",
      "geometry": {
        "type": "Point",
        "coordinates": [
          -1.7436122014756492,
          6.38629114062818
        ]
      },
      "properties": {
        "probability": 0.9254816770553589,
        "lat": 6.38629114062818,
        "lon": -1.7436122014756492,
        "region": "Obuasi",
        "detected_at": "2026-03-02T06:20:50.799984",
        "model_version": "48px_v3.7_2024-01-10"
      }
    },
    {
      "type": "Feature",
      "geometry": {
        "type": "Point",
        "coordinates": [
          -1.7436122014756492,
          6.384115222957783
        ]
      },
      "properties": {
        "probability": 0.9814484119415283,
        "lat": 6.384115222957783,
        "lon": -1.7436122014756492,
        "region": "Obuasi",
        "detected_at": "2026-03-02T06:20:50.800071",
        "model_version": "48px_v3.7_2024-01-10"
      }
    },
    {
      "type": "Feature",
      "geometry": {
        "type": "Point",
        "coordinates": [
          -1.74143719254666,
          6.384115222957782
        ]
      },
      "properties": {
        "probability": 0.885269284248352,
        "lat": 6.384115222957782,
        "lon": -1.74143719254666,
        "region": "Obuasi",
        "detected_at": "2026-03-02T06:20:50.800159",
        "model_version": "48px_v3.7_2024-01-10"
      }
    },
    {
      "type": "Feature",
      "geometry": {
        "type": "Point",
        "coordinates": [
          -1.74143719254666,
          6.381939305287383
        ]
      },
      "properties": {
        "probability": 0.8631876111030579,
        "lat": 6.381939305287383,
        "lon": -1.74143719254666,
        "region": "Obuasi",
        "detected_at": "2026-03-02T06:20:50.800253",
        "model_version": "48px_v3.7_2024-01-10"
      }
    },
    {
      "type": "Feature",
      "geometry": {
        "type": "Point",
        "coordinates": [
          -1.734912165759693,
          6.3580042109129895
        ]
      },
      "properties": {
        "probability": 0.8985063433647156,
        "lat": 6.3580042109129895,
        "lon": -1.734912165759693,
        "region": "Obuasi",
        "detected_at": "2026-03-02T06:20:50.800341",
        "model_version": "48px_v3.7_2024-01-10"
      }
    },
    {
      "type": "Feature",
      "geometry": {
        "type": "Point",
        "coordinates": [
          -1.732737156830704,
          6.3928188936393795
        ]
      },
      "properties": {
        "probability": 0.9150437116622925,
        "lat": 6.3928188936393795,
        "lon": -1.732737156830704,
        "region": "Obuasi",
        "detected_at": "2026-03-02T06:20:50.800428",
        "model_version": "48px_v3.7_2024-01-10"
      }
    },
    {
      "type": "Feature",
      "geometry": {
        "type": "Point",
        "coordinates": [
          -1.732737156830704,
          6.39064297596898
        ]
      },
      "properties": {
        "probability": 0.8061484694480896,
        "lat": 6.39064297596898,
        "lon": -1.732737156830704,
        "region": "Obuasi",
        "detected_at": "2026-03-02T06:20:50.800528",
        "model_version": "48px_v3.7_2024-01-10"
      }
    },
    {
      "type": "Feature",
      "geometry": {
        "type": "Point",
        "coordinates": [
          -1.732737156830704,
          6.364531963924189
        ]
      },
      "properties": {
        "probability": 0.9972658157348633,
        "lat": 6.364531963924189,
        "lon": -1.732737156830704,
        "region": "Obuasi",
        "detected_at": "2026-03-02T06:20:50.800615",
        "model_version": "48px_v3.7_2024-01-10"
      }
    },
    {
      "type": "Feature",
      "geometry": {
        "type": "Point",
        "coordinates": [
          -1.7327371568307037,
          6.362356046253789
        ]
      },
      "properties": {
        "probability": 0.9951722621917725,
        "lat": 6.362356046253789,
        "lon": -1.7327371568307037,
        "region": "Obuasi",
        "detected_at": "2026-03-02T06:20:50.800701",
        "model_version": "48px_v3.7_2024-01-10"
      }
    },
    {
      "type": "Feature",
      "geometry": {
        "type": "Point",
        "coordinates": [
          -1.7327371568307037,
          6.360180128583389
        ]
      },
      "properties": {
        "probability": 0.9476494789123535,
        "lat": 6.360180128583389,
        "lon": -1.7327371568307037,
        "region": "Obuasi",
        "detected_at": "2026-03-02T06:20:50.800789",
        "model_version": "48px_v3.7_2024-01-10"
      }
    },
    {
      "type": "Feature",
      "geometry": {
        "type": "Point",
        "coordinates": [
          -1.732737156830704,
          6.3580042109129895
        ]
      },
      "properties": {
        "probability": 0.9994845390319824,
        "lat": 6.3580042109129895,
        "lon": -1.732737156830704,
        "region": "Obuasi",
        "detected_at": "2026-03-02T06:20:50.800904",
        "model_version": "48px_v3.7_2024-01-10"
      }
    },
    {
      "type": "Feature",
      "geometry": {
        "type": "Point",
        "coordinates": [
          -1.7305621479017148,
          6.362356046253789
        ]
      },
      "properties": {
        "probability": 0.9833902716636658,
        "lat": 6.362356046253789,
        "lon": -1.7305621479017148,
        "region": "Obuasi",
        "detected_at": "2026-03-02T06:20:50.800992",
        "model_version": "48px_v3.7_2024-01-10"
      }
    },
    {
      "type": "Feature",
      "geometry": {
        "type": "Point",
        "coordinates": [
          -1.7305621479017148,
          6.360180128583389
        ]
      },
      "properties": {
        "probability": 0.9958116412162781,
        "lat": 6.360180128583389,
        "lon": -1.7305621479017148,
        "region": "Obuasi",
        "detected_at": "2026-03-02T06:20:50.801078",
        "model_version": "48px_v3.7_2024-01-10"
      }
    },
    {
      "type": "Feature",
      "geometry": {
        "type": "Point",
        "coordinates": [
          -1.730562147901715,
          6.35800421091299
        ]
      },
      "properties": {
        "probability": 0.9890700578689575,
        "lat": 6.35800421091299,
        "lon": -1.730562147901715,
        "region": "Obuasi",
        "detected_at": "2026-03-02T06:20:50.801163",
        "model_version": "48px_v3.7_2024-01-10"
      }
    },
    {
      "type": "Feature",
      "geometry": {
        "type": "Point",
        "coordinates": [
          -1.728387138972726,
          6.379763387616985
        ]
      },
      "properties": {
        "probability": 0.829625129699707,
        "lat": 6.379763387616985,
        "lon": -1.728387138972726,
        "region": "Obuasi",
        "detected_at": "2026-03-02T06:20:50.801249",
        "model_version": "48px_v3.7_2024-01-10"
      }
    },
    {
      "type": "Feature",
      "geometry": {
        "type": "Point",
        "coordinates": [
          -1.7262121300437365,
          6.377587469946585
        ]
      },
      "properties": {
        "probability": 0.8584762215614319,
        "lat": 6.377587469946585,
        "lon": -1.7262121300437365,
        "region": "Obuasi",
        "detected_at": "2026-03-02T06:20:50.801341",
        "model_version": "48px_v3.7_2024-01-10"
      }
    },
    {
      "type": "Feature",
      "geometry": {
        "type": "Point",
        "coordinates": [
          -1.7262121300437365,
          6.360180128583389
        ]
      },
      "properties": {
        "probability": 0.8238656520843506,
        "lat": 6.360180128583389,
        "lon": -1.7262121300437365,
        "region": "Obuasi",
        "detected_at": "2026-03-02T06:20:50.801428",
        "model_version": "48px_v3.7_2024-01-10"
      }
    },
    {
      "type": "Feature",
      "geometry": {
        "type": "Point",
        "coordinates": [
          -1.7240371211147476,
          6.377587469946585
        ]
      },
      "properties": {
        "probability": 0.9918614625930786,
        "lat": 6.377587469946585,
        "lon": -1.7240371211147476,
        "region": "Obuasi",
        "detected_at": "2026-03-02T06:20:50.801515",
        "model_version": "48px_v3.7_2024-01-10"
      }
    },
    {
      "type": "Feature",
      "geometry": {
        "type": "Point",
        "coordinates": [
          -1.7240371211147476,
          6.375411552276185
        ]
      },
      "properties": {
        "probability": 0.9858736991882324,
        "lat": 6.375411552276185,
        "lon": -1.7240371211147476,
        "region": "Obuasi",
        "detected_at": "2026-03-02T06:20:50.801600",
        "model_version": "48px_v3.7_2024-01-10"
      }
    },
    {
      "type": "Feature",
      "geometry": {
        "type": "Point",
        "coordinates": [
          -1.7196871032567693,
          6.3667078815945874
        ]
      },
      "properties": {
        "probability": 0.8588843941688538,
        "lat": 6.3667078815945874,
        "lon": -1.7196871032567693,
        "region": "Obuasi",
        "detected_at": "2026-03-02T06:20:50.801687",
        "model_version": "48px_v3.7_2024-01-10"
      }
    },
    {
      "type": "Feature",
      "geometry": {
        "type": "Point",
        "coordinates": [
          -1.7153370853987917,
          6.3884670582985805
        ]
      },
      "properties": {
        "probability": 0.9394048452377319,
        "lat": 6.3884670582985805,
        "lon": -1.7153370853987917,
        "region": "Obuasi",
        "detected_at": "2026-03-02T06:20:50.801773",
        "model_version": "48px_v3.7_2024-01-10"
      }
    },
    {
      "type": "Feature",
      "geometry": {
        "type": "Point",
        "coordinates": [
          -1.7131620764698021,
          6.401522564320977
        ]
      },
      "properties": {
        "probability": 0.9986971616744995,
        "lat": 6.401522564320977,
        "lon": -1.7131620764698021,
        "region": "Obuasi",
        "detected_at": "2026-03-02T06:20:50.801888",
        "model_version": "48px_v3.7_2024-01-10"
      }
    },
    {
      "type": "Feature",
      "geometry": {
        "type": "Point",
        "coordinates": [
          -1.7131620764698021,
          6.399346646650578
        ]
      },
      "properties": {
        "probability": 0.9896119832992554,
        "lat": 6.399346646650578,
        "lon": -1.7131620764698021,
        "region": "Obuasi",
        "detected_at": "2026-03-02T06:20:50.801986",
        "model_version": "48px_v3.7_2024-01-10"
      }
    },
    {
      "type": "Feature",
      "geometry": {
        "type": "Point",
        "coordinates": [
          -1.7131620764698021,
          6.3884670582985805
        ]
      },
      "properties": {
        "probability": 0.9269915223121643,
        "lat": 6.3884670582985805,
        "lon": -1.7131620764698021,
        "region": "Obuasi",
        "detected_at": "2026-03-02T06:20:50.802079",
        "model_version": "48px_v3.7_2024-01-10"
      }
    },
    {
      "type": "Feature",
      "geometry": {
        "type": "Point",
        "coordinates": [
          -1.7131620764698021,
          6.386291140628182
        ]
      },
      "properties": {
        "probability": 0.8681265115737915,
        "lat": 6.386291140628182,
        "lon": -1.7131620764698021,
        "region": "Obuasi",
        "detected_at": "2026-03-02T06:20:50.802167",
        "model_version": "48px_v3.7_2024-01-10"
      }
    },
    {
      "type": "Feature",
      "geometry": {
        "type": "Point",
        "coordinates": [
          -1.7109870675408134,
          6.399346646650578
        ]
      },
      "properties": {
        "probability": 0.9977712035179138,
        "lat": 6.399346646650578,
        "lon": -1.7109870675408134,
        "region": "Obuasi",
        "detected_at": "2026-03-02T06:20:50.802254",
        "model_version": "48px_v3.7_2024-01-10"
      }
    },
    {
      "type": "Feature",
      "geometry": {
        "type": "Point",
        "coordinates": [
          -1.7109870675408134,
          6.3971707289801785
        ]
      },
      "properties": {
        "probability": 0.963506817817688,
        "lat": 6.3971707289801785,
        "lon": -1.7109870675408134,
        "region": "Obuasi",
        "detected_at": "2026-03-02T06:20:50.802339",
        "model_version": "48px_v3.7_2024-01-10"
      }
    },
    {
      "type": "Feature",
      "geometry": {
        "type": "Point",
        "coordinates": [
          -1.7109870675408132,
          6.38629114062818
        ]
      },
      "properties": {
        "probability": 0.9935720562934875,
        "lat": 6.38629114062818,
        "lon": -1.7109870675408132,
        "region": "Obuasi",
        "detected_at": "2026-03-02T06:20:50.802425",
        "model_version": "48px_v3.7_2024-01-10"
      }
    },
    {
      "type": "Feature",
      "geometry": {
        "type": "Point",
        "coordinates": [
          -1.7109870675408134,
          6.384115222957783
        ]
      },
      "properties": {
        "probability": 0.999847948551178,
        "lat": 6.384115222957783,
        "lon": -1.7109870675408134,
        "region": "Obuasi",
        "detected_at": "2026-03-02T06:20:50.802510",
        "model_version": "48px_v3.7_2024-01-10"
      }
    },
    {
      "type": "Feature",
      "geometry": {
        "type": "Point",
        "coordinates": [
          -1.7088120586118245,
          6.397170728980178
        ]
      },
      "properties": {
        "probability": 0.8714407086372375,
        "lat": 6.397170728980178,
        "lon": -1.7088120586118245,
        "region": "Obuasi",
        "detected_at": "2026-03-02T06:20:50.802596",
        "model_version": "48px_v3.7_2024-01-10"
      }
    },
    {
      "type": "Feature",
      "geometry": {
        "type": "Point",
        "coordinates": [
          -1.7088120586118245,
          6.394994811309779
        ]
      },
      "properties": {
        "probability": 0.9764562845230103,
        "lat": 6.394994811309779,
        "lon": -1.7088120586118245,
        "region": "Obuasi",
        "detected_at": "2026-03-02T06:20:50.802688",
        "model_version": "48px_v3.7_2024-01-10"
      }
    },
    {
      "type": "Feature",
      "geometry": {
        "type": "Point",
        "coordinates": [
          -1.708812058611824,
          6.386291140628182
        ]
      },
      "properties": {
        "probability": 0.9656333923339844,
        "lat": 6.386291140628182,
        "lon": -1.708812058611824,
        "region": "Obuasi",
        "detected_at": "2026-03-02T06:20:50.802775",
        "model_version": "48px_v3.7_2024-01-10"
      }
    },
    {
      "type": "Feature",
      "geometry": {
        "type": "Point",
        "coordinates": [
          -1.7088120586118245,
          6.384115222957782
        ]
      },
      "properties": {
        "probability": 0.9990989565849304,
        "lat": 6.384115222957782,
        "lon": -1.7088120586118245,
        "region": "Obuasi",
        "detected_at": "2026-03-02T06:20:50.802889",
        "model_version": "48px_v3.7_2024-01-10"
      }
    },
    {
      "type": "Feature",
      "geometry": {
        "type": "Point",
        "coordinates": [
          -1.7088120586118245,
          6.371059716935387
        ]
      },
      "properties": {
        "probability": 0.8067748546600342,
        "lat": 6.371059716935387,
        "lon": -1.7088120586118245,
        "region": "Obuasi",
        "detected_at": "2026-03-02T06:20:50.802980",
        "model_version": "48px_v3.7_2024-01-10"
      }
    },
    {
      "type": "Feature",
      "geometry": {
        "type": "Point",
        "coordinates": [
          -1.7066370496828351,
          6.381939305287383
        ]
      },
      "properties": {
        "probability": 0.9998509883880615,
        "lat": 6.381939305287383,
        "lon": -1.7066370496828351,
        "region": "Obuasi",
        "detected_at": "2026-03-02T06:20:50.803067",
        "model_version": "48px_v3.7_2024-01-10"
      }
    },
    {
      "type": "Feature",
      "geometry": {
        "type": "Point",
        "coordinates": [
          -1.7066370496828351,
          6.379763387616985
        ]
      },
      "properties": {
        "probability": 0.9523560404777527,
        "lat": 6.379763387616985,
        "lon": -1.7066370496828351,
        "region": "Obuasi",
        "detected_at": "2026-03-02T06:20:50.803154",
        "model_version": "48px_v3.7_2024-01-10"
      }
    },
    {
      "type": "Feature",
      "geometry": {
        "type": "Point",
        "coordinates": [
          -1.7044620407538458,
          6.381939305287384
        ]
      },
      "properties": {
        "probability": 0.9997811913490295,
        "lat": 6.381939305287384,
        "lon": -1.7044620407538458,
        "region": "Obuasi",
        "detected_at": "2026-03-02T06:20:50.803241",
        "model_version": "48px_v3.7_2024-01-10"
      }
    },
    {
      "type": "Feature",
      "geometry": {
        "type": "Point",
        "coordinates": [
          -1.7044620407538458,
          6.3797633876169835
        ]
      },
      "properties": {
        "probability": 0.9998583197593689,
        "lat": 6.3797633876169835,
        "lon": -1.7044620407538458,
        "region": "Obuasi",
        "detected_at": "2026-03-02T06:20:50.803327",
        "model_version": "48px_v3.7_2024-01-10"
      }
    },
    {
      "type": "Feature",
      "geometry": {
        "type": "Point",
        "coordinates": [
          -1.704462040753846,
          6.375411552276185
        ]
      },
      "properties": {
        "probability": 0.8308393955230713,
        "lat": 6.375411552276185,
        "lon": -1.704462040753846,
        "region": "Obuasi",
        "detected_at": "2026-03-02T06:20:50.803419",
        "model_version": "48px_v3.7_2024-01-10"
      }
    },
    {
      "type": "Feature",
      "geometry": {
        "type": "Point",
        "coordinates": [
          -1.7044620407538458,
          6.373235634605787
        ]
      },
      "properties": {
        "probability": 0.9882399439811707,
        "lat": 6.373235634605787,
        "lon": -1.7044620407538458,
        "region": "Obuasi",
        "detected_at": "2026-03-02T06:20:50.803506",
        "model_version": "48px_v3.7_2024-01-10"
      }
    },
    {
      "type": "Feature",
      "geometry": {
        "type": "Point",
        "coordinates": [
          -1.7022870318248569,
          6.379763387616985
        ]
      },
      "properties": {
        "probability": 0.9934443235397339,
        "lat": 6.379763387616985,
        "lon": -1.7022870318248569,
        "region": "Obuasi",
        "detected_at": "2026-03-02T06:20:50.803591",
        "model_version": "48px_v3.7_2024-01-10"
      }
    },
    {
      "type": "Feature",
      "geometry": {
        "type": "Point",
        "coordinates": [
          -1.7022870318248569,
          6.375411552276185
        ]
      },
      "properties": {
        "probability": 0.9770455956459045,
        "lat": 6.375411552276185,
        "lon": -1.7022870318248569,
        "region": "Obuasi",
        "detected_at": "2026-03-02T06:20:50.803684",
        "model_version": "48px_v3.7_2024-01-10"
      }
    },
    {
      "type": "Feature",
      "geometry": {
        "type": "Point",
        "coordinates": [
          -1.7022870318248569,
          6.373235634605787
        ]
      },
      "properties": {
        "probability": 0.9951311945915222,
        "lat": 6.373235634605787,
        "lon": -1.7022870318248569,
        "region": "Obuasi",
        "detected_at": "2026-03-02T06:20:50.803778",
        "model_version": "48px_v3.7_2024-01-10"
      }
    },
    {
      "type": "Feature",
      "geometry": {
        "type": "Point",
        "coordinates": [
          -1.7480877208908439,
          6.349429102140958
        ]
      },
      "properties": {
        "probability": 0.9976997971534729,
        "lat": 6.349429102140958,
        "lon": -1.7480877208908439,
        "region": "Obuasi",
        "detected_at": "2026-03-02T06:20:50.803883",
        "model_version": "48px_v3.7_2024-01-10"
      }
    },
    {
      "type": "Feature",
      "geometry": {
        "type": "Point",
        "coordinates": [
          -1.7459129748574327,
          6.349429102140958
        ]
      },
      "properties": {
        "probability": 0.9692808985710144,
        "lat": 6.349429102140958,
        "lon": -1.7459129748574327,
        "region": "Obuasi",
        "detected_at": "2026-03-02T06:20:50.803974",
        "model_version": "48px_v3.7_2024-01-10"
      }
    },
    {
      "type": "Feature",
      "geometry": {
        "type": "Point",
        "coordinates": [
          -1.7437382288240215,
          6.3516049800689744
        ]
      },
      "properties": {
        "probability": 0.8839008808135986,
        "lat": 6.3516049800689744,
        "lon": -1.7437382288240215,
        "region": "Obuasi",
        "detected_at": "2026-03-02T06:20:50.804061",
        "model_version": "48px_v3.7_2024-01-10"
      }
    },
    {
      "type": "Feature",
      "geometry": {
        "type": "Point",
        "coordinates": [
          -1.7437382288240215,
          6.349429102140958
        ]
      },
      "properties": {
        "probability": 0.9895557165145874,
        "lat": 6.349429102140958,
        "lon": -1.7437382288240215,
        "region": "Obuasi",
        "detected_at": "2026-03-02T06:20:50.804148",
        "model_version": "48px_v3.7_2024-01-10"
      }
    },
    {
      "type": "Feature",
      "geometry": {
        "type": "Point",
        "coordinates": [
          -1.7415634827906104,
          6.353780857996991
        ]
      },
      "properties": {
        "probability": 0.9741433262825012,
        "lat": 6.353780857996991,
        "lon": -1.7415634827906104,
        "region": "Obuasi",
        "detected_at": "2026-03-02T06:20:50.804233",
        "model_version": "48px_v3.7_2024-01-10"
      }
    },
    {
      "type": "Feature",
      "geometry": {
        "type": "Point",
        "coordinates": [
          -1.7415634827906101,
          6.3516049800689744
        ]
      },
      "properties": {
        "probability": 0.9999156594276428,
        "lat": 6.3516049800689744,
        "lon": -1.7415634827906101,
        "region": "Obuasi",
        "detected_at": "2026-03-02T06:20:50.804318",
        "model_version": "48px_v3.7_2024-01-10"
      }
    },
    {
      "type": "Feature",
      "geometry": {
        "type": "Point",
        "coordinates": [
          -1.7415634827906104,
          6.349429102140958
        ]
      },
      "properties": {
        "probability": 0.9953668713569641,
        "lat": 6.349429102140958,
        "lon": -1.7415634827906104,
        "region": "Obuasi",
        "detected_at": "2026-03-02T06:20:50.804403",
        "model_version": "48px_v3.7_2024-01-10"
      }
    },
    {
      "type": "Feature",
      "geometry": {
        "type": "Point",
        "coordinates": [
          -1.7415634827906104,
          6.3276703228607944
        ]
      },
      "properties": {
        "probability": 0.8045365214347839,
        "lat": 6.3276703228607944,
        "lon": -1.7415634827906104,
        "region": "Obuasi",
        "detected_at": "2026-03-02T06:20:50.804489",
        "model_version": "48px_v3.7_2024-01-10"
      }
    },
    {
      "type": "Feature",
      "geometry": {
        "type": "Point",
        "coordinates": [
          -1.7393887367571992,
          6.353780857996991
        ]
      },
      "properties": {
        "probability": 0.9983453750610352,
        "lat": 6.353780857996991,
        "lon": -1.7393887367571992,
        "region": "Obuasi",
        "detected_at": "2026-03-02T06:20:50.804575",
        "model_version": "48px_v3.7_2024-01-10"
      }
    },
    {
      "type": "Feature",
      "geometry": {
        "type": "Point",
        "coordinates": [
          -1.7393887367571994,
          6.3516049800689744
        ]
      },
      "properties": {
        "probability": 0.9990739226341248,
        "lat": 6.3516049800689744,
        "lon": -1.7393887367571994,
        "region": "Obuasi",
        "detected_at": "2026-03-02T06:20:50.804661",
        "model_version": "48px_v3.7_2024-01-10"
      }
    },
    {
      "type": "Feature",
      "geometry": {
        "type": "Point",
        "coordinates": [
          -1.7350392446903768,
          6.353780857996991
        ]
      },
      "properties": {
        "probability": 0.9329943060874939,
        "lat": 6.353780857996991,
        "lon": -1.7350392446903768,
        "region": "Obuasi",
        "detected_at": "2026-03-02T06:20:50.804746",
        "model_version": "48px_v3.7_2024-01-10"
      }
    },
    {
      "type": "Feature",
      "geometry": {
        "type": "Point",
        "coordinates": [
          -1.7350392446903768,
          6.3254944449327795
        ]
      },
      "properties": {
        "probability": 0.8603845834732056,
        "lat": 6.3254944449327795,
        "lon": -1.7350392446903768,
        "region": "Obuasi",
        "detected_at": "2026-03-02T06:20:50.804857",
        "model_version": "48px_v3.7_2024-01-10"
      }
    },
    {
      "type": "Feature",
      "geometry": {
        "type": "Point",
        "coordinates": [
          -1.7350392446903768,
          6.323318567004762
        ]
      },
      "properties": {
        "probability": 0.8804543614387512,
        "lat": 6.323318567004762,
        "lon": -1.7350392446903768,
        "region": "Obuasi",
        "detected_at": "2026-03-02T06:20:50.804950",
        "model_version": "48px_v3.7_2024-01-10"
      }
    },
    {
      "type": "Feature",
      "geometry": {
        "type": "Point",
        "coordinates": [
          -1.7328644986569657,
          6.353780857996991
        ]
      },
      "properties": {
        "probability": 0.9376336336135864,
        "lat": 6.353780857996991,
        "lon": -1.7328644986569657,
        "region": "Obuasi",
        "detected_at": "2026-03-02T06:20:50.805038",
        "model_version": "48px_v3.7_2024-01-10"
      }
    },
    {
      "type": "Feature",
      "geometry": {
        "type": "Point",
        "coordinates": [
          -1.7328644986569657,
          6.3254944449327795
        ]
      },
      "properties": {
        "probability": 0.934873640537262,
        "lat": 6.3254944449327795,
        "lon": -1.7328644986569657,
        "region": "Obuasi",
        "detected_at": "2026-03-02T06:20:50.805125",
        "model_version": "48px_v3.7_2024-01-10"
      }
    },
    {
      "type": "Feature",
      "geometry": {
        "type": "Point",
        "coordinates": [
          -1.7263402605567322,
          6.340725590428893
        ]
      },
      "properties": {
        "probability": 0.8134811520576477,
        "lat": 6.340725590428893,
        "lon": -1.7263402605567322,
        "region": "Obuasi",
        "detected_at": "2026-03-02T06:20:50.805210",
        "model_version": "48px_v3.7_2024-01-10"
      }
    },
    {
      "type": "Feature",
      "geometry": {
        "type": "Point",
        "coordinates": [
          -1.724165514523321,
          6.340725590428893
        ]
      },
      "properties": {
        "probability": 0.849225640296936,
        "lat": 6.340725590428893,
        "lon": -1.724165514523321,
        "region": "Obuasi",
        "detected_at": "2026-03-02T06:20:50.805296",
        "model_version": "48px_v3.7_2024-01-10"
      }
    },
    {
      "type": "Feature",
      "geometry": {
        "type": "Point",
        "coordinates": [
          -1.7241655145233212,
          6.321142689076746
        ]
      },
      "properties": {
        "probability": 0.9638200998306274,
        "lat": 6.321142689076746,
        "lon": -1.7241655145233212,
        "region": "Obuasi",
        "detected_at": "2026-03-02T06:20:50.805381",
        "model_version": "48px_v3.7_2024-01-10"
      }
    },
    {
      "type": "Feature",
      "geometry": {
        "type": "Point",
        "coordinates": [
          -1.724165514523321,
          6.318966811148729
        ]
      },
      "properties": {
        "probability": 0.8211864829063416,
        "lat": 6.318966811148729,
        "lon": -1.724165514523321,
        "region": "Obuasi",
        "detected_at": "2026-03-02T06:20:50.805467",
        "model_version": "48px_v3.7_2024-01-10"
      }
    },
    {
      "type": "Feature",
      "geometry": {
        "type": "Point",
        "coordinates": [
          -1.7219907684899098,
          6.318966811148729
        ]
      },
      "properties": {
        "probability": 0.8087690472602844,
        "lat": 6.318966811148729,
        "lon": -1.7219907684899098,
        "region": "Obuasi",
        "detected_at": "2026-03-02T06:20:50.805562",
        "model_version": "48px_v3.7_2024-01-10"
      }
    },
    {
      "type": "Feature",
      "geometry": {
        "type": "Point",
        "coordinates": [
          -1.719816022456499,
          6.321142689076746
        ]
      },
      "properties": {
        "probability": 0.8704224824905396,
        "lat": 6.321142689076746,
        "lon": -1.719816022456499,
        "region": "Obuasi",
        "detected_at": "2026-03-02T06:20:50.805648",
        "model_version": "48px_v3.7_2024-01-10"
      }
    },
    {
      "type": "Feature",
      "geometry": {
        "type": "Point",
        "coordinates": [
          -1.7132917843562652,
          6.3146150552926965
        ]
      },
      "properties": {
        "probability": 0.8497934341430664,
        "lat": 6.3146150552926965,
        "lon": -1.7132917843562652,
        "region": "Obuasi",
        "detected_at": "2026-03-02T06:20:50.805734",
        "model_version": "48px_v3.7_2024-01-10"
      }
    },
    {
      "type": "Feature",
      "geometry": {
        "type": "Point",
        "coordinates": [
          -1.8001523979334866,
          6.332147197603351
        ]
      },
      "properties": {
        "probability": 0.9998928308486938,
        "lat": 6.332147197603351,
        "lon": -1.8001523979334866,
        "region": "Obuasi",
        "detected_at": "2026-03-02T06:20:50.805820",
        "model_version": "48px_v3.7_2024-01-10"
      }
    },
    {
      "type": "Feature",
      "geometry": {
        "type": "Point",
        "coordinates": [
          -1.8001523979334866,
          6.329971493739581
        ]
      },
      "properties": {
        "probability": 0.9999966025352478,
        "lat": 6.329971493739581,
        "lon": -1.8001523979334866,
        "region": "Obuasi",
        "detected_at": "2026-03-02T06:20:50.805935",
        "model_version": "48px_v3.7_2024-01-10"
      }
    },
    {
      "type": "Feature",
      "geometry": {
        "type": "Point",
        "coordinates": [
          -1.8001523979334866,
          6.327795789875811
        ]
      },
      "properties": {
        "probability": 0.9100596308708191,
        "lat": 6.327795789875811,
        "lon": -1.8001523979334866,
        "region": "Obuasi",
        "detected_at": "2026-03-02T06:20:50.806022",
        "model_version": "48px_v3.7_2024-01-10"
      }
    },
    {
      "type": "Feature",
      "geometry": {
        "type": "Point",
        "coordinates": [
          -1.7979778253391008,
          6.332147197603351
        ]
      },
      "properties": {
        "probability": 0.9972798228263855,
        "lat": 6.332147197603351,
        "lon": -1.7979778253391008,
        "region": "Obuasi",
        "detected_at": "2026-03-02T06:20:50.806108",
        "model_version": "48px_v3.7_2024-01-10"
      }
    },
    {
      "type": "Feature",
      "geometry": {
        "type": "Point",
        "coordinates": [
          -1.7979778253391008,
          6.329971493739581
        ]
      },
      "properties": {
        "probability": 0.9999912977218628,
        "lat": 6.329971493739581,
        "lon": -1.7979778253391008,
        "region": "Obuasi",
        "detected_at": "2026-03-02T06:20:50.806195",
        "model_version": "48px_v3.7_2024-01-10"
      }
    },
    {
      "type": "Feature",
      "geometry": {
        "type": "Point",
        "coordinates": [
          -1.7979778253391008,
          6.327795789875811
        ]
      },
      "properties": {
        "probability": 0.9952431917190552,
        "lat": 6.327795789875811,
        "lon": -1.7979778253391008,
        "region": "Obuasi",
        "detected_at": "2026-03-02T06:20:50.806294",
        "model_version": "48px_v3.7_2024-01-10"
      }
    },
    {
      "type": "Feature",
      "geometry": {
        "type": "Point",
        "coordinates": [
          -1.7958032527447152,
          6.332147197603351
        ]
      },
      "properties": {
        "probability": 0.9786348342895508,
        "lat": 6.332147197603351,
        "lon": -1.7958032527447152,
        "region": "Obuasi",
        "detected_at": "2026-03-02T06:20:50.806394",
        "model_version": "48px_v3.7_2024-01-10"
      }
    },
    {
      "type": "Feature",
      "geometry": {
        "type": "Point",
        "coordinates": [
          -1.7958032527447152,
          6.329971493739582
        ]
      },
      "properties": {
        "probability": 0.9999937415122986,
        "lat": 6.329971493739582,
        "lon": -1.7958032527447152,
        "region": "Obuasi",
        "detected_at": "2026-03-02T06:20:50.806481",
        "model_version": "48px_v3.7_2024-01-10"
      }
    },
    {
      "type": "Feature",
      "geometry": {
        "type": "Point",
        "coordinates": [
          -1.7958032527447152,
          6.327795789875811
        ]
      },
      "properties": {
        "probability": 0.998820424079895,
        "lat": 6.327795789875811,
        "lon": -1.7958032527447152,
        "region": "Obuasi",
        "detected_at": "2026-03-02T06:20:50.806569",
        "model_version": "48px_v3.7_2024-01-10"
      }
    },
    {
      "type": "Feature",
      "geometry": {
        "type": "Point",
        "coordinates": [
          -1.7936286801503296,
          6.332147197603351
        ]
      },
      "properties": {
        "probability": 0.9362920522689819,
        "lat": 6.332147197603351,
        "lon": -1.7936286801503296,
        "region": "Obuasi",
        "detected_at": "2026-03-02T06:20:50.806655",
        "model_version": "48px_v3.7_2024-01-10"
      }
    },
    {
      "type": "Feature",
      "geometry": {
        "type": "Point",
        "coordinates": [
          -1.7936286801503296,
          6.329971493739581
        ]
      },
      "properties": {
        "probability": 0.999152660369873,
        "lat": 6.329971493739581,
        "lon": -1.7936286801503296,
        "region": "Obuasi",
        "detected_at": "2026-03-02T06:20:50.806741",
        "model_version": "48px_v3.7_2024-01-10"
      }
    },
    {
      "type": "Feature",
      "geometry": {
        "type": "Point",
        "coordinates": [
          -1.7936286801503296,
          6.327795789875811
        ]
      },
      "properties": {
        "probability": 0.9189799427986145,
        "lat": 6.327795789875811,
        "lon": -1.7936286801503296,
        "region": "Obuasi",
        "detected_at": "2026-03-02T06:20:50.806845",
        "model_version": "48px_v3.7_2024-01-10"
      }
    },
    {
      "type": "Feature",
      "geometry": {
        "type": "Point",
        "coordinates": [
          -1.7892795349615582,
          6.329971493739582
        ]
      },
      "properties": {
        "probability": 0.8817805647850037,
        "lat": 6.329971493739582,
        "lon": -1.7892795349615582,
        "region": "Obuasi",
        "detected_at": "2026-03-02T06:20:50.806949",
        "model_version": "48px_v3.7_2024-01-10"
      }
    },
    {
      "type": "Feature",
      "geometry": {
        "type": "Point",
        "coordinates": [
          -1.7892795349615582,
          6.327795789875811
        ]
      },
      "properties": {
        "probability": 0.9553555846214294,
        "lat": 6.327795789875811,
        "lon": -1.7892795349615582,
        "region": "Obuasi",
        "detected_at": "2026-03-02T06:20:50.807037",
        "model_version": "48px_v3.7_2024-01-10"
      }
    },
    {
      "type": "Feature",
      "geometry": {
        "type": "Point",
        "coordinates": [
          -1.7871049623671724,
          6.329971493739581
        ]
      },
      "properties": {
        "probability": 0.9975069761276245,
        "lat": 6.329971493739581,
        "lon": -1.7871049623671724,
        "region": "Obuasi",
        "detected_at": "2026-03-02T06:20:50.807124",
        "model_version": "48px_v3.7_2024-01-10"
      }
    },
    {
      "type": "Feature",
      "geometry": {
        "type": "Point",
        "coordinates": [
          -1.7871049623671724,
          6.327795789875811
        ]
      },
      "properties": {
        "probability": 0.9105281829833984,
        "lat": 6.327795789875811,
        "lon": -1.7871049623671724,
        "region": "Obuasi",
        "detected_at": "2026-03-02T06:20:50.807210",
        "model_version": "48px_v3.7_2024-01-10"
      }
    },
    {
      "type": "Feature",
      "geometry": {
        "type": "Point",
        "coordinates": [
          -1.7849303897727868,
          6.312565862829421
        ]
      },
      "properties": {
        "probability": 0.9915560483932495,
        "lat": 6.312565862829421,
        "lon": -1.7849303897727868,
        "region": "Obuasi",
        "detected_at": "2026-03-02T06:20:50.807303",
        "model_version": "48px_v3.7_2024-01-10"
      }
    },
    {
      "type": "Feature",
      "geometry": {
        "type": "Point",
        "coordinates": [
          -1.7849303897727868,
          6.31039015896565
        ]
      },
      "properties": {
        "probability": 0.974122941493988,
        "lat": 6.31039015896565,
        "lon": -1.7849303897727868,
        "region": "Obuasi",
        "detected_at": "2026-03-02T06:20:50.807390",
        "model_version": "48px_v3.7_2024-01-10"
      }
    },
    {
      "type": "Feature",
      "geometry": {
        "type": "Point",
        "coordinates": [
          -1.7849303897727873,
          6.308214455101881
        ]
      },
      "properties": {
        "probability": 0.8237059712409973,
        "lat": 6.308214455101881,
        "lon": -1.7849303897727873,
        "region": "Obuasi",
        "detected_at": "2026-03-02T06:20:50.807477",
        "model_version": "48px_v3.7_2024-01-10"
      }
    },
    {
      "type": "Feature",
      "geometry": {
        "type": "Point",
        "coordinates": [
          -1.7827558171784013,
          6.338674309194661
        ]
      },
      "properties": {
        "probability": 0.9381495118141174,
        "lat": 6.338674309194661,
        "lon": -1.7827558171784013,
        "region": "Obuasi",
        "detected_at": "2026-03-02T06:20:50.807563",
        "model_version": "48px_v3.7_2024-01-10"
      }
    },
    {
      "type": "Feature",
      "geometry": {
        "type": "Point",
        "coordinates": [
          -1.7740575268008587,
          6.353904236241052
        ]
      },
      "properties": {
        "probability": 0.833460807800293,
        "lat": 6.353904236241052,
        "lon": -1.7740575268008587,
        "region": "Obuasi",
        "detected_at": "2026-03-02T06:20:50.807650",
        "model_version": "48px_v3.7_2024-01-10"
      }
    },
    {
      "type": "Feature",
      "geometry": {
        "type": "Point",
        "coordinates": [
          -1.7740575268008587,
          6.3517285323772805
        ]
      },
      "properties": {
        "probability": 0.9676486253738403,
        "lat": 6.3517285323772805,
        "lon": -1.7740575268008587,
        "region": "Obuasi",
        "detected_at": "2026-03-02T06:20:50.807742",
        "model_version": "48px_v3.7_2024-01-10"
      }
    },
    {
      "type": "Feature",
      "geometry": {
        "type": "Point",
        "coordinates": [
          -1.7718829542064733,
          6.349552828513511
        ]
      },
      "properties": {
        "probability": 0.9835084080696106,
        "lat": 6.349552828513511,
        "lon": -1.7718829542064733,
        "region": "Obuasi",
        "detected_at": "2026-03-02T06:20:50.807848",
        "model_version": "48px_v3.7_2024-01-10"
      }
    },
    {
      "type": "Feature",
      "geometry": {
        "type": "Point",
        "coordinates": [
          -1.7697083816120873,
          6.353904236241052
        ]
      },
      "properties": {
        "probability": 0.8774716854095459,
        "lat": 6.353904236241052,
        "lon": -1.7697083816120873,
        "region": "Obuasi",
        "detected_at": "2026-03-02T06:20:50.807940",
        "model_version": "48px_v3.7_2024-01-10"
      }
    },
    {
      "type": "Feature",
      "geometry": {
        "type": "Point",
        "coordinates": [
          -1.7566609460457734,
          6.347377124649743
        ]
      },
      "properties": {
        "probability": 0.9975308775901794,
        "lat": 6.347377124649743,
        "lon": -1.7566609460457734,
        "region": "Obuasi",
        "detected_at": "2026-03-02T06:20:50.808026",
        "model_version": "48px_v3.7_2024-01-10"
      }
    },
    {
      "type": "Feature",
      "geometry": {
        "type": "Point",
        "coordinates": [
          -1.7566609460457734,
          6.345201420785972
        ]
      },
      "properties": {
        "probability": 0.9988572001457214,
        "lat": 6.345201420785972,
        "lon": -1.7566609460457734,
        "region": "Obuasi",
        "detected_at": "2026-03-02T06:20:50.808112",
        "model_version": "48px_v3.7_2024-01-10"
      }
    },
    {
      "type": "Feature",
      "geometry": {
        "type": "Point",
        "coordinates": [
          -1.7566609460457736,
          6.343025716922201
        ]
      },
      "properties": {
        "probability": 0.9808467030525208,
        "lat": 6.343025716922201,
        "lon": -1.7566609460457736,
        "region": "Obuasi",
        "detected_at": "2026-03-02T06:20:50.808204",
        "model_version": "48px_v3.7_2024-01-10"
      }
    },
    {
      "type": "Feature",
      "geometry": {
        "type": "Point",
        "coordinates": [
          -1.7566609460457736,
          6.34085001305843
        ]
      },
      "properties": {
        "probability": 0.9700382947921753,
        "lat": 6.34085001305843,
        "lon": -1.7566609460457736,
        "region": "Obuasi",
        "detected_at": "2026-03-02T06:20:50.808291",
        "model_version": "48px_v3.7_2024-01-10"
      }
    },
    {
      "type": "Feature",
      "geometry": {
        "type": "Point",
        "coordinates": [
          -1.7544863734513876,
          6.347377124649741
        ]
      },
      "properties": {
        "probability": 0.9857207536697388,
        "lat": 6.347377124649741,
        "lon": -1.7544863734513876,
        "region": "Obuasi",
        "detected_at": "2026-03-02T06:20:50.808377",
        "model_version": "48px_v3.7_2024-01-10"
      }
    },
    {
      "type": "Feature",
      "geometry": {
        "type": "Point",
        "coordinates": [
          -1.7544863734513876,
          6.345201420785972
        ]
      },
      "properties": {
        "probability": 0.9622849225997925,
        "lat": 6.345201420785972,
        "lon": -1.7544863734513876,
        "region": "Obuasi",
        "detected_at": "2026-03-02T06:20:50.808469",
        "model_version": "48px_v3.7_2024-01-10"
      }
    },
    {
      "type": "Feature",
      "geometry": {
        "type": "Point",
        "coordinates": [
          -1.7544863734513876,
          6.3430257169222015
        ]
      },
      "properties": {
        "probability": 0.8944281339645386,
        "lat": 6.3430257169222015,
        "lon": -1.7544863734513876,
        "region": "Obuasi",
        "detected_at": "2026-03-02T06:20:50.808556",
        "model_version": "48px_v3.7_2024-01-10"
      }
    },
    {
      "type": "Feature",
      "geometry": {
        "type": "Point",
        "coordinates": [
          -1.7544863734513876,
          6.340850013058431
        ]
      },
      "properties": {
        "probability": 0.9191108345985413,
        "lat": 6.340850013058431,
        "lon": -1.7544863734513876,
        "region": "Obuasi",
        "detected_at": "2026-03-02T06:20:50.808642",
        "model_version": "48px_v3.7_2024-01-10"
      }
    },
    {
      "type": "Feature",
      "geometry": {
        "type": "Point",
        "coordinates": [
          -1.752311800857002,
          6.3517285323772805
        ]
      },
      "properties": {
        "probability": 0.8173737525939941,
        "lat": 6.3517285323772805,
        "lon": -1.752311800857002,
        "region": "Obuasi",
        "detected_at": "2026-03-02T06:20:50.808728",
        "model_version": "48px_v3.7_2024-01-10"
      }
    },
    {
      "type": "Feature",
      "geometry": {
        "type": "Point",
        "coordinates": [
          -1.752311800857002,
          6.336498605330891
        ]
      },
      "properties": {
        "probability": 0.904897153377533,
        "lat": 6.336498605330891,
        "lon": -1.752311800857002,
        "region": "Obuasi",
        "detected_at": "2026-03-02T06:20:50.808813",
        "model_version": "48px_v3.7_2024-01-10"
      }
    },
    {
      "type": "Feature",
      "geometry": {
        "type": "Point",
        "coordinates": [
          -1.752311800857002,
          6.334322901467121
        ]
      },
      "properties": {
        "probability": 0.9833229184150696,
        "lat": 6.334322901467121,
        "lon": -1.752311800857002,
        "region": "Obuasi",
        "detected_at": "2026-03-02T06:20:50.808920",
        "model_version": "48px_v3.7_2024-01-10"
      }
    },
    {
      "type": "Feature",
      "geometry": {
        "type": "Point",
        "coordinates": [
          -1.7977357206610853,
          6.451565911956557
        ]
      },
      "properties": {
        "probability": 0.9028138518333435,
        "lat": 6.451565911956557,
        "lon": -1.7977357206610853,
        "region": "Obuasi",
        "detected_at": "2026-03-02T06:20:50.809007",
        "model_version": "48px_v3.7_2024-01-10"
      }
    },
    {
      "type": "Feature",
      "geometry": {
        "type": "Point",
        "coordinates": [
          -1.7977357206610853,
          6.440687013300462
        ]
      },
      "properties": {
        "probability": 0.9809550046920776,
        "lat": 6.440687013300462,
        "lon": -1.7977357206610853,
        "region": "Obuasi",
        "detected_at": "2026-03-02T06:20:50.809101",
        "model_version": "48px_v3.7_2024-01-10"
      }
    },
    {
      "type": "Feature",
      "geometry": {
        "type": "Point",
        "coordinates": [
          -1.7977357206610853,
          6.416753436257052
        ]
      },
      "properties": {
        "probability": 0.8576999306678772,
        "lat": 6.416753436257052,
        "lon": -1.7977357206610853,
        "region": "Obuasi",
        "detected_at": "2026-03-02T06:20:50.809198",
        "model_version": "48px_v3.7_2024-01-10"
      }
    },
    {
      "type": "Feature",
      "geometry": {
        "type": "Point",
        "coordinates": [
          -1.7955606240348274,
          6.442862793031681
        ]
      },
      "properties": {
        "probability": 0.8069374561309814,
        "lat": 6.442862793031681,
        "lon": -1.7955606240348274,
        "region": "Obuasi",
        "detected_at": "2026-03-02T06:20:50.809286",
        "model_version": "48px_v3.7_2024-01-10"
      }
    },
    {
      "type": "Feature",
      "geometry": {
        "type": "Point",
        "coordinates": [
          -1.7955606240348274,
          6.440687013300462
        ]
      },
      "properties": {
        "probability": 0.998038113117218,
        "lat": 6.440687013300462,
        "lon": -1.7955606240348274,
        "region": "Obuasi",
        "detected_at": "2026-03-02T06:20:50.809372",
        "model_version": "48px_v3.7_2024-01-10"
      }
    },
    {
      "type": "Feature",
      "geometry": {
        "type": "Point",
        "coordinates": [
          -1.7933855274085697,
          6.414577656525832
        ]
      },
      "properties": {
        "probability": 0.9847059845924377,
        "lat": 6.414577656525832,
        "lon": -1.7933855274085697,
        "region": "Obuasi",
        "detected_at": "2026-03-02T06:20:50.809459",
        "model_version": "48px_v3.7_2024-01-10"
      }
    },
    {
      "type": "Feature",
      "geometry": {
        "type": "Point",
        "coordinates": [
          -1.791210430782312,
          6.416753436257052
        ]
      },
      "properties": {
        "probability": 0.828787624835968,
        "lat": 6.416753436257052,
        "lon": -1.791210430782312,
        "region": "Obuasi",
        "detected_at": "2026-03-02T06:20:50.809546",
        "model_version": "48px_v3.7_2024-01-10"
      }
    },
    {
      "type": "Feature",
      "geometry": {
        "type": "Point",
        "coordinates": [
          -1.791210430782312,
          6.414577656525832
        ]
      },
      "properties": {
        "probability": 0.9861233830451965,
        "lat": 6.414577656525832,
        "lon": -1.791210430782312,
        "region": "Obuasi",
        "detected_at": "2026-03-02T06:20:50.809632",
        "model_version": "48px_v3.7_2024-01-10"
      }
    },
    {
      "type": "Feature",
      "geometry": {
        "type": "Point",
        "coordinates": [
          -1.789035334156054,
          6.416753436257051
        ]
      },
      "properties": {
        "probability": 0.884339451789856,
        "lat": 6.416753436257051,
        "lon": -1.789035334156054,
        "region": "Obuasi",
        "detected_at": "2026-03-02T06:20:50.809718",
        "model_version": "48px_v3.7_2024-01-10"
      }
    },
    {
      "type": "Feature",
      "geometry": {
        "type": "Point",
        "coordinates": [
          -1.789035334156054,
          6.414577656525833
        ]
      },
      "properties": {
        "probability": 0.8987734317779541,
        "lat": 6.414577656525833,
        "lon": -1.789035334156054,
        "region": "Obuasi",
        "detected_at": "2026-03-02T06:20:50.809803",
        "model_version": "48px_v3.7_2024-01-10"
      }
    },
    {
      "type": "Feature",
      "geometry": {
        "type": "Point",
        "coordinates": [
          -1.780334947651023,
          6.440687013300462
        ]
      },
      "properties": {
        "probability": 0.8076313138008118,
        "lat": 6.440687013300462,
        "lon": -1.780334947651023,
        "region": "Obuasi",
        "detected_at": "2026-03-02T06:20:50.809910",
        "model_version": "48px_v3.7_2024-01-10"
      }
    },
    {
      "type": "Feature",
      "geometry": {
        "type": "Point",
        "coordinates": [
          -1.7738096577722495,
          6.440687013300462
        ]
      },
      "properties": {
        "probability": 0.8947063088417053,
        "lat": 6.440687013300462,
        "lon": -1.7738096577722495,
        "region": "Obuasi",
        "detected_at": "2026-03-02T06:20:50.810000",
        "model_version": "48px_v3.7_2024-01-10"
      }
    },
    {
      "type": "Feature",
      "geometry": {
        "type": "Point",
        "coordinates": [
          -1.7716345611459918,
          6.427632334913147
        ]
      },
      "properties": {
        "probability": 0.9979031682014465,
        "lat": 6.427632334913147,
        "lon": -1.7716345611459918,
        "region": "Obuasi",
        "detected_at": "2026-03-02T06:20:50.810087",
        "model_version": "48px_v3.7_2024-01-10"
      }
    },
    {
      "type": "Feature",
      "geometry": {
        "type": "Point",
        "coordinates": [
          -1.7694594645197341,
          6.427632334913147
        ]
      },
      "properties": {
        "probability": 0.9149342179298401,
        "lat": 6.427632334913147,
        "lon": -1.7694594645197341,
        "region": "Obuasi",
        "detected_at": "2026-03-02T06:20:50.810172",
        "model_version": "48px_v3.7_2024-01-10"
      }
    },
    {
      "type": "Feature",
      "geometry": {
        "type": "Point",
        "coordinates": [
          -1.7607590780147029,
          6.44721435249412
        ]
      },
      "properties": {
        "probability": 0.8567957878112793,
        "lat": 6.44721435249412,
        "lon": -1.7607590780147029,
        "region": "Obuasi",
        "detected_at": "2026-03-02T06:20:50.810258",
        "model_version": "48px_v3.7_2024-01-10"
      }
    },
    {
      "type": "Feature",
      "geometry": {
        "type": "Point",
        "coordinates": [
          -1.7585839813884452,
          6.445038572762901
        ]
      },
      "properties": {
        "probability": 0.8563581705093384,
        "lat": 6.445038572762901,
        "lon": -1.7585839813884452,
        "region": "Obuasi",
        "detected_at": "2026-03-02T06:20:50.810343",
        "model_version": "48px_v3.7_2024-01-10"
      }
    },
    {
      "type": "Feature",
      "geometry": {
        "type": "Point",
        "coordinates": [
          -1.752058691509672,
          6.453741691687778
        ]
      },
      "properties": {
        "probability": 0.8084428310394287,
        "lat": 6.453741691687778,
        "lon": -1.752058691509672,
        "region": "Obuasi",
        "detected_at": "2026-03-02T06:20:50.810431",
        "model_version": "48px_v3.7_2024-01-10"
      }
    },
    {
      "type": "Feature",
      "geometry": {
        "type": "Point",
        "coordinates": [
          -1.8000321125591712,
          6.395120088529868
        ]
      },
      "properties": {
        "probability": 0.8169381022453308,
        "lat": 6.395120088529868,
        "lon": -1.8000321125591712,
        "region": "Obuasi",
        "detected_at": "2026-03-02T06:20:50.810528",
        "model_version": "48px_v3.7_2024-01-10"
      }
    },
    {
      "type": "Feature",
      "geometry": {
        "type": "Point",
        "coordinates": [
          -1.8000321125591712,
          6.392944346718486
        ]
      },
      "properties": {
        "probability": 0.9981634020805359,
        "lat": 6.392944346718486,
        "lon": -1.8000321125591712,
        "region": "Obuasi",
        "detected_at": "2026-03-02T06:20:50.810615",
        "model_version": "48px_v3.7_2024-01-10"
      }
    },
    {
      "type": "Feature",
      "geometry": {
        "type": "Point",
        "coordinates": [
          -1.800032112559171,
          6.390768604907105
        ]
      },
      "properties": {
        "probability": 0.8693515658378601,
        "lat": 6.390768604907105,
        "lon": -1.800032112559171,
        "region": "Obuasi",
        "detected_at": "2026-03-02T06:20:50.810702",
        "model_version": "48px_v3.7_2024-01-10"
      }
    },
    {
      "type": "Feature",
      "geometry": {
        "type": "Point",
        "coordinates": [
          -1.7956824451850542,
          6.358132477736389
        ]
      },
      "properties": {
        "probability": 0.8724122047424316,
        "lat": 6.358132477736389,
        "lon": -1.7956824451850542,
        "region": "Obuasi",
        "detected_at": "2026-03-02T06:20:50.810795",
        "model_version": "48px_v3.7_2024-01-10"
      }
    },
    {
      "type": "Feature",
      "geometry": {
        "type": "Point",
        "coordinates": [
          -1.7891579441238787,
          6.377714154038818
        ]
      },
      "properties": {
        "probability": 0.9770587086677551,
        "lat": 6.377714154038818,
        "lon": -1.7891579441238787,
        "region": "Obuasi",
        "detected_at": "2026-03-02T06:20:50.810914",
        "model_version": "48px_v3.7_2024-01-10"
      }
    },
    {
      "type": "Feature",
      "geometry": {
        "type": "Point",
        "coordinates": [
          -1.7891579441238787,
          6.375538412227437
        ]
      },
      "properties": {
        "probability": 0.8389793038368225,
        "lat": 6.375538412227437,
        "lon": -1.7891579441238787,
        "region": "Obuasi",
        "detected_at": "2026-03-02T06:20:50.811006",
        "model_version": "48px_v3.7_2024-01-10"
      }
    },
    {
      "type": "Feature",
      "geometry": {
        "type": "Point",
        "coordinates": [
          -1.7869831104368203,
          6.371186928604676
        ]
      },
      "properties": {
        "probability": 0.8676069378852844,
        "lat": 6.371186928604676,
        "lon": -1.7869831104368203,
        "region": "Obuasi",
        "detected_at": "2026-03-02T06:20:50.811094",
        "model_version": "48px_v3.7_2024-01-10"
      }
    },
    {
      "type": "Feature",
      "geometry": {
        "type": "Point",
        "coordinates": [
          -1.7869831104368203,
          6.369011186793295
        ]
      },
      "properties": {
        "probability": 0.945096492767334,
        "lat": 6.369011186793295,
        "lon": -1.7869831104368203,
        "region": "Obuasi",
        "detected_at": "2026-03-02T06:20:50.811181",
        "model_version": "48px_v3.7_2024-01-10"
      }
    },
    {
      "type": "Feature",
      "geometry": {
        "type": "Point",
        "coordinates": [
          -1.7848082767497622,
          6.375538412227437
        ]
      },
      "properties": {
        "probability": 0.9432985782623291,
        "lat": 6.375538412227437,
        "lon": -1.7848082767497622,
        "region": "Obuasi",
        "detected_at": "2026-03-02T06:20:50.811277",
        "model_version": "48px_v3.7_2024-01-10"
      }
    },
    {
      "type": "Feature",
      "geometry": {
        "type": "Point",
        "coordinates": [
          -1.7848082767497624,
          6.373362670416055
        ]
      },
      "properties": {
        "probability": 0.996000349521637,
        "lat": 6.373362670416055,
        "lon": -1.7848082767497624,
        "region": "Obuasi",
        "detected_at": "2026-03-02T06:20:50.811366",
        "model_version": "48px_v3.7_2024-01-10"
      }
    },
    {
      "type": "Feature",
      "geometry": {
        "type": "Point",
        "coordinates": [
          -1.7848082767497622,
          6.371186928604676
        ]
      },
      "properties": {
        "probability": 0.9998914003372192,
        "lat": 6.371186928604676,
        "lon": -1.7848082767497622,
        "region": "Obuasi",
        "detected_at": "2026-03-02T06:20:50.811453",
        "model_version": "48px_v3.7_2024-01-10"
      }
    },
    {
      "type": "Feature",
      "geometry": {
        "type": "Point",
        "coordinates": [
          -1.7848082767497622,
          6.369011186793295
        ]
      },
      "properties": {
        "probability": 0.9918158054351807,
        "lat": 6.369011186793295,
        "lon": -1.7848082767497622,
        "region": "Obuasi",
        "detected_at": "2026-03-02T06:20:50.811539",
        "model_version": "48px_v3.7_2024-01-10"
      }
    },
    {
      "type": "Feature",
      "geometry": {
        "type": "Point",
        "coordinates": [
          -1.7848082767497624,
          6.366835444981913
        ]
      },
      "properties": {
        "probability": 0.9855875372886658,
        "lat": 6.366835444981913,
        "lon": -1.7848082767497624,
        "region": "Obuasi",
        "detected_at": "2026-03-02T06:20:50.811626",
        "model_version": "48px_v3.7_2024-01-10"
      }
    },
    {
      "type": "Feature",
      "geometry": {
        "type": "Point",
        "coordinates": [
          -1.7848082767497622,
          6.36465970317053
        ]
      },
      "properties": {
        "probability": 0.8793513178825378,
        "lat": 6.36465970317053,
        "lon": -1.7848082767497622,
        "region": "Obuasi",
        "detected_at": "2026-03-02T06:20:50.811712",
        "model_version": "48px_v3.7_2024-01-10"
      }
    },
    {
      "type": "Feature",
      "geometry": {
        "type": "Point",
        "coordinates": [
          -1.7848082767497622,
          6.360308219547769
        ]
      },
      "properties": {
        "probability": 0.8270339965820312,
        "lat": 6.360308219547769,
        "lon": -1.7848082767497622,
        "region": "Obuasi",
        "detected_at": "2026-03-02T06:20:50.811799",
        "model_version": "48px_v3.7_2024-01-10"
      }
    },
    {
      "type": "Feature",
      "geometry": {
        "type": "Point",
        "coordinates": [
          -1.7826334430627038,
          6.375538412227437
        ]
      },
      "properties": {
        "probability": 0.9906027913093567,
        "lat": 6.375538412227437,
        "lon": -1.7826334430627038,
        "region": "Obuasi",
        "detected_at": "2026-03-02T06:20:50.811906",
        "model_version": "48px_v3.7_2024-01-10"
      }
    },
    {
      "type": "Feature",
      "geometry": {
        "type": "Point",
        "coordinates": [
          -1.7826334430627035,
          6.373362670416056
        ]
      },
      "properties": {
        "probability": 0.9953604936599731,
        "lat": 6.373362670416056,
        "lon": -1.7826334430627035,
        "region": "Obuasi",
        "detected_at": "2026-03-02T06:20:50.812026",
        "model_version": "48px_v3.7_2024-01-10"
      }
    },
    {
      "type": "Feature",
      "geometry": {
        "type": "Point",
        "coordinates": [
          -1.7782837756885868,
          6.358132477736389
        ]
      },
      "properties": {
        "probability": 0.969331681728363,
        "lat": 6.358132477736389,
        "lon": -1.7782837756885868,
        "region": "Obuasi",
        "detected_at": "2026-03-02T06:20:50.812115",
        "model_version": "48px_v3.7_2024-01-10"
      }
    },
    {
      "type": "Feature",
      "geometry": {
        "type": "Point",
        "coordinates": [
          -1.7761089420015281,
          6.358132477736389
        ]
      },
      "properties": {
        "probability": 0.9744852185249329,
        "lat": 6.358132477736389,
        "lon": -1.7761089420015281,
        "region": "Obuasi",
        "detected_at": "2026-03-02T06:20:50.812203",
        "model_version": "48px_v3.7_2024-01-10"
      }
    },
    {
      "type": "Feature",
      "geometry": {
        "type": "Point",
        "coordinates": [
          -1.7717592746274111,
          6.395120088529868
        ]
      },
      "properties": {
        "probability": 0.9397035241127014,
        "lat": 6.395120088529868,
        "lon": -1.7717592746274111,
        "region": "Obuasi",
        "detected_at": "2026-03-02T06:20:50.812290",
        "model_version": "48px_v3.7_2024-01-10"
      }
    },
    {
      "type": "Feature",
      "geometry": {
        "type": "Point",
        "coordinates": [
          -1.7717592746274111,
          6.392944346718486
        ]
      },
      "properties": {
        "probability": 0.9809852242469788,
        "lat": 6.392944346718486,
        "lon": -1.7717592746274111,
        "region": "Obuasi",
        "detected_at": "2026-03-02T06:20:50.812376",
        "model_version": "48px_v3.7_2024-01-10"
      }
    },
    {
      "type": "Feature",
      "geometry": {
        "type": "Point",
        "coordinates": [
          -1.7695844409403527,
          6.397295830341249
        ]
      },
      "properties": {
        "probability": 0.8108161091804504,
        "lat": 6.397295830341249,
        "lon": -1.7695844409403527,
        "region": "Obuasi",
        "detected_at": "2026-03-02T06:20:50.812468",
        "model_version": "48px_v3.7_2024-01-10"
      }
    },
    {
      "type": "Feature",
      "geometry": {
        "type": "Point",
        "coordinates": [
          -1.7695844409403527,
          6.395120088529869
        ]
      },
      "properties": {
        "probability": 0.9943174123764038,
        "lat": 6.395120088529869,
        "lon": -1.7695844409403527,
        "region": "Obuasi",
        "detected_at": "2026-03-02T06:20:50.812556",
        "model_version": "48px_v3.7_2024-01-10"
      }
    },
    {
      "type": "Feature",
      "geometry": {
        "type": "Point",
        "coordinates": [
          -1.7695844409403527,
          6.392944346718487
        ]
      },
      "properties": {
        "probability": 0.9940924644470215,
        "lat": 6.392944346718487,
        "lon": -1.7695844409403527,
        "region": "Obuasi",
        "detected_at": "2026-03-02T06:20:50.812649",
        "model_version": "48px_v3.7_2024-01-10"
      }
    },
    {
      "type": "Feature",
      "geometry": {
        "type": "Point",
        "coordinates": [
          -1.7695844409403527,
          6.358132477736389
        ]
      },
      "properties": {
        "probability": 0.8630182147026062,
        "lat": 6.358132477736389,
        "lon": -1.7695844409403527,
        "region": "Obuasi",
        "detected_at": "2026-03-02T06:20:50.812736",
        "model_version": "48px_v3.7_2024-01-10"
      }
    },
    {
      "type": "Feature",
      "geometry": {
        "type": "Point",
        "coordinates": [
          -1.767409607253294,
          6.371186928604676
        ]
      },
      "properties": {
        "probability": 0.9303544163703918,
        "lat": 6.371186928604676,
        "lon": -1.767409607253294,
        "region": "Obuasi",
        "detected_at": "2026-03-02T06:20:50.812837",
        "model_version": "48px_v3.7_2024-01-10"
      }
    },
    {
      "type": "Feature",
      "geometry": {
        "type": "Point",
        "coordinates": [
          -1.852218084374435,
          6.31921392969228
        ]
      },
      "properties": {
        "probability": 0.8964641094207764,
        "lat": 6.31921392969228,
        "lon": -1.852218084374435,
        "region": "Obuasi",
        "detected_at": "2026-03-02T06:20:50.812938",
        "model_version": "48px_v3.7_2024-01-10"
      }
    },
    {
      "type": "Feature",
      "geometry": {
        "type": "Point",
        "coordinates": [
          -1.850043687064513,
          6.347495793373354
        ]
      },
      "properties": {
        "probability": 0.8381158113479614,
        "lat": 6.347495793373354,
        "lon": -1.850043687064513,
        "region": "Obuasi",
        "detected_at": "2026-03-02T06:20:50.813025",
        "model_version": "48px_v3.7_2024-01-10"
      }
    },
    {
      "type": "Feature",
      "geometry": {
        "type": "Point",
        "coordinates": [
          -1.8500436870645132,
          6.345320265397887
        ]
      },
      "properties": {
        "probability": 0.9893724322319031,
        "lat": 6.345320265397887,
        "lon": -1.8500436870645132,
        "region": "Obuasi",
        "detected_at": "2026-03-02T06:20:50.813111",
        "model_version": "48px_v3.7_2024-01-10"
      }
    },
    {
      "type": "Feature",
      "geometry": {
        "type": "Point",
        "coordinates": [
          -1.850043687064513,
          6.308336289814945
        ]
      },
      "properties": {
        "probability": 0.9907074570655823,
        "lat": 6.308336289814945,
        "lon": -1.850043687064513,
        "region": "Obuasi",
        "detected_at": "2026-03-02T06:20:50.813198",
        "model_version": "48px_v3.7_2024-01-10"
      }
    },
    {
      "type": "Feature",
      "geometry": {
        "type": "Point",
        "coordinates": [
          -1.8478692897545914,
          6.354022377299756
        ]
      },
      "properties": {
        "probability": 0.9498007297515869,
        "lat": 6.354022377299756,
        "lon": -1.8478692897545914,
        "region": "Obuasi",
        "detected_at": "2026-03-02T06:20:50.813284",
        "model_version": "48px_v3.7_2024-01-10"
      }
    },
    {
      "type": "Feature",
      "geometry": {
        "type": "Point",
        "coordinates": [
          -1.8478692897545912,
          6.345320265397887
        ]
      },
      "properties": {
        "probability": 0.9997910261154175,
        "lat": 6.345320265397887,
        "lon": -1.8478692897545912,
        "region": "Obuasi",
        "detected_at": "2026-03-02T06:20:50.813370",
        "model_version": "48px_v3.7_2024-01-10"
      }
    },
    {
      "type": "Feature",
      "geometry": {
        "type": "Point",
        "coordinates": [
          -1.8478692897545912,
          6.343144737422419
        ]
      },
      "properties": {
        "probability": 0.9975203275680542,
        "lat": 6.343144737422419,
        "lon": -1.8478692897545912,
        "region": "Obuasi",
        "detected_at": "2026-03-02T06:20:50.813463",
        "model_version": "48px_v3.7_2024-01-10"
      }
    },
    {
      "type": "Feature",
      "geometry": {
        "type": "Point",
        "coordinates": [
          -1.8456948924446692,
          6.345320265397887
        ]
      },
      "properties": {
        "probability": 0.9496952891349792,
        "lat": 6.345320265397887,
        "lon": -1.8456948924446692,
        "region": "Obuasi",
        "detected_at": "2026-03-02T06:20:50.813549",
        "model_version": "48px_v3.7_2024-01-10"
      }
    },
    {
      "type": "Feature",
      "geometry": {
        "type": "Point",
        "coordinates": [
          -1.8456948924446692,
          6.343144737422419
        ]
      },
      "properties": {
        "probability": 0.943017840385437,
        "lat": 6.343144737422419,
        "lon": -1.8456948924446692,
        "region": "Obuasi",
        "detected_at": "2026-03-02T06:20:50.813636",
        "model_version": "48px_v3.7_2024-01-10"
      }
    },
    {
      "type": "Feature",
      "geometry": {
        "type": "Point",
        "coordinates": [
          -1.8413460978248253,
          6.351846849324288
        ]
      },
      "properties": {
        "probability": 0.9803122878074646,
        "lat": 6.351846849324288,
        "lon": -1.8413460978248253,
        "region": "Obuasi",
        "detected_at": "2026-03-02T06:20:50.813722",
        "model_version": "48px_v3.7_2024-01-10"
      }
    },
    {
      "type": "Feature",
      "geometry": {
        "type": "Point",
        "coordinates": [
          -1.8413460978248253,
          6.34967132134882
        ]
      },
      "properties": {
        "probability": 0.8874174356460571,
        "lat": 6.34967132134882,
        "lon": -1.8413460978248253,
        "region": "Obuasi",
        "detected_at": "2026-03-02T06:20:50.813806",
        "model_version": "48px_v3.7_2024-01-10"
      }
    },
    {
      "type": "Feature",
      "geometry": {
        "type": "Point",
        "coordinates": [
          -1.8391717005149033,
          6.354022377299756
        ]
      },
      "properties": {
        "probability": 0.9550685286521912,
        "lat": 6.354022377299756,
        "lon": -1.8391717005149033,
        "region": "Obuasi",
        "detected_at": "2026-03-02T06:20:50.813920",
        "model_version": "48px_v3.7_2024-01-10"
      }
    },
    {
      "type": "Feature",
      "geometry": {
        "type": "Point",
        "coordinates": [
          -1.8391717005149033,
          6.351846849324288
        ]
      },
      "properties": {
        "probability": 0.9347556233406067,
        "lat": 6.351846849324288,
        "lon": -1.8391717005149033,
        "region": "Obuasi",
        "detected_at": "2026-03-02T06:20:50.814009",
        "model_version": "48px_v3.7_2024-01-10"
      }
    },
    {
      "type": "Feature",
      "geometry": {
        "type": "Point",
        "coordinates": [
          -1.8391717005149033,
          6.34967132134882
        ]
      },
      "properties": {
        "probability": 0.9992768168449402,
        "lat": 6.34967132134882,
        "lon": -1.8391717005149033,
        "region": "Obuasi",
        "detected_at": "2026-03-02T06:20:50.814096",
        "model_version": "48px_v3.7_2024-01-10"
      }
    },
    {
      "type": "Feature",
      "geometry": {
        "type": "Point",
        "coordinates": [
          -1.8391717005149033,
          6.347495793373354
        ]
      },
      "properties": {
        "probability": 0.9580852389335632,
        "lat": 6.347495793373354,
        "lon": -1.8391717005149033,
        "region": "Obuasi",
        "detected_at": "2026-03-02T06:20:50.814186",
        "model_version": "48px_v3.7_2024-01-10"
      }
    },
    {
      "type": "Feature",
      "geometry": {
        "type": "Point",
        "coordinates": [
          -1.8369973032049813,
          6.354022377299756
        ]
      },
      "properties": {
        "probability": 0.9997336268424988,
        "lat": 6.354022377299756,
        "lon": -1.8369973032049813,
        "region": "Obuasi",
        "detected_at": "2026-03-02T06:20:50.814275",
        "model_version": "48px_v3.7_2024-01-10"
      }
    },
    {
      "type": "Feature",
      "geometry": {
        "type": "Point",
        "coordinates": [
          -1.8369973032049813,
          6.351846849324288
        ]
      },
      "properties": {
        "probability": 0.9331924915313721,
        "lat": 6.351846849324288,
        "lon": -1.8369973032049813,
        "region": "Obuasi",
        "detected_at": "2026-03-02T06:20:50.814368",
        "model_version": "48px_v3.7_2024-01-10"
      }
    },
    {
      "type": "Feature",
      "geometry": {
        "type": "Point",
        "coordinates": [
          -1.8369973032049813,
          6.34967132134882
        ]
      },
      "properties": {
        "probability": 0.9999207258224487,
        "lat": 6.34967132134882,
        "lon": -1.8369973032049813,
        "region": "Obuasi",
        "detected_at": "2026-03-02T06:20:50.814454",
        "model_version": "48px_v3.7_2024-01-10"
      }
    },
    {
      "type": "Feature",
      "geometry": {
        "type": "Point",
        "coordinates": [
          -1.8369973032049813,
          6.347495793373354
        ]
      },
      "properties": {
        "probability": 0.9883246421813965,
        "lat": 6.347495793373354,
        "lon": -1.8369973032049813,
        "region": "Obuasi",
        "detected_at": "2026-03-02T06:20:50.814540",
        "model_version": "48px_v3.7_2024-01-10"
      }
    },
    {
      "type": "Feature",
      "geometry": {
        "type": "Point",
        "coordinates": [
          -1.8369973032049813,
          6.338793681471484
        ]
      },
      "properties": {
        "probability": 0.8704115748405457,
        "lat": 6.338793681471484,
        "lon": -1.8369973032049813,
        "region": "Obuasi",
        "detected_at": "2026-03-02T06:20:50.814625",
        "model_version": "48px_v3.7_2024-01-10"
      }
    },
    {
      "type": "Feature",
      "geometry": {
        "type": "Point",
        "coordinates": [
          -1.8369973032049813,
          6.332267097545082
        ]
      },
      "properties": {
        "probability": 0.9056437611579895,
        "lat": 6.332267097545082,
        "lon": -1.8369973032049813,
        "region": "Obuasi",
        "detected_at": "2026-03-02T06:20:50.814711",
        "model_version": "48px_v3.7_2024-01-10"
      }
    },
    {
      "type": "Feature",
      "geometry": {
        "type": "Point",
        "coordinates": [
          -1.8348229058950596,
          6.354022377299756
        ]
      },
      "properties": {
        "probability": 0.9999708533287048,
        "lat": 6.354022377299756,
        "lon": -1.8348229058950596,
        "region": "Obuasi",
        "detected_at": "2026-03-02T06:20:50.814798",
        "model_version": "48px_v3.7_2024-01-10"
      }
    },
    {
      "type": "Feature",
      "geometry": {
        "type": "Point",
        "coordinates": [
          -1.8348229058950596,
          6.351846849324288
        ]
      },
      "properties": {
        "probability": 0.9945980310440063,
        "lat": 6.351846849324288,
        "lon": -1.8348229058950596,
        "region": "Obuasi",
        "detected_at": "2026-03-02T06:20:50.814923",
        "model_version": "48px_v3.7_2024-01-10"
      }
    },
    {
      "type": "Feature",
      "geometry": {
        "type": "Point",
        "coordinates": [
          -1.8348229058950596,
          6.34967132134882
        ]
      },
      "properties": {
        "probability": 0.9910341501235962,
        "lat": 6.34967132134882,
        "lon": -1.8348229058950596,
        "region": "Obuasi",
        "detected_at": "2026-03-02T06:20:50.815014",
        "model_version": "48px_v3.7_2024-01-10"
      }
    },
    {
      "type": "Feature",
      "geometry": {
        "type": "Point",
        "coordinates": [
          -1.8348229058950596,
          6.347495793373354
        ]
      },
      "properties": {
        "probability": 0.9870088696479797,
        "lat": 6.347495793373354,
        "lon": -1.8348229058950596,
        "region": "Obuasi",
        "detected_at": "2026-03-02T06:20:50.815100",
        "model_version": "48px_v3.7_2024-01-10"
      }
    },
    {
      "type": "Feature",
      "geometry": {
        "type": "Point",
        "coordinates": [
          -1.8348229058950594,
          6.345320265397887
        ]
      },
      "properties": {
        "probability": 0.9911103844642639,
        "lat": 6.345320265397887,
        "lon": -1.8348229058950594,
        "region": "Obuasi",
        "detected_at": "2026-03-02T06:20:50.815193",
        "model_version": "48px_v3.7_2024-01-10"
      }
    },
    {
      "type": "Feature",
      "geometry": {
        "type": "Point",
        "coordinates": [
          -1.8326485085851374,
          6.347495793373354
        ]
      },
      "properties": {
        "probability": 0.9947715401649475,
        "lat": 6.347495793373354,
        "lon": -1.8326485085851374,
        "region": "Obuasi",
        "detected_at": "2026-03-02T06:20:50.815280",
        "model_version": "48px_v3.7_2024-01-10"
      }
    },
    {
      "type": "Feature",
      "geometry": {
        "type": "Point",
        "coordinates": [
          -1.8326485085851374,
          6.345320265397887
        ]
      },
      "properties": {
        "probability": 0.9999330043792725,
        "lat": 6.345320265397887,
        "lon": -1.8326485085851374,
        "region": "Obuasi",
        "detected_at": "2026-03-02T06:20:50.815373",
        "model_version": "48px_v3.7_2024-01-10"
      }
    },
    {
      "type": "Feature",
      "geometry": {
        "type": "Point",
        "coordinates": [
          -1.8326485085851374,
          6.343144737422419
        ]
      },
      "properties": {
        "probability": 0.9989387392997742,
        "lat": 6.343144737422419,
        "lon": -1.8326485085851374,
        "region": "Obuasi",
        "detected_at": "2026-03-02T06:20:50.815462",
        "model_version": "48px_v3.7_2024-01-10"
      }
    },
    {
      "type": "Feature",
      "geometry": {
        "type": "Point",
        "coordinates": [
          -1.8326485085851374,
          6.338793681471484
        ]
      },
      "properties": {
        "probability": 0.9222574830055237,
        "lat": 6.338793681471484,
        "lon": -1.8326485085851374,
        "region": "Obuasi",
        "detected_at": "2026-03-02T06:20:50.815548",
        "model_version": "48px_v3.7_2024-01-10"
      }
    },
    {
      "type": "Feature",
      "geometry": {
        "type": "Point",
        "coordinates": [
          -1.8326485085851374,
          6.336618153496018
        ]
      },
      "properties": {
        "probability": 0.9964398741722107,
        "lat": 6.336618153496018,
        "lon": -1.8326485085851374,
        "region": "Obuasi",
        "detected_at": "2026-03-02T06:20:50.815634",
        "model_version": "48px_v3.7_2024-01-10"
      }
    },
    {
      "type": "Feature",
      "geometry": {
        "type": "Point",
        "coordinates": [
          -1.8304741112752154,
          6.347495793373354
        ]
      },
      "properties": {
        "probability": 0.9951211810112,
        "lat": 6.347495793373354,
        "lon": -1.8304741112752154,
        "region": "Obuasi",
        "detected_at": "2026-03-02T06:20:50.815720",
        "model_version": "48px_v3.7_2024-01-10"
      }
    },
    {
      "type": "Feature",
      "geometry": {
        "type": "Point",
        "coordinates": [
          -1.8304741112752156,
          6.345320265397887
        ]
      },
      "properties": {
        "probability": 0.9987757205963135,
        "lat": 6.345320265397887,
        "lon": -1.8304741112752156,
        "region": "Obuasi",
        "detected_at": "2026-03-02T06:20:50.815806",
        "model_version": "48px_v3.7_2024-01-10"
      }
    },
    {
      "type": "Feature",
      "geometry": {
        "type": "Point",
        "coordinates": [
          -1.8304741112752156,
          6.343144737422419
        ]
      },
      "properties": {
        "probability": 0.9943867325782776,
        "lat": 6.343144737422419,
        "lon": -1.8304741112752156,
        "region": "Obuasi",
        "detected_at": "2026-03-02T06:20:50.815937",
        "model_version": "48px_v3.7_2024-01-10"
      }
    },
    {
      "type": "Feature",
      "geometry": {
        "type": "Point",
        "coordinates": [
          -1.8304741112752154,
          6.338793681471484
        ]
      },
      "properties": {
        "probability": 0.9923126697540283,
        "lat": 6.338793681471484,
        "lon": -1.8304741112752154,
        "region": "Obuasi",
        "detected_at": "2026-03-02T06:20:50.816028",
        "model_version": "48px_v3.7_2024-01-10"
      }
    },
    {
      "type": "Feature",
      "geometry": {
        "type": "Point",
        "coordinates": [
          -1.8304741112752154,
          6.336618153496018
        ]
      },
      "properties": {
        "probability": 0.999954104423523,
        "lat": 6.336618153496018,
        "lon": -1.8304741112752154,
        "region": "Obuasi",
        "detected_at": "2026-03-02T06:20:50.816115",
        "model_version": "48px_v3.7_2024-01-10"
      }
    },
    {
      "type": "Feature",
      "geometry": {
        "type": "Point",
        "coordinates": [
          -1.8304741112752154,
          6.33444262552055
        ]
      },
      "properties": {
        "probability": 0.8857767581939697,
        "lat": 6.33444262552055,
        "lon": -1.8304741112752154,
        "region": "Obuasi",
        "detected_at": "2026-03-02T06:20:50.816209",
        "model_version": "48px_v3.7_2024-01-10"
      }
    },
    {
      "type": "Feature",
      "geometry": {
        "type": "Point",
        "coordinates": [
          -1.8282997139652932,
          6.34967132134882
        ]
      },
      "properties": {
        "probability": 0.8002508282661438,
        "lat": 6.34967132134882,
        "lon": -1.8282997139652932,
        "region": "Obuasi",
        "detected_at": "2026-03-02T06:20:50.816297",
        "model_version": "48px_v3.7_2024-01-10"
      }
    },
    {
      "type": "Feature",
      "geometry": {
        "type": "Point",
        "coordinates": [
          -1.8282997139652932,
          6.347495793373354
        ]
      },
      "properties": {
        "probability": 0.9994987845420837,
        "lat": 6.347495793373354,
        "lon": -1.8282997139652932,
        "region": "Obuasi",
        "detected_at": "2026-03-02T06:20:50.816390",
        "model_version": "48px_v3.7_2024-01-10"
      }
    },
    {
      "type": "Feature",
      "geometry": {
        "type": "Point",
        "coordinates": [
          -1.8282997139652932,
          6.345320265397887
        ]
      },
      "properties": {
        "probability": 0.9985927939414978,
        "lat": 6.345320265397887,
        "lon": -1.8282997139652932,
        "region": "Obuasi",
        "detected_at": "2026-03-02T06:20:50.816477",
        "model_version": "48px_v3.7_2024-01-10"
      }
    },
    {
      "type": "Feature",
      "geometry": {
        "type": "Point",
        "coordinates": [
          -1.8282997139652932,
          6.343144737422419
        ]
      },
      "properties": {
        "probability": 0.9799835085868835,
        "lat": 6.343144737422419,
        "lon": -1.8282997139652932,
        "region": "Obuasi",
        "detected_at": "2026-03-02T06:20:50.816563",
        "model_version": "48px_v3.7_2024-01-10"
      }
    },
    {
      "type": "Feature",
      "geometry": {
        "type": "Point",
        "coordinates": [
          -1.8282997139652932,
          6.338793681471484
        ]
      },
      "properties": {
        "probability": 0.9436202645301819,
        "lat": 6.338793681471484,
        "lon": -1.8282997139652932,
        "region": "Obuasi",
        "detected_at": "2026-03-02T06:20:50.816650",
        "model_version": "48px_v3.7_2024-01-10"
      }
    },
    {
      "type": "Feature",
      "geometry": {
        "type": "Point",
        "coordinates": [
          -1.8282997139652932,
          6.336618153496018
        ]
      },
      "properties": {
        "probability": 0.9930713772773743,
        "lat": 6.336618153496018,
        "lon": -1.8282997139652932,
        "region": "Obuasi",
        "detected_at": "2026-03-02T06:20:50.816737",
        "model_version": "48px_v3.7_2024-01-10"
      }
    },
    {
      "type": "Feature",
      "geometry": {
        "type": "Point",
        "coordinates": [
          -1.8282997139652932,
          6.33444262552055
        ]
      },
      "properties": {
        "probability": 0.9516690969467163,
        "lat": 6.33444262552055,
        "lon": -1.8282997139652932,
        "region": "Obuasi",
        "detected_at": "2026-03-02T06:20:50.816848",
        "model_version": "48px_v3.7_2024-01-10"
      }
    },
    {
      "type": "Feature",
      "geometry": {
        "type": "Point",
        "coordinates": [
          -1.8261253166553717,
          6.347495793373354
        ]
      },
      "properties": {
        "probability": 0.9969007968902588,
        "lat": 6.347495793373354,
        "lon": -1.8261253166553717,
        "region": "Obuasi",
        "detected_at": "2026-03-02T06:20:50.816939",
        "model_version": "48px_v3.7_2024-01-10"
      }
    },
    {
      "type": "Feature",
      "geometry": {
        "type": "Point",
        "coordinates": [
          -1.8261253166553717,
          6.33444262552055
        ]
      },
      "properties": {
        "probability": 0.9780224561691284,
        "lat": 6.33444262552055,
        "lon": -1.8261253166553717,
        "region": "Obuasi",
        "detected_at": "2026-03-02T06:20:50.817026",
        "model_version": "48px_v3.7_2024-01-10"
      }
    },
    {
      "type": "Feature",
      "geometry": {
        "type": "Point",
        "coordinates": [
          -1.8261253166553717,
          6.332267097545082
        ]
      },
      "properties": {
        "probability": 0.8986087441444397,
        "lat": 6.332267097545082,
        "lon": -1.8261253166553717,
        "region": "Obuasi",
        "detected_at": "2026-03-02T06:20:50.817116",
        "model_version": "48px_v3.7_2024-01-10"
      }
    },
    {
      "type": "Feature",
      "geometry": {
        "type": "Point",
        "coordinates": [
          -1.8261253166553717,
          6.312687345765878
        ]
      },
      "properties": {
        "probability": 0.9072244167327881,
        "lat": 6.312687345765878,
        "lon": -1.8261253166553717,
        "region": "Obuasi",
        "detected_at": "2026-03-02T06:20:50.817204",
        "model_version": "48px_v3.7_2024-01-10"
      }
    },
    {
      "type": "Feature",
      "geometry": {
        "type": "Point",
        "coordinates": [
          -1.8261253166553717,
          6.3105118177904105
        ]
      },
      "properties": {
        "probability": 0.879627525806427,
        "lat": 6.3105118177904105,
        "lon": -1.8261253166553717,
        "region": "Obuasi",
        "detected_at": "2026-03-02T06:20:50.817290",
        "model_version": "48px_v3.7_2024-01-10"
      }
    },
    {
      "type": "Feature",
      "geometry": {
        "type": "Point",
        "coordinates": [
          -1.8239509193454493,
          6.327916041594149
        ]
      },
      "properties": {
        "probability": 0.9637963771820068,
        "lat": 6.327916041594149,
        "lon": -1.8239509193454493,
        "region": "Obuasi",
        "detected_at": "2026-03-02T06:20:50.817376",
        "model_version": "48px_v3.7_2024-01-10"
      }
    },
    {
      "type": "Feature",
      "geometry": {
        "type": "Point",
        "coordinates": [
          -1.8239509193454493,
          6.325740513618681
        ]
      },
      "properties": {
        "probability": 0.8925715088844299,
        "lat": 6.325740513618681,
        "lon": -1.8239509193454493,
        "region": "Obuasi",
        "detected_at": "2026-03-02T06:20:50.817468",
        "model_version": "48px_v3.7_2024-01-10"
      }
    },
    {
      "type": "Feature",
      "geometry": {
        "type": "Point",
        "coordinates": [
          -1.8239509193454493,
          6.3105118177904105
        ]
      },
      "properties": {
        "probability": 0.8918954730033875,
        "lat": 6.3105118177904105,
        "lon": -1.8239509193454493,
        "region": "Obuasi",
        "detected_at": "2026-03-02T06:20:50.817555",
        "model_version": "48px_v3.7_2024-01-10"
      }
    },
    {
      "type": "Feature",
      "geometry": {
        "type": "Point",
        "coordinates": [
          -1.8217765220355273,
          6.31921392969228
        ]
      },
      "properties": {
        "probability": 0.8777032494544983,
        "lat": 6.31921392969228,
        "lon": -1.8217765220355273,
        "region": "Obuasi",
        "detected_at": "2026-03-02T06:20:50.817642",
        "model_version": "48px_v3.7_2024-01-10"
      }
    },
    {
      "type": "Feature",
      "geometry": {
        "type": "Point",
        "coordinates": [
          -1.8196021247256058,
          6.321389457667747
        ]
      },
      "properties": {
        "probability": 0.9713482856750488,
        "lat": 6.321389457667747,
        "lon": -1.8196021247256058,
        "region": "Obuasi",
        "detected_at": "2026-03-02T06:20:50.817728",
        "model_version": "48px_v3.7_2024-01-10"
      }
    },
    {
      "type": "Feature",
      "geometry": {
        "type": "Point",
        "coordinates": [
          -1.8196021247256058,
          6.31921392969228
        ]
      },
      "properties": {
        "probability": 0.981406569480896,
        "lat": 6.31921392969228,
        "lon": -1.8196021247256058,
        "region": "Obuasi",
        "detected_at": "2026-03-02T06:20:50.817840",
        "model_version": "48px_v3.7_2024-01-10"
      }
    },
    {
      "type": "Feature",
      "geometry": {
        "type": "Point",
        "coordinates": [
          -1.8109045354859177,
          6.330091569569615
        ]
      },
      "properties": {
        "probability": 0.9945582747459412,
        "lat": 6.330091569569615,
        "lon": -1.8109045354859177,
        "region": "Obuasi",
        "detected_at": "2026-03-02T06:20:50.817947",
        "model_version": "48px_v3.7_2024-01-10"
      }
    },
    {
      "type": "Feature",
      "geometry": {
        "type": "Point",
        "coordinates": [
          -1.8087301381759957,
          6.332267097545082
        ]
      },
      "properties": {
        "probability": 0.8136868476867676,
        "lat": 6.332267097545082,
        "lon": -1.8087301381759957,
        "region": "Obuasi",
        "detected_at": "2026-03-02T06:20:50.818036",
        "model_version": "48px_v3.7_2024-01-10"
      }
    },
    {
      "type": "Feature",
      "geometry": {
        "type": "Point",
        "coordinates": [
          -1.8087301381759957,
          6.330091569569615
        ]
      },
      "properties": {
        "probability": 0.8255036473274231,
        "lat": 6.330091569569615,
        "lon": -1.8087301381759957,
        "region": "Obuasi",
        "detected_at": "2026-03-02T06:20:50.818122",
        "model_version": "48px_v3.7_2024-01-10"
      }
    },
    {
      "type": "Feature",
      "geometry": {
        "type": "Point",
        "coordinates": [
          -1.7456603904132013,
          6.457967833346323
        ]
      },
      "properties": {
        "probability": 0.9450501203536987,
        "lat": 6.457967833346323,
        "lon": -1.7456603904132013,
        "region": "Obuasi",
        "detected_at": "2026-03-02T06:20:50.818209",
        "model_version": "48px_v3.7_2024-01-10"
      }
    },
    {
      "type": "Feature",
      "geometry": {
        "type": "Point",
        "coordinates": [
          -1.7434851167413894,
          6.455791875961037
        ]
      },
      "properties": {
        "probability": 0.8314381837844849,
        "lat": 6.455791875961037,
        "lon": -1.7434851167413894,
        "region": "Obuasi",
        "detected_at": "2026-03-02T06:20:50.818301",
        "model_version": "48px_v3.7_2024-01-10"
      }
    },
    {
      "type": "Feature",
      "geometry": {
        "type": "Point",
        "coordinates": [
          -1.7304334747105157,
          6.41880060041116
        ]
      },
      "properties": {
        "probability": 0.9480174779891968,
        "lat": 6.41880060041116,
        "lon": -1.7304334747105157,
        "region": "Obuasi",
        "detected_at": "2026-03-02T06:20:50.818388",
        "model_version": "48px_v3.7_2024-01-10"
      }
    },
    {
      "type": "Feature",
      "geometry": {
        "type": "Point",
        "coordinates": [
          -1.730433474710516,
          6.416624643025875
        ]
      },
      "properties": {
        "probability": 0.8678969740867615,
        "lat": 6.416624643025875,
        "lon": -1.730433474710516,
        "region": "Obuasi",
        "detected_at": "2026-03-02T06:20:50.818472",
        "model_version": "48px_v3.7_2024-01-10"
      }
    },
    {
      "type": "Feature",
      "geometry": {
        "type": "Point",
        "coordinates": [
          -1.7282582010387038,
          6.416624643025874
        ]
      },
      "properties": {
        "probability": 0.93070387840271,
        "lat": 6.416624643025874,
        "lon": -1.7282582010387038,
        "region": "Obuasi",
        "detected_at": "2026-03-02T06:20:50.818558",
        "model_version": "48px_v3.7_2024-01-10"
      }
    },
    {
      "type": "Feature",
      "geometry": {
        "type": "Point",
        "coordinates": [
          -1.723907653695079,
          6.447088046419889
        ]
      },
      "properties": {
        "probability": 0.8709564208984375,
        "lat": 6.447088046419889,
        "lon": -1.723907653695079,
        "region": "Obuasi",
        "detected_at": "2026-03-02T06:20:50.818643",
        "model_version": "48px_v3.7_2024-01-10"
      }
    },
    {
      "type": "Feature",
      "geometry": {
        "type": "Point",
        "coordinates": [
          -1.7239076536950788,
          6.444912089034601
        ]
      },
      "properties": {
        "probability": 0.9952966570854187,
        "lat": 6.444912089034601,
        "lon": -1.7239076536950788,
        "region": "Obuasi",
        "detected_at": "2026-03-02T06:20:50.818730",
        "model_version": "48px_v3.7_2024-01-10"
      }
    },
    {
      "type": "Feature",
      "geometry": {
        "type": "Point",
        "coordinates": [
          -1.7130312853360175,
          6.431856344722881
        ]
      },
      "properties": {
        "probability": 0.8520436882972717,
        "lat": 6.431856344722881,
        "lon": -1.7130312853360175,
        "region": "Obuasi",
        "detected_at": "2026-03-02T06:20:50.818816",
        "model_version": "48px_v3.7_2024-01-10"
      }
    },
    {
      "type": "Feature",
      "geometry": {
        "type": "Point",
        "coordinates": [
          -1.7043301906487682,
          6.416624643025875
        ]
      },
      "properties": {
        "probability": 0.9608174562454224,
        "lat": 6.416624643025875,
        "lon": -1.7043301906487682,
        "region": "Obuasi",
        "detected_at": "2026-03-02T06:20:50.818923",
        "model_version": "48px_v3.7_2024-01-10"
      }
    },
    {
      "type": "Feature",
      "geometry": {
        "type": "Point",
        "coordinates": [
          -1.8367625567576624,
          6.458213345195185
        ]
      },
      "properties": {
        "probability": 0.9374140501022339,
        "lat": 6.458213345195185,
        "lon": -1.8367625567576624,
        "region": "Obuasi",
        "detected_at": "2026-03-02T06:20:50.819012",
        "model_version": "48px_v3.7_2024-01-10"
      }
    },
    {
      "type": "Feature",
      "geometry": {
        "type": "Point",
        "coordinates": [
          -1.8345876390245766,
          6.458213345195185
        ]
      },
      "properties": {
        "probability": 0.9999960064888,
        "lat": 6.458213345195185,
        "lon": -1.8345876390245766,
        "region": "Obuasi",
        "detected_at": "2026-03-02T06:20:50.819098",
        "model_version": "48px_v3.7_2024-01-10"
      }
    },
    {
      "type": "Feature",
      "geometry": {
        "type": "Point",
        "coordinates": [
          -1.8324127212914905,
          6.458213345195185
        ]
      },
      "properties": {
        "probability": 0.9999993443489075,
        "lat": 6.458213345195185,
        "lon": -1.8324127212914905,
        "region": "Obuasi",
        "detected_at": "2026-03-02T06:20:50.819184",
        "model_version": "48px_v3.7_2024-01-10"
      }
    },
    {
      "type": "Feature",
      "geometry": {
        "type": "Point",
        "coordinates": [
          -1.8302378035584042,
          6.458213345195185
        ]
      },
      "properties": {
        "probability": 0.9999951124191284,
        "lat": 6.458213345195185,
        "lon": -1.8302378035584042,
        "region": "Obuasi",
        "detected_at": "2026-03-02T06:20:50.819277",
        "model_version": "48px_v3.7_2024-01-10"
      }
    },
    {
      "type": "Feature",
      "geometry": {
        "type": "Point",
        "coordinates": [
          -1.8302378035584042,
          6.456037744943142
        ]
      },
      "properties": {
        "probability": 0.8875213861465454,
        "lat": 6.456037744943142,
        "lon": -1.8302378035584042,
        "region": "Obuasi",
        "detected_at": "2026-03-02T06:20:50.819367",
        "model_version": "48px_v3.7_2024-01-10"
      }
    },
    {
      "type": "Feature",
      "geometry": {
        "type": "Point",
        "coordinates": [
          -1.828062885825318,
          6.458213345195185
        ]
      },
      "properties": {
        "probability": 0.9992963075637817,
        "lat": 6.458213345195185,
        "lon": -1.828062885825318,
        "region": "Obuasi",
        "detected_at": "2026-03-02T06:20:50.819455",
        "model_version": "48px_v3.7_2024-01-10"
      }
    },
    {
      "type": "Feature",
      "geometry": {
        "type": "Point",
        "coordinates": [
          -1.825887968092232,
          6.458213345195185
        ]
      },
      "properties": {
        "probability": 0.9783773422241211,
        "lat": 6.458213345195185,
        "lon": -1.825887968092232,
        "region": "Obuasi",
        "detected_at": "2026-03-02T06:20:50.819542",
        "model_version": "48px_v3.7_2024-01-10"
      }
    },
    {
      "type": "Feature",
      "geometry": {
        "type": "Point",
        "coordinates": [
          -1.8237130503591457,
          6.458213345195185
        ]
      },
      "properties": {
        "probability": 0.9777039289474487,
        "lat": 6.458213345195185,
        "lon": -1.8237130503591457,
        "region": "Obuasi",
        "detected_at": "2026-03-02T06:20:50.819639",
        "model_version": "48px_v3.7_2024-01-10"
      }
    },
    {
      "type": "Feature",
      "geometry": {
        "type": "Point",
        "coordinates": [
          -1.8215381326260596,
          6.458213345195185
        ]
      },
      "properties": {
        "probability": 0.9953908920288086,
        "lat": 6.458213345195185,
        "lon": -1.8215381326260596,
        "region": "Obuasi",
        "detected_at": "2026-03-02T06:20:50.819736",
        "model_version": "48px_v3.7_2024-01-10"
      }
    },
    {
      "type": "Feature",
      "geometry": {
        "type": "Point",
        "coordinates": [
          -1.8193632148929737,
          6.458213345195185
        ]
      },
      "properties": {
        "probability": 0.8668811917304993,
        "lat": 6.458213345195185,
        "lon": -1.8193632148929737,
        "region": "Obuasi",
        "detected_at": "2026-03-02T06:20:50.819846",
        "model_version": "48px_v3.7_2024-01-10"
      }
    },
    {
      "type": "Feature",
      "geometry": {
        "type": "Point",
        "coordinates": [
          -1.8171882971598876,
          6.449510944187007
        ]
      },
      "properties": {
        "probability": 0.8330159783363342,
        "lat": 6.449510944187007,
        "lon": -1.8171882971598876,
        "region": "Obuasi",
        "detected_at": "2026-03-02T06:20:50.819939",
        "model_version": "48px_v3.7_2024-01-10"
      }
    },
    {
      "type": "Feature",
      "geometry": {
        "type": "Point",
        "coordinates": [
          -1.8171882971598876,
          6.447335343934962
        ]
      },
      "properties": {
        "probability": 0.8150362372398376,
        "lat": 6.447335343934962,
        "lon": -1.8171882971598876,
        "region": "Obuasi",
        "detected_at": "2026-03-02T06:20:50.820031",
        "model_version": "48px_v3.7_2024-01-10"
      }
    },
    {
      "type": "Feature",
      "geometry": {
        "type": "Point",
        "coordinates": [
          -1.8150133794268015,
          6.451686544439052
        ]
      },
      "properties": {
        "probability": 0.9396560788154602,
        "lat": 6.451686544439052,
        "lon": -1.8150133794268015,
        "region": "Obuasi",
        "detected_at": "2026-03-02T06:20:50.820119",
        "model_version": "48px_v3.7_2024-01-10"
      }
    },
    {
      "type": "Feature",
      "geometry": {
        "type": "Point",
        "coordinates": [
          -1.8150133794268015,
          6.449510944187007
        ]
      },
      "properties": {
        "probability": 0.996813952922821,
        "lat": 6.449510944187007,
        "lon": -1.8150133794268015,
        "region": "Obuasi",
        "detected_at": "2026-03-02T06:20:50.820206",
        "model_version": "48px_v3.7_2024-01-10"
      }
    },
    {
      "type": "Feature",
      "geometry": {
        "type": "Point",
        "coordinates": [
          -1.8150133794268015,
          6.447335343934962
        ]
      },
      "properties": {
        "probability": 0.9977261424064636,
        "lat": 6.447335343934962,
        "lon": -1.8150133794268015,
        "region": "Obuasi",
        "detected_at": "2026-03-02T06:20:50.820291",
        "model_version": "48px_v3.7_2024-01-10"
      }
    },
    {
      "type": "Feature",
      "geometry": {
        "type": "Point",
        "coordinates": [
          -1.8150133794268015,
          6.445159743682916
        ]
      },
      "properties": {
        "probability": 0.9620575904846191,
        "lat": 6.445159743682916,
        "lon": -1.8150133794268015,
        "region": "Obuasi",
        "detected_at": "2026-03-02T06:20:50.820379",
        "model_version": "48px_v3.7_2024-01-10"
      }
    },
    {
      "type": "Feature",
      "geometry": {
        "type": "Point",
        "coordinates": [
          -1.8150133794268015,
          6.41470134015429
        ]
      },
      "properties": {
        "probability": 0.943999171257019,
        "lat": 6.41470134015429,
        "lon": -1.8150133794268015,
        "region": "Obuasi",
        "detected_at": "2026-03-02T06:20:50.820465",
        "model_version": "48px_v3.7_2024-01-10"
      }
    },
    {
      "type": "Feature",
      "geometry": {
        "type": "Point",
        "coordinates": [
          -1.8150133794268015,
          6.412525739902244
        ]
      },
      "properties": {
        "probability": 0.9999828934669495,
        "lat": 6.412525739902244,
        "lon": -1.8150133794268015,
        "region": "Obuasi",
        "detected_at": "2026-03-02T06:20:50.820550",
        "model_version": "48px_v3.7_2024-01-10"
      }
    },
    {
      "type": "Feature",
      "geometry": {
        "type": "Point",
        "coordinates": [
          -1.8150133794268015,
          6.4103501396502
        ]
      },
      "properties": {
        "probability": 0.9914578199386597,
        "lat": 6.4103501396502,
        "lon": -1.8150133794268015,
        "region": "Obuasi",
        "detected_at": "2026-03-02T06:20:50.820635",
        "model_version": "48px_v3.7_2024-01-10"
      }
    },
    {
      "type": "Feature",
      "geometry": {
        "type": "Point",
        "coordinates": [
          -1.8128384616937157,
          6.458213345195185
        ]
      },
      "properties": {
        "probability": 0.9628146886825562,
        "lat": 6.458213345195185,
        "lon": -1.8128384616937157,
        "region": "Obuasi",
        "detected_at": "2026-03-02T06:20:50.820727",
        "model_version": "48px_v3.7_2024-01-10"
      }
    },
    {
      "type": "Feature",
      "geometry": {
        "type": "Point",
        "coordinates": [
          -1.8128384616937157,
          6.456037744943142
        ]
      },
      "properties": {
        "probability": 0.9948588609695435,
        "lat": 6.456037744943142,
        "lon": -1.8128384616937157,
        "region": "Obuasi",
        "detected_at": "2026-03-02T06:20:50.820814",
        "model_version": "48px_v3.7_2024-01-10"
      }
    },
    {
      "type": "Feature",
      "geometry": {
        "type": "Point",
        "coordinates": [
          -1.8128384616937157,
          6.453862144691096
        ]
      },
      "properties": {
        "probability": 0.9083200097084045,
        "lat": 6.453862144691096,
        "lon": -1.8128384616937157,
        "region": "Obuasi",
        "detected_at": "2026-03-02T06:20:50.820922",
        "model_version": "48px_v3.7_2024-01-10"
      }
    },
    {
      "type": "Feature",
      "geometry": {
        "type": "Point",
        "coordinates": [
          -1.8128384616937157,
          6.447335343934962
        ]
      },
      "properties": {
        "probability": 0.9738325476646423,
        "lat": 6.447335343934962,
        "lon": -1.8128384616937157,
        "region": "Obuasi",
        "detected_at": "2026-03-02T06:20:50.821008",
        "model_version": "48px_v3.7_2024-01-10"
      }
    },
    {
      "type": "Feature",
      "geometry": {
        "type": "Point",
        "coordinates": [
          -1.8128384616937157,
          6.445159743682916
        ]
      },
      "properties": {
        "probability": 0.9807149171829224,
        "lat": 6.445159743682916,
        "lon": -1.8128384616937157,
        "region": "Obuasi",
        "detected_at": "2026-03-02T06:20:50.821094",
        "model_version": "48px_v3.7_2024-01-10"
      }
    },
    {
      "type": "Feature",
      "geometry": {
        "type": "Point",
        "coordinates": [
          -1.8128384616937157,
          6.416876940406334
        ]
      },
      "properties": {
        "probability": 0.9980273842811584,
        "lat": 6.416876940406334,
        "lon": -1.8128384616937157,
        "region": "Obuasi",
        "detected_at": "2026-03-02T06:20:50.821187",
        "model_version": "48px_v3.7_2024-01-10"
      }
    },
    {
      "type": "Feature",
      "geometry": {
        "type": "Point",
        "coordinates": [
          -1.8128384616937157,
          6.41470134015429
        ]
      },
      "properties": {
        "probability": 0.9999926090240479,
        "lat": 6.41470134015429,
        "lon": -1.8128384616937157,
        "region": "Obuasi",
        "detected_at": "2026-03-02T06:20:50.821287",
        "model_version": "48px_v3.7_2024-01-10"
      }
    },
    {
      "type": "Feature",
      "geometry": {
        "type": "Point",
        "coordinates": [
          -1.8128384616937157,
          6.412525739902244
        ]
      },
      "properties": {
        "probability": 0.9999995827674866,
        "lat": 6.412525739902244,
        "lon": -1.8128384616937157,
        "region": "Obuasi",
        "detected_at": "2026-03-02T06:20:50.821372",
        "model_version": "48px_v3.7_2024-01-10"
      }
    },
    {
      "type": "Feature",
      "geometry": {
        "type": "Point",
        "coordinates": [
          -1.8128384616937157,
          6.4103501396502
        ]
      },
      "properties": {
        "probability": 0.9993618130683899,
        "lat": 6.4103501396502,
        "lon": -1.8128384616937157,
        "region": "Obuasi",
        "detected_at": "2026-03-02T06:20:50.821463",
        "model_version": "48px_v3.7_2024-01-10"
      }
    },
    {
      "type": "Feature",
      "geometry": {
        "type": "Point",
        "coordinates": [
          -1.8106635439606296,
          6.458213345195185
        ]
      },
      "properties": {
        "probability": 0.9999940991401672,
        "lat": 6.458213345195185,
        "lon": -1.8106635439606296,
        "region": "Obuasi",
        "detected_at": "2026-03-02T06:20:50.821550",
        "model_version": "48px_v3.7_2024-01-10"
      }
    },
    {
      "type": "Feature",
      "geometry": {
        "type": "Point",
        "coordinates": [
          -1.8106635439606296,
          6.456037744943142
        ]
      },
      "properties": {
        "probability": 0.9999614357948303,
        "lat": 6.456037744943142,
        "lon": -1.8106635439606296,
        "region": "Obuasi",
        "detected_at": "2026-03-02T06:20:50.821636",
        "model_version": "48px_v3.7_2024-01-10"
      }
    },
    {
      "type": "Feature",
      "geometry": {
        "type": "Point",
        "coordinates": [
          -1.8106635439606296,
          6.453862144691096
        ]
      },
      "properties": {
        "probability": 0.9970301389694214,
        "lat": 6.453862144691096,
        "lon": -1.8106635439606296,
        "region": "Obuasi",
        "detected_at": "2026-03-02T06:20:50.821722",
        "model_version": "48px_v3.7_2024-01-10"
      }
    },
    {
      "type": "Feature",
      "geometry": {
        "type": "Point",
        "coordinates": [
          -1.8106635439606296,
          6.451686544439052
        ]
      },
      "properties": {
        "probability": 0.9589136242866516,
        "lat": 6.451686544439052,
        "lon": -1.8106635439606296,
        "region": "Obuasi",
        "detected_at": "2026-03-02T06:20:50.821808",
        "model_version": "48px_v3.7_2024-01-10"
      }
    },
    {
      "type": "Feature",
      "geometry": {
        "type": "Point",
        "coordinates": [
          -1.8106635439606296,
          6.445159743682916
        ]
      },
      "properties": {
        "probability": 0.8011536598205566,
        "lat": 6.445159743682916,
        "lon": -1.8106635439606296,
        "region": "Obuasi",
        "detected_at": "2026-03-02T06:20:50.821916",
        "model_version": "48px_v3.7_2024-01-10"
      }
    },
    {
      "type": "Feature",
      "geometry": {
        "type": "Point",
        "coordinates": [
          -1.8106635439606296,
          6.419052540658379
        ]
      },
      "properties": {
        "probability": 0.8229851126670837,
        "lat": 6.419052540658379,
        "lon": -1.8106635439606296,
        "region": "Obuasi",
        "detected_at": "2026-03-02T06:20:50.822005",
        "model_version": "48px_v3.7_2024-01-10"
      }
    },
    {
      "type": "Feature",
      "geometry": {
        "type": "Point",
        "coordinates": [
          -1.8106635439606296,
          6.416876940406334
        ]
      },
      "properties": {
        "probability": 0.9995806217193604,
        "lat": 6.416876940406334,
        "lon": -1.8106635439606296,
        "region": "Obuasi",
        "detected_at": "2026-03-02T06:20:50.822099",
        "model_version": "48px_v3.7_2024-01-10"
      }
    },
    {
      "type": "Feature",
      "geometry": {
        "type": "Point",
        "coordinates": [
          -1.8106635439606296,
          6.41470134015429
        ]
      },
      "properties": {
        "probability": 0.9998257160186768,
        "lat": 6.41470134015429,
        "lon": -1.8106635439606296,
        "region": "Obuasi",
        "detected_at": "2026-03-02T06:20:50.822193",
        "model_version": "48px_v3.7_2024-01-10"
      }
    },
    {
      "type": "Feature",
      "geometry": {
        "type": "Point",
        "coordinates": [
          -1.8106635439606296,
          6.412525739902244
        ]
      },
      "properties": {
        "probability": 0.8322106003761292,
        "lat": 6.412525739902244,
        "lon": -1.8106635439606296,
        "region": "Obuasi",
        "detected_at": "2026-03-02T06:20:50.822280",
        "model_version": "48px_v3.7_2024-01-10"
      }
    },
    {
      "type": "Feature",
      "geometry": {
        "type": "Point",
        "coordinates": [
          -1.8084886262275433,
          6.458213345195185
        ]
      },
      "properties": {
        "probability": 0.9999281167984009,
        "lat": 6.458213345195185,
        "lon": -1.8084886262275433,
        "region": "Obuasi",
        "detected_at": "2026-03-02T06:20:50.822367",
        "model_version": "48px_v3.7_2024-01-10"
      }
    },
    {
      "type": "Feature",
      "geometry": {
        "type": "Point",
        "coordinates": [
          -1.8084886262275433,
          6.456037744943142
        ]
      },
      "properties": {
        "probability": 0.9996047019958496,
        "lat": 6.456037744943142,
        "lon": -1.8084886262275433,
        "region": "Obuasi",
        "detected_at": "2026-03-02T06:20:50.822453",
        "model_version": "48px_v3.7_2024-01-10"
      }
    },
    {
      "type": "Feature",
      "geometry": {
        "type": "Point",
        "coordinates": [
          -1.8084886262275433,
          6.453862144691096
        ]
      },
      "properties": {
        "probability": 0.9759231805801392,
        "lat": 6.453862144691096,
        "lon": -1.8084886262275433,
        "region": "Obuasi",
        "detected_at": "2026-03-02T06:20:50.822539",
        "model_version": "48px_v3.7_2024-01-10"
      }
    },
    {
      "type": "Feature",
      "geometry": {
        "type": "Point",
        "coordinates": [
          -1.8084886262275433,
          6.451686544439052
        ]
      },
      "properties": {
        "probability": 0.934061586856842,
        "lat": 6.451686544439052,
        "lon": -1.8084886262275433,
        "region": "Obuasi",
        "detected_at": "2026-03-02T06:20:50.822632",
        "model_version": "48px_v3.7_2024-01-10"
      }
    },
    {
      "type": "Feature",
      "geometry": {
        "type": "Point",
        "coordinates": [
          -1.8084886262275433,
          6.442984143430872
        ]
      },
      "properties": {
        "probability": 0.8649361729621887,
        "lat": 6.442984143430872,
        "lon": -1.8084886262275433,
        "region": "Obuasi",
        "detected_at": "2026-03-02T06:20:50.822717",
        "model_version": "48px_v3.7_2024-01-10"
      }
    },
    {
      "type": "Feature",
      "geometry": {
        "type": "Point",
        "coordinates": [
          -1.8084886262275433,
          6.427754941666557
        ]
      },
      "properties": {
        "probability": 0.9965402483940125,
        "lat": 6.427754941666557,
        "lon": -1.8084886262275433,
        "region": "Obuasi",
        "detected_at": "2026-03-02T06:20:50.822803",
        "model_version": "48px_v3.7_2024-01-10"
      }
    },
    {
      "type": "Feature",
      "geometry": {
        "type": "Point",
        "coordinates": [
          -1.8084886262275433,
          6.425579341414513
        ]
      },
      "properties": {
        "probability": 0.9807826280593872,
        "lat": 6.425579341414513,
        "lon": -1.8084886262275433,
        "region": "Obuasi",
        "detected_at": "2026-03-02T06:20:50.822921",
        "model_version": "48px_v3.7_2024-01-10"
      }
    },
    {
      "type": "Feature",
      "geometry": {
        "type": "Point",
        "coordinates": [
          -1.8084886262275433,
          6.416876940406334
        ]
      },
      "properties": {
        "probability": 0.917827844619751,
        "lat": 6.416876940406334,
        "lon": -1.8084886262275433,
        "region": "Obuasi",
        "detected_at": "2026-03-02T06:20:50.823008",
        "model_version": "48px_v3.7_2024-01-10"
      }
    },
    {
      "type": "Feature",
      "geometry": {
        "type": "Point",
        "coordinates": [
          -1.8084886262275433,
          6.41470134015429
        ]
      },
      "properties": {
        "probability": 0.9973722100257874,
        "lat": 6.41470134015429,
        "lon": -1.8084886262275433,
        "region": "Obuasi",
        "detected_at": "2026-03-02T06:20:50.823094",
        "model_version": "48px_v3.7_2024-01-10"
      }
    },
    {
      "type": "Feature",
      "geometry": {
        "type": "Point",
        "coordinates": [
          -1.8063137084944572,
          6.440808543178827
        ]
      },
      "properties": {
        "probability": 0.8977644443511963,
        "lat": 6.440808543178827,
        "lon": -1.8063137084944572,
        "region": "Obuasi",
        "detected_at": "2026-03-02T06:20:50.823180",
        "model_version": "48px_v3.7_2024-01-10"
      }
    },
    {
      "type": "Feature",
      "geometry": {
        "type": "Point",
        "coordinates": [
          -1.8063137084944572,
          6.429930541918602
        ]
      },
      "properties": {
        "probability": 0.9946930408477783,
        "lat": 6.429930541918602,
        "lon": -1.8063137084944572,
        "region": "Obuasi",
        "detected_at": "2026-03-02T06:20:50.823273",
        "model_version": "48px_v3.7_2024-01-10"
      }
    },
    {
      "type": "Feature",
      "geometry": {
        "type": "Point",
        "coordinates": [
          -1.8063137084944572,
          6.427754941666557
        ]
      },
      "properties": {
        "probability": 0.999991774559021,
        "lat": 6.427754941666557,
        "lon": -1.8063137084944572,
        "region": "Obuasi",
        "detected_at": "2026-03-02T06:20:50.823359",
        "model_version": "48px_v3.7_2024-01-10"
      }
    },
    {
      "type": "Feature",
      "geometry": {
        "type": "Point",
        "coordinates": [
          -1.8063137084944572,
          6.425579341414513
        ]
      },
      "properties": {
        "probability": 0.9999971389770508,
        "lat": 6.425579341414513,
        "lon": -1.8063137084944572,
        "region": "Obuasi",
        "detected_at": "2026-03-02T06:20:50.823444",
        "model_version": "48px_v3.7_2024-01-10"
      }
    },
    {
      "type": "Feature",
      "geometry": {
        "type": "Point",
        "coordinates": [
          -1.8063137084944572,
          6.423403741162468
        ]
      },
      "properties": {
        "probability": 0.998845100402832,
        "lat": 6.423403741162468,
        "lon": -1.8063137084944572,
        "region": "Obuasi",
        "detected_at": "2026-03-02T06:20:50.823535",
        "model_version": "48px_v3.7_2024-01-10"
      }
    },
    {
      "type": "Feature",
      "geometry": {
        "type": "Point",
        "coordinates": [
          -1.8063137084944572,
          6.421228140910424
        ]
      },
      "properties": {
        "probability": 0.8284557461738586,
        "lat": 6.421228140910424,
        "lon": -1.8063137084944572,
        "region": "Obuasi",
        "detected_at": "2026-03-02T06:20:50.823621",
        "model_version": "48px_v3.7_2024-01-10"
      }
    },
    {
      "type": "Feature",
      "geometry": {
        "type": "Point",
        "coordinates": [
          -1.8063137084944572,
          6.419052540658379
        ]
      },
      "properties": {
        "probability": 0.8429845571517944,
        "lat": 6.419052540658379,
        "lon": -1.8063137084944572,
        "region": "Obuasi",
        "detected_at": "2026-03-02T06:20:50.823707",
        "model_version": "48px_v3.7_2024-01-10"
      }
    },
    {
      "type": "Feature",
      "geometry": {
        "type": "Point",
        "coordinates": [
          -1.8063137084944572,
          6.416876940406334
        ]
      },
      "properties": {
        "probability": 0.9183292388916016,
        "lat": 6.416876940406334,
        "lon": -1.8063137084944572,
        "region": "Obuasi",
        "detected_at": "2026-03-02T06:20:50.823791",
        "model_version": "48px_v3.7_2024-01-10"
      }
    },
    {
      "type": "Feature",
      "geometry": {
        "type": "Point",
        "coordinates": [
          -1.8041387907613713,
          6.436457342674738
        ]
      },
      "properties": {
        "probability": 0.9588112831115723,
        "lat": 6.436457342674738,
        "lon": -1.8041387907613713,
        "region": "Obuasi",
        "detected_at": "2026-03-02T06:20:50.823896",
        "model_version": "48px_v3.7_2024-01-10"
      }
    },
    {
      "type": "Feature",
      "geometry": {
        "type": "Point",
        "coordinates": [
          -1.8041387907613713,
          6.427754941666557
        ]
      },
      "properties": {
        "probability": 0.9720641374588013,
        "lat": 6.427754941666557,
        "lon": -1.8041387907613713,
        "region": "Obuasi",
        "detected_at": "2026-03-02T06:20:50.823986",
        "model_version": "48px_v3.7_2024-01-10"
      }
    },
    {
      "type": "Feature",
      "geometry": {
        "type": "Point",
        "coordinates": [
          -1.8041387907613713,
          6.425579341414513
        ]
      },
      "properties": {
        "probability": 0.999913215637207,
        "lat": 6.425579341414513,
        "lon": -1.8041387907613713,
        "region": "Obuasi",
        "detected_at": "2026-03-02T06:20:50.824078",
        "model_version": "48px_v3.7_2024-01-10"
      }
    },
    {
      "type": "Feature",
      "geometry": {
        "type": "Point",
        "coordinates": [
          -1.8041387907613713,
          6.423403741162468
        ]
      },
      "properties": {
        "probability": 0.997463583946228,
        "lat": 6.423403741162468,
        "lon": -1.8041387907613713,
        "region": "Obuasi",
        "detected_at": "2026-03-02T06:20:50.824167",
        "model_version": "48px_v3.7_2024-01-10"
      }
    },
    {
      "type": "Feature",
      "geometry": {
        "type": "Point",
        "coordinates": [
          -1.8041387907613713,
          6.421228140910424
        ]
      },
      "properties": {
        "probability": 0.9486061334609985,
        "lat": 6.421228140910424,
        "lon": -1.8041387907613713,
        "region": "Obuasi",
        "detected_at": "2026-03-02T06:20:50.824253",
        "model_version": "48px_v3.7_2024-01-10"
      }
    },
    {
      "type": "Feature",
      "geometry": {
        "type": "Point",
        "coordinates": [
          -1.8041387907613713,
          6.419052540658379
        ]
      },
      "properties": {
        "probability": 0.9970782399177551,
        "lat": 6.419052540658379,
        "lon": -1.8041387907613713,
        "region": "Obuasi",
        "detected_at": "2026-03-02T06:20:50.824338",
        "model_version": "48px_v3.7_2024-01-10"
      }
    },
    {
      "type": "Feature",
      "geometry": {
        "type": "Point",
        "coordinates": [
          -1.8499283590829094,
          6.380011145510432
        ]
      },
      "properties": {
        "probability": 0.9111577272415161,
        "lat": 6.380011145510432,
        "lon": -1.8499283590829094,
        "region": "Obuasi",
        "detected_at": "2026-03-02T06:20:50.824430",
        "model_version": "48px_v3.7_2024-01-10"
      }
    },
    {
      "type": "Feature",
      "geometry": {
        "type": "Point",
        "coordinates": [
          -1.8499283590829094,
          6.377835581382649
        ]
      },
      "properties": {
        "probability": 0.9940547943115234,
        "lat": 6.377835581382649,
        "lon": -1.8499283590829094,
        "region": "Obuasi",
        "detected_at": "2026-03-02T06:20:50.824515",
        "model_version": "48px_v3.7_2024-01-10"
      }
    },
    {
      "type": "Feature",
      "geometry": {
        "type": "Point",
        "coordinates": [
          -1.8477537024843043,
          6.390888966149347
        ]
      },
      "properties": {
        "probability": 0.9756463170051575,
        "lat": 6.390888966149347,
        "lon": -1.8477537024843043,
        "region": "Obuasi",
        "detected_at": "2026-03-02T06:20:50.824600",
        "model_version": "48px_v3.7_2024-01-10"
      }
    },
    {
      "type": "Feature",
      "geometry": {
        "type": "Point",
        "coordinates": [
          -1.8477537024843043,
          6.388713402021563
        ]
      },
      "properties": {
        "probability": 0.8808251023292542,
        "lat": 6.388713402021563,
        "lon": -1.8477537024843043,
        "region": "Obuasi",
        "detected_at": "2026-03-02T06:20:50.824686",
        "model_version": "48px_v3.7_2024-01-10"
      }
    },
    {
      "type": "Feature",
      "geometry": {
        "type": "Point",
        "coordinates": [
          -1.8477537024843043,
          6.380011145510432
        ]
      },
      "properties": {
        "probability": 0.9689438343048096,
        "lat": 6.380011145510432,
        "lon": -1.8477537024843043,
        "region": "Obuasi",
        "detected_at": "2026-03-02T06:20:50.824771",
        "model_version": "48px_v3.7_2024-01-10"
      }
    },
    {
      "type": "Feature",
      "geometry": {
        "type": "Point",
        "coordinates": [
          -1.8477537024843043,
          6.377835581382649
        ]
      },
      "properties": {
        "probability": 0.9476222991943359,
        "lat": 6.377835581382649,
        "lon": -1.8477537024843043,
        "region": "Obuasi",
        "detected_at": "2026-03-02T06:20:50.824875",
        "model_version": "48px_v3.7_2024-01-10"
      }
    },
    {
      "type": "Feature",
      "geometry": {
        "type": "Point",
        "coordinates": [
          -1.8455790458856995,
          6.364782196615951
        ]
      },
      "properties": {
        "probability": 0.8774189352989197,
        "lat": 6.364782196615951,
        "lon": -1.8455790458856995,
        "region": "Obuasi",
        "detected_at": "2026-03-02T06:20:50.824975",
        "model_version": "48px_v3.7_2024-01-10"
      }
    },
    {
      "type": "Feature",
      "geometry": {
        "type": "Point",
        "coordinates": [
          -1.8434043892870946,
          6.375660017254867
        ]
      },
      "properties": {
        "probability": 0.9441046714782715,
        "lat": 6.375660017254867,
        "lon": -1.8434043892870946,
        "region": "Obuasi",
        "detected_at": "2026-03-02T06:20:50.825063",
        "model_version": "48px_v3.7_2024-01-10"
      }
    },
    {
      "type": "Feature",
      "geometry": {
        "type": "Point",
        "coordinates": [
          -1.8434043892870946,
          6.366957760743735
        ]
      },
      "properties": {
        "probability": 0.8796255588531494,
        "lat": 6.366957760743735,
        "lon": -1.8434043892870946,
        "region": "Obuasi",
        "detected_at": "2026-03-02T06:20:50.825149",
        "model_version": "48px_v3.7_2024-01-10"
      }
    },
    {
      "type": "Feature",
      "geometry": {
        "type": "Point",
        "coordinates": [
          -1.8434043892870946,
          6.364782196615951
        ]
      },
      "properties": {
        "probability": 0.9550564885139465,
        "lat": 6.364782196615951,
        "lon": -1.8434043892870946,
        "region": "Obuasi",
        "detected_at": "2026-03-02T06:20:50.825235",
        "model_version": "48px_v3.7_2024-01-10"
      }
    },
    {
      "type": "Feature",
      "geometry": {
        "type": "Point",
        "coordinates": [
          -1.8434043892870946,
          6.362606632488171
        ]
      },
      "properties": {
        "probability": 0.996962308883667,
        "lat": 6.362606632488171,
        "lon": -1.8434043892870946,
        "region": "Obuasi",
        "detected_at": "2026-03-02T06:20:50.825321",
        "model_version": "48px_v3.7_2024-01-10"
      }
    },
    {
      "type": "Feature",
      "geometry": {
        "type": "Point",
        "coordinates": [
          -1.8434043892870946,
          6.360431068360386
        ]
      },
      "properties": {
        "probability": 0.9623371362686157,
        "lat": 6.360431068360386,
        "lon": -1.8434043892870946,
        "region": "Obuasi",
        "detected_at": "2026-03-02T06:20:50.825417",
        "model_version": "48px_v3.7_2024-01-10"
      }
    },
    {
      "type": "Feature",
      "geometry": {
        "type": "Point",
        "coordinates": [
          -1.8412297326884897,
          6.373484453127085
        ]
      },
      "properties": {
        "probability": 0.8731805682182312,
        "lat": 6.373484453127085,
        "lon": -1.8412297326884897,
        "region": "Obuasi",
        "detected_at": "2026-03-02T06:20:50.825511",
        "model_version": "48px_v3.7_2024-01-10"
      }
    },
    {
      "type": "Feature",
      "geometry": {
        "type": "Point",
        "coordinates": [
          -1.8412297326884897,
          6.360431068360386
        ]
      },
      "properties": {
        "probability": 0.9988983869552612,
        "lat": 6.360431068360386,
        "lon": -1.8412297326884897,
        "region": "Obuasi",
        "detected_at": "2026-03-02T06:20:50.825599",
        "model_version": "48px_v3.7_2024-01-10"
      }
    },
    {
      "type": "Feature",
      "geometry": {
        "type": "Point",
        "coordinates": [
          -1.8412297326884897,
          6.358255504232603
        ]
      },
      "properties": {
        "probability": 0.9991326332092285,
        "lat": 6.358255504232603,
        "lon": -1.8412297326884897,
        "region": "Obuasi",
        "detected_at": "2026-03-02T06:20:50.825686",
        "model_version": "48px_v3.7_2024-01-10"
      }
    },
    {
      "type": "Feature",
      "geometry": {
        "type": "Point",
        "coordinates": [
          -1.8390550760898852,
          6.360431068360386
        ]
      },
      "properties": {
        "probability": 0.9999228715896606,
        "lat": 6.360431068360386,
        "lon": -1.8390550760898852,
        "region": "Obuasi",
        "detected_at": "2026-03-02T06:20:50.825778",
        "model_version": "48px_v3.7_2024-01-10"
      }
    },
    {
      "type": "Feature",
      "geometry": {
        "type": "Point",
        "coordinates": [
          -1.8390550760898852,
          6.358255504232603
        ]
      },
      "properties": {
        "probability": 0.9999055862426758,
        "lat": 6.358255504232603,
        "lon": -1.8390550760898852,
        "region": "Obuasi",
        "detected_at": "2026-03-02T06:20:50.825881",
        "model_version": "48px_v3.7_2024-01-10"
      }
    },
    {
      "type": "Feature",
      "geometry": {
        "type": "Point",
        "coordinates": [
          -1.8368804194912798,
          6.375660017254867
        ]
      },
      "properties": {
        "probability": 0.8595465421676636,
        "lat": 6.375660017254867,
        "lon": -1.8368804194912798,
        "region": "Obuasi",
        "detected_at": "2026-03-02T06:20:50.825971",
        "model_version": "48px_v3.7_2024-01-10"
      }
    },
    {
      "type": "Feature",
      "geometry": {
        "type": "Point",
        "coordinates": [
          -1.8368804194912798,
          6.373484453127085
        ]
      },
      "properties": {
        "probability": 0.9061719179153442,
        "lat": 6.373484453127085,
        "lon": -1.8368804194912798,
        "region": "Obuasi",
        "detected_at": "2026-03-02T06:20:50.826058",
        "model_version": "48px_v3.7_2024-01-10"
      }
    },
    {
      "type": "Feature",
      "geometry": {
        "type": "Point",
        "coordinates": [
          -1.8368804194912798,
          6.362606632488171
        ]
      },
      "properties": {
        "probability": 0.8982079029083252,
        "lat": 6.362606632488171,
        "lon": -1.8368804194912798,
        "region": "Obuasi",
        "detected_at": "2026-03-02T06:20:50.826144",
        "model_version": "48px_v3.7_2024-01-10"
      }
    },
    {
      "type": "Feature",
      "geometry": {
        "type": "Point",
        "coordinates": [
          -1.8368804194912798,
          6.360431068360386
        ]
      },
      "properties": {
        "probability": 0.9997532963752747,
        "lat": 6.360431068360386,
        "lon": -1.8368804194912798,
        "region": "Obuasi",
        "detected_at": "2026-03-02T06:20:50.826229",
        "model_version": "48px_v3.7_2024-01-10"
      }
    },
    {
      "type": "Feature",
      "geometry": {
        "type": "Point",
        "coordinates": [
          -1.8368804194912798,
          6.358255504232603
        ]
      },
      "properties": {
        "probability": 0.9999585151672363,
        "lat": 6.358255504232603,
        "lon": -1.8368804194912798,
        "region": "Obuasi",
        "detected_at": "2026-03-02T06:20:50.826315",
        "model_version": "48px_v3.7_2024-01-10"
      }
    },
    {
      "type": "Feature",
      "geometry": {
        "type": "Point",
        "coordinates": [
          -1.834705762892675,
          6.3821867096382165
        ]
      },
      "properties": {
        "probability": 0.8025134205818176,
        "lat": 6.3821867096382165,
        "lon": -1.834705762892675,
        "region": "Obuasi",
        "detected_at": "2026-03-02T06:20:50.826408",
        "model_version": "48px_v3.7_2024-01-10"
      }
    },
    {
      "type": "Feature",
      "geometry": {
        "type": "Point",
        "coordinates": [
          -1.8347057628926748,
          6.380011145510432
        ]
      },
      "properties": {
        "probability": 0.9999375939369202,
        "lat": 6.380011145510432,
        "lon": -1.8347057628926748,
        "region": "Obuasi",
        "detected_at": "2026-03-02T06:20:50.826495",
        "model_version": "48px_v3.7_2024-01-10"
      }
    },
    {
      "type": "Feature",
      "geometry": {
        "type": "Point",
        "coordinates": [
          -1.8347057628926748,
          6.377835581382649
        ]
      },
      "properties": {
        "probability": 0.9999807476997375,
        "lat": 6.377835581382649,
        "lon": -1.8347057628926748,
        "region": "Obuasi",
        "detected_at": "2026-03-02T06:20:50.826581",
        "model_version": "48px_v3.7_2024-01-10"
      }
    },
    {
      "type": "Feature",
      "geometry": {
        "type": "Point",
        "coordinates": [
          -1.8347057628926748,
          6.375660017254867
        ]
      },
      "properties": {
        "probability": 0.9999841451644897,
        "lat": 6.375660017254867,
        "lon": -1.8347057628926748,
        "region": "Obuasi",
        "detected_at": "2026-03-02T06:20:50.826674",
        "model_version": "48px_v3.7_2024-01-10"
      }
    },
    {
      "type": "Feature",
      "geometry": {
        "type": "Point",
        "coordinates": [
          -1.8347057628926748,
          6.373484453127085
        ]
      },
      "properties": {
        "probability": 0.9999997019767761,
        "lat": 6.373484453127085,
        "lon": -1.8347057628926748,
        "region": "Obuasi",
        "detected_at": "2026-03-02T06:20:50.826767",
        "model_version": "48px_v3.7_2024-01-10"
      }
    },
    {
      "type": "Feature",
      "geometry": {
        "type": "Point",
        "coordinates": [
          -1.8347057628926748,
          6.371308888999301
        ]
      },
      "properties": {
        "probability": 0.9968385100364685,
        "lat": 6.371308888999301,
        "lon": -1.8347057628926748,
        "region": "Obuasi",
        "detected_at": "2026-03-02T06:20:50.826872",
        "model_version": "48px_v3.7_2024-01-10"
      }
    },
    {
      "type": "Feature",
      "geometry": {
        "type": "Point",
        "coordinates": [
          -1.834705762892675,
          6.364782196615951
        ]
      },
      "properties": {
        "probability": 0.8021303415298462,
        "lat": 6.364782196615951,
        "lon": -1.834705762892675,
        "region": "Obuasi",
        "detected_at": "2026-03-02T06:20:50.826971",
        "model_version": "48px_v3.7_2024-01-10"
      }
    },
    {
      "type": "Feature",
      "geometry": {
        "type": "Point",
        "coordinates": [
          -1.834705762892675,
          6.362606632488171
        ]
      },
      "properties": {
        "probability": 0.9969765543937683,
        "lat": 6.362606632488171,
        "lon": -1.834705762892675,
        "region": "Obuasi",
        "detected_at": "2026-03-02T06:20:50.827058",
        "model_version": "48px_v3.7_2024-01-10"
      }
    },
    {
      "type": "Feature",
      "geometry": {
        "type": "Point",
        "coordinates": [
          -1.8347057628926748,
          6.360431068360386
        ]
      },
      "properties": {
        "probability": 0.9998360276222229,
        "lat": 6.360431068360386,
        "lon": -1.8347057628926748,
        "region": "Obuasi",
        "detected_at": "2026-03-02T06:20:50.827145",
        "model_version": "48px_v3.7_2024-01-10"
      }
    },
    {
      "type": "Feature",
      "geometry": {
        "type": "Point",
        "coordinates": [
          -1.8347057628926748,
          6.358255504232603
        ]
      },
      "properties": {
        "probability": 0.9997423887252808,
        "lat": 6.358255504232603,
        "lon": -1.8347057628926748,
        "region": "Obuasi",
        "detected_at": "2026-03-02T06:20:50.827230",
        "model_version": "48px_v3.7_2024-01-10"
      }
    },
    {
      "type": "Feature",
      "geometry": {
        "type": "Point",
        "coordinates": [
          -1.8325311062940701,
          6.3821867096382165
        ]
      },
      "properties": {
        "probability": 0.9990237951278687,
        "lat": 6.3821867096382165,
        "lon": -1.8325311062940701,
        "region": "Obuasi",
        "detected_at": "2026-03-02T06:20:50.827315",
        "model_version": "48px_v3.7_2024-01-10"
      }
    },
    {
      "type": "Feature",
      "geometry": {
        "type": "Point",
        "coordinates": [
          -1.83253110629407,
          6.380011145510432
        ]
      },
      "properties": {
        "probability": 0.9999980330467224,
        "lat": 6.380011145510432,
        "lon": -1.83253110629407,
        "region": "Obuasi",
        "detected_at": "2026-03-02T06:20:50.827402",
        "model_version": "48px_v3.7_2024-01-10"
      }
    },
    {
      "type": "Feature",
      "geometry": {
        "type": "Point",
        "coordinates": [
          -1.83253110629407,
          6.377835581382649
        ]
      },
      "properties": {
        "probability": 0.999999463558197,
        "lat": 6.377835581382649,
        "lon": -1.83253110629407,
        "region": "Obuasi",
        "detected_at": "2026-03-02T06:20:50.827488",
        "model_version": "48px_v3.7_2024-01-10"
      }
    },
    {
      "type": "Feature",
      "geometry": {
        "type": "Point",
        "coordinates": [
          -1.83253110629407,
          6.375660017254867
        ]
      },
      "properties": {
        "probability": 0.9999977350234985,
        "lat": 6.375660017254867,
        "lon": -1.83253110629407,
        "region": "Obuasi",
        "detected_at": "2026-03-02T06:20:50.827593",
        "model_version": "48px_v3.7_2024-01-10"
      }
    },
    {
      "type": "Feature",
      "geometry": {
        "type": "Point",
        "coordinates": [
          -1.83253110629407,
          6.373484453127085
        ]
      },
      "properties": {
        "probability": 0.9999979138374329,
        "lat": 6.373484453127085,
        "lon": -1.83253110629407,
        "region": "Obuasi",
        "detected_at": "2026-03-02T06:20:50.827689",
        "model_version": "48px_v3.7_2024-01-10"
      }
    },
    {
      "type": "Feature",
      "geometry": {
        "type": "Point",
        "coordinates": [
          -1.83253110629407,
          6.371308888999301
        ]
      },
      "properties": {
        "probability": 0.9992819428443909,
        "lat": 6.371308888999301,
        "lon": -1.83253110629407,
        "region": "Obuasi",
        "detected_at": "2026-03-02T06:20:50.827775",
        "model_version": "48px_v3.7_2024-01-10"
      }
    },
    {
      "type": "Feature",
      "geometry": {
        "type": "Point",
        "coordinates": [
          -1.8325311062940701,
          6.364782196615951
        ]
      },
      "properties": {
        "probability": 0.8757439255714417,
        "lat": 6.364782196615951,
        "lon": -1.8325311062940701,
        "region": "Obuasi",
        "detected_at": "2026-03-02T06:20:50.827892",
        "model_version": "48px_v3.7_2024-01-10"
      }
    },
    {
      "type": "Feature",
      "geometry": {
        "type": "Point",
        "coordinates": [
          -1.8325311062940701,
          6.362606632488171
        ]
      },
      "properties": {
        "probability": 0.9720755219459534,
        "lat": 6.362606632488171,
        "lon": -1.8325311062940701,
        "region": "Obuasi",
        "detected_at": "2026-03-02T06:20:50.827985",
        "model_version": "48px_v3.7_2024-01-10"
      }
    },
    {
      "type": "Feature",
      "geometry": {
        "type": "Point",
        "coordinates": [
          -1.83253110629407,
          6.360431068360386
        ]
      },
      "properties": {
        "probability": 0.9045029878616333,
        "lat": 6.360431068360386,
        "lon": -1.83253110629407,
        "region": "Obuasi",
        "detected_at": "2026-03-02T06:20:50.828073",
        "model_version": "48px_v3.7_2024-01-10"
      }
    },
    {
      "type": "Feature",
      "geometry": {
        "type": "Point",
        "coordinates": [
          -1.83253110629407,
          6.358255504232603
        ]
      },
      "properties": {
        "probability": 0.8798680305480957,
        "lat": 6.358255504232603,
        "lon": -1.83253110629407,
        "region": "Obuasi",
        "detected_at": "2026-03-02T06:20:50.828160",
        "model_version": "48px_v3.7_2024-01-10"
      }
    },
    {
      "type": "Feature",
      "geometry": {
        "type": "Point",
        "coordinates": [
          -1.8303564496954652,
          6.386537837893781
        ]
      },
      "properties": {
        "probability": 0.9980890154838562,
        "lat": 6.386537837893781,
        "lon": -1.8303564496954652,
        "region": "Obuasi",
        "detected_at": "2026-03-02T06:20:50.828246",
        "model_version": "48px_v3.7_2024-01-10"
      }
    },
    {
      "type": "Feature",
      "geometry": {
        "type": "Point",
        "coordinates": [
          -1.830356449695465,
          6.384362273765998
        ]
      },
      "properties": {
        "probability": 0.9999926090240479,
        "lat": 6.384362273765998,
        "lon": -1.830356449695465,
        "region": "Obuasi",
        "detected_at": "2026-03-02T06:20:50.828339",
        "model_version": "48px_v3.7_2024-01-10"
      }
    },
    {
      "type": "Feature",
      "geometry": {
        "type": "Point",
        "coordinates": [
          -1.830356449695465,
          6.3821867096382165
        ]
      },
      "properties": {
        "probability": 0.9999765157699585,
        "lat": 6.3821867096382165,
        "lon": -1.830356449695465,
        "region": "Obuasi",
        "detected_at": "2026-03-02T06:20:50.828426",
        "model_version": "48px_v3.7_2024-01-10"
      }
    },
    {
      "type": "Feature",
      "geometry": {
        "type": "Point",
        "coordinates": [
          -1.8303564496954652,
          6.380011145510432
        ]
      },
      "properties": {
        "probability": 0.9999961853027344,
        "lat": 6.380011145510432,
        "lon": -1.8303564496954652,
        "region": "Obuasi",
        "detected_at": "2026-03-02T06:20:50.828519",
        "model_version": "48px_v3.7_2024-01-10"
      }
    },
    {
      "type": "Feature",
      "geometry": {
        "type": "Point",
        "coordinates": [
          -1.8303564496954652,
          6.377835581382649
        ]
      },
      "properties": {
        "probability": 0.9999966025352478,
        "lat": 6.377835581382649,
        "lon": -1.8303564496954652,
        "region": "Obuasi",
        "detected_at": "2026-03-02T06:20:50.828605",
        "model_version": "48px_v3.7_2024-01-10"
      }
    },
    {
      "type": "Feature",
      "geometry": {
        "type": "Point",
        "coordinates": [
          -1.8303564496954652,
          6.375660017254867
        ]
      },
      "properties": {
        "probability": 0.9910228848457336,
        "lat": 6.375660017254867,
        "lon": -1.8303564496954652,
        "region": "Obuasi",
        "detected_at": "2026-03-02T06:20:50.828698",
        "model_version": "48px_v3.7_2024-01-10"
      }
    },
    {
      "type": "Feature",
      "geometry": {
        "type": "Point",
        "coordinates": [
          -1.8303564496954652,
          6.373484453127085
        ]
      },
      "properties": {
        "probability": 0.9989827871322632,
        "lat": 6.373484453127085,
        "lon": -1.8303564496954652,
        "region": "Obuasi",
        "detected_at": "2026-03-02T06:20:50.828785",
        "model_version": "48px_v3.7_2024-01-10"
      }
    },
    {
      "type": "Feature",
      "geometry": {
        "type": "Point",
        "coordinates": [
          -1.8303564496954652,
          6.371308888999301
        ]
      },
      "properties": {
        "probability": 0.9998741745948792,
        "lat": 6.371308888999301,
        "lon": -1.8303564496954652,
        "region": "Obuasi",
        "detected_at": "2026-03-02T06:20:50.828890",
        "model_version": "48px_v3.7_2024-01-10"
      }
    },
    {
      "type": "Feature",
      "geometry": {
        "type": "Point",
        "coordinates": [
          -1.8303564496954652,
          6.369133324871518
        ]
      },
      "properties": {
        "probability": 0.9990381002426147,
        "lat": 6.369133324871518,
        "lon": -1.8303564496954652,
        "region": "Obuasi",
        "detected_at": "2026-03-02T06:20:50.828980",
        "model_version": "48px_v3.7_2024-01-10"
      }
    },
    {
      "type": "Feature",
      "geometry": {
        "type": "Point",
        "coordinates": [
          -1.8303564496954652,
          6.366957760743735
        ]
      },
      "properties": {
        "probability": 0.9899522066116333,
        "lat": 6.366957760743735,
        "lon": -1.8303564496954652,
        "region": "Obuasi",
        "detected_at": "2026-03-02T06:20:50.829074",
        "model_version": "48px_v3.7_2024-01-10"
      }
    },
    {
      "type": "Feature",
      "geometry": {
        "type": "Point",
        "coordinates": [
          -1.830356449695465,
          6.364782196615951
        ]
      },
      "properties": {
        "probability": 0.996199905872345,
        "lat": 6.364782196615951,
        "lon": -1.830356449695465,
        "region": "Obuasi",
        "detected_at": "2026-03-02T06:20:50.829168",
        "model_version": "48px_v3.7_2024-01-10"
      }
    },
    {
      "type": "Feature",
      "geometry": {
        "type": "Point",
        "coordinates": [
          -1.82818179309686,
          6.395240094404913
        ]
      },
      "properties": {
        "probability": 0.9013121724128723,
        "lat": 6.395240094404913,
        "lon": -1.82818179309686,
        "region": "Obuasi",
        "detected_at": "2026-03-02T06:20:50.829256",
        "model_version": "48px_v3.7_2024-01-10"
      }
    },
    {
      "type": "Feature",
      "geometry": {
        "type": "Point",
        "coordinates": [
          -1.82818179309686,
          6.39306453027713
        ]
      },
      "properties": {
        "probability": 0.9877942800521851,
        "lat": 6.39306453027713,
        "lon": -1.82818179309686,
        "region": "Obuasi",
        "detected_at": "2026-03-02T06:20:50.829349",
        "model_version": "48px_v3.7_2024-01-10"
      }
    },
    {
      "type": "Feature",
      "geometry": {
        "type": "Point",
        "coordinates": [
          -1.82818179309686,
          6.390888966149347
        ]
      },
      "properties": {
        "probability": 0.9916495680809021,
        "lat": 6.390888966149347,
        "lon": -1.82818179309686,
        "region": "Obuasi",
        "detected_at": "2026-03-02T06:20:50.829436",
        "model_version": "48px_v3.7_2024-01-10"
      }
    },
    {
      "type": "Feature",
      "geometry": {
        "type": "Point",
        "coordinates": [
          -1.82818179309686,
          6.388713402021563
        ]
      },
      "properties": {
        "probability": 0.9877709150314331,
        "lat": 6.388713402021563,
        "lon": -1.82818179309686,
        "region": "Obuasi",
        "detected_at": "2026-03-02T06:20:50.829521",
        "model_version": "48px_v3.7_2024-01-10"
      }
    },
    {
      "type": "Feature",
      "geometry": {
        "type": "Point",
        "coordinates": [
          -1.82818179309686,
          6.386537837893781
        ]
      },
      "properties": {
        "probability": 0.9785872101783752,
        "lat": 6.386537837893781,
        "lon": -1.82818179309686,
        "region": "Obuasi",
        "detected_at": "2026-03-02T06:20:50.829608",
        "model_version": "48px_v3.7_2024-01-10"
      }
    },
    {
      "type": "Feature",
      "geometry": {
        "type": "Point",
        "coordinates": [
          -1.82818179309686,
          6.384362273765998
        ]
      },
      "properties": {
        "probability": 0.9829550385475159,
        "lat": 6.384362273765998,
        "lon": -1.82818179309686,
        "region": "Obuasi",
        "detected_at": "2026-03-02T06:20:50.829694",
        "model_version": "48px_v3.7_2024-01-10"
      }
    },
    {
      "type": "Feature",
      "geometry": {
        "type": "Point",
        "coordinates": [
          -1.82818179309686,
          6.3821867096382165
        ]
      },
      "properties": {
        "probability": 0.846684992313385,
        "lat": 6.3821867096382165,
        "lon": -1.82818179309686,
        "region": "Obuasi",
        "detected_at": "2026-03-02T06:20:50.829787",
        "model_version": "48px_v3.7_2024-01-10"
      }
    },
    {
      "type": "Feature",
      "geometry": {
        "type": "Point",
        "coordinates": [
          -1.82818179309686,
          6.380011145510432
        ]
      },
      "properties": {
        "probability": 0.9998658895492554,
        "lat": 6.380011145510432,
        "lon": -1.82818179309686,
        "region": "Obuasi",
        "detected_at": "2026-03-02T06:20:50.829895",
        "model_version": "48px_v3.7_2024-01-10"
      }
    },
    {
      "type": "Feature",
      "geometry": {
        "type": "Point",
        "coordinates": [
          -1.82818179309686,
          6.377835581382649
        ]
      },
      "properties": {
        "probability": 0.9999995231628418,
        "lat": 6.377835581382649,
        "lon": -1.82818179309686,
        "region": "Obuasi",
        "detected_at": "2026-03-02T06:20:50.829985",
        "model_version": "48px_v3.7_2024-01-10"
      }
    },
    {
      "type": "Feature",
      "geometry": {
        "type": "Point",
        "coordinates": [
          -1.82818179309686,
          6.375660017254867
        ]
      },
      "properties": {
        "probability": 0.9984210729598999,
        "lat": 6.375660017254867,
        "lon": -1.82818179309686,
        "region": "Obuasi",
        "detected_at": "2026-03-02T06:20:50.830071",
        "model_version": "48px_v3.7_2024-01-10"
      }
    },
    {
      "type": "Feature",
      "geometry": {
        "type": "Point",
        "coordinates": [
          -1.82818179309686,
          6.373484453127085
        ]
      },
      "properties": {
        "probability": 0.9249608516693115,
        "lat": 6.373484453127085,
        "lon": -1.82818179309686,
        "region": "Obuasi",
        "detected_at": "2026-03-02T06:20:50.830158",
        "model_version": "48px_v3.7_2024-01-10"
      }
    },
    {
      "type": "Feature",
      "geometry": {
        "type": "Point",
        "coordinates": [
          -1.82818179309686,
          6.371308888999301
        ]
      },
      "properties": {
        "probability": 0.9997338056564331,
        "lat": 6.371308888999301,
        "lon": -1.82818179309686,
        "region": "Obuasi",
        "detected_at": "2026-03-02T06:20:50.830246",
        "model_version": "48px_v3.7_2024-01-10"
      }
    },
    {
      "type": "Feature",
      "geometry": {
        "type": "Point",
        "coordinates": [
          -1.82818179309686,
          6.369133324871518
        ]
      },
      "properties": {
        "probability": 0.9987619519233704,
        "lat": 6.369133324871518,
        "lon": -1.82818179309686,
        "region": "Obuasi",
        "detected_at": "2026-03-02T06:20:50.830340",
        "model_version": "48px_v3.7_2024-01-10"
      }
    },
    {
      "type": "Feature",
      "geometry": {
        "type": "Point",
        "coordinates": [
          -1.82818179309686,
          6.366957760743735
        ]
      },
      "properties": {
        "probability": 0.9725861549377441,
        "lat": 6.366957760743735,
        "lon": -1.82818179309686,
        "region": "Obuasi",
        "detected_at": "2026-03-02T06:20:50.830427",
        "model_version": "48px_v3.7_2024-01-10"
      }
    },
    {
      "type": "Feature",
      "geometry": {
        "type": "Point",
        "coordinates": [
          -1.82818179309686,
          6.364782196615951
        ]
      },
      "properties": {
        "probability": 0.8887231349945068,
        "lat": 6.364782196615951,
        "lon": -1.82818179309686,
        "region": "Obuasi",
        "detected_at": "2026-03-02T06:20:50.830513",
        "model_version": "48px_v3.7_2024-01-10"
      }
    },
    {
      "type": "Feature",
      "geometry": {
        "type": "Point",
        "coordinates": [
          -1.826007136498255,
          6.395240094404913
        ]
      },
      "properties": {
        "probability": 0.9999039173126221,
        "lat": 6.395240094404913,
        "lon": -1.826007136498255,
        "region": "Obuasi",
        "detected_at": "2026-03-02T06:20:50.830599",
        "model_version": "48px_v3.7_2024-01-10"
      }
    },
    {
      "type": "Feature",
      "geometry": {
        "type": "Point",
        "coordinates": [
          -1.826007136498255,
          6.39306453027713
        ]
      },
      "properties": {
        "probability": 0.9999995827674866,
        "lat": 6.39306453027713,
        "lon": -1.826007136498255,
        "region": "Obuasi",
        "detected_at": "2026-03-02T06:20:50.830686",
        "model_version": "48px_v3.7_2024-01-10"
      }
    },
    {
      "type": "Feature",
      "geometry": {
        "type": "Point",
        "coordinates": [
          -1.826007136498255,
          6.390888966149347
        ]
      },
      "properties": {
        "probability": 0.999983012676239,
        "lat": 6.390888966149347,
        "lon": -1.826007136498255,
        "region": "Obuasi",
        "detected_at": "2026-03-02T06:20:50.830780",
        "model_version": "48px_v3.7_2024-01-10"
      }
    },
    {
      "type": "Feature",
      "geometry": {
        "type": "Point",
        "coordinates": [
          -1.826007136498255,
          6.380011145510432
        ]
      },
      "properties": {
        "probability": 0.8799638748168945,
        "lat": 6.380011145510432,
        "lon": -1.826007136498255,
        "region": "Obuasi",
        "detected_at": "2026-03-02T06:20:50.830887",
        "model_version": "48px_v3.7_2024-01-10"
      }
    },
    {
      "type": "Feature",
      "geometry": {
        "type": "Point",
        "coordinates": [
          -1.826007136498255,
          6.377835581382649
        ]
      },
      "properties": {
        "probability": 0.9998227953910828,
        "lat": 6.377835581382649,
        "lon": -1.826007136498255,
        "region": "Obuasi",
        "detected_at": "2026-03-02T06:20:50.830980",
        "model_version": "48px_v3.7_2024-01-10"
      }
    },
    {
      "type": "Feature",
      "geometry": {
        "type": "Point",
        "coordinates": [
          -1.826007136498255,
          6.375660017254867
        ]
      },
      "properties": {
        "probability": 0.9935583472251892,
        "lat": 6.375660017254867,
        "lon": -1.826007136498255,
        "region": "Obuasi",
        "detected_at": "2026-03-02T06:20:50.831067",
        "model_version": "48px_v3.7_2024-01-10"
      }
    },
    {
      "type": "Feature",
      "geometry": {
        "type": "Point",
        "coordinates": [
          -1.826007136498255,
          6.371308888999301
        ]
      },
      "properties": {
        "probability": 0.8604984283447266,
        "lat": 6.371308888999301,
        "lon": -1.826007136498255,
        "region": "Obuasi",
        "detected_at": "2026-03-02T06:20:50.831153",
        "model_version": "48px_v3.7_2024-01-10"
      }
    },
    {
      "type": "Feature",
      "geometry": {
        "type": "Point",
        "coordinates": [
          -1.826007136498255,
          6.369133324871518
        ]
      },
      "properties": {
        "probability": 0.802483320236206,
        "lat": 6.369133324871518,
        "lon": -1.826007136498255,
        "region": "Obuasi",
        "detected_at": "2026-03-02T06:20:50.831248",
        "model_version": "48px_v3.7_2024-01-10"
      }
    },
    {
      "type": "Feature",
      "geometry": {
        "type": "Point",
        "coordinates": [
          -1.82383247989965,
          6.397415658532696
        ]
      },
      "properties": {
        "probability": 0.8623402118682861,
        "lat": 6.397415658532696,
        "lon": -1.82383247989965,
        "region": "Obuasi",
        "detected_at": "2026-03-02T06:20:50.831336",
        "model_version": "48px_v3.7_2024-01-10"
      }
    },
    {
      "type": "Feature",
      "geometry": {
        "type": "Point",
        "coordinates": [
          -1.82383247989965,
          6.395240094404913
        ]
      },
      "properties": {
        "probability": 0.9748057126998901,
        "lat": 6.395240094404913,
        "lon": -1.82383247989965,
        "region": "Obuasi",
        "detected_at": "2026-03-02T06:20:50.831430",
        "model_version": "48px_v3.7_2024-01-10"
      }
    },
    {
      "type": "Feature",
      "geometry": {
        "type": "Point",
        "coordinates": [
          -1.82383247989965,
          6.39306453027713
        ]
      },
      "properties": {
        "probability": 0.9907711744308472,
        "lat": 6.39306453027713,
        "lon": -1.82383247989965,
        "region": "Obuasi",
        "detected_at": "2026-03-02T06:20:50.831516",
        "model_version": "48px_v3.7_2024-01-10"
      }
    },
    {
      "type": "Feature",
      "geometry": {
        "type": "Point",
        "coordinates": [
          -1.82383247989965,
          6.390888966149347
        ]
      },
      "properties": {
        "probability": 0.9980639815330505,
        "lat": 6.390888966149347,
        "lon": -1.82383247989965,
        "region": "Obuasi",
        "detected_at": "2026-03-02T06:20:50.831610",
        "model_version": "48px_v3.7_2024-01-10"
      }
    },
    {
      "type": "Feature",
      "geometry": {
        "type": "Point",
        "coordinates": [
          -1.8216578233010452,
          6.399591222660477
        ]
      },
      "properties": {
        "probability": 0.8744181990623474,
        "lat": 6.399591222660477,
        "lon": -1.8216578233010452,
        "region": "Obuasi",
        "detected_at": "2026-03-02T06:20:50.831698",
        "model_version": "48px_v3.7_2024-01-10"
      }
    },
    {
      "type": "Feature",
      "geometry": {
        "type": "Point",
        "coordinates": [
          -1.8216578233010452,
          6.397415658532696
        ]
      },
      "properties": {
        "probability": 0.9305693507194519,
        "lat": 6.397415658532696,
        "lon": -1.8216578233010452,
        "region": "Obuasi",
        "detected_at": "2026-03-02T06:20:50.831783",
        "model_version": "48px_v3.7_2024-01-10"
      }
    },
    {
      "type": "Feature",
      "geometry": {
        "type": "Point",
        "coordinates": [
          -1.8216578233010454,
          6.395240094404913
        ]
      },
      "properties": {
        "probability": 0.8723262548446655,
        "lat": 6.395240094404913,
        "lon": -1.8216578233010454,
        "region": "Obuasi",
        "detected_at": "2026-03-02T06:20:50.831890",
        "model_version": "48px_v3.7_2024-01-10"
      }
    },
    {
      "type": "Feature",
      "geometry": {
        "type": "Point",
        "coordinates": [
          -1.8216578233010454,
          6.388713402021563
        ]
      },
      "properties": {
        "probability": 0.9954828023910522,
        "lat": 6.388713402021563,
        "lon": -1.8216578233010454,
        "region": "Obuasi",
        "detected_at": "2026-03-02T06:20:50.831980",
        "model_version": "48px_v3.7_2024-01-10"
      }
    },
    {
      "type": "Feature",
      "geometry": {
        "type": "Point",
        "coordinates": [
          -1.8216578233010454,
          6.386537837893781
        ]
      },
      "properties": {
        "probability": 0.9108850359916687,
        "lat": 6.386537837893781,
        "lon": -1.8216578233010454,
        "region": "Obuasi",
        "detected_at": "2026-03-02T06:20:50.832074",
        "model_version": "48px_v3.7_2024-01-10"
      }
    },
    {
      "type": "Feature",
      "geometry": {
        "type": "Point",
        "coordinates": [
          -1.8194831667024405,
          6.399591222660477
        ]
      },
      "properties": {
        "probability": 0.9041983485221863,
        "lat": 6.399591222660477,
        "lon": -1.8194831667024405,
        "region": "Obuasi",
        "detected_at": "2026-03-02T06:20:50.832161",
        "model_version": "48px_v3.7_2024-01-10"
      }
    },
    {
      "type": "Feature",
      "geometry": {
        "type": "Point",
        "coordinates": [
          -1.817308510103835,
          6.4061179150438265
        ]
      },
      "properties": {
        "probability": 0.9448553919792175,
        "lat": 6.4061179150438265,
        "lon": -1.817308510103835,
        "region": "Obuasi",
        "detected_at": "2026-03-02T06:20:50.832255",
        "model_version": "48px_v3.7_2024-01-10"
      }
    },
    {
      "type": "Feature",
      "geometry": {
        "type": "Point",
        "coordinates": [
          -1.817308510103835,
          6.369133324871518
        ]
      },
      "properties": {
        "probability": 0.8715998530387878,
        "lat": 6.369133324871518,
        "lon": -1.817308510103835,
        "region": "Obuasi",
        "detected_at": "2026-03-02T06:20:50.832343",
        "model_version": "48px_v3.7_2024-01-10"
      }
    },
    {
      "type": "Feature",
      "geometry": {
        "type": "Point",
        "coordinates": [
          -1.8151338535052302,
          6.4061179150438265
        ]
      },
      "properties": {
        "probability": 0.9774993062019348,
        "lat": 6.4061179150438265,
        "lon": -1.8151338535052302,
        "region": "Obuasi",
        "detected_at": "2026-03-02T06:20:50.832429",
        "model_version": "48px_v3.7_2024-01-10"
      }
    },
    {
      "type": "Feature",
      "geometry": {
        "type": "Point",
        "coordinates": [
          -1.8151338535052302,
          6.4039423509160445
        ]
      },
      "properties": {
        "probability": 0.8335521221160889,
        "lat": 6.4039423509160445,
        "lon": -1.8151338535052302,
        "region": "Obuasi",
        "detected_at": "2026-03-02T06:20:50.832515",
        "model_version": "48px_v3.7_2024-01-10"
      }
    },
    {
      "type": "Feature",
      "geometry": {
        "type": "Point",
        "coordinates": [
          -1.8151338535052302,
          6.369133324871518
        ]
      },
      "properties": {
        "probability": 0.937898576259613,
        "lat": 6.369133324871518,
        "lon": -1.8151338535052302,
        "region": "Obuasi",
        "detected_at": "2026-03-02T06:20:50.832602",
        "model_version": "48px_v3.7_2024-01-10"
      }
    }
  ],
  "metadata": {
    "generated_at": "2026-03-02T06:20:50.833457",
    "model_version": "48px_v3.7_2024-01-10",
    "threshold": 0.8,
    "regions": [
      "ghana_tarkwa",
      "ghana_obuasi"
    ],
    "total_detections": 1601,
    "high_confidence": 1195,
    "medium_confidence": 406
  }
}