{
  "type": "FeatureCollection",
  "features": [
    {
      "type": "Feature",
      "geometry": {
        "type": "Point",
        "coordinates": [
          -1.830928510888995,
          5.05160149043666
        ]
      },
      "properties": {
        "probability": 0.9447653293609619,
        "lat": 5.05160149043666,
        "lon": -1.830928510888995,
        "region": "Tarkwa-Nsuaem",
        "detected_at": "2026-03-09T06:21:29.118270",
        "model_version": "48px_v3.7_2024-01-10"
      }
    },
    {
      "type": "Feature",
      "geometry": {
        "type": "Point",
        "coordinates": [
          -1.830928510888995,
          5.040728416348183
        ]
      },
      "properties": {
        "probability": 0.8959468603134155,
        "lat": 5.040728416348183,
        "lon": -1.830928510888995,
        "region": "Tarkwa-Nsuaem",
        "detected_at": "2026-03-09T06:21:29.118391",
        "model_version": "48px_v3.7_2024-01-10"
      }
    },
    {
      "type": "Feature",
      "geometry": {
        "type": "Point",
        "coordinates": [
          -1.8287599989277736,
          5.051601490436661
        ]
      },
      "properties": {
        "probability": 0.8709324598312378,
        "lat": 5.051601490436661,
        "lon": -1.8287599989277736,
        "region": "Tarkwa-Nsuaem",
        "detected_at": "2026-03-09T06:21:29.118504",
        "model_version": "48px_v3.7_2024-01-10"
      }
    },
    {
      "type": "Feature",
      "geometry": {
        "type": "Point",
        "coordinates": [
          -1.8287599989277736,
          5.040728416348184
        ]
      },
      "properties": {
        "probability": 0.8689484596252441,
        "lat": 5.040728416348184,
        "lon": -1.8287599989277736,
        "region": "Tarkwa-Nsuaem",
        "detected_at": "2026-03-09T06:21:29.118611",
        "model_version": "48px_v3.7_2024-01-10"
      }
    },
    {
      "type": "Feature",
      "geometry": {
        "type": "Point",
        "coordinates": [
          -1.8200859510828866,
          5.005934579265059
        ]
      },
      "properties": {
        "probability": 0.9957146048545837,
        "lat": 5.005934579265059,
        "lon": -1.8200859510828866,
        "region": "Tarkwa-Nsuaem",
        "detected_at": "2026-03-09T06:21:29.118716",
        "model_version": "48px_v3.7_2024-01-10"
      }
    },
    {
      "type": "Feature",
      "geometry": {
        "type": "Point",
        "coordinates": [
          -1.7140151470239504,
          5.003562502629684
        ]
      },
      "properties": {
        "probability": 0.9043402671813965,
        "lat": 5.003562502629684,
        "lon": -1.7140151470239504,
        "region": "Tarkwa-Nsuaem",
        "detected_at": "2026-03-09T06:21:29.118817",
        "model_version": "48px_v3.7_2024-01-10"
      }
    },
    {
      "type": "Feature",
      "geometry": {
        "type": "Point",
        "coordinates": [
          -1.7118463760849245,
          5.003562502629684
        ]
      },
      "properties": {
        "probability": 0.8107736706733704,
        "lat": 5.003562502629684,
        "lon": -1.7118463760849245,
        "region": "Tarkwa-Nsuaem",
        "detected_at": "2026-03-09T06:21:29.118915",
        "model_version": "48px_v3.7_2024-01-10"
      }
    },
    {
      "type": "Feature",
      "geometry": {
        "type": "Point",
        "coordinates": [
          -1.9521791149273233,
          5.045253550502649
        ]
      },
      "properties": {
        "probability": 0.814521849155426,
        "lat": 5.045253550502649,
        "lon": -1.9521791149273233,
        "region": "Tarkwa-Nsuaem",
        "detected_at": "2026-03-09T06:21:29.119042",
        "model_version": "48px_v3.7_2024-01-10"
      }
    },
    {
      "type": "Feature",
      "geometry": {
        "type": "Point",
        "coordinates": [
          -1.9521791149273233,
          5.043079203295995
        ]
      },
      "properties": {
        "probability": 0.9962587356567383,
        "lat": 5.043079203295995,
        "lon": -1.9521791149273233,
        "region": "Tarkwa-Nsuaem",
        "detected_at": "2026-03-09T06:21:29.119148",
        "model_version": "48px_v3.7_2024-01-10"
      }
    },
    {
      "type": "Feature",
      "geometry": {
        "type": "Point",
        "coordinates": [
          -1.9521791149273233,
          5.040904856089341
        ]
      },
      "properties": {
        "probability": 0.9199554920196533,
        "lat": 5.040904856089341,
        "lon": -1.9521791149273233,
        "region": "Tarkwa-Nsuaem",
        "detected_at": "2026-03-09T06:21:29.119245",
        "model_version": "48px_v3.7_2024-01-10"
      }
    },
    {
      "type": "Feature",
      "geometry": {
        "type": "Point",
        "coordinates": [
          -1.9521791149273233,
          5.038730508882686
        ]
      },
      "properties": {
        "probability": 0.9544530510902405,
        "lat": 5.038730508882686,
        "lon": -1.9521791149273233,
        "region": "Tarkwa-Nsuaem",
        "detected_at": "2026-03-09T06:21:29.119339",
        "model_version": "48px_v3.7_2024-01-10"
      }
    },
    {
      "type": "Feature",
      "geometry": {
        "type": "Point",
        "coordinates": [
          -1.9500108692251623,
          5.051776592122612
        ]
      },
      "properties": {
        "probability": 0.9675927758216858,
        "lat": 5.051776592122612,
        "lon": -1.9500108692251623,
        "region": "Tarkwa-Nsuaem",
        "detected_at": "2026-03-09T06:21:29.119434",
        "model_version": "48px_v3.7_2024-01-10"
      }
    },
    {
      "type": "Feature",
      "geometry": {
        "type": "Point",
        "coordinates": [
          -1.9500108692251623,
          5.049602244915956
        ]
      },
      "properties": {
        "probability": 0.8968459367752075,
        "lat": 5.049602244915956,
        "lon": -1.9500108692251623,
        "region": "Tarkwa-Nsuaem",
        "detected_at": "2026-03-09T06:21:29.119529",
        "model_version": "48px_v3.7_2024-01-10"
      }
    },
    {
      "type": "Feature",
      "geometry": {
        "type": "Point",
        "coordinates": [
          -1.9500108692251623,
          5.043079203295995
        ]
      },
      "properties": {
        "probability": 0.998325765132904,
        "lat": 5.043079203295995,
        "lon": -1.9500108692251623,
        "region": "Tarkwa-Nsuaem",
        "detected_at": "2026-03-09T06:21:29.119622",
        "model_version": "48px_v3.7_2024-01-10"
      }
    },
    {
      "type": "Feature",
      "geometry": {
        "type": "Point",
        "coordinates": [
          -1.9500108692251623,
          5.040904856089341
        ]
      },
      "properties": {
        "probability": 0.9824132919311523,
        "lat": 5.040904856089341,
        "lon": -1.9500108692251623,
        "region": "Tarkwa-Nsuaem",
        "detected_at": "2026-03-09T06:21:29.119715",
        "model_version": "48px_v3.7_2024-01-10"
      }
    },
    {
      "type": "Feature",
      "geometry": {
        "type": "Point",
        "coordinates": [
          -1.9500108692251623,
          5.038730508882686
        ]
      },
      "properties": {
        "probability": 0.9946704506874084,
        "lat": 5.038730508882686,
        "lon": -1.9500108692251623,
        "region": "Tarkwa-Nsuaem",
        "detected_at": "2026-03-09T06:21:29.119808",
        "model_version": "48px_v3.7_2024-01-10"
      }
    },
    {
      "type": "Feature",
      "geometry": {
        "type": "Point",
        "coordinates": [
          -1.9500108692251623,
          5.036556161676033
        ]
      },
      "properties": {
        "probability": 0.9999495148658752,
        "lat": 5.036556161676033,
        "lon": -1.9500108692251623,
        "region": "Tarkwa-Nsuaem",
        "detected_at": "2026-03-09T06:21:29.119902",
        "model_version": "48px_v3.7_2024-01-10"
      }
    },
    {
      "type": "Feature",
      "geometry": {
        "type": "Point",
        "coordinates": [
          -1.9500108692251623,
          5.034381814469379
        ]
      },
      "properties": {
        "probability": 0.983375072479248,
        "lat": 5.034381814469379,
        "lon": -1.9500108692251623,
        "region": "Tarkwa-Nsuaem",
        "detected_at": "2026-03-09T06:21:29.120034",
        "model_version": "48px_v3.7_2024-01-10"
      }
    },
    {
      "type": "Feature",
      "geometry": {
        "type": "Point",
        "coordinates": [
          -1.9478426235230015,
          5.006115300782875
        ]
      },
      "properties": {
        "probability": 0.870618999004364,
        "lat": 5.006115300782875,
        "lon": -1.9478426235230015,
        "region": "Tarkwa-Nsuaem",
        "detected_at": "2026-03-09T06:21:29.120152",
        "model_version": "48px_v3.7_2024-01-10"
      }
    },
    {
      "type": "Feature",
      "geometry": {
        "type": "Point",
        "coordinates": [
          -1.9478426235230015,
          5.0039409535762225
        ]
      },
      "properties": {
        "probability": 0.9993538856506348,
        "lat": 5.0039409535762225,
        "lon": -1.9478426235230015,
        "region": "Tarkwa-Nsuaem",
        "detected_at": "2026-03-09T06:21:29.120251",
        "model_version": "48px_v3.7_2024-01-10"
      }
    },
    {
      "type": "Feature",
      "geometry": {
        "type": "Point",
        "coordinates": [
          -1.9456743778208412,
          5.003940953576222
        ]
      },
      "properties": {
        "probability": 0.990328848361969,
        "lat": 5.003940953576222,
        "lon": -1.9456743778208412,
        "region": "Tarkwa-Nsuaem",
        "detected_at": "2026-03-09T06:21:29.120346",
        "model_version": "48px_v3.7_2024-01-10"
      }
    },
    {
      "type": "Feature",
      "geometry": {
        "type": "Point",
        "coordinates": [
          -1.923991920799234,
          5.021335731229454
        ]
      },
      "properties": {
        "probability": 0.9778456091880798,
        "lat": 5.021335731229454,
        "lon": -1.923991920799234,
        "region": "Tarkwa-Nsuaem",
        "detected_at": "2026-03-09T06:21:29.120440",
        "model_version": "48px_v3.7_2024-01-10"
      }
    },
    {
      "type": "Feature",
      "geometry": {
        "type": "Point",
        "coordinates": [
          -1.923991920799234,
          5.0191613840228
        ]
      },
      "properties": {
        "probability": 0.9543159604072571,
        "lat": 5.0191613840228,
        "lon": -1.923991920799234,
        "region": "Tarkwa-Nsuaem",
        "detected_at": "2026-03-09T06:21:29.120532",
        "model_version": "48px_v3.7_2024-01-10"
      }
    },
    {
      "type": "Feature",
      "geometry": {
        "type": "Point",
        "coordinates": [
          -1.9239919207992338,
          5.016987036816145
        ]
      },
      "properties": {
        "probability": 0.8278515934944153,
        "lat": 5.016987036816145,
        "lon": -1.9239919207992338,
        "region": "Tarkwa-Nsuaem",
        "detected_at": "2026-03-09T06:21:29.120625",
        "model_version": "48px_v3.7_2024-01-10"
      }
    },
    {
      "type": "Feature",
      "geometry": {
        "type": "Point",
        "coordinates": [
          -1.9218236750970734,
          5.023510078436109
        ]
      },
      "properties": {
        "probability": 0.8333638906478882,
        "lat": 5.023510078436109,
        "lon": -1.9218236750970734,
        "region": "Tarkwa-Nsuaem",
        "detected_at": "2026-03-09T06:21:29.120717",
        "model_version": "48px_v3.7_2024-01-10"
      }
    },
    {
      "type": "Feature",
      "geometry": {
        "type": "Point",
        "coordinates": [
          -1.9218236750970732,
          5.0213357312294535
        ]
      },
      "properties": {
        "probability": 0.9917688965797424,
        "lat": 5.0213357312294535,
        "lon": -1.9218236750970732,
        "region": "Tarkwa-Nsuaem",
        "detected_at": "2026-03-09T06:21:29.120811",
        "model_version": "48px_v3.7_2024-01-10"
      }
    },
    {
      "type": "Feature",
      "geometry": {
        "type": "Point",
        "coordinates": [
          -1.9218236750970732,
          5.0191613840228
        ]
      },
      "properties": {
        "probability": 0.9911011457443237,
        "lat": 5.0191613840228,
        "lon": -1.9218236750970732,
        "region": "Tarkwa-Nsuaem",
        "detected_at": "2026-03-09T06:21:29.120904",
        "model_version": "48px_v3.7_2024-01-10"
      }
    },
    {
      "type": "Feature",
      "geometry": {
        "type": "Point",
        "coordinates": [
          -1.9196554293949128,
          5.032207467262724
        ]
      },
      "properties": {
        "probability": 0.9514651894569397,
        "lat": 5.032207467262724,
        "lon": -1.9196554293949128,
        "region": "Tarkwa-Nsuaem",
        "detected_at": "2026-03-09T06:21:29.121014",
        "model_version": "48px_v3.7_2024-01-10"
      }
    },
    {
      "type": "Feature",
      "geometry": {
        "type": "Point",
        "coordinates": [
          -1.9196554293949128,
          5.03003312005607
        ]
      },
      "properties": {
        "probability": 0.9402927756309509,
        "lat": 5.03003312005607,
        "lon": -1.9196554293949128,
        "region": "Tarkwa-Nsuaem",
        "detected_at": "2026-03-09T06:21:29.121112",
        "model_version": "48px_v3.7_2024-01-10"
      }
    },
    {
      "type": "Feature",
      "geometry": {
        "type": "Point",
        "coordinates": [
          -1.9174871836927516,
          5.032207467262724
        ]
      },
      "properties": {
        "probability": 0.9221049547195435,
        "lat": 5.032207467262724,
        "lon": -1.9174871836927516,
        "region": "Tarkwa-Nsuaem",
        "detected_at": "2026-03-09T06:21:29.121205",
        "model_version": "48px_v3.7_2024-01-10"
      }
    },
    {
      "type": "Feature",
      "geometry": {
        "type": "Point",
        "coordinates": [
          -1.9174871836927516,
          5.03003312005607
        ]
      },
      "properties": {
        "probability": 0.8605425357818604,
        "lat": 5.03003312005607,
        "lon": -1.9174871836927516,
        "region": "Tarkwa-Nsuaem",
        "detected_at": "2026-03-09T06:21:29.121297",
        "model_version": "48px_v3.7_2024-01-10"
      }
    },
    {
      "type": "Feature",
      "geometry": {
        "type": "Point",
        "coordinates": [
          -1.915318937990591,
          5.049602244915956
        ]
      },
      "properties": {
        "probability": 0.9898191094398499,
        "lat": 5.049602244915956,
        "lon": -1.915318937990591,
        "region": "Tarkwa-Nsuaem",
        "detected_at": "2026-03-09T06:21:29.121388",
        "model_version": "48px_v3.7_2024-01-10"
      }
    },
    {
      "type": "Feature",
      "geometry": {
        "type": "Point",
        "coordinates": [
          -1.9131506922884305,
          5.049602244915956
        ]
      },
      "properties": {
        "probability": 0.9937317967414856,
        "lat": 5.049602244915956,
        "lon": -1.9131506922884305,
        "region": "Tarkwa-Nsuaem",
        "detected_at": "2026-03-09T06:21:29.121480",
        "model_version": "48px_v3.7_2024-01-10"
      }
    },
    {
      "type": "Feature",
      "geometry": {
        "type": "Point",
        "coordinates": [
          -1.900227402161178,
          5.006027000207462
        ]
      },
      "properties": {
        "probability": 0.879476010799408,
        "lat": 5.006027000207462,
        "lon": -1.900227402161178,
        "region": "Tarkwa-Nsuaem",
        "detected_at": "2026-03-09T06:21:29.121572",
        "model_version": "48px_v3.7_2024-01-10"
      }
    },
    {
      "type": "Feature",
      "geometry": {
        "type": "Point",
        "coordinates": [
          -1.8980590224195986,
          5.006027000207462
        ]
      },
      "properties": {
        "probability": 0.8936846852302551,
        "lat": 5.006027000207462,
        "lon": -1.8980590224195986,
        "region": "Tarkwa-Nsuaem",
        "detected_at": "2026-03-09T06:21:29.121663",
        "model_version": "48px_v3.7_2024-01-10"
      }
    },
    {
      "type": "Feature",
      "geometry": {
        "type": "Point",
        "coordinates": [
          -1.8915538831948595,
          5.006027000207462
        ]
      },
      "properties": {
        "probability": 0.8095566034317017,
        "lat": 5.006027000207462,
        "lon": -1.8915538831948595,
        "region": "Tarkwa-Nsuaem",
        "detected_at": "2026-03-09T06:21:29.121754",
        "model_version": "48px_v3.7_2024-01-10"
      }
    },
    {
      "type": "Feature",
      "geometry": {
        "type": "Point",
        "coordinates": [
          -1.8915538831948595,
          5.003852518289856
        ]
      },
      "properties": {
        "probability": 0.9411532282829285,
        "lat": 5.003852518289856,
        "lon": -1.8915538831948595,
        "region": "Tarkwa-Nsuaem",
        "detected_at": "2026-03-09T06:21:29.121845",
        "model_version": "48px_v3.7_2024-01-10"
      }
    },
    {
      "type": "Feature",
      "geometry": {
        "type": "Point",
        "coordinates": [
          -1.88938550345328,
          5.003852518289856
        ]
      },
      "properties": {
        "probability": 0.93719482421875,
        "lat": 5.003852518289856,
        "lon": -1.88938550345328,
        "region": "Tarkwa-Nsuaem",
        "detected_at": "2026-03-09T06:21:29.121937",
        "model_version": "48px_v3.7_2024-01-10"
      }
    },
    {
      "type": "Feature",
      "geometry": {
        "type": "Point",
        "coordinates": [
          -1.8785436047453812,
          5.006027000207462
        ]
      },
      "properties": {
        "probability": 0.9181773662567139,
        "lat": 5.006027000207462,
        "lon": -1.8785436047453812,
        "region": "Tarkwa-Nsuaem",
        "detected_at": "2026-03-09T06:21:29.122048",
        "model_version": "48px_v3.7_2024-01-10"
      }
    },
    {
      "type": "Feature",
      "geometry": {
        "type": "Point",
        "coordinates": [
          -1.8763752250038017,
          5.008201482125068
        ]
      },
      "properties": {
        "probability": 0.8507619500160217,
        "lat": 5.008201482125068,
        "lon": -1.8763752250038017,
        "region": "Tarkwa-Nsuaem",
        "detected_at": "2026-03-09T06:21:29.122146",
        "model_version": "48px_v3.7_2024-01-10"
      }
    },
    {
      "type": "Feature",
      "geometry": {
        "type": "Point",
        "coordinates": [
          -1.8763752250038017,
          5.006027000207462
        ]
      },
      "properties": {
        "probability": 0.8688256740570068,
        "lat": 5.006027000207462,
        "lon": -1.8763752250038017,
        "region": "Tarkwa-Nsuaem",
        "detected_at": "2026-03-09T06:21:29.122237",
        "model_version": "48px_v3.7_2024-01-10"
      }
    },
    {
      "type": "Feature",
      "geometry": {
        "type": "Point",
        "coordinates": [
          -1.9542641379103998,
          5.0669118854324955
        ]
      },
      "properties": {
        "probability": 0.829227089881897,
        "lat": 5.0669118854324955,
        "lon": -1.9542641379103998,
        "region": "Tarkwa-Nsuaem",
        "detected_at": "2026-03-09T06:21:29.122329",
        "model_version": "48px_v3.7_2024-01-10"
      }
    },
    {
      "type": "Feature",
      "geometry": {
        "type": "Point",
        "coordinates": [
          -1.9542641379103998,
          5.06473750492621
        ]
      },
      "properties": {
        "probability": 0.9939422607421875,
        "lat": 5.06473750492621,
        "lon": -1.9542641379103998,
        "region": "Tarkwa-Nsuaem",
        "detected_at": "2026-03-09T06:21:29.122422",
        "model_version": "48px_v3.7_2024-01-10"
      }
    },
    {
      "type": "Feature",
      "geometry": {
        "type": "Point",
        "coordinates": [
          -1.8220649549778425,
          5.1514479211159845
        ]
      },
      "properties": {
        "probability": 0.8770412802696228,
        "lat": 5.1514479211159845,
        "lon": -1.8220649549778425,
        "region": "Tarkwa-Nsuaem",
        "detected_at": "2026-03-09T06:21:29.122514",
        "model_version": "48px_v3.7_2024-01-10"
      }
    },
    {
      "type": "Feature",
      "geometry": {
        "type": "Point",
        "coordinates": [
          -1.8220649549778425,
          5.1492732325695485
        ]
      },
      "properties": {
        "probability": 0.9545530676841736,
        "lat": 5.1492732325695485,
        "lon": -1.8220649549778425,
        "region": "Tarkwa-Nsuaem",
        "detected_at": "2026-03-09T06:21:29.122605",
        "model_version": "48px_v3.7_2024-01-10"
      }
    },
    {
      "type": "Feature",
      "geometry": {
        "type": "Point",
        "coordinates": [
          -1.809051310598678,
          5.1297010356516415
        ]
      },
      "properties": {
        "probability": 0.9022693037986755,
        "lat": 5.1297010356516415,
        "lon": -1.809051310598678,
        "region": "Tarkwa-Nsuaem",
        "detected_at": "2026-03-09T06:21:29.122696",
        "model_version": "48px_v3.7_2024-01-10"
      }
    },
    {
      "type": "Feature",
      "geometry": {
        "type": "Point",
        "coordinates": [
          -1.847998620635773,
          5.19919617080774
        ]
      },
      "properties": {
        "probability": 0.9336216449737549,
        "lat": 5.19919617080774,
        "lon": -1.847998620635773,
        "region": "Tarkwa-Nsuaem",
        "detected_at": "2026-03-09T06:21:29.122788",
        "model_version": "48px_v3.7_2024-01-10"
      }
    },
    {
      "type": "Feature",
      "geometry": {
        "type": "Point",
        "coordinates": [
          -1.8371528314014256,
          5.201370896173596
        ]
      },
      "properties": {
        "probability": 0.8534919619560242,
        "lat": 5.201370896173596,
        "lon": -1.8371528314014256,
        "region": "Tarkwa-Nsuaem",
        "detected_at": "2026-03-09T06:21:29.122878",
        "model_version": "48px_v3.7_2024-01-10"
      }
    },
    {
      "type": "Feature",
      "geometry": {
        "type": "Point",
        "coordinates": [
          -1.8500734126893976,
          5.246944185694091
        ]
      },
      "properties": {
        "probability": 0.9958817362785339,
        "lat": 5.246944185694091,
        "lon": -1.8500734126893976,
        "region": "Tarkwa-Nsuaem",
        "detected_at": "2026-03-09T06:21:29.122968",
        "model_version": "48px_v3.7_2024-01-10"
      }
    },
    {
      "type": "Feature",
      "geometry": {
        "type": "Point",
        "coordinates": [
          -1.8500734126893976,
          5.244769423538675
        ]
      },
      "properties": {
        "probability": 0.8536646366119385,
        "lat": 5.244769423538675,
        "lon": -1.8500734126893976,
        "region": "Tarkwa-Nsuaem",
        "detected_at": "2026-03-09T06:21:29.123082",
        "model_version": "48px_v3.7_2024-01-10"
      }
    },
    {
      "type": "Feature",
      "geometry": {
        "type": "Point",
        "coordinates": [
          -1.8479040359025305,
          5.246944185694091
        ]
      },
      "properties": {
        "probability": 0.9945592284202576,
        "lat": 5.246944185694091,
        "lon": -1.8479040359025305,
        "region": "Tarkwa-Nsuaem",
        "detected_at": "2026-03-09T06:21:29.123174",
        "model_version": "48px_v3.7_2024-01-10"
      }
    },
    {
      "type": "Feature",
      "geometry": {
        "type": "Point",
        "coordinates": [
          -1.8435652823287967,
          5.251293710004923
        ]
      },
      "properties": {
        "probability": 0.9914977550506592,
        "lat": 5.251293710004923,
        "lon": -1.8435652823287967,
        "region": "Tarkwa-Nsuaem",
        "detected_at": "2026-03-09T06:21:29.123266",
        "model_version": "48px_v3.7_2024-01-10"
      }
    },
    {
      "type": "Feature",
      "geometry": {
        "type": "Point",
        "coordinates": [
          -1.8435652823287967,
          5.2491189478495075
        ]
      },
      "properties": {
        "probability": 0.8513665199279785,
        "lat": 5.2491189478495075,
        "lon": -1.8435652823287967,
        "region": "Tarkwa-Nsuaem",
        "detected_at": "2026-03-09T06:21:29.123377",
        "model_version": "48px_v3.7_2024-01-10"
      }
    },
    {
      "type": "Feature",
      "geometry": {
        "type": "Point",
        "coordinates": [
          -1.832718398394462,
          5.251293710004923
        ]
      },
      "properties": {
        "probability": 0.958312451839447,
        "lat": 5.251293710004923,
        "lon": -1.832718398394462,
        "region": "Tarkwa-Nsuaem",
        "detected_at": "2026-03-09T06:21:29.123488",
        "model_version": "48px_v3.7_2024-01-10"
      }
    },
    {
      "type": "Feature",
      "geometry": {
        "type": "Point",
        "coordinates": [
          -1.8305490216075953,
          5.251293710004923
        ]
      },
      "properties": {
        "probability": 0.8158188462257385,
        "lat": 5.251293710004923,
        "lon": -1.8305490216075953,
        "region": "Tarkwa-Nsuaem",
        "detected_at": "2026-03-09T06:21:29.123581",
        "model_version": "48px_v3.7_2024-01-10"
      }
    },
    {
      "type": "Feature",
      "geometry": {
        "type": "Point",
        "coordinates": [
          -1.8088552537389264,
          5.2578179964711715
        ]
      },
      "properties": {
        "probability": 0.9985085129737854,
        "lat": 5.2578179964711715,
        "lon": -1.8088552537389264,
        "region": "Tarkwa-Nsuaem",
        "detected_at": "2026-03-09T06:21:29.123672",
        "model_version": "48px_v3.7_2024-01-10"
      }
    },
    {
      "type": "Feature",
      "geometry": {
        "type": "Point",
        "coordinates": [
          -1.8066858769520593,
          5.259992758626588
        ]
      },
      "properties": {
        "probability": 0.8178737759590149,
        "lat": 5.259992758626588,
        "lon": -1.8066858769520593,
        "region": "Tarkwa-Nsuaem",
        "detected_at": "2026-03-09T06:21:29.123763",
        "model_version": "48px_v3.7_2024-01-10"
      }
    },
    {
      "type": "Feature",
      "geometry": {
        "type": "Point",
        "coordinates": [
          -1.8066858769520593,
          5.2578179964711715
        ]
      },
      "properties": {
        "probability": 0.9994166493415833,
        "lat": 5.2578179964711715,
        "lon": -1.8066858769520593,
        "region": "Tarkwa-Nsuaem",
        "detected_at": "2026-03-09T06:21:29.123854",
        "model_version": "48px_v3.7_2024-01-10"
      }
    },
    {
      "type": "Feature",
      "geometry": {
        "type": "Point",
        "coordinates": [
          -1.8066858769520593,
          5.255643234315755
        ]
      },
      "properties": {
        "probability": 0.9500267505645752,
        "lat": 5.255643234315755,
        "lon": -1.8066858769520593,
        "region": "Tarkwa-Nsuaem",
        "detected_at": "2026-03-09T06:21:29.123944",
        "model_version": "48px_v3.7_2024-01-10"
      }
    },
    {
      "type": "Feature",
      "geometry": {
        "type": "Point",
        "coordinates": [
          -1.8024459493559977,
          5.255545280151149
        ]
      },
      "properties": {
        "probability": 0.9996641874313354,
        "lat": 5.255545280151149,
        "lon": -1.8024459493559977,
        "region": "Tarkwa-Nsuaem",
        "detected_at": "2026-03-09T06:21:29.124096",
        "model_version": "48px_v3.7_2024-01-10"
      }
    },
    {
      "type": "Feature",
      "geometry": {
        "type": "Point",
        "coordinates": [
          -1.8024459493559977,
          5.253370379748923
        ]
      },
      "properties": {
        "probability": 0.9956982731819153,
        "lat": 5.253370379748923,
        "lon": -1.8024459493559977,
        "region": "Tarkwa-Nsuaem",
        "detected_at": "2026-03-09T06:21:29.124206",
        "model_version": "48px_v3.7_2024-01-10"
      }
    },
    {
      "type": "Feature",
      "geometry": {
        "type": "Point",
        "coordinates": [
          -1.7959374063288416,
          5.2490205789444735
        ]
      },
      "properties": {
        "probability": 0.8472869992256165,
        "lat": 5.2490205789444735,
        "lon": -1.7959374063288416,
        "region": "Tarkwa-Nsuaem",
        "detected_at": "2026-03-09T06:21:29.124300",
        "model_version": "48px_v3.7_2024-01-10"
      }
    },
    {
      "type": "Feature",
      "geometry": {
        "type": "Point",
        "coordinates": [
          -1.7937678919864566,
          5.2490205789444735
        ]
      },
      "properties": {
        "probability": 0.9999440312385559,
        "lat": 5.2490205789444735,
        "lon": -1.7937678919864566,
        "region": "Tarkwa-Nsuaem",
        "detected_at": "2026-03-09T06:21:29.124391",
        "model_version": "48px_v3.7_2024-01-10"
      }
    },
    {
      "type": "Feature",
      "geometry": {
        "type": "Point",
        "coordinates": [
          -1.7937678919864566,
          5.246845678542249
        ]
      },
      "properties": {
        "probability": 0.868010401725769,
        "lat": 5.246845678542249,
        "lon": -1.7937678919864566,
        "region": "Tarkwa-Nsuaem",
        "detected_at": "2026-03-09T06:21:29.124501",
        "model_version": "48px_v3.7_2024-01-10"
      }
    },
    {
      "type": "Feature",
      "geometry": {
        "type": "Point",
        "coordinates": [
          -1.9454195515304988,
          5.197203384865823
        ]
      },
      "properties": {
        "probability": 0.8119617700576782,
        "lat": 5.197203384865823,
        "lon": -1.9454195515304988,
        "region": "Tarkwa-Nsuaem",
        "detected_at": "2026-03-09T06:21:29.124595",
        "model_version": "48px_v3.7_2024-01-10"
      }
    },
    {
      "type": "Feature",
      "geometry": {
        "type": "Point",
        "coordinates": [
          -1.9389129089889394,
          5.201552278894403
        ]
      },
      "properties": {
        "probability": 0.8442245125770569,
        "lat": 5.201552278894403,
        "lon": -1.9389129089889394,
        "region": "Tarkwa-Nsuaem",
        "detected_at": "2026-03-09T06:21:29.124686",
        "model_version": "48px_v3.7_2024-01-10"
      }
    },
    {
      "type": "Feature",
      "geometry": {
        "type": "Point",
        "coordinates": [
          -1.9389129089889394,
          5.199377831880113
        ]
      },
      "properties": {
        "probability": 0.9910227656364441,
        "lat": 5.199377831880113,
        "lon": -1.9389129089889394,
        "region": "Tarkwa-Nsuaem",
        "detected_at": "2026-03-09T06:21:29.124776",
        "model_version": "48px_v3.7_2024-01-10"
      }
    },
    {
      "type": "Feature",
      "geometry": {
        "type": "Point",
        "coordinates": [
          -1.9367440281417532,
          5.203726725908693
        ]
      },
      "properties": {
        "probability": 0.9261006712913513,
        "lat": 5.203726725908693,
        "lon": -1.9367440281417532,
        "region": "Tarkwa-Nsuaem",
        "detected_at": "2026-03-09T06:21:29.124865",
        "model_version": "48px_v3.7_2024-01-10"
      }
    },
    {
      "type": "Feature",
      "geometry": {
        "type": "Point",
        "coordinates": [
          -1.9367440281417527,
          5.201552278894403
        ]
      },
      "properties": {
        "probability": 0.9992339611053467,
        "lat": 5.201552278894403,
        "lon": -1.9367440281417527,
        "region": "Tarkwa-Nsuaem",
        "detected_at": "2026-03-09T06:21:29.124956",
        "model_version": "48px_v3.7_2024-01-10"
      }
    },
    {
      "type": "Feature",
      "geometry": {
        "type": "Point",
        "coordinates": [
          -1.9367440281417527,
          5.199377831880113
        ]
      },
      "properties": {
        "probability": 0.9808463454246521,
        "lat": 5.199377831880113,
        "lon": -1.9367440281417527,
        "region": "Tarkwa-Nsuaem",
        "detected_at": "2026-03-09T06:21:29.125100",
        "model_version": "48px_v3.7_2024-01-10"
      }
    },
    {
      "type": "Feature",
      "geometry": {
        "type": "Point",
        "coordinates": [
          -1.9345751472945665,
          5.208075619937271
        ]
      },
      "properties": {
        "probability": 0.9526531100273132,
        "lat": 5.208075619937271,
        "lon": -1.9345751472945665,
        "region": "Tarkwa-Nsuaem",
        "detected_at": "2026-03-09T06:21:29.125206",
        "model_version": "48px_v3.7_2024-01-10"
      }
    },
    {
      "type": "Feature",
      "geometry": {
        "type": "Point",
        "coordinates": [
          -1.9345751472945665,
          5.2059011729229825
        ]
      },
      "properties": {
        "probability": 0.9965545535087585,
        "lat": 5.2059011729229825,
        "lon": -1.9345751472945665,
        "region": "Tarkwa-Nsuaem",
        "detected_at": "2026-03-09T06:21:29.125301",
        "model_version": "48px_v3.7_2024-01-10"
      }
    },
    {
      "type": "Feature",
      "geometry": {
        "type": "Point",
        "coordinates": [
          -1.9345751472945665,
          5.203726725908693
        ]
      },
      "properties": {
        "probability": 0.9913192391395569,
        "lat": 5.203726725908693,
        "lon": -1.9345751472945665,
        "region": "Tarkwa-Nsuaem",
        "detected_at": "2026-03-09T06:21:29.125393",
        "model_version": "48px_v3.7_2024-01-10"
      }
    },
    {
      "type": "Feature",
      "geometry": {
        "type": "Point",
        "coordinates": [
          -1.9345751472945665,
          5.201552278894403
        ]
      },
      "properties": {
        "probability": 0.921466052532196,
        "lat": 5.201552278894403,
        "lon": -1.9345751472945665,
        "region": "Tarkwa-Nsuaem",
        "detected_at": "2026-03-09T06:21:29.125483",
        "model_version": "48px_v3.7_2024-01-10"
      }
    },
    {
      "type": "Feature",
      "geometry": {
        "type": "Point",
        "coordinates": [
          -1.9324062664473798,
          5.2059011729229825
        ]
      },
      "properties": {
        "probability": 0.9973350763320923,
        "lat": 5.2059011729229825,
        "lon": -1.9324062664473798,
        "region": "Tarkwa-Nsuaem",
        "detected_at": "2026-03-09T06:21:29.125573",
        "model_version": "48px_v3.7_2024-01-10"
      }
    },
    {
      "type": "Feature",
      "geometry": {
        "type": "Point",
        "coordinates": [
          -1.9324062664473798,
          5.203726725908693
        ]
      },
      "properties": {
        "probability": 0.9994053244590759,
        "lat": 5.203726725908693,
        "lon": -1.9324062664473798,
        "region": "Tarkwa-Nsuaem",
        "detected_at": "2026-03-09T06:21:29.125664",
        "model_version": "48px_v3.7_2024-01-10"
      }
    },
    {
      "type": "Feature",
      "geometry": {
        "type": "Point",
        "coordinates": [
          -1.9302373856001933,
          5.192854490837245
        ]
      },
      "properties": {
        "probability": 0.9184064269065857,
        "lat": 5.192854490837245,
        "lon": -1.9302373856001933,
        "region": "Tarkwa-Nsuaem",
        "detected_at": "2026-03-09T06:21:29.125755",
        "model_version": "48px_v3.7_2024-01-10"
      }
    },
    {
      "type": "Feature",
      "geometry": {
        "type": "Point",
        "coordinates": [
          -1.9215618622114479,
          5.208075619937271
        ]
      },
      "properties": {
        "probability": 0.8733458518981934,
        "lat": 5.208075619937271,
        "lon": -1.9215618622114479,
        "region": "Tarkwa-Nsuaem",
        "detected_at": "2026-03-09T06:21:29.125846",
        "model_version": "48px_v3.7_2024-01-10"
      }
    },
    {
      "type": "Feature",
      "geometry": {
        "type": "Point",
        "coordinates": [
          -1.9193929813642612,
          5.208075619937271
        ]
      },
      "properties": {
        "probability": 0.9701189398765564,
        "lat": 5.208075619937271,
        "lon": -1.9193929813642612,
        "region": "Tarkwa-Nsuaem",
        "detected_at": "2026-03-09T06:21:29.125936",
        "model_version": "48px_v3.7_2024-01-10"
      }
    },
    {
      "type": "Feature",
      "geometry": {
        "type": "Point",
        "coordinates": [
          -1.9150552196698882,
          5.2059011729229825
        ]
      },
      "properties": {
        "probability": 0.8374264240264893,
        "lat": 5.2059011729229825,
        "lon": -1.9150552196698882,
        "region": "Tarkwa-Nsuaem",
        "detected_at": "2026-03-09T06:21:29.126065",
        "model_version": "48px_v3.7_2024-01-10"
      }
    },
    {
      "type": "Feature",
      "geometry": {
        "type": "Point",
        "coordinates": [
          -1.9150552196698885,
          5.201552278894403
        ]
      },
      "properties": {
        "probability": 0.8293887972831726,
        "lat": 5.201552278894403,
        "lon": -1.9150552196698885,
        "region": "Tarkwa-Nsuaem",
        "detected_at": "2026-03-09T06:21:29.126174",
        "model_version": "48px_v3.7_2024-01-10"
      }
    },
    {
      "type": "Feature",
      "geometry": {
        "type": "Point",
        "coordinates": [
          -1.8934548874400756,
          5.1840670319092
        ]
      },
      "properties": {
        "probability": 0.9340856671333313,
        "lat": 5.1840670319092,
        "lon": -1.8934548874400756,
        "region": "Tarkwa-Nsuaem",
        "detected_at": "2026-03-09T06:21:29.126268",
        "model_version": "48px_v3.7_2024-01-10"
      }
    },
    {
      "type": "Feature",
      "geometry": {
        "type": "Point",
        "coordinates": [
          -1.8934548874400752,
          5.18189244481304
        ]
      },
      "properties": {
        "probability": 0.9980241060256958,
        "lat": 5.18189244481304,
        "lon": -1.8934548874400752,
        "region": "Tarkwa-Nsuaem",
        "detected_at": "2026-03-09T06:21:29.126361",
        "model_version": "48px_v3.7_2024-01-10"
      }
    },
    {
      "type": "Feature",
      "geometry": {
        "type": "Point",
        "coordinates": [
          -1.8912858671818353,
          5.18189244481304
        ]
      },
      "properties": {
        "probability": 0.9601076245307922,
        "lat": 5.18189244481304,
        "lon": -1.8912858671818353,
        "region": "Tarkwa-Nsuaem",
        "detected_at": "2026-03-09T06:21:29.126455",
        "model_version": "48px_v3.7_2024-01-10"
      }
    },
    {
      "type": "Feature",
      "geometry": {
        "type": "Point",
        "coordinates": [
          -1.8891168469235957,
          5.205812902870795
        ]
      },
      "properties": {
        "probability": 0.8630942106246948,
        "lat": 5.205812902870795,
        "lon": -1.8891168469235957,
        "region": "Tarkwa-Nsuaem",
        "detected_at": "2026-03-09T06:21:29.126547",
        "model_version": "48px_v3.7_2024-01-10"
      }
    },
    {
      "type": "Feature",
      "geometry": {
        "type": "Point",
        "coordinates": [
          -1.8891168469235957,
          5.2036383157746355
        ]
      },
      "properties": {
        "probability": 0.8271062970161438,
        "lat": 5.2036383157746355,
        "lon": -1.8891168469235957,
        "region": "Tarkwa-Nsuaem",
        "detected_at": "2026-03-09T06:21:29.126638",
        "model_version": "48px_v3.7_2024-01-10"
      }
    },
    {
      "type": "Feature",
      "geometry": {
        "type": "Point",
        "coordinates": [
          -1.8847788064071158,
          5.188416206101519
        ]
      },
      "properties": {
        "probability": 0.8658856749534607,
        "lat": 5.188416206101519,
        "lon": -1.8847788064071158,
        "region": "Tarkwa-Nsuaem",
        "detected_at": "2026-03-09T06:21:29.126729",
        "model_version": "48px_v3.7_2024-01-10"
      }
    },
    {
      "type": "Feature",
      "geometry": {
        "type": "Point",
        "coordinates": [
          -1.884778806407116,
          5.186241619005359
        ]
      },
      "properties": {
        "probability": 0.9980329871177673,
        "lat": 5.186241619005359,
        "lon": -1.884778806407116,
        "region": "Tarkwa-Nsuaem",
        "detected_at": "2026-03-09T06:21:29.126820",
        "model_version": "48px_v3.7_2024-01-10"
      }
    },
    {
      "type": "Feature",
      "geometry": {
        "type": "Point",
        "coordinates": [
          -1.884778806407116,
          5.1840670319092
        ]
      },
      "properties": {
        "probability": 0.9597564935684204,
        "lat": 5.1840670319092,
        "lon": -1.884778806407116,
        "region": "Tarkwa-Nsuaem",
        "detected_at": "2026-03-09T06:21:29.126910",
        "model_version": "48px_v3.7_2024-01-10"
      }
    },
    {
      "type": "Feature",
      "geometry": {
        "type": "Point",
        "coordinates": [
          -1.8826097861488762,
          5.188416206101519
        ]
      },
      "properties": {
        "probability": 0.8942098021507263,
        "lat": 5.188416206101519,
        "lon": -1.8826097861488762,
        "region": "Tarkwa-Nsuaem",
        "detected_at": "2026-03-09T06:21:29.127028",
        "model_version": "48px_v3.7_2024-01-10"
      }
    },
    {
      "type": "Feature",
      "geometry": {
        "type": "Point",
        "coordinates": [
          -1.882609786148876,
          5.186241619005359
        ]
      },
      "properties": {
        "probability": 0.9997860789299011,
        "lat": 5.186241619005359,
        "lon": -1.882609786148876,
        "region": "Tarkwa-Nsuaem",
        "detected_at": "2026-03-09T06:21:29.127140",
        "model_version": "48px_v3.7_2024-01-10"
      }
    },
    {
      "type": "Feature",
      "geometry": {
        "type": "Point",
        "coordinates": [
          -1.882609786148876,
          5.1840670319092
        ]
      },
      "properties": {
        "probability": 0.990543007850647,
        "lat": 5.1840670319092,
        "lon": -1.882609786148876,
        "region": "Tarkwa-Nsuaem",
        "detected_at": "2026-03-09T06:21:29.127233",
        "model_version": "48px_v3.7_2024-01-10"
      }
    },
    {
      "type": "Feature",
      "geometry": {
        "type": "Point",
        "coordinates": [
          -1.8804407658906364,
          5.186241619005359
        ]
      },
      "properties": {
        "probability": 0.8794898390769958,
        "lat": 5.186241619005359,
        "lon": -1.8804407658906364,
        "region": "Tarkwa-Nsuaem",
        "detected_at": "2026-03-09T06:21:29.127324",
        "model_version": "48px_v3.7_2024-01-10"
      }
    },
    {
      "type": "Feature",
      "geometry": {
        "type": "Point",
        "coordinates": [
          -1.8739337051159168,
          5.207987489966953
        ]
      },
      "properties": {
        "probability": 0.9894276261329651,
        "lat": 5.207987489966953,
        "lon": -1.8739337051159168,
        "region": "Tarkwa-Nsuaem",
        "detected_at": "2026-03-09T06:21:29.127417",
        "model_version": "48px_v3.7_2024-01-10"
      }
    },
    {
      "type": "Feature",
      "geometry": {
        "type": "Point",
        "coordinates": [
          -1.8739337051159168,
          5.201463728678476
        ]
      },
      "properties": {
        "probability": 0.8439831733703613,
        "lat": 5.201463728678476,
        "lon": -1.8739337051159168,
        "region": "Tarkwa-Nsuaem",
        "detected_at": "2026-03-09T06:21:29.127508",
        "model_version": "48px_v3.7_2024-01-10"
      }
    },
    {
      "type": "Feature",
      "geometry": {
        "type": "Point",
        "coordinates": [
          -1.871764684857677,
          5.201463728678476
        ]
      },
      "properties": {
        "probability": 0.8066281080245972,
        "lat": 5.201463728678476,
        "lon": -1.871764684857677,
        "region": "Tarkwa-Nsuaem",
        "detected_at": "2026-03-09T06:21:29.127598",
        "model_version": "48px_v3.7_2024-01-10"
      }
    },
    {
      "type": "Feature",
      "geometry": {
        "type": "Point",
        "coordinates": [
          -1.869595664599437,
          5.2036383157746355
        ]
      },
      "properties": {
        "probability": 0.8649974465370178,
        "lat": 5.2036383157746355,
        "lon": -1.869595664599437,
        "region": "Tarkwa-Nsuaem",
        "detected_at": "2026-03-09T06:21:29.127690",
        "model_version": "48px_v3.7_2024-01-10"
      }
    },
    {
      "type": "Feature",
      "geometry": {
        "type": "Point",
        "coordinates": [
          -1.8674266443411973,
          5.205812902870795
        ]
      },
      "properties": {
        "probability": 0.8481993079185486,
        "lat": 5.205812902870795,
        "lon": -1.8674266443411973,
        "region": "Tarkwa-Nsuaem",
        "detected_at": "2026-03-09T06:21:29.127780",
        "model_version": "48px_v3.7_2024-01-10"
      }
    },
    {
      "type": "Feature",
      "geometry": {
        "type": "Point",
        "coordinates": [
          -1.8674266443411975,
          5.199289141582316
        ]
      },
      "properties": {
        "probability": 0.9629049897193909,
        "lat": 5.199289141582316,
        "lon": -1.8674266443411975,
        "region": "Tarkwa-Nsuaem",
        "detected_at": "2026-03-09T06:21:29.127871",
        "model_version": "48px_v3.7_2024-01-10"
      }
    },
    {
      "type": "Feature",
      "geometry": {
        "type": "Point",
        "coordinates": [
          -1.8652576240829575,
          5.207987489966953
        ]
      },
      "properties": {
        "probability": 0.9950265288352966,
        "lat": 5.207987489966953,
        "lon": -1.8652576240829575,
        "region": "Tarkwa-Nsuaem",
        "detected_at": "2026-03-09T06:21:29.127962",
        "model_version": "48px_v3.7_2024-01-10"
      }
    },
    {
      "type": "Feature",
      "geometry": {
        "type": "Point",
        "coordinates": [
          -1.8652576240829575,
          5.205812902870795
        ]
      },
      "properties": {
        "probability": 0.992499053478241,
        "lat": 5.205812902870795,
        "lon": -1.8652576240829575,
        "region": "Tarkwa-Nsuaem",
        "detected_at": "2026-03-09T06:21:29.128086",
        "model_version": "48px_v3.7_2024-01-10"
      }
    },
    {
      "type": "Feature",
      "geometry": {
        "type": "Point",
        "coordinates": [
          -1.8630886038247174,
          5.194939967389997
        ]
      },
      "properties": {
        "probability": 0.934292197227478,
        "lat": 5.194939967389997,
        "lon": -1.8630886038247174,
        "region": "Tarkwa-Nsuaem",
        "detected_at": "2026-03-09T06:21:29.128183",
        "model_version": "48px_v3.7_2024-01-10"
      }
    },
    {
      "type": "Feature",
      "geometry": {
        "type": "Point",
        "coordinates": [
          -1.8630886038247174,
          5.192765380293837
        ]
      },
      "properties": {
        "probability": 0.8025883436203003,
        "lat": 5.192765380293837,
        "lon": -1.8630886038247174,
        "region": "Tarkwa-Nsuaem",
        "detected_at": "2026-03-09T06:21:29.128275",
        "model_version": "48px_v3.7_2024-01-10"
      }
    },
    {
      "type": "Feature",
      "geometry": {
        "type": "Point",
        "coordinates": [
          -1.8630886038247174,
          5.188416206101519
        ]
      },
      "properties": {
        "probability": 0.8196420073509216,
        "lat": 5.188416206101519,
        "lon": -1.8630886038247174,
        "region": "Tarkwa-Nsuaem",
        "detected_at": "2026-03-09T06:21:29.128366",
        "model_version": "48px_v3.7_2024-01-10"
      }
    },
    {
      "type": "Feature",
      "geometry": {
        "type": "Point",
        "coordinates": [
          -1.8609195835664778,
          5.194939967389997
        ]
      },
      "properties": {
        "probability": 0.8775538802146912,
        "lat": 5.194939967389997,
        "lon": -1.8609195835664778,
        "region": "Tarkwa-Nsuaem",
        "detected_at": "2026-03-09T06:21:29.128464",
        "model_version": "48px_v3.7_2024-01-10"
      }
    },
    {
      "type": "Feature",
      "geometry": {
        "type": "Point",
        "coordinates": [
          -1.8609195835664778,
          5.192765380293837
        ]
      },
      "properties": {
        "probability": 0.9105714559555054,
        "lat": 5.192765380293837,
        "lon": -1.8609195835664778,
        "region": "Tarkwa-Nsuaem",
        "detected_at": "2026-03-09T06:21:29.128555",
        "model_version": "48px_v3.7_2024-01-10"
      }
    },
    {
      "type": "Feature",
      "geometry": {
        "type": "Point",
        "coordinates": [
          -1.858750563308238,
          5.192765380293837
        ]
      },
      "properties": {
        "probability": 0.9370648860931396,
        "lat": 5.192765380293837,
        "lon": -1.858750563308238,
        "region": "Tarkwa-Nsuaem",
        "detected_at": "2026-03-09T06:21:29.128645",
        "model_version": "48px_v3.7_2024-01-10"
      }
    },
    {
      "type": "Feature",
      "geometry": {
        "type": "Point",
        "coordinates": [
          -1.9475019453358442,
          5.24277928040519
        ]
      },
      "properties": {
        "probability": 0.8009194731712341,
        "lat": 5.24277928040519,
        "lon": -1.9475019453358442,
        "region": "Tarkwa-Nsuaem",
        "detected_at": "2026-03-09T06:21:29.128735",
        "model_version": "48px_v3.7_2024-01-10"
      }
    },
    {
      "type": "Feature",
      "geometry": {
        "type": "Point",
        "coordinates": [
          -1.9431637529263903,
          5.253651681519218
        ]
      },
      "properties": {
        "probability": 0.8818974494934082,
        "lat": 5.253651681519218,
        "lon": -1.9431637529263903,
        "region": "Tarkwa-Nsuaem",
        "detected_at": "2026-03-09T06:21:29.128826",
        "model_version": "48px_v3.7_2024-01-10"
      }
    },
    {
      "type": "Feature",
      "geometry": {
        "type": "Point",
        "coordinates": [
          -1.9127964060602145,
          5.214511037508723
        ]
      },
      "properties": {
        "probability": 0.8260350823402405,
        "lat": 5.214511037508723,
        "lon": -1.9127964060602145,
        "region": "Tarkwa-Nsuaem",
        "detected_at": "2026-03-09T06:21:29.128917",
        "model_version": "48px_v3.7_2024-01-10"
      }
    },
    {
      "type": "Feature",
      "geometry": {
        "type": "Point",
        "coordinates": [
          -1.9106273098554873,
          5.214511037508723
        ]
      },
      "properties": {
        "probability": 0.9999608397483826,
        "lat": 5.214511037508723,
        "lon": -1.9106273098554873,
        "region": "Tarkwa-Nsuaem",
        "detected_at": "2026-03-09T06:21:29.129035",
        "model_version": "48px_v3.7_2024-01-10"
      }
    },
    {
      "type": "Feature",
      "geometry": {
        "type": "Point",
        "coordinates": [
          -1.9106273098554873,
          5.212336557285919
        ]
      },
      "properties": {
        "probability": 0.9933898448944092,
        "lat": 5.212336557285919,
        "lon": -1.9106273098554873,
        "region": "Tarkwa-Nsuaem",
        "detected_at": "2026-03-09T06:21:29.129132",
        "model_version": "48px_v3.7_2024-01-10"
      }
    },
    {
      "type": "Feature",
      "geometry": {
        "type": "Point",
        "coordinates": [
          -1.9063793397208713,
          5.220942908114115
        ]
      },
      "properties": {
        "probability": 0.9198793768882751,
        "lat": 5.220942908114115,
        "lon": -1.9063793397208713,
        "region": "Tarkwa-Nsuaem",
        "detected_at": "2026-03-09T06:21:29.129223",
        "model_version": "48px_v3.7_2024-01-10"
      }
    },
    {
      "type": "Feature",
      "geometry": {
        "type": "Point",
        "coordinates": [
          -1.9063793397208713,
          5.2187682860186975
        ]
      },
      "properties": {
        "probability": 0.9993792772293091,
        "lat": 5.2187682860186975,
        "lon": -1.9063793397208713,
        "region": "Tarkwa-Nsuaem",
        "detected_at": "2026-03-09T06:21:29.129315",
        "model_version": "48px_v3.7_2024-01-10"
      }
    },
    {
      "type": "Feature",
      "geometry": {
        "type": "Point",
        "coordinates": [
          -1.9063793397208713,
          5.216593663923279
        ]
      },
      "properties": {
        "probability": 0.9984145760536194,
        "lat": 5.216593663923279,
        "lon": -1.9063793397208713,
        "region": "Tarkwa-Nsuaem",
        "detected_at": "2026-03-09T06:21:29.129406",
        "model_version": "48px_v3.7_2024-01-10"
      }
    },
    {
      "type": "Feature",
      "geometry": {
        "type": "Point",
        "coordinates": [
          -1.9042101023134137,
          5.220942908114115
        ]
      },
      "properties": {
        "probability": 0.9225936532020569,
        "lat": 5.220942908114115,
        "lon": -1.9042101023134137,
        "region": "Tarkwa-Nsuaem",
        "detected_at": "2026-03-09T06:21:29.129495",
        "model_version": "48px_v3.7_2024-01-10"
      }
    },
    {
      "type": "Feature",
      "geometry": {
        "type": "Point",
        "coordinates": [
          -1.9042101023134137,
          5.2187682860186975
        ]
      },
      "properties": {
        "probability": 0.8020172119140625,
        "lat": 5.2187682860186975,
        "lon": -1.9042101023134137,
        "region": "Tarkwa-Nsuaem",
        "detected_at": "2026-03-09T06:21:29.129587",
        "model_version": "48px_v3.7_2024-01-10"
      }
    },
    {
      "type": "Feature",
      "geometry": {
        "type": "Point",
        "coordinates": [
          -1.8803484908313806,
          5.238339884877465
        ]
      },
      "properties": {
        "probability": 0.9637255072593689,
        "lat": 5.238339884877465,
        "lon": -1.8803484908313806,
        "region": "Tarkwa-Nsuaem",
        "detected_at": "2026-03-09T06:21:29.129677",
        "model_version": "48px_v3.7_2024-01-10"
      }
    },
    {
      "type": "Feature",
      "geometry": {
        "type": "Point",
        "coordinates": [
          -1.8803484908313806,
          5.2361652627820465
        ]
      },
      "properties": {
        "probability": 0.9967259168624878,
        "lat": 5.2361652627820465,
        "lon": -1.8803484908313806,
        "region": "Tarkwa-Nsuaem",
        "detected_at": "2026-03-09T06:21:29.129768",
        "model_version": "48px_v3.7_2024-01-10"
      }
    },
    {
      "type": "Feature",
      "geometry": {
        "type": "Point",
        "coordinates": [
          -1.878179253423923,
          5.240514506972883
        ]
      },
      "properties": {
        "probability": 0.9129438400268555,
        "lat": 5.240514506972883,
        "lon": -1.878179253423923,
        "region": "Tarkwa-Nsuaem",
        "detected_at": "2026-03-09T06:21:29.129858",
        "model_version": "48px_v3.7_2024-01-10"
      }
    },
    {
      "type": "Feature",
      "geometry": {
        "type": "Point",
        "coordinates": [
          -1.8781792534239228,
          5.238339884877465
        ]
      },
      "properties": {
        "probability": 0.9998860955238342,
        "lat": 5.238339884877465,
        "lon": -1.8781792534239228,
        "region": "Tarkwa-Nsuaem",
        "detected_at": "2026-03-09T06:21:29.129948",
        "model_version": "48px_v3.7_2024-01-10"
      }
    },
    {
      "type": "Feature",
      "geometry": {
        "type": "Point",
        "coordinates": [
          -1.8781792534239228,
          5.2361652627820465
        ]
      },
      "properties": {
        "probability": 0.9960541129112244,
        "lat": 5.2361652627820465,
        "lon": -1.8781792534239228,
        "region": "Tarkwa-Nsuaem",
        "detected_at": "2026-03-09T06:21:29.130059",
        "model_version": "48px_v3.7_2024-01-10"
      }
    },
    {
      "type": "Feature",
      "geometry": {
        "type": "Point",
        "coordinates": [
          -1.878179253423923,
          5.233990640686628
        ]
      },
      "properties": {
        "probability": 0.8538755178451538,
        "lat": 5.233990640686628,
        "lon": -1.878179253423923,
        "region": "Tarkwa-Nsuaem",
        "detected_at": "2026-03-09T06:21:29.130154",
        "model_version": "48px_v3.7_2024-01-10"
      }
    },
    {
      "type": "Feature",
      "geometry": {
        "type": "Point",
        "coordinates": [
          -1.8760100160164657,
          5.240514506972883
        ]
      },
      "properties": {
        "probability": 0.8436377048492432,
        "lat": 5.240514506972883,
        "lon": -1.8760100160164657,
        "region": "Tarkwa-Nsuaem",
        "detected_at": "2026-03-09T06:21:29.130246",
        "model_version": "48px_v3.7_2024-01-10"
      }
    },
    {
      "type": "Feature",
      "geometry": {
        "type": "Point",
        "coordinates": [
          -1.8695023037940928,
          5.24486375116372
        ]
      },
      "properties": {
        "probability": 0.878528356552124,
        "lat": 5.24486375116372,
        "lon": -1.8695023037940928,
        "region": "Tarkwa-Nsuaem",
        "detected_at": "2026-03-09T06:21:29.130336",
        "model_version": "48px_v3.7_2024-01-10"
      }
    },
    {
      "type": "Feature",
      "geometry": {
        "type": "Point",
        "coordinates": [
          -1.8673330663866354,
          5.24486375116372
        ]
      },
      "properties": {
        "probability": 0.9040810465812683,
        "lat": 5.24486375116372,
        "lon": -1.8673330663866354,
        "region": "Tarkwa-Nsuaem",
        "detected_at": "2026-03-09T06:21:29.130425",
        "model_version": "48px_v3.7_2024-01-10"
      }
    },
    {
      "type": "Feature",
      "geometry": {
        "type": "Point",
        "coordinates": [
          -2.017061619790975,
          5.032368407653039
        ]
      },
      "properties": {
        "probability": 0.9097483158111572,
        "lat": 5.032368407653039,
        "lon": -2.017061619790975,
        "region": "Tarkwa-Nsuaem",
        "detected_at": "2026-03-09T06:21:29.130516",
        "model_version": "48px_v3.7_2024-01-10"
      }
    },
    {
      "type": "Feature",
      "geometry": {
        "type": "Point",
        "coordinates": [
          -2.017061619790975,
          5.030194335298664
        ]
      },
      "properties": {
        "probability": 0.9951939582824707,
        "lat": 5.030194335298664,
        "lon": -2.017061619790975,
        "region": "Tarkwa-Nsuaem",
        "detected_at": "2026-03-09T06:21:29.130610",
        "model_version": "48px_v3.7_2024-01-10"
      }
    },
    {
      "type": "Feature",
      "geometry": {
        "type": "Point",
        "coordinates": [
          -2.0148936476247714,
          5.032368407653039
        ]
      },
      "properties": {
        "probability": 0.889564037322998,
        "lat": 5.032368407653039,
        "lon": -2.0148936476247714,
        "region": "Tarkwa-Nsuaem",
        "detected_at": "2026-03-09T06:21:29.130699",
        "model_version": "48px_v3.7_2024-01-10"
      }
    },
    {
      "type": "Feature",
      "geometry": {
        "type": "Point",
        "coordinates": [
          -2.0148936476247714,
          5.030194335298664
        ]
      },
      "properties": {
        "probability": 0.9941757321357727,
        "lat": 5.030194335298664,
        "lon": -2.0148936476247714,
        "region": "Tarkwa-Nsuaem",
        "detected_at": "2026-03-09T06:21:29.130790",
        "model_version": "48px_v3.7_2024-01-10"
      }
    },
    {
      "type": "Feature",
      "geometry": {
        "type": "Point",
        "coordinates": [
          -2.0148936476247714,
          5.028020262944288
        ]
      },
      "properties": {
        "probability": 0.9992930889129639,
        "lat": 5.028020262944288,
        "lon": -2.0148936476247714,
        "region": "Tarkwa-Nsuaem",
        "detected_at": "2026-03-09T06:21:29.130881",
        "model_version": "48px_v3.7_2024-01-10"
      }
    },
    {
      "type": "Feature",
      "geometry": {
        "type": "Point",
        "coordinates": [
          -2.0148936476247714,
          5.025846190589914
        ]
      },
      "properties": {
        "probability": 0.999206006526947,
        "lat": 5.025846190589914,
        "lon": -2.0148936476247714,
        "region": "Tarkwa-Nsuaem",
        "detected_at": "2026-03-09T06:21:29.130972",
        "model_version": "48px_v3.7_2024-01-10"
      }
    },
    {
      "type": "Feature",
      "geometry": {
        "type": "Point",
        "coordinates": [
          -2.0148936476247714,
          5.023672118235539
        ]
      },
      "properties": {
        "probability": 0.9858646988868713,
        "lat": 5.023672118235539,
        "lon": -2.0148936476247714,
        "region": "Tarkwa-Nsuaem",
        "detected_at": "2026-03-09T06:21:29.131082",
        "model_version": "48px_v3.7_2024-01-10"
      }
    },
    {
      "type": "Feature",
      "geometry": {
        "type": "Point",
        "coordinates": [
          -2.010636031101633,
          5.023593166112158
        ]
      },
      "properties": {
        "probability": 0.956626832485199,
        "lat": 5.023593166112158,
        "lon": -2.010636031101633,
        "region": "Tarkwa-Nsuaem",
        "detected_at": "2026-03-09T06:21:29.131174",
        "model_version": "48px_v3.7_2024-01-10"
      }
    },
    {
      "type": "Feature",
      "geometry": {
        "type": "Point",
        "coordinates": [
          -2.010636031101633,
          5.021418955426767
        ]
      },
      "properties": {
        "probability": 0.9409627318382263,
        "lat": 5.021418955426767,
        "lon": -2.010636031101633,
        "region": "Tarkwa-Nsuaem",
        "detected_at": "2026-03-09T06:21:29.131264",
        "model_version": "48px_v3.7_2024-01-10"
      }
    },
    {
      "type": "Feature",
      "geometry": {
        "type": "Point",
        "coordinates": [
          -1.9888741780384342,
          5.06047366591278
        ]
      },
      "properties": {
        "probability": 0.9437047839164734,
        "lat": 5.06047366591278,
        "lon": -1.9888741780384342,
        "region": "Tarkwa-Nsuaem",
        "detected_at": "2026-03-09T06:21:29.131355",
        "model_version": "48px_v3.7_2024-01-10"
      }
    },
    {
      "type": "Feature",
      "geometry": {
        "type": "Point",
        "coordinates": [
          -2.162161963010551,
          5.041207936668274
        ]
      },
      "properties": {
        "probability": 0.9669007658958435,
        "lat": 5.041207936668274,
        "lon": -2.162161963010551,
        "region": "Tarkwa-Nsuaem",
        "detected_at": "2026-03-09T06:21:29.131445",
        "model_version": "48px_v3.7_2024-01-10"
      }
    },
    {
      "type": "Feature",
      "geometry": {
        "type": "Point",
        "coordinates": [
          -2.149087909361114,
          5.084615415086768
        ]
      },
      "properties": {
        "probability": 0.9903749823570251,
        "lat": 5.084615415086768,
        "lon": -2.149087909361114,
        "region": "Tarkwa-Nsuaem",
        "detected_at": "2026-03-09T06:21:29.131536",
        "model_version": "48px_v3.7_2024-01-10"
      }
    },
    {
      "type": "Feature",
      "geometry": {
        "type": "Point",
        "coordinates": [
          -1.98879257977841,
          5.132142018621125
        ]
      },
      "properties": {
        "probability": 0.9134808778762817,
        "lat": 5.132142018621125,
        "lon": -1.98879257977841,
        "region": "Tarkwa-Nsuaem",
        "detected_at": "2026-03-09T06:21:29.131628",
        "model_version": "48px_v3.7_2024-01-10"
      }
    },
    {
      "type": "Feature",
      "geometry": {
        "type": "Point",
        "coordinates": [
          -1.98879257977841,
          5.129967744948165
        ]
      },
      "properties": {
        "probability": 0.9691488146781921,
        "lat": 5.129967744948165,
        "lon": -1.98879257977841,
        "region": "Tarkwa-Nsuaem",
        "detected_at": "2026-03-09T06:21:29.131719",
        "model_version": "48px_v3.7_2024-01-10"
      }
    },
    {
      "type": "Feature",
      "geometry": {
        "type": "Point",
        "coordinates": [
          -1.9866240519078247,
          5.132142018621123
        ]
      },
      "properties": {
        "probability": 0.835285484790802,
        "lat": 5.132142018621123,
        "lon": -1.9866240519078247,
        "region": "Tarkwa-Nsuaem",
        "detected_at": "2026-03-09T06:21:29.131809",
        "model_version": "48px_v3.7_2024-01-10"
      }
    },
    {
      "type": "Feature",
      "geometry": {
        "type": "Point",
        "coordinates": [
          -1.9866240519078247,
          5.129967744948165
        ]
      },
      "properties": {
        "probability": 0.8600346446037292,
        "lat": 5.129967744948165,
        "lon": -1.9866240519078247,
        "region": "Tarkwa-Nsuaem",
        "detected_at": "2026-03-09T06:21:29.131899",
        "model_version": "48px_v3.7_2024-01-10"
      }
    },
    {
      "type": "Feature",
      "geometry": {
        "type": "Point",
        "coordinates": [
          -2.0623630568669498,
          5.182149078276242
        ]
      },
      "properties": {
        "probability": 0.9930703639984131,
        "lat": 5.182149078276242,
        "lon": -2.0623630568669498,
        "region": "Tarkwa-Nsuaem",
        "detected_at": "2026-03-09T06:21:29.131988",
        "model_version": "48px_v3.7_2024-01-10"
      }
    },
    {
      "type": "Feature",
      "geometry": {
        "type": "Point",
        "coordinates": [
          -2.0623630568669498,
          5.179974916859914
        ]
      },
      "properties": {
        "probability": 0.9999011158943176,
        "lat": 5.179974916859914,
        "lon": -2.0623630568669498,
        "region": "Tarkwa-Nsuaem",
        "detected_at": "2026-03-09T06:21:29.132109",
        "model_version": "48px_v3.7_2024-01-10"
      }
    },
    {
      "type": "Feature",
      "geometry": {
        "type": "Point",
        "coordinates": [
          -2.060194460306846,
          5.179974916859914
        ]
      },
      "properties": {
        "probability": 0.9979575872421265,
        "lat": 5.179974916859914,
        "lon": -2.060194460306846,
        "region": "Tarkwa-Nsuaem",
        "detected_at": "2026-03-09T06:21:29.132219",
        "model_version": "48px_v3.7_2024-01-10"
      }
    },
    {
      "type": "Feature",
      "geometry": {
        "type": "Point",
        "coordinates": [
          -2.058102392101656,
          5.147441255434519
        ]
      },
      "properties": {
        "probability": 0.9579313397407532,
        "lat": 5.147441255434519,
        "lon": -2.058102392101656,
        "region": "Tarkwa-Nsuaem",
        "detected_at": "2026-03-09T06:21:29.132307",
        "model_version": "48px_v3.7_2024-01-10"
      }
    },
    {
      "type": "Feature",
      "geometry": {
        "type": "Point",
        "coordinates": [
          -2.058102392101656,
          5.145267123674669
        ]
      },
      "properties": {
        "probability": 0.8639800548553467,
        "lat": 5.145267123674669,
        "lon": -2.058102392101656,
        "region": "Tarkwa-Nsuaem",
        "detected_at": "2026-03-09T06:21:29.132397",
        "model_version": "48px_v3.7_2024-01-10"
      }
    },
    {
      "type": "Feature",
      "geometry": {
        "type": "Point",
        "coordinates": [
          -2.008228794078396,
          5.199462241337115
        ]
      },
      "properties": {
        "probability": 0.9206239581108093,
        "lat": 5.199462241337115,
        "lon": -2.008228794078396,
        "region": "Tarkwa-Nsuaem",
        "detected_at": "2026-03-09T06:21:29.132487",
        "model_version": "48px_v3.7_2024-01-10"
      }
    },
    {
      "type": "Feature",
      "geometry": {
        "type": "Point",
        "coordinates": [
          -1.9952163563927077,
          5.2059851566995725
        ]
      },
      "properties": {
        "probability": 0.9451183080673218,
        "lat": 5.2059851566995725,
        "lon": -1.9952163563927077,
        "region": "Tarkwa-Nsuaem",
        "detected_at": "2026-03-09T06:21:29.132576",
        "model_version": "48px_v3.7_2024-01-10"
      }
    },
    {
      "type": "Feature",
      "geometry": {
        "type": "Point",
        "coordinates": [
          -1.9930476167784263,
          5.2059851566995725
        ]
      },
      "properties": {
        "probability": 0.8499269485473633,
        "lat": 5.2059851566995725,
        "lon": -1.9930476167784263,
        "region": "Tarkwa-Nsuaem",
        "detected_at": "2026-03-09T06:21:29.132666",
        "model_version": "48px_v3.7_2024-01-10"
      }
    },
    {
      "type": "Feature",
      "geometry": {
        "type": "Point",
        "coordinates": [
          -1.977782085116502,
          5.229819095794961
        ]
      },
      "properties": {
        "probability": 0.9292146563529968,
        "lat": 5.229819095794961,
        "lon": -1.977782085116502,
        "region": "Tarkwa-Nsuaem",
        "detected_at": "2026-03-09T06:21:29.132755",
        "model_version": "48px_v3.7_2024-01-10"
      }
    },
    {
      "type": "Feature",
      "geometry": {
        "type": "Point",
        "coordinates": [
          -1.977782085116502,
          5.227644759256805
        ]
      },
      "properties": {
        "probability": 0.9412309527397156,
        "lat": 5.227644759256805,
        "lon": -1.977782085116502,
        "region": "Tarkwa-Nsuaem",
        "detected_at": "2026-03-09T06:21:29.132845",
        "model_version": "48px_v3.7_2024-01-10"
      }
    },
    {
      "type": "Feature",
      "geometry": {
        "type": "Point",
        "coordinates": [
          -1.9756131319372479,
          5.249388124638361
        ]
      },
      "properties": {
        "probability": 0.9322919845581055,
        "lat": 5.249388124638361,
        "lon": -1.9756131319372479,
        "region": "Tarkwa-Nsuaem",
        "detected_at": "2026-03-09T06:21:29.132934",
        "model_version": "48px_v3.7_2024-01-10"
      }
    },
    {
      "type": "Feature",
      "geometry": {
        "type": "Point",
        "coordinates": [
          -1.9756131319372479,
          5.247213788100205
        ]
      },
      "properties": {
        "probability": 0.8113162517547607,
        "lat": 5.247213788100205,
        "lon": -1.9756131319372479,
        "region": "Tarkwa-Nsuaem",
        "detected_at": "2026-03-09T06:21:29.133042",
        "model_version": "48px_v3.7_2024-01-10"
      }
    },
    {
      "type": "Feature",
      "geometry": {
        "type": "Point",
        "coordinates": [
          -1.9756131319372479,
          5.234167768871272
        ]
      },
      "properties": {
        "probability": 0.8853052854537964,
        "lat": 5.234167768871272,
        "lon": -1.9756131319372479,
        "region": "Tarkwa-Nsuaem",
        "detected_at": "2026-03-09T06:21:29.133138",
        "model_version": "48px_v3.7_2024-01-10"
      }
    },
    {
      "type": "Feature",
      "geometry": {
        "type": "Point",
        "coordinates": [
          -1.9756131319372479,
          5.231993432333116
        ]
      },
      "properties": {
        "probability": 0.9773941040039062,
        "lat": 5.231993432333116,
        "lon": -1.9756131319372479,
        "region": "Tarkwa-Nsuaem",
        "detected_at": "2026-03-09T06:21:29.133228",
        "model_version": "48px_v3.7_2024-01-10"
      }
    },
    {
      "type": "Feature",
      "geometry": {
        "type": "Point",
        "coordinates": [
          -1.9756131319372479,
          5.229819095794961
        ]
      },
      "properties": {
        "probability": 0.8494097590446472,
        "lat": 5.229819095794961,
        "lon": -1.9756131319372479,
        "region": "Tarkwa-Nsuaem",
        "detected_at": "2026-03-09T06:21:29.133317",
        "model_version": "48px_v3.7_2024-01-10"
      }
    },
    {
      "type": "Feature",
      "geometry": {
        "type": "Point",
        "coordinates": [
          -2.1295064062251967,
          5.156282552176897
        ]
      },
      "properties": {
        "probability": 0.9575172662734985,
        "lat": 5.156282552176897,
        "lon": -2.1295064062251967,
        "region": "Tarkwa-Nsuaem",
        "detected_at": "2026-03-09T06:21:29.133405",
        "model_version": "48px_v3.7_2024-01-10"
      }
    },
    {
      "type": "Feature",
      "geometry": {
        "type": "Point",
        "coordinates": [
          -2.127338307597416,
          5.154108709672721
        ]
      },
      "properties": {
        "probability": 0.9955489039421082,
        "lat": 5.154108709672721,
        "lon": -2.127338307597416,
        "region": "Tarkwa-Nsuaem",
        "detected_at": "2026-03-09T06:21:29.133494",
        "model_version": "48px_v3.7_2024-01-10"
      }
    },
    {
      "type": "Feature",
      "geometry": {
        "type": "Point",
        "coordinates": [
          -2.1122330110461673,
          5.1409943740365165
        ]
      },
      "properties": {
        "probability": 0.9836918711662292,
        "lat": 5.1409943740365165,
        "lon": -2.1122330110461673,
        "region": "Tarkwa-Nsuaem",
        "detected_at": "2026-03-09T06:21:29.133583",
        "model_version": "48px_v3.7_2024-01-10"
      }
    },
    {
      "type": "Feature",
      "geometry": {
        "type": "Point",
        "coordinates": [
          -2.1122330110461673,
          5.138820385999792
        ]
      },
      "properties": {
        "probability": 0.8779629468917847,
        "lat": 5.138820385999792,
        "lon": -2.1122330110461673,
        "region": "Tarkwa-Nsuaem",
        "detected_at": "2026-03-09T06:21:29.133672",
        "model_version": "48px_v3.7_2024-01-10"
      }
    },
    {
      "type": "Feature",
      "geometry": {
        "type": "Point",
        "coordinates": [
          -2.1100647675180255,
          5.140994374036517
        ]
      },
      "properties": {
        "probability": 0.8496421575546265,
        "lat": 5.140994374036517,
        "lon": -2.1100647675180255,
        "region": "Tarkwa-Nsuaem",
        "detected_at": "2026-03-09T06:21:29.133763",
        "model_version": "48px_v3.7_2024-01-10"
      }
    },
    {
      "type": "Feature",
      "geometry": {
        "type": "Point",
        "coordinates": [
          -2.097055306349176,
          5.1344724099263415
        ]
      },
      "properties": {
        "probability": 0.8034396171569824,
        "lat": 5.1344724099263415,
        "lon": -2.097055306349176,
        "region": "Tarkwa-Nsuaem",
        "detected_at": "2026-03-09T06:21:29.133853",
        "model_version": "48px_v3.7_2024-01-10"
      }
    },
    {
      "type": "Feature",
      "geometry": {
        "type": "Point",
        "coordinates": [
          -2.075372871067761,
          5.145342350109967
        ]
      },
      "properties": {
        "probability": 0.813198447227478,
        "lat": 5.145342350109967,
        "lon": -2.075372871067761,
        "region": "Tarkwa-Nsuaem",
        "detected_at": "2026-03-09T06:21:29.133941",
        "model_version": "48px_v3.7_2024-01-10"
      }
    },
    {
      "type": "Feature",
      "geometry": {
        "type": "Point",
        "coordinates": [
          -2.07320462753962,
          5.143168362073243
        ]
      },
      "properties": {
        "probability": 0.8944826722145081,
        "lat": 5.143168362073243,
        "lon": -2.07320462753962,
        "region": "Tarkwa-Nsuaem",
        "detected_at": "2026-03-09T06:21:29.134048",
        "model_version": "48px_v3.7_2024-01-10"
      }
    },
    {
      "type": "Feature",
      "geometry": {
        "type": "Point",
        "coordinates": [
          -2.07320462753962,
          5.1409943740365165
        ]
      },
      "properties": {
        "probability": 0.8889984488487244,
        "lat": 5.1409943740365165,
        "lon": -2.07320462753962,
        "region": "Tarkwa-Nsuaem",
        "detected_at": "2026-03-09T06:21:29.134171",
        "model_version": "48px_v3.7_2024-01-10"
      }
    },
    {
      "type": "Feature",
      "geometry": {
        "type": "Point",
        "coordinates": [
          -2.1510484449904084,
          5.256140082843572
        ]
      },
      "properties": {
        "probability": 0.8613698482513428,
        "lat": 5.256140082843572,
        "lon": -2.1510484449904084,
        "region": "Tarkwa-Nsuaem",
        "detected_at": "2026-03-09T06:21:29.134263",
        "model_version": "48px_v3.7_2024-01-10"
      }
    },
    {
      "type": "Feature",
      "geometry": {
        "type": "Point",
        "coordinates": [
          -2.1488799318181258,
          5.256140082843572
        ]
      },
      "properties": {
        "probability": 0.9830507040023804,
        "lat": 5.256140082843572,
        "lon": -2.1488799318181258,
        "region": "Tarkwa-Nsuaem",
        "detected_at": "2026-03-09T06:21:29.134352",
        "model_version": "48px_v3.7_2024-01-10"
      }
    },
    {
      "type": "Feature",
      "geometry": {
        "type": "Point",
        "coordinates": [
          -2.1488799318181258,
          5.253966188225666
        ]
      },
      "properties": {
        "probability": 0.8790587186813354,
        "lat": 5.253966188225666,
        "lon": -2.1488799318181258,
        "region": "Tarkwa-Nsuaem",
        "detected_at": "2026-03-09T06:21:29.134442",
        "model_version": "48px_v3.7_2024-01-10"
      }
    },
    {
      "type": "Feature",
      "geometry": {
        "type": "Point",
        "coordinates": [
          -2.1206892605784518,
          5.258313977461481
        ]
      },
      "properties": {
        "probability": 0.8857295513153076,
        "lat": 5.258313977461481,
        "lon": -2.1206892605784518,
        "region": "Tarkwa-Nsuaem",
        "detected_at": "2026-03-09T06:21:29.134532",
        "model_version": "48px_v3.7_2024-01-10"
      }
    },
    {
      "type": "Feature",
      "geometry": {
        "type": "Point",
        "coordinates": [
          -2.016741190717011,
          5.234249868403849
        ]
      },
      "properties": {
        "probability": 0.9210473895072937,
        "lat": 5.234249868403849,
        "lon": -2.016741190717011,
        "region": "Tarkwa-Nsuaem",
        "detected_at": "2026-03-09T06:21:29.134621",
        "model_version": "48px_v3.7_2024-01-10"
      }
    },
    {
      "type": "Feature",
      "geometry": {
        "type": "Point",
        "coordinates": [
          -2.096907438306701,
          5.249545963920453
        ]
      },
      "properties": {
        "probability": 0.8989481329917908,
        "lat": 5.249545963920453,
        "lon": -2.096907438306701,
        "region": "Tarkwa-Nsuaem",
        "detected_at": "2026-03-09T06:21:29.134711",
        "model_version": "48px_v3.7_2024-01-10"
      }
    },
    {
      "type": "Feature",
      "geometry": {
        "type": "Point",
        "coordinates": [
          -2.096907438306701,
          5.247371920185346
        ]
      },
      "properties": {
        "probability": 0.9974809288978577,
        "lat": 5.247371920185346,
        "lon": -2.096907438306701,
        "region": "Tarkwa-Nsuaem",
        "detected_at": "2026-03-09T06:21:29.134802",
        "model_version": "48px_v3.7_2024-01-10"
      }
    },
    {
      "type": "Feature",
      "geometry": {
        "type": "Point",
        "coordinates": [
          -2.0947387766442676,
          5.247371920185346
        ]
      },
      "properties": {
        "probability": 0.9771522879600525,
        "lat": 5.247371920185346,
        "lon": -2.0947387766442676,
        "region": "Tarkwa-Nsuaem",
        "detected_at": "2026-03-09T06:21:29.134893",
        "model_version": "48px_v3.7_2024-01-10"
      }
    },
    {
      "type": "Feature",
      "geometry": {
        "type": "Point",
        "coordinates": [
          -2.0817268066696686,
          5.2538940513906685
        ]
      },
      "properties": {
        "probability": 0.9932821393013,
        "lat": 5.2538940513906685,
        "lon": -2.0817268066696686,
        "region": "Tarkwa-Nsuaem",
        "detected_at": "2026-03-09T06:21:29.134982",
        "model_version": "48px_v3.7_2024-01-10"
      }
    },
    {
      "type": "Feature",
      "geometry": {
        "type": "Point",
        "coordinates": [
          -2.079558145007236,
          5.260416182595991
        ]
      },
      "properties": {
        "probability": 0.9652727246284485,
        "lat": 5.260416182595991,
        "lon": -2.079558145007236,
        "region": "Tarkwa-Nsuaem",
        "detected_at": "2026-03-09T06:21:29.135093",
        "model_version": "48px_v3.7_2024-01-10"
      }
    },
    {
      "type": "Feature",
      "geometry": {
        "type": "Point",
        "coordinates": [
          -2.079558145007236,
          5.258242138860884
        ]
      },
      "properties": {
        "probability": 0.9524452686309814,
        "lat": 5.258242138860884,
        "lon": -2.079558145007236,
        "region": "Tarkwa-Nsuaem",
        "detected_at": "2026-03-09T06:21:29.135185",
        "model_version": "48px_v3.7_2024-01-10"
      }
    },
    {
      "type": "Feature",
      "geometry": {
        "type": "Point",
        "coordinates": [
          -2.0795581450072356,
          5.256068095125776
        ]
      },
      "properties": {
        "probability": 0.9992910623550415,
        "lat": 5.256068095125776,
        "lon": -2.0795581450072356,
        "region": "Tarkwa-Nsuaem",
        "detected_at": "2026-03-09T06:21:29.135280",
        "model_version": "48px_v3.7_2024-01-10"
      }
    },
    {
      "type": "Feature",
      "geometry": {
        "type": "Point",
        "coordinates": [
          -2.079558145007236,
          5.2538940513906685
        ]
      },
      "properties": {
        "probability": 0.9999985098838806,
        "lat": 5.2538940513906685,
        "lon": -2.079558145007236,
        "region": "Tarkwa-Nsuaem",
        "detected_at": "2026-03-09T06:21:29.135373",
        "model_version": "48px_v3.7_2024-01-10"
      }
    },
    {
      "type": "Feature",
      "geometry": {
        "type": "Point",
        "coordinates": [
          -2.079558145007236,
          5.25172000765556
        ]
      },
      "properties": {
        "probability": 0.9117403030395508,
        "lat": 5.25172000765556,
        "lon": -2.079558145007236,
        "region": "Tarkwa-Nsuaem",
        "detected_at": "2026-03-09T06:21:29.135461",
        "model_version": "48px_v3.7_2024-01-10"
      }
    },
    {
      "type": "Feature",
      "geometry": {
        "type": "Point",
        "coordinates": [
          -2.077389483344803,
          5.26041618259599
        ]
      },
      "properties": {
        "probability": 0.9915101528167725,
        "lat": 5.26041618259599,
        "lon": -2.077389483344803,
        "region": "Tarkwa-Nsuaem",
        "detected_at": "2026-03-09T06:21:29.135550",
        "model_version": "48px_v3.7_2024-01-10"
      }
    },
    {
      "type": "Feature",
      "geometry": {
        "type": "Point",
        "coordinates": [
          -2.077389483344803,
          5.258242138860883
        ]
      },
      "properties": {
        "probability": 0.994230329990387,
        "lat": 5.258242138860883,
        "lon": -2.077389483344803,
        "region": "Tarkwa-Nsuaem",
        "detected_at": "2026-03-09T06:21:29.135640",
        "model_version": "48px_v3.7_2024-01-10"
      }
    },
    {
      "type": "Feature",
      "geometry": {
        "type": "Point",
        "coordinates": [
          -2.0773894833448026,
          5.256068095125775
        ]
      },
      "properties": {
        "probability": 0.9461502432823181,
        "lat": 5.256068095125775,
        "lon": -2.0773894833448026,
        "region": "Tarkwa-Nsuaem",
        "detected_at": "2026-03-09T06:21:29.135730",
        "model_version": "48px_v3.7_2024-01-10"
      }
    },
    {
      "type": "Feature",
      "geometry": {
        "type": "Point",
        "coordinates": [
          -2.077389483344803,
          5.2538940513906685
        ]
      },
      "properties": {
        "probability": 0.9997135996818542,
        "lat": 5.2538940513906685,
        "lon": -2.077389483344803,
        "region": "Tarkwa-Nsuaem",
        "detected_at": "2026-03-09T06:21:29.135818",
        "model_version": "48px_v3.7_2024-01-10"
      }
    },
    {
      "type": "Feature",
      "geometry": {
        "type": "Point",
        "coordinates": [
          -2.077389483344803,
          5.25172000765556
        ]
      },
      "properties": {
        "probability": 0.999121904373169,
        "lat": 5.25172000765556,
        "lon": -2.077389483344803,
        "region": "Tarkwa-Nsuaem",
        "detected_at": "2026-03-09T06:21:29.135908",
        "model_version": "48px_v3.7_2024-01-10"
      }
    },
    {
      "type": "Feature",
      "geometry": {
        "type": "Point",
        "coordinates": [
          -2.0730521600199365,
          5.25172000765556
        ]
      },
      "properties": {
        "probability": 0.945292055606842,
        "lat": 5.25172000765556,
        "lon": -2.0730521600199365,
        "region": "Tarkwa-Nsuaem",
        "detected_at": "2026-03-09T06:21:29.136015",
        "model_version": "48px_v3.7_2024-01-10"
      }
    },
    {
      "type": "Feature",
      "geometry": {
        "type": "Point",
        "coordinates": [
          -2.070883498357503,
          5.2538940513906685
        ]
      },
      "properties": {
        "probability": 0.8856076002120972,
        "lat": 5.2538940513906685,
        "lon": -2.070883498357503,
        "region": "Tarkwa-Nsuaem",
        "detected_at": "2026-03-09T06:21:29.136110",
        "model_version": "48px_v3.7_2024-01-10"
      }
    },
    {
      "type": "Feature",
      "geometry": {
        "type": "Point",
        "coordinates": [
          -2.070883498357503,
          5.25172000765556
        ]
      },
      "properties": {
        "probability": 0.999424159526825,
        "lat": 5.25172000765556,
        "lon": -2.070883498357503,
        "region": "Tarkwa-Nsuaem",
        "detected_at": "2026-03-09T06:21:29.136200",
        "model_version": "48px_v3.7_2024-01-10"
      }
    },
    {
      "type": "Feature",
      "geometry": {
        "type": "Point",
        "coordinates": [
          -2.070883498357503,
          5.249545963920453
        ]
      },
      "properties": {
        "probability": 0.8189029097557068,
        "lat": 5.249545963920453,
        "lon": -2.070883498357503,
        "region": "Tarkwa-Nsuaem",
        "detected_at": "2026-03-09T06:21:29.136290",
        "model_version": "48px_v3.7_2024-01-10"
      }
    },
    {
      "type": "Feature",
      "geometry": {
        "type": "Point",
        "coordinates": [
          -1.7893283418881984,
          5.266317987959001
        ]
      },
      "properties": {
        "probability": 0.9549077153205872,
        "lat": 5.266317987959001,
        "lon": -1.7893283418881984,
        "region": "Tarkwa-Nsuaem",
        "detected_at": "2026-03-09T06:21:29.136379",
        "model_version": "48px_v3.7_2024-01-10"
      }
    },
    {
      "type": "Feature",
      "geometry": {
        "type": "Point",
        "coordinates": [
          -1.7871586049914845,
          5.2706678658631345
        ]
      },
      "properties": {
        "probability": 0.8068587183952332,
        "lat": 5.2706678658631345,
        "lon": -1.7871586049914845,
        "region": "Tarkwa-Nsuaem",
        "detected_at": "2026-03-09T06:21:29.136468",
        "model_version": "48px_v3.7_2024-01-10"
      }
    },
    {
      "type": "Feature",
      "geometry": {
        "type": "Point",
        "coordinates": [
          -1.7871586049914845,
          5.268492926911068
        ]
      },
      "properties": {
        "probability": 0.9999455213546753,
        "lat": 5.268492926911068,
        "lon": -1.7871586049914845,
        "region": "Tarkwa-Nsuaem",
        "detected_at": "2026-03-09T06:21:29.136557",
        "model_version": "48px_v3.7_2024-01-10"
      }
    },
    {
      "type": "Feature",
      "geometry": {
        "type": "Point",
        "coordinates": [
          -1.787158604991485,
          5.266317987959001
        ]
      },
      "properties": {
        "probability": 0.9999361038208008,
        "lat": 5.266317987959001,
        "lon": -1.787158604991485,
        "region": "Tarkwa-Nsuaem",
        "detected_at": "2026-03-09T06:21:29.136647",
        "model_version": "48px_v3.7_2024-01-10"
      }
    },
    {
      "type": "Feature",
      "geometry": {
        "type": "Point",
        "coordinates": [
          -1.787158604991485,
          5.264143049006934
        ]
      },
      "properties": {
        "probability": 0.9787973165512085,
        "lat": 5.264143049006934,
        "lon": -1.787158604991485,
        "region": "Tarkwa-Nsuaem",
        "detected_at": "2026-03-09T06:21:29.136735",
        "model_version": "48px_v3.7_2024-01-10"
      }
    },
    {
      "type": "Feature",
      "geometry": {
        "type": "Point",
        "coordinates": [
          -1.7849888680947716,
          5.2706678658631345
        ]
      },
      "properties": {
        "probability": 0.82647305727005,
        "lat": 5.2706678658631345,
        "lon": -1.7849888680947716,
        "region": "Tarkwa-Nsuaem",
        "detected_at": "2026-03-09T06:21:29.136824",
        "model_version": "48px_v3.7_2024-01-10"
      }
    },
    {
      "type": "Feature",
      "geometry": {
        "type": "Point",
        "coordinates": [
          -1.7849888680947716,
          5.268492926911068
        ]
      },
      "properties": {
        "probability": 0.99947589635849,
        "lat": 5.268492926911068,
        "lon": -1.7849888680947716,
        "region": "Tarkwa-Nsuaem",
        "detected_at": "2026-03-09T06:21:29.136914",
        "model_version": "48px_v3.7_2024-01-10"
      }
    },
    {
      "type": "Feature",
      "geometry": {
        "type": "Point",
        "coordinates": [
          -1.7849888680947714,
          5.266317987959001
        ]
      },
      "properties": {
        "probability": 0.9652470350265503,
        "lat": 5.266317987959001,
        "lon": -1.7849888680947714,
        "region": "Tarkwa-Nsuaem",
        "detected_at": "2026-03-09T06:21:29.137019",
        "model_version": "48px_v3.7_2024-01-10"
      }
    },
    {
      "type": "Feature",
      "geometry": {
        "type": "Point",
        "coordinates": [
          -1.7698007098177777,
          5.290242316431733
        ]
      },
      "properties": {
        "probability": 0.9999464154243469,
        "lat": 5.290242316431733,
        "lon": -1.7698007098177777,
        "region": "Tarkwa-Nsuaem",
        "detected_at": "2026-03-09T06:21:29.137112",
        "model_version": "48px_v3.7_2024-01-10"
      }
    },
    {
      "type": "Feature",
      "geometry": {
        "type": "Point",
        "coordinates": [
          -1.7698007098177777,
          5.288067377479667
        ]
      },
      "properties": {
        "probability": 0.8171659708023071,
        "lat": 5.288067377479667,
        "lon": -1.7698007098177777,
        "region": "Tarkwa-Nsuaem",
        "detected_at": "2026-03-09T06:21:29.137203",
        "model_version": "48px_v3.7_2024-01-10"
      }
    },
    {
      "type": "Feature",
      "geometry": {
        "type": "Point",
        "coordinates": [
          -1.7698007098177777,
          5.283717499575533
        ]
      },
      "properties": {
        "probability": 0.936629056930542,
        "lat": 5.283717499575533,
        "lon": -1.7698007098177777,
        "region": "Tarkwa-Nsuaem",
        "detected_at": "2026-03-09T06:21:29.137292",
        "model_version": "48px_v3.7_2024-01-10"
      }
    },
    {
      "type": "Feature",
      "geometry": {
        "type": "Point",
        "coordinates": [
          -1.7698007098177773,
          5.281542560623468
        ]
      },
      "properties": {
        "probability": 0.9793431758880615,
        "lat": 5.281542560623468,
        "lon": -1.7698007098177773,
        "region": "Tarkwa-Nsuaem",
        "detected_at": "2026-03-09T06:21:29.137380",
        "model_version": "48px_v3.7_2024-01-10"
      }
    },
    {
      "type": "Feature",
      "geometry": {
        "type": "Point",
        "coordinates": [
          -2.1143293627732715,
          5.167007977839389
        ]
      },
      "properties": {
        "probability": 0.9260324835777283,
        "lat": 5.167007977839389,
        "lon": -2.1143293627732715,
        "region": "Tarkwa-Nsuaem",
        "detected_at": "2026-03-09T06:21:29.137469",
        "model_version": "48px_v3.7_2024-01-10"
      }
    },
    {
      "type": "Feature",
      "geometry": {
        "type": "Point",
        "coordinates": [
          -2.1034871043470673,
          5.164833961937983
        ]
      },
      "properties": {
        "probability": 0.8408313989639282,
        "lat": 5.164833961937983,
        "lon": -2.1034871043470673,
        "region": "Tarkwa-Nsuaem",
        "detected_at": "2026-03-09T06:21:29.137557",
        "model_version": "48px_v3.7_2024-01-10"
      }
    },
    {
      "type": "Feature",
      "geometry": {
        "type": "Point",
        "coordinates": [
          -2.0991502009765854,
          5.160485930135168
        ]
      },
      "properties": {
        "probability": 0.8171776533126831,
        "lat": 5.160485930135168,
        "lon": -2.0991502009765854,
        "region": "Tarkwa-Nsuaem",
        "detected_at": "2026-03-09T06:21:29.137645",
        "model_version": "48px_v3.7_2024-01-10"
      }
    },
    {
      "type": "Feature",
      "geometry": {
        "type": "Point",
        "coordinates": [
          -2.0926448459208635,
          5.175704041445015
        ]
      },
      "properties": {
        "probability": 0.9898425340652466,
        "lat": 5.175704041445015,
        "lon": -2.0926448459208635,
        "region": "Tarkwa-Nsuaem",
        "detected_at": "2026-03-09T06:21:29.137824",
        "model_version": "48px_v3.7_2024-01-10"
      }
    },
    {
      "type": "Feature",
      "geometry": {
        "type": "Point",
        "coordinates": [
          -2.0904763942356226,
          5.177878057346424
        ]
      },
      "properties": {
        "probability": 0.8092607855796814,
        "lat": 5.177878057346424,
        "lon": -2.0904763942356226,
        "region": "Tarkwa-Nsuaem",
        "detected_at": "2026-03-09T06:21:29.137917",
        "model_version": "48px_v3.7_2024-01-10"
      }
    },
    {
      "type": "Feature",
      "geometry": {
        "type": "Point",
        "coordinates": [
          -2.086139490865141,
          5.18657412095205
        ]
      },
      "properties": {
        "probability": 0.8793191909790039,
        "lat": 5.18657412095205,
        "lon": -2.086139490865141,
        "region": "Tarkwa-Nsuaem",
        "detected_at": "2026-03-09T06:21:29.138023",
        "model_version": "48px_v3.7_2024-01-10"
      }
    },
    {
      "type": "Feature",
      "geometry": {
        "type": "Point",
        "coordinates": [
          -2.0839710391799002,
          5.18657412095205
        ]
      },
      "properties": {
        "probability": 0.8943728804588318,
        "lat": 5.18657412095205,
        "lon": -2.0839710391799002,
        "region": "Tarkwa-Nsuaem",
        "detected_at": "2026-03-09T06:21:29.138118",
        "model_version": "48px_v3.7_2024-01-10"
      }
    },
    {
      "type": "Feature",
      "geometry": {
        "type": "Point",
        "coordinates": [
          -1.789226809196233,
          5.322763669374419
        ]
      },
      "properties": {
        "probability": 0.9121322631835938,
        "lat": 5.322763669374419,
        "lon": -1.789226809196233,
        "region": "Tarkwa-Nsuaem",
        "detected_at": "2026-03-09T06:21:29.138216",
        "model_version": "48px_v3.7_2024-01-10"
      }
    },
    {
      "type": "Feature",
      "geometry": {
        "type": "Point",
        "coordinates": [
          -1.7870568479198141,
          5.322763669374419
        ]
      },
      "properties": {
        "probability": 0.9526381492614746,
        "lat": 5.322763669374419,
        "lon": -1.7870568479198141,
        "region": "Tarkwa-Nsuaem",
        "detected_at": "2026-03-09T06:21:29.138310",
        "model_version": "48px_v3.7_2024-01-10"
      }
    },
    {
      "type": "Feature",
      "geometry": {
        "type": "Point",
        "coordinates": [
          -1.7848868866433951,
          5.322763669374419
        ]
      },
      "properties": {
        "probability": 0.9844409227371216,
        "lat": 5.322763669374419,
        "lon": -1.7848868866433951,
        "region": "Tarkwa-Nsuaem",
        "detected_at": "2026-03-09T06:21:29.138401",
        "model_version": "48px_v3.7_2024-01-10"
      }
    },
    {
      "type": "Feature",
      "geometry": {
        "type": "Point",
        "coordinates": [
          -1.7827169253669768,
          5.335813534208939
        ]
      },
      "properties": {
        "probability": 0.933822512626648,
        "lat": 5.335813534208939,
        "lon": -1.7827169253669768,
        "region": "Tarkwa-Nsuaem",
        "detected_at": "2026-03-09T06:21:29.138497",
        "model_version": "48px_v3.7_2024-01-10"
      }
    },
    {
      "type": "Feature",
      "geometry": {
        "type": "Point",
        "coordinates": [
          -1.7827169253669768,
          5.322763669374419
        ]
      },
      "properties": {
        "probability": 0.9838416576385498,
        "lat": 5.322763669374419,
        "lon": -1.7827169253669768,
        "region": "Tarkwa-Nsuaem",
        "detected_at": "2026-03-09T06:21:29.138589",
        "model_version": "48px_v3.7_2024-01-10"
      }
    },
    {
      "type": "Feature",
      "geometry": {
        "type": "Point",
        "coordinates": [
          -1.8541246416459336,
          5.377137580551261
        ]
      },
      "properties": {
        "probability": 0.9924353361129761,
        "lat": 5.377137580551261,
        "lon": -1.8541246416459336,
        "region": "Tarkwa-Nsuaem",
        "detected_at": "2026-03-09T06:21:29.138678",
        "model_version": "48px_v3.7_2024-01-10"
      }
    },
    {
      "type": "Feature",
      "geometry": {
        "type": "Point",
        "coordinates": [
          -1.8541246416459336,
          5.374962708205572
        ]
      },
      "properties": {
        "probability": 0.8999590277671814,
        "lat": 5.374962708205572,
        "lon": -1.8541246416459336,
        "region": "Tarkwa-Nsuaem",
        "detected_at": "2026-03-09T06:21:29.138766",
        "model_version": "48px_v3.7_2024-01-10"
      }
    },
    {
      "type": "Feature",
      "geometry": {
        "type": "Point",
        "coordinates": [
          -1.8519545970920508,
          5.377137580551261
        ]
      },
      "properties": {
        "probability": 0.9106894731521606,
        "lat": 5.377137580551261,
        "lon": -1.8519545970920508,
        "region": "Tarkwa-Nsuaem",
        "detected_at": "2026-03-09T06:21:29.138856",
        "model_version": "48px_v3.7_2024-01-10"
      }
    },
    {
      "type": "Feature",
      "geometry": {
        "type": "Point",
        "coordinates": [
          -1.9517532061424274,
          5.299227455745619
        ]
      },
      "properties": {
        "probability": 0.821903645992279,
        "lat": 5.299227455745619,
        "lon": -1.9517532061424274,
        "region": "Tarkwa-Nsuaem",
        "detected_at": "2026-03-09T06:21:29.138945",
        "model_version": "48px_v3.7_2024-01-10"
      }
    },
    {
      "type": "Feature",
      "geometry": {
        "type": "Point",
        "coordinates": [
          -1.9474145793724065,
          5.307925509349982
        ]
      },
      "properties": {
        "probability": 0.9384168982505798,
        "lat": 5.307925509349982,
        "lon": -1.9474145793724065,
        "region": "Tarkwa-Nsuaem",
        "detected_at": "2026-03-09T06:21:29.139053",
        "model_version": "48px_v3.7_2024-01-10"
      }
    },
    {
      "type": "Feature",
      "geometry": {
        "type": "Point",
        "coordinates": [
          -1.9474145793724065,
          5.305750995948892
        ]
      },
      "properties": {
        "probability": 0.9045965671539307,
        "lat": 5.305750995948892,
        "lon": -1.9474145793724065,
        "region": "Tarkwa-Nsuaem",
        "detected_at": "2026-03-09T06:21:29.139145",
        "model_version": "48px_v3.7_2024-01-10"
      }
    },
    {
      "type": "Feature",
      "geometry": {
        "type": "Point",
        "coordinates": [
          -1.9474145793724065,
          5.30140196914671
        ]
      },
      "properties": {
        "probability": 0.9996083974838257,
        "lat": 5.30140196914671,
        "lon": -1.9474145793724065,
        "region": "Tarkwa-Nsuaem",
        "detected_at": "2026-03-09T06:21:29.139235",
        "model_version": "48px_v3.7_2024-01-10"
      }
    },
    {
      "type": "Feature",
      "geometry": {
        "type": "Point",
        "coordinates": [
          -1.9452452659873958,
          5.310100022751073
        ]
      },
      "properties": {
        "probability": 0.9992749094963074,
        "lat": 5.310100022751073,
        "lon": -1.9452452659873958,
        "region": "Tarkwa-Nsuaem",
        "detected_at": "2026-03-09T06:21:29.139325",
        "model_version": "48px_v3.7_2024-01-10"
      }
    },
    {
      "type": "Feature",
      "geometry": {
        "type": "Point",
        "coordinates": [
          -1.9452452659873953,
          5.307925509349982
        ]
      },
      "properties": {
        "probability": 0.9999290108680725,
        "lat": 5.307925509349982,
        "lon": -1.9452452659873953,
        "region": "Tarkwa-Nsuaem",
        "detected_at": "2026-03-09T06:21:29.139414",
        "model_version": "48px_v3.7_2024-01-10"
      }
    },
    {
      "type": "Feature",
      "geometry": {
        "type": "Point",
        "coordinates": [
          -1.9452452659873958,
          5.305750995948892
        ]
      },
      "properties": {
        "probability": 0.9969257116317749,
        "lat": 5.305750995948892,
        "lon": -1.9452452659873958,
        "region": "Tarkwa-Nsuaem",
        "detected_at": "2026-03-09T06:21:29.139504",
        "model_version": "48px_v3.7_2024-01-10"
      }
    },
    {
      "type": "Feature",
      "geometry": {
        "type": "Point",
        "coordinates": [
          -1.9452452659873958,
          5.30140196914671
        ]
      },
      "properties": {
        "probability": 0.999411940574646,
        "lat": 5.30140196914671,
        "lon": -1.9452452659873958,
        "region": "Tarkwa-Nsuaem",
        "detected_at": "2026-03-09T06:21:29.139593",
        "model_version": "48px_v3.7_2024-01-10"
      }
    },
    {
      "type": "Feature",
      "geometry": {
        "type": "Point",
        "coordinates": [
          -1.9430759526023849,
          5.310100022751073
        ]
      },
      "properties": {
        "probability": 0.9684919714927673,
        "lat": 5.310100022751073,
        "lon": -1.9430759526023849,
        "region": "Tarkwa-Nsuaem",
        "detected_at": "2026-03-09T06:21:29.139682",
        "model_version": "48px_v3.7_2024-01-10"
      }
    },
    {
      "type": "Feature",
      "geometry": {
        "type": "Point",
        "coordinates": [
          -1.9430759526023846,
          5.307925509349982
        ]
      },
      "properties": {
        "probability": 0.9999485611915588,
        "lat": 5.307925509349982,
        "lon": -1.9430759526023846,
        "region": "Tarkwa-Nsuaem",
        "detected_at": "2026-03-09T06:21:29.139771",
        "model_version": "48px_v3.7_2024-01-10"
      }
    },
    {
      "type": "Feature",
      "geometry": {
        "type": "Point",
        "coordinates": [
          -1.9430759526023849,
          5.305750995948892
        ]
      },
      "properties": {
        "probability": 0.997812807559967,
        "lat": 5.305750995948892,
        "lon": -1.9430759526023849,
        "region": "Tarkwa-Nsuaem",
        "detected_at": "2026-03-09T06:21:29.139860",
        "model_version": "48px_v3.7_2024-01-10"
      }
    },
    {
      "type": "Feature",
      "geometry": {
        "type": "Point",
        "coordinates": [
          -1.934398699062342,
          5.2796568351358
        ]
      },
      "properties": {
        "probability": 0.8150671124458313,
        "lat": 5.2796568351358,
        "lon": -1.934398699062342,
        "region": "Tarkwa-Nsuaem",
        "detected_at": "2026-03-09T06:21:29.139955",
        "model_version": "48px_v3.7_2024-01-10"
      }
    },
    {
      "type": "Feature",
      "geometry": {
        "type": "Point",
        "coordinates": [
          -1.9343986990623419,
          5.268784268130343
        ]
      },
      "properties": {
        "probability": 0.825657308101654,
        "lat": 5.268784268130343,
        "lon": -1.9343986990623419,
        "region": "Tarkwa-Nsuaem",
        "detected_at": "2026-03-09T06:21:29.140064",
        "model_version": "48px_v3.7_2024-01-10"
      }
    },
    {
      "type": "Feature",
      "geometry": {
        "type": "Point",
        "coordinates": [
          -1.930060072292321,
          5.312274536152165
        ]
      },
      "properties": {
        "probability": 0.9314567446708679,
        "lat": 5.312274536152165,
        "lon": -1.930060072292321,
        "region": "Tarkwa-Nsuaem",
        "detected_at": "2026-03-09T06:21:29.140157",
        "model_version": "48px_v3.7_2024-01-10"
      }
    },
    {
      "type": "Feature",
      "geometry": {
        "type": "Point",
        "coordinates": [
          -1.958085975322394,
          5.383854400756286
        ]
      },
      "properties": {
        "probability": 0.8147985339164734,
        "lat": 5.383854400756286,
        "lon": -1.958085975322394,
        "region": "Tarkwa-Nsuaem",
        "detected_at": "2026-03-09T06:21:29.140246",
        "model_version": "48px_v3.7_2024-01-10"
      }
    },
    {
      "type": "Feature",
      "geometry": {
        "type": "Point",
        "coordinates": [
          -1.9559162221049817,
          5.383854400756286
        ]
      },
      "properties": {
        "probability": 0.9825940132141113,
        "lat": 5.383854400756286,
        "lon": -1.9559162221049817,
        "region": "Tarkwa-Nsuaem",
        "detected_at": "2026-03-09T06:21:29.140334",
        "model_version": "48px_v3.7_2024-01-10"
      }
    },
    {
      "type": "Feature",
      "geometry": {
        "type": "Point",
        "coordinates": [
          -1.8888398438513148,
          5.318614539330371
        ]
      },
      "properties": {
        "probability": 0.8503256440162659,
        "lat": 5.318614539330371,
        "lon": -1.8888398438513148,
        "region": "Tarkwa-Nsuaem",
        "detected_at": "2026-03-09T06:21:29.140424",
        "model_version": "48px_v3.7_2024-01-10"
      }
    },
    {
      "type": "Feature",
      "geometry": {
        "type": "Point",
        "coordinates": [
          -1.8888398438513148,
          5.316439847326378
        ]
      },
      "properties": {
        "probability": 0.914963960647583,
        "lat": 5.316439847326378,
        "lon": -1.8888398438513148,
        "region": "Tarkwa-Nsuaem",
        "detected_at": "2026-03-09T06:21:29.140514",
        "model_version": "48px_v3.7_2024-01-10"
      }
    },
    {
      "type": "Feature",
      "geometry": {
        "type": "Point",
        "coordinates": [
          -1.8866701666745485,
          5.318614539330371
        ]
      },
      "properties": {
        "probability": 0.95663982629776,
        "lat": 5.318614539330371,
        "lon": -1.8866701666745485,
        "region": "Tarkwa-Nsuaem",
        "detected_at": "2026-03-09T06:21:29.140605",
        "model_version": "48px_v3.7_2024-01-10"
      }
    },
    {
      "type": "Feature",
      "geometry": {
        "type": "Point",
        "coordinates": [
          -1.8866701666745485,
          5.316439847326378
        ]
      },
      "properties": {
        "probability": 0.9924387335777283,
        "lat": 5.316439847326378,
        "lon": -1.8866701666745485,
        "region": "Tarkwa-Nsuaem",
        "detected_at": "2026-03-09T06:21:29.140694",
        "model_version": "48px_v3.7_2024-01-10"
      }
    },
    {
      "type": "Feature",
      "geometry": {
        "type": "Point",
        "coordinates": [
          -1.938648204571216,
          5.355675674769282
        ]
      },
      "properties": {
        "probability": 0.8159957528114319,
        "lat": 5.355675674769282,
        "lon": -1.938648204571216,
        "region": "Tarkwa-Nsuaem",
        "detected_at": "2026-03-09T06:21:29.140784",
        "model_version": "48px_v3.7_2024-01-10"
      }
    },
    {
      "type": "Feature",
      "geometry": {
        "type": "Point",
        "coordinates": [
          -1.8627068553538637,
          5.377236334957874
        ]
      },
      "properties": {
        "probability": 0.9366612434387207,
        "lat": 5.377236334957874,
        "lon": -1.8627068553538637,
        "region": "Tarkwa-Nsuaem",
        "detected_at": "2026-03-09T06:21:29.140873",
        "model_version": "48px_v3.7_2024-01-10"
      }
    },
    {
      "type": "Feature",
      "geometry": {
        "type": "Point",
        "coordinates": [
          -1.7240138182986335,
          5.4529485814023895
        ]
      },
      "properties": {
        "probability": 0.9741458892822266,
        "lat": 5.4529485814023895,
        "lon": -1.7240138182986335,
        "region": "Tarkwa-Nsuaem",
        "detected_at": "2026-03-09T06:21:29.140961",
        "model_version": "48px_v3.7_2024-01-10"
      }
    },
    {
      "type": "Feature",
      "geometry": {
        "type": "Point",
        "coordinates": [
          -1.721843259890413,
          5.4529485814023895
        ]
      },
      "properties": {
        "probability": 0.8641532063484192,
        "lat": 5.4529485814023895,
        "lon": -1.721843259890413,
        "region": "Tarkwa-Nsuaem",
        "detected_at": "2026-03-09T06:21:29.141069",
        "model_version": "48px_v3.7_2024-01-10"
      }
    },
    {
      "type": "Feature",
      "geometry": {
        "type": "Point",
        "coordinates": [
          -1.721843259890413,
          5.450773383384608
        ]
      },
      "properties": {
        "probability": 0.9047066569328308,
        "lat": 5.450773383384608,
        "lon": -1.721843259890413,
        "region": "Tarkwa-Nsuaem",
        "detected_at": "2026-03-09T06:21:29.141165",
        "model_version": "48px_v3.7_2024-01-10"
      }
    },
    {
      "type": "Feature",
      "geometry": {
        "type": "Point",
        "coordinates": [
          -1.8886505331020411,
          5.464130152775212
        ]
      },
      "properties": {
        "probability": 0.8889086246490479,
        "lat": 5.464130152775212,
        "lon": -1.8886505331020411,
        "region": "Tarkwa-Nsuaem",
        "detected_at": "2026-03-09T06:21:29.141257",
        "model_version": "48px_v3.7_2024-01-10"
      }
    },
    {
      "type": "Feature",
      "geometry": {
        "type": "Point",
        "coordinates": [
          -1.9124275903880794,
          5.442476886621677
        ]
      },
      "properties": {
        "probability": 0.8513498902320862,
        "lat": 5.442476886621677,
        "lon": -1.9124275903880794,
        "region": "Tarkwa-Nsuaem",
        "detected_at": "2026-03-09T06:21:29.141346",
        "model_version": "48px_v3.7_2024-01-10"
      }
    },
    {
      "type": "Feature",
      "geometry": {
        "type": "Point",
        "coordinates": [
          -1.9124275903880794,
          5.440302273866392
        ]
      },
      "properties": {
        "probability": 0.9801505208015442,
        "lat": 5.440302273866392,
        "lon": -1.9124275903880794,
        "region": "Tarkwa-Nsuaem",
        "detected_at": "2026-03-09T06:21:29.141442",
        "model_version": "48px_v3.7_2024-01-10"
      }
    },
    {
      "type": "Feature",
      "geometry": {
        "type": "Point",
        "coordinates": [
          -2.0577915591591243,
          5.342799685231135
        ]
      },
      "properties": {
        "probability": 0.8846784234046936,
        "lat": 5.342799685231135,
        "lon": -2.0577915591591243,
        "region": "Tarkwa-Nsuaem",
        "detected_at": "2026-03-09T06:21:29.141531",
        "model_version": "48px_v3.7_2024-01-10"
      }
    },
    {
      "type": "Feature",
      "geometry": {
        "type": "Point",
        "coordinates": [
          -2.0577915591591243,
          5.340625435029609
        ]
      },
      "properties": {
        "probability": 0.8317582607269287,
        "lat": 5.340625435029609,
        "lon": -2.0577915591591243,
        "region": "Tarkwa-Nsuaem",
        "detected_at": "2026-03-09T06:21:29.141620",
        "model_version": "48px_v3.7_2024-01-10"
      }
    },
    {
      "type": "Feature",
      "geometry": {
        "type": "Point",
        "coordinates": [
          -2.1553153541959205,
          5.284329432611231
        ]
      },
      "properties": {
        "probability": 0.9912376999855042,
        "lat": 5.284329432611231,
        "lon": -2.1553153541959205,
        "region": "Tarkwa-Nsuaem",
        "detected_at": "2026-03-09T06:21:29.141709",
        "model_version": "48px_v3.7_2024-01-10"
      }
    },
    {
      "type": "Feature",
      "geometry": {
        "type": "Point",
        "coordinates": [
          -2.1553153541959205,
          5.282155511983217
        ]
      },
      "properties": {
        "probability": 0.898654580116272,
        "lat": 5.282155511983217,
        "lon": -2.1553153541959205,
        "region": "Tarkwa-Nsuaem",
        "detected_at": "2026-03-09T06:21:29.141809",
        "model_version": "48px_v3.7_2024-01-10"
      }
    },
    {
      "type": "Feature",
      "geometry": {
        "type": "Point",
        "coordinates": [
          -2.1553153541959205,
          5.269111988215138
        ]
      },
      "properties": {
        "probability": 0.9454668760299683,
        "lat": 5.269111988215138,
        "lon": -2.1553153541959205,
        "region": "Tarkwa-Nsuaem",
        "detected_at": "2026-03-09T06:21:29.141899",
        "model_version": "48px_v3.7_2024-01-10"
      }
    },
    {
      "type": "Feature",
      "geometry": {
        "type": "Point",
        "coordinates": [
          -2.153146631021291,
          5.2908511944952705
        ]
      },
      "properties": {
        "probability": 0.9254336953163147,
        "lat": 5.2908511944952705,
        "lon": -2.153146631021291,
        "region": "Tarkwa-Nsuaem",
        "detected_at": "2026-03-09T06:21:29.141990",
        "model_version": "48px_v3.7_2024-01-10"
      }
    },
    {
      "type": "Feature",
      "geometry": {
        "type": "Point",
        "coordinates": [
          -2.153146631021291,
          5.288677273867257
        ]
      },
      "properties": {
        "probability": 0.867122232913971,
        "lat": 5.288677273867257,
        "lon": -2.153146631021291,
        "region": "Tarkwa-Nsuaem",
        "detected_at": "2026-03-09T06:21:29.142101",
        "model_version": "48px_v3.7_2024-01-10"
      }
    },
    {
      "type": "Feature",
      "geometry": {
        "type": "Point",
        "coordinates": [
          -2.153146631021291,
          5.28432943261123
        ]
      },
      "properties": {
        "probability": 0.9984680414199829,
        "lat": 5.28432943261123,
        "lon": -2.153146631021291,
        "region": "Tarkwa-Nsuaem",
        "detected_at": "2026-03-09T06:21:29.142191",
        "model_version": "48px_v3.7_2024-01-10"
      }
    },
    {
      "type": "Feature",
      "geometry": {
        "type": "Point",
        "coordinates": [
          -2.153146631021291,
          5.282155511983216
        ]
      },
      "properties": {
        "probability": 0.9963617324829102,
        "lat": 5.282155511983216,
        "lon": -2.153146631021291,
        "region": "Tarkwa-Nsuaem",
        "detected_at": "2026-03-09T06:21:29.142280",
        "model_version": "48px_v3.7_2024-01-10"
      }
    },
    {
      "type": "Feature",
      "geometry": {
        "type": "Point",
        "coordinates": [
          -2.153146631021291,
          5.27128590884315
        ]
      },
      "properties": {
        "probability": 0.9491687417030334,
        "lat": 5.27128590884315,
        "lon": -2.153146631021291,
        "region": "Tarkwa-Nsuaem",
        "detected_at": "2026-03-09T06:21:29.142368",
        "model_version": "48px_v3.7_2024-01-10"
      }
    },
    {
      "type": "Feature",
      "geometry": {
        "type": "Point",
        "coordinates": [
          -2.153146631021291,
          5.269111988215138
        ]
      },
      "properties": {
        "probability": 0.9603835344314575,
        "lat": 5.269111988215138,
        "lon": -2.153146631021291,
        "region": "Tarkwa-Nsuaem",
        "detected_at": "2026-03-09T06:21:29.142457",
        "model_version": "48px_v3.7_2024-01-10"
      }
    },
    {
      "type": "Feature",
      "geometry": {
        "type": "Point",
        "coordinates": [
          -2.150977907846662,
          5.293025115123283
        ]
      },
      "properties": {
        "probability": 0.9381172060966492,
        "lat": 5.293025115123283,
        "lon": -2.150977907846662,
        "region": "Tarkwa-Nsuaem",
        "detected_at": "2026-03-09T06:21:29.142546",
        "model_version": "48px_v3.7_2024-01-10"
      }
    },
    {
      "type": "Feature",
      "geometry": {
        "type": "Point",
        "coordinates": [
          -2.150977907846662,
          5.2908511944952705
        ]
      },
      "properties": {
        "probability": 0.9973461031913757,
        "lat": 5.2908511944952705,
        "lon": -2.150977907846662,
        "region": "Tarkwa-Nsuaem",
        "detected_at": "2026-03-09T06:21:29.142634",
        "model_version": "48px_v3.7_2024-01-10"
      }
    },
    {
      "type": "Feature",
      "geometry": {
        "type": "Point",
        "coordinates": [
          -2.150977907846662,
          5.282155511983216
        ]
      },
      "properties": {
        "probability": 0.8467700481414795,
        "lat": 5.282155511983216,
        "lon": -2.150977907846662,
        "region": "Tarkwa-Nsuaem",
        "detected_at": "2026-03-09T06:21:29.142730",
        "model_version": "48px_v3.7_2024-01-10"
      }
    },
    {
      "type": "Feature",
      "geometry": {
        "type": "Point",
        "coordinates": [
          -2.150977907846662,
          5.27128590884315
        ]
      },
      "properties": {
        "probability": 0.954045295715332,
        "lat": 5.27128590884315,
        "lon": -2.150977907846662,
        "region": "Tarkwa-Nsuaem",
        "detected_at": "2026-03-09T06:21:29.142821",
        "model_version": "48px_v3.7_2024-01-10"
      }
    },
    {
      "type": "Feature",
      "geometry": {
        "type": "Point",
        "coordinates": [
          -2.150977907846662,
          5.266938067587125
        ]
      },
      "properties": {
        "probability": 0.92222660779953,
        "lat": 5.266938067587125,
        "lon": -2.150977907846662,
        "region": "Tarkwa-Nsuaem",
        "detected_at": "2026-03-09T06:21:29.142910",
        "model_version": "48px_v3.7_2024-01-10"
      }
    },
    {
      "type": "Feature",
      "geometry": {
        "type": "Point",
        "coordinates": [
          -2.150977907846662,
          5.264764146959111
        ]
      },
      "properties": {
        "probability": 0.970301628112793,
        "lat": 5.264764146959111,
        "lon": -2.150977907846662,
        "region": "Tarkwa-Nsuaem",
        "detected_at": "2026-03-09T06:21:29.143016",
        "model_version": "48px_v3.7_2024-01-10"
      }
    },
    {
      "type": "Feature",
      "geometry": {
        "type": "Point",
        "coordinates": [
          -2.1488091846720323,
          5.264764146959112
        ]
      },
      "properties": {
        "probability": 0.9724778532981873,
        "lat": 5.264764146959112,
        "lon": -2.1488091846720323,
        "region": "Tarkwa-Nsuaem",
        "detected_at": "2026-03-09T06:21:29.143112",
        "model_version": "48px_v3.7_2024-01-10"
      }
    },
    {
      "type": "Feature",
      "geometry": {
        "type": "Point",
        "coordinates": [
          -2.1336281224496263,
          5.310416480147388
        ]
      },
      "properties": {
        "probability": 0.8332316279411316,
        "lat": 5.310416480147388,
        "lon": -2.1336281224496263,
        "region": "Tarkwa-Nsuaem",
        "detected_at": "2026-03-09T06:21:29.143202",
        "model_version": "48px_v3.7_2024-01-10"
      }
    },
    {
      "type": "Feature",
      "geometry": {
        "type": "Point",
        "coordinates": [
          -2.118447060227221,
          5.301720797635336
        ]
      },
      "properties": {
        "probability": 0.9896783232688904,
        "lat": 5.301720797635336,
        "lon": -2.118447060227221,
        "region": "Tarkwa-Nsuaem",
        "detected_at": "2026-03-09T06:21:29.143292",
        "model_version": "48px_v3.7_2024-01-10"
      }
    },
    {
      "type": "Feature",
      "geometry": {
        "type": "Point",
        "coordinates": [
          -2.1184470602272207,
          5.299546877007322
        ]
      },
      "properties": {
        "probability": 0.9867855906486511,
        "lat": 5.299546877007322,
        "lon": -2.1184470602272207,
        "region": "Tarkwa-Nsuaem",
        "detected_at": "2026-03-09T06:21:29.143382",
        "model_version": "48px_v3.7_2024-01-10"
      }
    },
    {
      "type": "Feature",
      "geometry": {
        "type": "Point",
        "coordinates": [
          -1.9645062691791018,
          5.370897268730783
        ]
      },
      "properties": {
        "probability": 0.9065560698509216,
        "lat": 5.370897268730783,
        "lon": -1.9645062691791018,
        "region": "Tarkwa-Nsuaem",
        "detected_at": "2026-03-09T06:21:29.143471",
        "model_version": "48px_v3.7_2024-01-10"
      }
    },
    {
      "type": "Feature",
      "geometry": {
        "type": "Point",
        "coordinates": [
          -2.072974765022176,
          5.297299496556852
        ]
      },
      "properties": {
        "probability": 0.9854559898376465,
        "lat": 5.297299496556852,
        "lon": -2.072974765022176,
        "region": "Tarkwa-Nsuaem",
        "detected_at": "2026-03-09T06:21:29.143566",
        "model_version": "48px_v3.7_2024-01-10"
      }
    },
    {
      "type": "Feature",
      "geometry": {
        "type": "Point",
        "coordinates": [
          -2.070805891561591,
          5.299473568094743
        ]
      },
      "properties": {
        "probability": 0.9917581081390381,
        "lat": 5.299473568094743,
        "lon": -2.070805891561591,
        "region": "Tarkwa-Nsuaem",
        "detected_at": "2026-03-09T06:21:29.143656",
        "model_version": "48px_v3.7_2024-01-10"
      }
    },
    {
      "type": "Feature",
      "geometry": {
        "type": "Point",
        "coordinates": [
          -2.070805891561591,
          5.297299496556852
        ]
      },
      "properties": {
        "probability": 0.9353981614112854,
        "lat": 5.297299496556852,
        "lon": -2.070805891561591,
        "region": "Tarkwa-Nsuaem",
        "detected_at": "2026-03-09T06:21:29.143747",
        "model_version": "48px_v3.7_2024-01-10"
      }
    },
    {
      "type": "Feature",
      "geometry": {
        "type": "Point",
        "coordinates": [
          -2.070805891561591,
          5.28860321040529
        ]
      },
      "properties": {
        "probability": 0.9846123456954956,
        "lat": 5.28860321040529,
        "lon": -2.070805891561591,
        "region": "Tarkwa-Nsuaem",
        "detected_at": "2026-03-09T06:21:29.143837",
        "model_version": "48px_v3.7_2024-01-10"
      }
    },
    {
      "type": "Feature",
      "geometry": {
        "type": "Point",
        "coordinates": [
          -2.070805891561591,
          5.2864291388673985
        ]
      },
      "properties": {
        "probability": 0.9965806007385254,
        "lat": 5.2864291388673985,
        "lon": -2.070805891561591,
        "region": "Tarkwa-Nsuaem",
        "detected_at": "2026-03-09T06:21:29.143927",
        "model_version": "48px_v3.7_2024-01-10"
      }
    },
    {
      "type": "Feature",
      "geometry": {
        "type": "Point",
        "coordinates": [
          -2.068637018101005,
          5.299473568094743
        ]
      },
      "properties": {
        "probability": 0.8463270664215088,
        "lat": 5.299473568094743,
        "lon": -2.068637018101005,
        "region": "Tarkwa-Nsuaem",
        "detected_at": "2026-03-09T06:21:29.144034",
        "model_version": "48px_v3.7_2024-01-10"
      }
    },
    {
      "type": "Feature",
      "geometry": {
        "type": "Point",
        "coordinates": [
          -2.068637018101005,
          5.288603210405289
        ]
      },
      "properties": {
        "probability": 0.9952465891838074,
        "lat": 5.288603210405289,
        "lon": -2.068637018101005,
        "region": "Tarkwa-Nsuaem",
        "detected_at": "2026-03-09T06:21:29.144133",
        "model_version": "48px_v3.7_2024-01-10"
      }
    },
    {
      "type": "Feature",
      "geometry": {
        "type": "Point",
        "coordinates": [
          -2.068637018101005,
          5.286429138867399
        ]
      },
      "properties": {
        "probability": 0.9710416197776794,
        "lat": 5.286429138867399,
        "lon": -2.068637018101005,
        "region": "Tarkwa-Nsuaem",
        "detected_at": "2026-03-09T06:21:29.144228",
        "model_version": "48px_v3.7_2024-01-10"
      }
    },
    {
      "type": "Feature",
      "geometry": {
        "type": "Point",
        "coordinates": [
          -2.06646814464042,
          5.301647639632632
        ]
      },
      "properties": {
        "probability": 0.994229793548584,
        "lat": 5.301647639632632,
        "lon": -2.06646814464042,
        "region": "Tarkwa-Nsuaem",
        "detected_at": "2026-03-09T06:21:29.144318",
        "model_version": "48px_v3.7_2024-01-10"
      }
    },
    {
      "type": "Feature",
      "geometry": {
        "type": "Point",
        "coordinates": [
          -2.06646814464042,
          5.299473568094743
        ]
      },
      "properties": {
        "probability": 0.91860431432724,
        "lat": 5.299473568094743,
        "lon": -2.06646814464042,
        "region": "Tarkwa-Nsuaem",
        "detected_at": "2026-03-09T06:21:29.144407",
        "model_version": "48px_v3.7_2024-01-10"
      }
    },
    {
      "type": "Feature",
      "geometry": {
        "type": "Point",
        "coordinates": [
          -2.0555424288023403,
          5.388377429663911
        ]
      },
      "properties": {
        "probability": 0.8142922520637512,
        "lat": 5.388377429663911,
        "lon": -2.0555424288023403,
        "region": "Tarkwa-Nsuaem",
        "detected_at": "2026-03-09T06:21:29.144496",
        "model_version": "48px_v3.7_2024-01-10"
      }
    },
    {
      "type": "Feature",
      "geometry": {
        "type": "Point",
        "coordinates": [
          -2.083742030843943,
          5.318963637777372
        ]
      },
      "properties": {
        "probability": 0.8476241827011108,
        "lat": 5.318963637777372,
        "lon": -2.083742030843943,
        "region": "Tarkwa-Nsuaem",
        "detected_at": "2026-03-09T06:21:29.144586",
        "model_version": "48px_v3.7_2024-01-10"
      }
    },
    {
      "type": "Feature",
      "geometry": {
        "type": "Point",
        "coordinates": [
          -2.083742030843943,
          5.316789538467553
        ]
      },
      "properties": {
        "probability": 0.9508852362632751,
        "lat": 5.316789538467553,
        "lon": -2.083742030843943,
        "region": "Tarkwa-Nsuaem",
        "detected_at": "2026-03-09T06:21:29.144674",
        "model_version": "48px_v3.7_2024-01-10"
      }
    },
    {
      "type": "Feature",
      "geometry": {
        "type": "Point",
        "coordinates": [
          -2.07940385668279,
          5.323311836397011
        ]
      },
      "properties": {
        "probability": 0.8753843903541565,
        "lat": 5.323311836397011,
        "lon": -2.07940385668279,
        "region": "Tarkwa-Nsuaem",
        "detected_at": "2026-03-09T06:21:29.144763",
        "model_version": "48px_v3.7_2024-01-10"
      }
    },
    {
      "type": "Feature",
      "geometry": {
        "type": "Point",
        "coordinates": [
          -2.07940385668279,
          5.3211377370871915
        ]
      },
      "properties": {
        "probability": 0.849763810634613,
        "lat": 5.3211377370871915,
        "lon": -2.07940385668279,
        "region": "Tarkwa-Nsuaem",
        "detected_at": "2026-03-09T06:21:29.144853",
        "model_version": "48px_v3.7_2024-01-10"
      }
    },
    {
      "type": "Feature",
      "geometry": {
        "type": "Point",
        "coordinates": [
          -2.0772347696022138,
          5.32331183639701
        ]
      },
      "properties": {
        "probability": 0.8237802386283875,
        "lat": 5.32331183639701,
        "lon": -2.0772347696022138,
        "region": "Tarkwa-Nsuaem",
        "detected_at": "2026-03-09T06:21:29.144942",
        "model_version": "48px_v3.7_2024-01-10"
      }
    },
    {
      "type": "Feature",
      "geometry": {
        "type": "Point",
        "coordinates": [
          -2.075065682521637,
          5.32548593570683
        ]
      },
      "properties": {
        "probability": 0.9271112084388733,
        "lat": 5.32548593570683,
        "lon": -2.075065682521637,
        "region": "Tarkwa-Nsuaem",
        "detected_at": "2026-03-09T06:21:29.145048",
        "model_version": "48px_v3.7_2024-01-10"
      }
    },
    {
      "type": "Feature",
      "geometry": {
        "type": "Point",
        "coordinates": [
          -2.0728965954410605,
          5.32548593570683
        ]
      },
      "properties": {
        "probability": 0.886814296245575,
        "lat": 5.32548593570683,
        "lon": -2.0728965954410605,
        "region": "Tarkwa-Nsuaem",
        "detected_at": "2026-03-09T06:21:29.145142",
        "model_version": "48px_v3.7_2024-01-10"
      }
    },
    {
      "type": "Feature",
      "geometry": {
        "type": "Point",
        "coordinates": [
          -2.144399856396249,
          5.364692840821582
        ]
      },
      "properties": {
        "probability": 0.8271675705909729,
        "lat": 5.364692840821582,
        "lon": -2.144399856396249,
        "region": "Tarkwa-Nsuaem",
        "detected_at": "2026-03-09T06:21:29.145230",
        "model_version": "48px_v3.7_2024-01-10"
      }
    },
    {
      "type": "Feature",
      "geometry": {
        "type": "Point",
        "coordinates": [
          -2.1335551814052662,
          5.327735748502135
        ]
      },
      "properties": {
        "probability": 0.996273398399353,
        "lat": 5.327735748502135,
        "lon": -2.1335551814052662,
        "region": "Tarkwa-Nsuaem",
        "detected_at": "2026-03-09T06:21:29.145319",
        "model_version": "48px_v3.7_2024-01-10"
      }
    },
    {
      "type": "Feature",
      "geometry": {
        "type": "Point",
        "coordinates": [
          -2.1335551814052667,
          5.319039962074029
        ]
      },
      "properties": {
        "probability": 0.9972093105316162,
        "lat": 5.319039962074029,
        "lon": -2.1335551814052667,
        "region": "Tarkwa-Nsuaem",
        "detected_at": "2026-03-09T06:21:29.145413",
        "model_version": "48px_v3.7_2024-01-10"
      }
    },
    {
      "type": "Feature",
      "geometry": {
        "type": "Point",
        "coordinates": [
          -2.1335551814052662,
          5.316866015467003
        ]
      },
      "properties": {
        "probability": 0.9981184601783752,
        "lat": 5.316866015467003,
        "lon": -2.1335551814052662,
        "region": "Tarkwa-Nsuaem",
        "detected_at": "2026-03-09T06:21:29.145503",
        "model_version": "48px_v3.7_2024-01-10"
      }
    },
    {
      "type": "Feature",
      "geometry": {
        "type": "Point",
        "coordinates": [
          -2.131386246407069,
          5.327735748502135
        ]
      },
      "properties": {
        "probability": 0.8978542685508728,
        "lat": 5.327735748502135,
        "lon": -2.131386246407069,
        "region": "Tarkwa-Nsuaem",
        "detected_at": "2026-03-09T06:21:29.145593",
        "model_version": "48px_v3.7_2024-01-10"
      }
    },
    {
      "type": "Feature",
      "geometry": {
        "type": "Point",
        "coordinates": [
          -2.131386246407069,
          5.321213908681056
        ]
      },
      "properties": {
        "probability": 0.9895796179771423,
        "lat": 5.321213908681056,
        "lon": -2.131386246407069,
        "region": "Tarkwa-Nsuaem",
        "detected_at": "2026-03-09T06:21:29.145689",
        "model_version": "48px_v3.7_2024-01-10"
      }
    },
    {
      "type": "Feature",
      "geometry": {
        "type": "Point",
        "coordinates": [
          -2.131386246407069,
          5.319039962074029
        ]
      },
      "properties": {
        "probability": 0.9991148710250854,
        "lat": 5.319039962074029,
        "lon": -2.131386246407069,
        "region": "Tarkwa-Nsuaem",
        "detected_at": "2026-03-09T06:21:29.145781",
        "model_version": "48px_v3.7_2024-01-10"
      }
    },
    {
      "type": "Feature",
      "geometry": {
        "type": "Point",
        "coordinates": [
          -2.131386246407069,
          5.316866015467003
        ]
      },
      "properties": {
        "probability": 0.9953006505966187,
        "lat": 5.316866015467003,
        "lon": -2.131386246407069,
        "region": "Tarkwa-Nsuaem",
        "detected_at": "2026-03-09T06:21:29.145871",
        "model_version": "48px_v3.7_2024-01-10"
      }
    },
    {
      "type": "Feature",
      "geometry": {
        "type": "Point",
        "coordinates": [
          -2.137819813465735,
          5.408099301138507
        ]
      },
      "properties": {
        "probability": 0.8680812120437622,
        "lat": 5.408099301138507,
        "lon": -2.137819813465735,
        "region": "Tarkwa-Nsuaem",
        "detected_at": "2026-03-09T06:21:29.145963",
        "model_version": "48px_v3.7_2024-01-10"
      }
    },
    {
      "type": "Feature",
      "geometry": {
        "type": "Point",
        "coordinates": [
          -2.135650664821874,
          5.373315740258406
        ]
      },
      "properties": {
        "probability": 0.8019574880599976,
        "lat": 5.373315740258406,
        "lon": -2.135650664821874,
        "region": "Tarkwa-Nsuaem",
        "detected_at": "2026-03-09T06:21:29.146074",
        "model_version": "48px_v3.7_2024-01-10"
      }
    },
    {
      "type": "Feature",
      "geometry": {
        "type": "Point",
        "coordinates": [
          -2.133481516178013,
          5.373315740258406
        ]
      },
      "properties": {
        "probability": 0.9737551808357239,
        "lat": 5.373315740258406,
        "lon": -2.133481516178013,
        "region": "Tarkwa-Nsuaem",
        "detected_at": "2026-03-09T06:21:29.146167",
        "model_version": "48px_v3.7_2024-01-10"
      }
    },
    {
      "type": "Feature",
      "geometry": {
        "type": "Point",
        "coordinates": [
          -2.133481516178013,
          5.3711417677034
        ]
      },
      "properties": {
        "probability": 0.9924588203430176,
        "lat": 5.3711417677034,
        "lon": -2.133481516178013,
        "region": "Tarkwa-Nsuaem",
        "detected_at": "2026-03-09T06:21:29.146310",
        "model_version": "48px_v3.7_2024-01-10"
      }
    },
    {
      "type": "Feature",
      "geometry": {
        "type": "Point",
        "coordinates": [
          -2.1313123675341528,
          5.373315740258406
        ]
      },
      "properties": {
        "probability": 0.9612098932266235,
        "lat": 5.373315740258406,
        "lon": -2.1313123675341528,
        "region": "Tarkwa-Nsuaem",
        "detected_at": "2026-03-09T06:21:29.146457",
        "model_version": "48px_v3.7_2024-01-10"
      }
    },
    {
      "type": "Feature",
      "geometry": {
        "type": "Point",
        "coordinates": [
          -2.1313123675341528,
          5.3711417677034
        ]
      },
      "properties": {
        "probability": 0.9974113702774048,
        "lat": 5.3711417677034,
        "lon": -2.1313123675341528,
        "region": "Tarkwa-Nsuaem",
        "detected_at": "2026-03-09T06:21:29.146604",
        "model_version": "48px_v3.7_2024-01-10"
      }
    },
    {
      "type": "Feature",
      "geometry": {
        "type": "Point",
        "coordinates": [
          -2.1313123675341528,
          5.368967795148394
        ]
      },
      "properties": {
        "probability": 0.9133169651031494,
        "lat": 5.368967795148394,
        "lon": -2.1313123675341528,
        "region": "Tarkwa-Nsuaem",
        "detected_at": "2026-03-09T06:21:29.146737",
        "model_version": "48px_v3.7_2024-01-10"
      }
    },
    {
      "type": "Feature",
      "geometry": {
        "type": "Point",
        "coordinates": [
          -2.1291432188902917,
          5.373315740258406
        ]
      },
      "properties": {
        "probability": 0.8701146841049194,
        "lat": 5.373315740258406,
        "lon": -2.1291432188902917,
        "region": "Tarkwa-Nsuaem",
        "detected_at": "2026-03-09T06:21:29.146871",
        "model_version": "48px_v3.7_2024-01-10"
      }
    },
    {
      "type": "Feature",
      "geometry": {
        "type": "Point",
        "coordinates": [
          -2.1248049216025704,
          5.399403410918483
        ]
      },
      "properties": {
        "probability": 0.8729681968688965,
        "lat": 5.399403410918483,
        "lon": -2.1248049216025704,
        "region": "Tarkwa-Nsuaem",
        "detected_at": "2026-03-09T06:21:29.147031",
        "model_version": "48px_v3.7_2024-01-10"
      }
    },
    {
      "type": "Feature",
      "geometry": {
        "type": "Point",
        "coordinates": [
          -2.1226357729587093,
          5.414621218803527
        ]
      },
      "properties": {
        "probability": 0.9629851579666138,
        "lat": 5.414621218803527,
        "lon": -2.1226357729587093,
        "region": "Tarkwa-Nsuaem",
        "detected_at": "2026-03-09T06:21:29.147183",
        "model_version": "48px_v3.7_2024-01-10"
      }
    },
    {
      "type": "Feature",
      "geometry": {
        "type": "Point",
        "coordinates": [
          -2.1551007675887774,
          5.451505463751039
        ]
      },
      "properties": {
        "probability": 0.8449372053146362,
        "lat": 5.451505463751039,
        "lon": -2.1551007675887774,
        "region": "Tarkwa-Nsuaem",
        "detected_at": "2026-03-09T06:21:29.147338",
        "model_version": "48px_v3.7_2024-01-10"
      }
    },
    {
      "type": "Feature",
      "geometry": {
        "type": "Point",
        "coordinates": [
          -2.1529314034762734,
          5.451505463751039
        ]
      },
      "properties": {
        "probability": 0.9219697117805481,
        "lat": 5.451505463751039,
        "lon": -2.1529314034762734,
        "region": "Tarkwa-Nsuaem",
        "detected_at": "2026-03-09T06:21:29.147484",
        "model_version": "48px_v3.7_2024-01-10"
      }
    },
    {
      "type": "Feature",
      "geometry": {
        "type": "Point",
        "coordinates": [
          -2.1420845829137534,
          5.46454945458312
        ]
      },
      "properties": {
        "probability": 0.8384174704551697,
        "lat": 5.46454945458312,
        "lon": -2.1420845829137534,
        "region": "Tarkwa-Nsuaem",
        "detected_at": "2026-03-09T06:21:29.147616",
        "model_version": "48px_v3.7_2024-01-10"
      }
    },
    {
      "type": "Feature",
      "geometry": {
        "type": "Point",
        "coordinates": [
          -2.1312377623512333,
          5.45802745916708
        ]
      },
      "properties": {
        "probability": 0.9855192303657532,
        "lat": 5.45802745916708,
        "lon": -2.1312377623512333,
        "region": "Tarkwa-Nsuaem",
        "detected_at": "2026-03-09T06:21:29.147745",
        "model_version": "48px_v3.7_2024-01-10"
      }
    },
    {
      "type": "Feature",
      "geometry": {
        "type": "Point",
        "coordinates": [
          -2.1290683982387293,
          5.466723453055133
        ]
      },
      "properties": {
        "probability": 0.9494999051094055,
        "lat": 5.466723453055133,
        "lon": -2.1290683982387293,
        "region": "Tarkwa-Nsuaem",
        "detected_at": "2026-03-09T06:21:29.147888",
        "model_version": "48px_v3.7_2024-01-10"
      }
    },
    {
      "type": "Feature",
      "geometry": {
        "type": "Point",
        "coordinates": [
          -2.1290683982387293,
          5.46454945458312
        ]
      },
      "properties": {
        "probability": 0.999268114566803,
        "lat": 5.46454945458312,
        "lon": -2.1290683982387293,
        "region": "Tarkwa-Nsuaem",
        "detected_at": "2026-03-09T06:21:29.148051",
        "model_version": "48px_v3.7_2024-01-10"
      }
    },
    {
      "type": "Feature",
      "geometry": {
        "type": "Point",
        "coordinates": [
          -2.1290683982387293,
          5.462375456111107
        ]
      },
      "properties": {
        "probability": 0.9991479516029358,
        "lat": 5.462375456111107,
        "lon": -2.1290683982387293,
        "region": "Tarkwa-Nsuaem",
        "detected_at": "2026-03-09T06:21:29.148176",
        "model_version": "48px_v3.7_2024-01-10"
      }
    },
    {
      "type": "Feature",
      "geometry": {
        "type": "Point",
        "coordinates": [
          -2.1290683982387293,
          5.460201457639093
        ]
      },
      "properties": {
        "probability": 0.9993335008621216,
        "lat": 5.460201457639093,
        "lon": -2.1290683982387293,
        "region": "Tarkwa-Nsuaem",
        "detected_at": "2026-03-09T06:21:29.148297",
        "model_version": "48px_v3.7_2024-01-10"
      }
    },
    {
      "type": "Feature",
      "geometry": {
        "type": "Point",
        "coordinates": [
          -2.1290683982387293,
          5.45802745916708
        ]
      },
      "properties": {
        "probability": 0.9999614357948303,
        "lat": 5.45802745916708,
        "lon": -2.1290683982387293,
        "region": "Tarkwa-Nsuaem",
        "detected_at": "2026-03-09T06:21:29.148414",
        "model_version": "48px_v3.7_2024-01-10"
      }
    },
    {
      "type": "Feature",
      "geometry": {
        "type": "Point",
        "coordinates": [
          -2.1268990341262253,
          5.4688974515271465
        ]
      },
      "properties": {
        "probability": 0.997410237789154,
        "lat": 5.4688974515271465,
        "lon": -2.1268990341262253,
        "region": "Tarkwa-Nsuaem",
        "detected_at": "2026-03-09T06:21:29.148539",
        "model_version": "48px_v3.7_2024-01-10"
      }
    },
    {
      "type": "Feature",
      "geometry": {
        "type": "Point",
        "coordinates": [
          -2.1268990341262253,
          5.466723453055133
        ]
      },
      "properties": {
        "probability": 0.9973415732383728,
        "lat": 5.466723453055133,
        "lon": -2.1268990341262253,
        "region": "Tarkwa-Nsuaem",
        "detected_at": "2026-03-09T06:21:29.148657",
        "model_version": "48px_v3.7_2024-01-10"
      }
    },
    {
      "type": "Feature",
      "geometry": {
        "type": "Point",
        "coordinates": [
          -2.1268990341262253,
          5.46454945458312
        ]
      },
      "properties": {
        "probability": 0.9999937415122986,
        "lat": 5.46454945458312,
        "lon": -2.1268990341262253,
        "region": "Tarkwa-Nsuaem",
        "detected_at": "2026-03-09T06:21:29.148774",
        "model_version": "48px_v3.7_2024-01-10"
      }
    },
    {
      "type": "Feature",
      "geometry": {
        "type": "Point",
        "coordinates": [
          -2.1268990341262253,
          5.462375456111107
        ]
      },
      "properties": {
        "probability": 0.9999874234199524,
        "lat": 5.462375456111107,
        "lon": -2.1268990341262253,
        "region": "Tarkwa-Nsuaem",
        "detected_at": "2026-03-09T06:21:29.148893",
        "model_version": "48px_v3.7_2024-01-10"
      }
    },
    {
      "type": "Feature",
      "geometry": {
        "type": "Point",
        "coordinates": [
          -2.1268990341262253,
          5.460201457639093
        ]
      },
      "properties": {
        "probability": 0.9994353652000427,
        "lat": 5.460201457639093,
        "lon": -2.1268990341262253,
        "region": "Tarkwa-Nsuaem",
        "detected_at": "2026-03-09T06:21:29.149039",
        "model_version": "48px_v3.7_2024-01-10"
      }
    },
    {
      "type": "Feature",
      "geometry": {
        "type": "Point",
        "coordinates": [
          -2.1268990341262253,
          5.45802745916708
        ]
      },
      "properties": {
        "probability": 0.9342097640037537,
        "lat": 5.45802745916708,
        "lon": -2.1268990341262253,
        "region": "Tarkwa-Nsuaem",
        "detected_at": "2026-03-09T06:21:29.149306",
        "model_version": "48px_v3.7_2024-01-10"
      }
    },
    {
      "type": "Feature",
      "geometry": {
        "type": "Point",
        "coordinates": [
          -2.1247296700137213,
          5.4688974515271465
        ]
      },
      "properties": {
        "probability": 0.9986996650695801,
        "lat": 5.4688974515271465,
        "lon": -2.1247296700137213,
        "region": "Tarkwa-Nsuaem",
        "detected_at": "2026-03-09T06:21:29.149441",
        "model_version": "48px_v3.7_2024-01-10"
      }
    },
    {
      "type": "Feature",
      "geometry": {
        "type": "Point",
        "coordinates": [
          -2.1247296700137213,
          5.466723453055133
        ]
      },
      "properties": {
        "probability": 0.9930528998374939,
        "lat": 5.466723453055133,
        "lon": -2.1247296700137213,
        "region": "Tarkwa-Nsuaem",
        "detected_at": "2026-03-09T06:21:29.149541",
        "model_version": "48px_v3.7_2024-01-10"
      }
    },
    {
      "type": "Feature",
      "geometry": {
        "type": "Point",
        "coordinates": [
          -2.1247296700137213,
          5.46454945458312
        ]
      },
      "properties": {
        "probability": 0.9995458126068115,
        "lat": 5.46454945458312,
        "lon": -2.1247296700137213,
        "region": "Tarkwa-Nsuaem",
        "detected_at": "2026-03-09T06:21:29.149632",
        "model_version": "48px_v3.7_2024-01-10"
      }
    },
    {
      "type": "Feature",
      "geometry": {
        "type": "Point",
        "coordinates": [
          -2.1247296700137213,
          5.462375456111107
        ]
      },
      "properties": {
        "probability": 0.9998872876167297,
        "lat": 5.462375456111107,
        "lon": -2.1247296700137213,
        "region": "Tarkwa-Nsuaem",
        "detected_at": "2026-03-09T06:21:29.149723",
        "model_version": "48px_v3.7_2024-01-10"
      }
    },
    {
      "type": "Feature",
      "geometry": {
        "type": "Point",
        "coordinates": [
          -2.1247296700137213,
          5.460201457639093
        ]
      },
      "properties": {
        "probability": 0.9992809295654297,
        "lat": 5.460201457639093,
        "lon": -2.1247296700137213,
        "region": "Tarkwa-Nsuaem",
        "detected_at": "2026-03-09T06:21:29.149821",
        "model_version": "48px_v3.7_2024-01-10"
      }
    },
    {
      "type": "Feature",
      "geometry": {
        "type": "Point",
        "coordinates": [
          -2.1247296700137213,
          5.45802745916708
        ]
      },
      "properties": {
        "probability": 0.9917191863059998,
        "lat": 5.45802745916708,
        "lon": -2.1247296700137213,
        "region": "Tarkwa-Nsuaem",
        "detected_at": "2026-03-09T06:21:29.149912",
        "model_version": "48px_v3.7_2024-01-10"
      }
    },
    {
      "type": "Feature",
      "geometry": {
        "type": "Point",
        "coordinates": [
          -2.1247296700137213,
          5.451505463751039
        ]
      },
      "properties": {
        "probability": 0.8474283814430237,
        "lat": 5.451505463751039,
        "lon": -2.1247296700137213,
        "region": "Tarkwa-Nsuaem",
        "detected_at": "2026-03-09T06:21:29.150033",
        "model_version": "48px_v3.7_2024-01-10"
      }
    },
    {
      "type": "Feature",
      "geometry": {
        "type": "Point",
        "coordinates": [
          -2.1225603059012172,
          5.4688974515271465
        ]
      },
      "properties": {
        "probability": 0.9096534848213196,
        "lat": 5.4688974515271465,
        "lon": -2.1225603059012172,
        "region": "Tarkwa-Nsuaem",
        "detected_at": "2026-03-09T06:21:29.150134",
        "model_version": "48px_v3.7_2024-01-10"
      }
    },
    {
      "type": "Feature",
      "geometry": {
        "type": "Point",
        "coordinates": [
          -2.1225603059012172,
          5.466723453055133
        ]
      },
      "properties": {
        "probability": 0.9899687170982361,
        "lat": 5.466723453055133,
        "lon": -2.1225603059012172,
        "region": "Tarkwa-Nsuaem",
        "detected_at": "2026-03-09T06:21:29.150233",
        "model_version": "48px_v3.7_2024-01-10"
      }
    },
    {
      "type": "Feature",
      "geometry": {
        "type": "Point",
        "coordinates": [
          -2.1225603059012172,
          5.46454945458312
        ]
      },
      "properties": {
        "probability": 0.9999846816062927,
        "lat": 5.46454945458312,
        "lon": -2.1225603059012172,
        "region": "Tarkwa-Nsuaem",
        "detected_at": "2026-03-09T06:21:29.150330",
        "model_version": "48px_v3.7_2024-01-10"
      }
    },
    {
      "type": "Feature",
      "geometry": {
        "type": "Point",
        "coordinates": [
          -2.1225603059012172,
          5.462375456111107
        ]
      },
      "properties": {
        "probability": 0.9999961853027344,
        "lat": 5.462375456111107,
        "lon": -2.1225603059012172,
        "region": "Tarkwa-Nsuaem",
        "detected_at": "2026-03-09T06:21:29.150479",
        "model_version": "48px_v3.7_2024-01-10"
      }
    },
    {
      "type": "Feature",
      "geometry": {
        "type": "Point",
        "coordinates": [
          -2.1225603059012172,
          5.460201457639093
        ]
      },
      "properties": {
        "probability": 0.999879002571106,
        "lat": 5.460201457639093,
        "lon": -2.1225603059012172,
        "region": "Tarkwa-Nsuaem",
        "detected_at": "2026-03-09T06:21:29.150583",
        "model_version": "48px_v3.7_2024-01-10"
      }
    },
    {
      "type": "Feature",
      "geometry": {
        "type": "Point",
        "coordinates": [
          -2.1225603059012172,
          5.45802745916708
        ]
      },
      "properties": {
        "probability": 0.9721246361732483,
        "lat": 5.45802745916708,
        "lon": -2.1225603059012172,
        "region": "Tarkwa-Nsuaem",
        "detected_at": "2026-03-09T06:21:29.150674",
        "model_version": "48px_v3.7_2024-01-10"
      }
    },
    {
      "type": "Feature",
      "geometry": {
        "type": "Point",
        "coordinates": [
          -2.1225603059012172,
          5.440635471390972
        ]
      },
      "properties": {
        "probability": 0.8022401332855225,
        "lat": 5.440635471390972,
        "lon": -2.1225603059012172,
        "region": "Tarkwa-Nsuaem",
        "detected_at": "2026-03-09T06:21:29.150764",
        "model_version": "48px_v3.7_2024-01-10"
      }
    },
    {
      "type": "Feature",
      "geometry": {
        "type": "Point",
        "coordinates": [
          -2.120390941788713,
          5.466723453055133
        ]
      },
      "properties": {
        "probability": 0.9999783635139465,
        "lat": 5.466723453055133,
        "lon": -2.120390941788713,
        "region": "Tarkwa-Nsuaem",
        "detected_at": "2026-03-09T06:21:29.150855",
        "model_version": "48px_v3.7_2024-01-10"
      }
    },
    {
      "type": "Feature",
      "geometry": {
        "type": "Point",
        "coordinates": [
          -2.120390941788713,
          5.46454945458312
        ]
      },
      "properties": {
        "probability": 0.9999935626983643,
        "lat": 5.46454945458312,
        "lon": -2.120390941788713,
        "region": "Tarkwa-Nsuaem",
        "detected_at": "2026-03-09T06:21:29.150945",
        "model_version": "48px_v3.7_2024-01-10"
      }
    },
    {
      "type": "Feature",
      "geometry": {
        "type": "Point",
        "coordinates": [
          -2.120390941788713,
          5.462375456111107
        ]
      },
      "properties": {
        "probability": 0.9931724667549133,
        "lat": 5.462375456111107,
        "lon": -2.120390941788713,
        "region": "Tarkwa-Nsuaem",
        "detected_at": "2026-03-09T06:21:29.151060",
        "model_version": "48px_v3.7_2024-01-10"
      }
    },
    {
      "type": "Feature",
      "geometry": {
        "type": "Point",
        "coordinates": [
          -2.120390941788713,
          5.440635471390972
        ]
      },
      "properties": {
        "probability": 0.9929233193397522,
        "lat": 5.440635471390972,
        "lon": -2.120390941788713,
        "region": "Tarkwa-Nsuaem",
        "detected_at": "2026-03-09T06:21:29.151154",
        "model_version": "48px_v3.7_2024-01-10"
      }
    },
    {
      "type": "Feature",
      "geometry": {
        "type": "Point",
        "coordinates": [
          -2.120390941788713,
          5.438461472918958
        ]
      },
      "properties": {
        "probability": 0.9981656670570374,
        "lat": 5.438461472918958,
        "lon": -2.120390941788713,
        "region": "Tarkwa-Nsuaem",
        "detected_at": "2026-03-09T06:21:29.151246",
        "model_version": "48px_v3.7_2024-01-10"
      }
    },
    {
      "type": "Feature",
      "geometry": {
        "type": "Point",
        "coordinates": [
          -2.118221577676209,
          5.4688974515271465
        ]
      },
      "properties": {
        "probability": 0.875569760799408,
        "lat": 5.4688974515271465,
        "lon": -2.118221577676209,
        "region": "Tarkwa-Nsuaem",
        "detected_at": "2026-03-09T06:21:29.151343",
        "model_version": "48px_v3.7_2024-01-10"
      }
    },
    {
      "type": "Feature",
      "geometry": {
        "type": "Point",
        "coordinates": [
          -2.118221577676209,
          5.466723453055133
        ]
      },
      "properties": {
        "probability": 0.982991635799408,
        "lat": 5.466723453055133,
        "lon": -2.118221577676209,
        "region": "Tarkwa-Nsuaem",
        "detected_at": "2026-03-09T06:21:29.151440",
        "model_version": "48px_v3.7_2024-01-10"
      }
    },
    {
      "type": "Feature",
      "geometry": {
        "type": "Point",
        "coordinates": [
          -2.118221577676209,
          5.46454945458312
        ]
      },
      "properties": {
        "probability": 0.923008143901825,
        "lat": 5.46454945458312,
        "lon": -2.118221577676209,
        "region": "Tarkwa-Nsuaem",
        "detected_at": "2026-03-09T06:21:29.151530",
        "model_version": "48px_v3.7_2024-01-10"
      }
    },
    {
      "type": "Feature",
      "geometry": {
        "type": "Point",
        "coordinates": [
          -2.118221577676209,
          5.438461472918958
        ]
      },
      "properties": {
        "probability": 0.8213725686073303,
        "lat": 5.438461472918958,
        "lon": -2.118221577676209,
        "region": "Tarkwa-Nsuaem",
        "detected_at": "2026-03-09T06:21:29.151622",
        "model_version": "48px_v3.7_2024-01-10"
      }
    },
    {
      "type": "Feature",
      "geometry": {
        "type": "Point",
        "coordinates": [
          -2.1139588072375153,
          5.42316565548217
        ]
      },
      "properties": {
        "probability": 0.8272786140441895,
        "lat": 5.42316565548217,
        "lon": -2.1139588072375153,
        "region": "Tarkwa-Nsuaem",
        "detected_at": "2026-03-09T06:21:29.151712",
        "model_version": "48px_v3.7_2024-01-10"
      }
    },
    {
      "type": "Feature",
      "geometry": {
        "type": "Point",
        "coordinates": [
          -2.1139588072375153,
          5.42099150072081
        ]
      },
      "properties": {
        "probability": 0.99056077003479,
        "lat": 5.42099150072081,
        "lon": -2.1139588072375153,
        "region": "Tarkwa-Nsuaem",
        "detected_at": "2026-03-09T06:21:29.151802",
        "model_version": "48px_v3.7_2024-01-10"
      }
    },
    {
      "type": "Feature",
      "geometry": {
        "type": "Point",
        "coordinates": [
          -2.111789287447903,
          5.42316565548217
        ]
      },
      "properties": {
        "probability": 0.8774744272232056,
        "lat": 5.42316565548217,
        "lon": -2.111789287447903,
        "region": "Tarkwa-Nsuaem",
        "detected_at": "2026-03-09T06:21:29.151892",
        "model_version": "48px_v3.7_2024-01-10"
      }
    },
    {
      "type": "Feature",
      "geometry": {
        "type": "Point",
        "coordinates": [
          -2.109619767658291,
          5.466648750709416
        ]
      },
      "properties": {
        "probability": 0.8388587832450867,
        "lat": 5.466648750709416,
        "lon": -2.109619767658291,
        "region": "Tarkwa-Nsuaem",
        "detected_at": "2026-03-09T06:21:29.151982",
        "model_version": "48px_v3.7_2024-01-10"
      }
    },
    {
      "type": "Feature",
      "geometry": {
        "type": "Point",
        "coordinates": [
          -2.103111208289455,
          5.44273304833443
        ]
      },
      "properties": {
        "probability": 0.8795864582061768,
        "lat": 5.44273304833443,
        "lon": -2.103111208289455,
        "region": "Tarkwa-Nsuaem",
        "detected_at": "2026-03-09T06:21:29.152099",
        "model_version": "48px_v3.7_2024-01-10"
      }
    },
    {
      "type": "Feature",
      "geometry": {
        "type": "Point",
        "coordinates": [
          -2.0987721687102314,
          5.447081357857155
        ]
      },
      "properties": {
        "probability": 0.8252308368682861,
        "lat": 5.447081357857155,
        "lon": -2.0987721687102314,
        "region": "Tarkwa-Nsuaem",
        "detected_at": "2026-03-09T06:21:29.152191",
        "model_version": "48px_v3.7_2024-01-10"
      }
    },
    {
      "type": "Feature",
      "geometry": {
        "type": "Point",
        "coordinates": [
          -2.0857550499725597,
          5.46230044118669
        ]
      },
      "properties": {
        "probability": 0.9336689710617065,
        "lat": 5.46230044118669,
        "lon": -2.0857550499725597,
        "region": "Tarkwa-Nsuaem",
        "detected_at": "2026-03-09T06:21:29.152280",
        "model_version": "48px_v3.7_2024-01-10"
      }
    },
    {
      "type": "Feature",
      "geometry": {
        "type": "Point",
        "coordinates": [
          -2.0857550499725592,
          5.460126286425329
        ]
      },
      "properties": {
        "probability": 0.999115526676178,
        "lat": 5.460126286425329,
        "lon": -2.0857550499725592,
        "region": "Tarkwa-Nsuaem",
        "detected_at": "2026-03-09T06:21:29.152369",
        "model_version": "48px_v3.7_2024-01-10"
      }
    },
    {
      "type": "Feature",
      "geometry": {
        "type": "Point",
        "coordinates": [
          -2.0857550499725592,
          5.4579521316639665
        ]
      },
      "properties": {
        "probability": 0.9693403244018555,
        "lat": 5.4579521316639665,
        "lon": -2.0857550499725592,
        "region": "Tarkwa-Nsuaem",
        "detected_at": "2026-03-09T06:21:29.152460",
        "model_version": "48px_v3.7_2024-01-10"
      }
    },
    {
      "type": "Feature",
      "geometry": {
        "type": "Point",
        "coordinates": [
          -2.0835855301829476,
          5.460126286425328
        ]
      },
      "properties": {
        "probability": 0.8075597882270813,
        "lat": 5.460126286425328,
        "lon": -2.0835855301829476,
        "region": "Tarkwa-Nsuaem",
        "detected_at": "2026-03-09T06:21:29.152551",
        "model_version": "48px_v3.7_2024-01-10"
      }
    },
    {
      "type": "Feature",
      "geometry": {
        "type": "Point",
        "coordinates": [
          -2.0770769708141117,
          5.460126286425328
        ]
      },
      "properties": {
        "probability": 0.9144819974899292,
        "lat": 5.460126286425328,
        "lon": -2.0770769708141117,
        "region": "Tarkwa-Nsuaem",
        "detected_at": "2026-03-09T06:21:29.152641",
        "model_version": "48px_v3.7_2024-01-10"
      }
    },
    {
      "type": "Feature",
      "geometry": {
        "type": "Point",
        "coordinates": [
          -2.1658757330305543,
          5.520999620468626
        ]
      },
      "properties": {
        "probability": 0.9498651623725891,
        "lat": 5.520999620468626,
        "lon": -2.1658757330305543,
        "region": "Tarkwa-Nsuaem",
        "detected_at": "2026-03-09T06:21:29.152730",
        "model_version": "48px_v3.7_2024-01-10"
      }
    },
    {
      "type": "Feature",
      "geometry": {
        "type": "Point",
        "coordinates": [
          -2.1658757330305543,
          5.5166515717524085
        ]
      },
      "properties": {
        "probability": 0.8085716366767883,
        "lat": 5.5166515717524085,
        "lon": -2.1658757330305543,
        "region": "Tarkwa-Nsuaem",
        "detected_at": "2026-03-09T06:21:29.152819",
        "model_version": "48px_v3.7_2024-01-10"
      }
    },
    {
      "type": "Feature",
      "geometry": {
        "type": "Point",
        "coordinates": [
          -2.1658757330305543,
          5.514477547394301
        ]
      },
      "properties": {
        "probability": 0.836851954460144,
        "lat": 5.514477547394301,
        "lon": -2.1658757330305543,
        "region": "Tarkwa-Nsuaem",
        "detected_at": "2026-03-09T06:21:29.152918",
        "model_version": "48px_v3.7_2024-01-10"
      }
    },
    {
      "type": "Feature",
      "geometry": {
        "type": "Point",
        "coordinates": [
          -2.1658757330305543,
          5.510129498678084
        ]
      },
      "properties": {
        "probability": 0.9127442836761475,
        "lat": 5.510129498678084,
        "lon": -2.1658757330305543,
        "region": "Tarkwa-Nsuaem",
        "detected_at": "2026-03-09T06:21:29.153040",
        "model_version": "48px_v3.7_2024-01-10"
      }
    },
    {
      "type": "Feature",
      "geometry": {
        "type": "Point",
        "coordinates": [
          -2.163706151625535,
          5.520999620468626
        ]
      },
      "properties": {
        "probability": 0.8189414143562317,
        "lat": 5.520999620468626,
        "lon": -2.163706151625535,
        "region": "Tarkwa-Nsuaem",
        "detected_at": "2026-03-09T06:21:29.153144",
        "model_version": "48px_v3.7_2024-01-10"
      }
    },
    {
      "type": "Feature",
      "geometry": {
        "type": "Point",
        "coordinates": [
          -2.163706151625535,
          5.518825596110516
        ]
      },
      "properties": {
        "probability": 0.9844491481781006,
        "lat": 5.518825596110516,
        "lon": -2.163706151625535,
        "region": "Tarkwa-Nsuaem",
        "detected_at": "2026-03-09T06:21:29.153234",
        "model_version": "48px_v3.7_2024-01-10"
      }
    },
    {
      "type": "Feature",
      "geometry": {
        "type": "Point",
        "coordinates": [
          -2.163706151625535,
          5.5166515717524085
        ]
      },
      "properties": {
        "probability": 0.9999365210533142,
        "lat": 5.5166515717524085,
        "lon": -2.163706151625535,
        "region": "Tarkwa-Nsuaem",
        "detected_at": "2026-03-09T06:21:29.153323",
        "model_version": "48px_v3.7_2024-01-10"
      }
    },
    {
      "type": "Feature",
      "geometry": {
        "type": "Point",
        "coordinates": [
          -2.163706151625535,
          5.514477547394301
        ]
      },
      "properties": {
        "probability": 0.9999549388885498,
        "lat": 5.514477547394301,
        "lon": -2.163706151625535,
        "region": "Tarkwa-Nsuaem",
        "detected_at": "2026-03-09T06:21:29.153413",
        "model_version": "48px_v3.7_2024-01-10"
      }
    },
    {
      "type": "Feature",
      "geometry": {
        "type": "Point",
        "coordinates": [
          -2.163706151625535,
          5.510129498678084
        ]
      },
      "properties": {
        "probability": 0.9198633432388306,
        "lat": 5.510129498678084,
        "lon": -2.163706151625535,
        "region": "Tarkwa-Nsuaem",
        "detected_at": "2026-03-09T06:21:29.153502",
        "model_version": "48px_v3.7_2024-01-10"
      }
    },
    {
      "type": "Feature",
      "geometry": {
        "type": "Point",
        "coordinates": [
          -2.161536570220516,
          5.520999620468626
        ]
      },
      "properties": {
        "probability": 0.999980628490448,
        "lat": 5.520999620468626,
        "lon": -2.161536570220516,
        "region": "Tarkwa-Nsuaem",
        "detected_at": "2026-03-09T06:21:29.153591",
        "model_version": "48px_v3.7_2024-01-10"
      }
    },
    {
      "type": "Feature",
      "geometry": {
        "type": "Point",
        "coordinates": [
          -2.1615365702205165,
          5.518825596110516
        ]
      },
      "properties": {
        "probability": 0.9999959468841553,
        "lat": 5.518825596110516,
        "lon": -2.1615365702205165,
        "region": "Tarkwa-Nsuaem",
        "detected_at": "2026-03-09T06:21:29.153680",
        "model_version": "48px_v3.7_2024-01-10"
      }
    },
    {
      "type": "Feature",
      "geometry": {
        "type": "Point",
        "coordinates": [
          -2.161536570220516,
          5.516651571752409
        ]
      },
      "properties": {
        "probability": 0.9999989867210388,
        "lat": 5.516651571752409,
        "lon": -2.161536570220516,
        "region": "Tarkwa-Nsuaem",
        "detected_at": "2026-03-09T06:21:29.153768",
        "model_version": "48px_v3.7_2024-01-10"
      }
    },
    {
      "type": "Feature",
      "geometry": {
        "type": "Point",
        "coordinates": [
          -2.161536570220516,
          5.514477547394301
        ]
      },
      "properties": {
        "probability": 0.999957263469696,
        "lat": 5.514477547394301,
        "lon": -2.161536570220516,
        "region": "Tarkwa-Nsuaem",
        "detected_at": "2026-03-09T06:21:29.153857",
        "model_version": "48px_v3.7_2024-01-10"
      }
    },
    {
      "type": "Feature",
      "geometry": {
        "type": "Point",
        "coordinates": [
          -2.161536570220516,
          5.512303523036193
        ]
      },
      "properties": {
        "probability": 0.8800350427627563,
        "lat": 5.512303523036193,
        "lon": -2.161536570220516,
        "region": "Tarkwa-Nsuaem",
        "detected_at": "2026-03-09T06:21:29.153954",
        "model_version": "48px_v3.7_2024-01-10"
      }
    },
    {
      "type": "Feature",
      "geometry": {
        "type": "Point",
        "coordinates": [
          -2.1593669888154965,
          5.520999620468626
        ]
      },
      "properties": {
        "probability": 0.9841874837875366,
        "lat": 5.520999620468626,
        "lon": -2.1593669888154965,
        "region": "Tarkwa-Nsuaem",
        "detected_at": "2026-03-09T06:21:29.154066",
        "model_version": "48px_v3.7_2024-01-10"
      }
    },
    {
      "type": "Feature",
      "geometry": {
        "type": "Point",
        "coordinates": [
          -2.1593669888154965,
          5.518825596110516
        ]
      },
      "properties": {
        "probability": 0.9892891049385071,
        "lat": 5.518825596110516,
        "lon": -2.1593669888154965,
        "region": "Tarkwa-Nsuaem",
        "detected_at": "2026-03-09T06:21:29.154160",
        "model_version": "48px_v3.7_2024-01-10"
      }
    },
    {
      "type": "Feature",
      "geometry": {
        "type": "Point",
        "coordinates": [
          -2.1593669888154965,
          5.5166515717524085
        ]
      },
      "properties": {
        "probability": 0.9801193475723267,
        "lat": 5.5166515717524085,
        "lon": -2.1593669888154965,
        "region": "Tarkwa-Nsuaem",
        "detected_at": "2026-03-09T06:21:29.154250",
        "model_version": "48px_v3.7_2024-01-10"
      }
    },
    {
      "type": "Feature",
      "geometry": {
        "type": "Point",
        "coordinates": [
          -2.1593669888154965,
          5.514477547394301
        ]
      },
      "properties": {
        "probability": 0.9644692540168762,
        "lat": 5.514477547394301,
        "lon": -2.1593669888154965,
        "region": "Tarkwa-Nsuaem",
        "detected_at": "2026-03-09T06:21:29.154349",
        "model_version": "48px_v3.7_2024-01-10"
      }
    },
    {
      "type": "Feature",
      "geometry": {
        "type": "Point",
        "coordinates": [
          -2.1593669888154965,
          5.512303523036193
        ]
      },
      "properties": {
        "probability": 0.8883965015411377,
        "lat": 5.512303523036193,
        "lon": -2.1593669888154965,
        "region": "Tarkwa-Nsuaem",
        "detected_at": "2026-03-09T06:21:29.154439",
        "model_version": "48px_v3.7_2024-01-10"
      }
    },
    {
      "type": "Feature",
      "geometry": {
        "type": "Point",
        "coordinates": [
          -2.157197407410478,
          5.514477547394301
        ]
      },
      "properties": {
        "probability": 0.8465680480003357,
        "lat": 5.514477547394301,
        "lon": -2.157197407410478,
        "region": "Tarkwa-Nsuaem",
        "detected_at": "2026-03-09T06:21:29.154528",
        "model_version": "48px_v3.7_2024-01-10"
      }
    },
    {
      "type": "Feature",
      "geometry": {
        "type": "Point",
        "coordinates": [
          -2.1550278260054583,
          5.516651571752409
        ]
      },
      "properties": {
        "probability": 0.8570607900619507,
        "lat": 5.516651571752409,
        "lon": -2.1550278260054583,
        "region": "Tarkwa-Nsuaem",
        "detected_at": "2026-03-09T06:21:29.154617",
        "model_version": "48px_v3.7_2024-01-10"
      }
    },
    {
      "type": "Feature",
      "geometry": {
        "type": "Point",
        "coordinates": [
          -2.1550278260054583,
          5.514477547394301
        ]
      },
      "properties": {
        "probability": 0.999980628490448,
        "lat": 5.514477547394301,
        "lon": -2.1550278260054583,
        "region": "Tarkwa-Nsuaem",
        "detected_at": "2026-03-09T06:21:29.154705",
        "model_version": "48px_v3.7_2024-01-10"
      }
    },
    {
      "type": "Feature",
      "geometry": {
        "type": "Point",
        "coordinates": [
          -2.1550278260054583,
          5.512303523036193
        ]
      },
      "properties": {
        "probability": 0.9324631690979004,
        "lat": 5.512303523036193,
        "lon": -2.1550278260054583,
        "region": "Tarkwa-Nsuaem",
        "detected_at": "2026-03-09T06:21:29.154793",
        "model_version": "48px_v3.7_2024-01-10"
      }
    },
    {
      "type": "Feature",
      "geometry": {
        "type": "Point",
        "coordinates": [
          -2.1528582446004387,
          5.5166515717524085
        ]
      },
      "properties": {
        "probability": 0.8763399720191956,
        "lat": 5.5166515717524085,
        "lon": -2.1528582446004387,
        "region": "Tarkwa-Nsuaem",
        "detected_at": "2026-03-09T06:21:29.154882",
        "model_version": "48px_v3.7_2024-01-10"
      }
    },
    {
      "type": "Feature",
      "geometry": {
        "type": "Point",
        "coordinates": [
          -2.1528582446004387,
          5.514477547394301
        ]
      },
      "properties": {
        "probability": 0.9996063709259033,
        "lat": 5.514477547394301,
        "lon": -2.1528582446004387,
        "region": "Tarkwa-Nsuaem",
        "detected_at": "2026-03-09T06:21:29.154971",
        "model_version": "48px_v3.7_2024-01-10"
      }
    },
    {
      "type": "Feature",
      "geometry": {
        "type": "Point",
        "coordinates": [
          -2.15068866319542,
          5.5166515717524085
        ]
      },
      "properties": {
        "probability": 0.9771815538406372,
        "lat": 5.5166515717524085,
        "lon": -2.15068866319542,
        "region": "Tarkwa-Nsuaem",
        "detected_at": "2026-03-09T06:21:29.155112",
        "model_version": "48px_v3.7_2024-01-10"
      }
    },
    {
      "type": "Feature",
      "geometry": {
        "type": "Point",
        "coordinates": [
          -2.15068866319542,
          5.514477547394301
        ]
      },
      "properties": {
        "probability": 0.9108785390853882,
        "lat": 5.514477547394301,
        "lon": -2.15068866319542,
        "region": "Tarkwa-Nsuaem",
        "detected_at": "2026-03-09T06:21:29.155206",
        "model_version": "48px_v3.7_2024-01-10"
      }
    },
    {
      "type": "Feature",
      "geometry": {
        "type": "Point",
        "coordinates": [
          -2.1485190817904005,
          5.516651571752409
        ]
      },
      "properties": {
        "probability": 0.9379810690879822,
        "lat": 5.516651571752409,
        "lon": -2.1485190817904005,
        "region": "Tarkwa-Nsuaem",
        "detected_at": "2026-03-09T06:21:29.155295",
        "model_version": "48px_v3.7_2024-01-10"
      }
    },
    {
      "type": "Feature",
      "geometry": {
        "type": "Point",
        "coordinates": [
          -2.1485190817904005,
          5.514477547394301
        ]
      },
      "properties": {
        "probability": 0.8880786895751953,
        "lat": 5.514477547394301,
        "lon": -2.1485190817904005,
        "region": "Tarkwa-Nsuaem",
        "detected_at": "2026-03-09T06:21:29.155384",
        "model_version": "48px_v3.7_2024-01-10"
      }
    },
    {
      "type": "Feature",
      "geometry": {
        "type": "Point",
        "coordinates": [
          -2.146349500385381,
          5.514477547394301
        ]
      },
      "properties": {
        "probability": 0.9583002924919128,
        "lat": 5.514477547394301,
        "lon": -2.146349500385381,
        "region": "Tarkwa-Nsuaem",
        "detected_at": "2026-03-09T06:21:29.155473",
        "model_version": "48px_v3.7_2024-01-10"
      }
    },
    {
      "type": "Feature",
      "geometry": {
        "type": "Point",
        "coordinates": [
          -2.146349500385381,
          5.512303523036193
        ]
      },
      "properties": {
        "probability": 0.964850664138794,
        "lat": 5.512303523036193,
        "lon": -2.146349500385381,
        "region": "Tarkwa-Nsuaem",
        "detected_at": "2026-03-09T06:21:29.155563",
        "model_version": "48px_v3.7_2024-01-10"
      }
    },
    {
      "type": "Feature",
      "geometry": {
        "type": "Point",
        "coordinates": [
          -2.146349500385381,
          5.510129498678084
        ]
      },
      "properties": {
        "probability": 0.9505036473274231,
        "lat": 5.510129498678084,
        "lon": -2.146349500385381,
        "region": "Tarkwa-Nsuaem",
        "detected_at": "2026-03-09T06:21:29.155654",
        "model_version": "48px_v3.7_2024-01-10"
      }
    },
    {
      "type": "Feature",
      "geometry": {
        "type": "Point",
        "coordinates": [
          -2.1441799189803623,
          5.510129498678084
        ]
      },
      "properties": {
        "probability": 0.9838203191757202,
        "lat": 5.510129498678084,
        "lon": -2.1441799189803623,
        "region": "Tarkwa-Nsuaem",
        "detected_at": "2026-03-09T06:21:29.155751",
        "model_version": "48px_v3.7_2024-01-10"
      }
    },
    {
      "type": "Feature",
      "geometry": {
        "type": "Point",
        "coordinates": [
          -2.1441799189803623,
          5.507955474319976
        ]
      },
      "properties": {
        "probability": 0.9882292151451111,
        "lat": 5.507955474319976,
        "lon": -2.1441799189803623,
        "region": "Tarkwa-Nsuaem",
        "detected_at": "2026-03-09T06:21:29.155848",
        "model_version": "48px_v3.7_2024-01-10"
      }
    },
    {
      "type": "Feature",
      "geometry": {
        "type": "Point",
        "coordinates": [
          -2.1441799189803623,
          5.5057814499618685
        ]
      },
      "properties": {
        "probability": 0.8873836398124695,
        "lat": 5.5057814499618685,
        "lon": -2.1441799189803623,
        "region": "Tarkwa-Nsuaem",
        "detected_at": "2026-03-09T06:21:29.155938",
        "model_version": "48px_v3.7_2024-01-10"
      }
    },
    {
      "type": "Feature",
      "geometry": {
        "type": "Point",
        "coordinates": [
          -2.1420103375753428,
          5.507955474319976
        ]
      },
      "properties": {
        "probability": 0.864716649055481,
        "lat": 5.507955474319976,
        "lon": -2.1420103375753428,
        "region": "Tarkwa-Nsuaem",
        "detected_at": "2026-03-09T06:21:29.156046",
        "model_version": "48px_v3.7_2024-01-10"
      }
    },
    {
      "type": "Feature",
      "geometry": {
        "type": "Point",
        "coordinates": [
          -2.1420103375753428,
          5.505781449961869
        ]
      },
      "properties": {
        "probability": 0.9999557733535767,
        "lat": 5.505781449961869,
        "lon": -2.1420103375753428,
        "region": "Tarkwa-Nsuaem",
        "detected_at": "2026-03-09T06:21:29.156142",
        "model_version": "48px_v3.7_2024-01-10"
      }
    },
    {
      "type": "Feature",
      "geometry": {
        "type": "Point",
        "coordinates": [
          -2.1420103375753428,
          5.50360742560376
        ]
      },
      "properties": {
        "probability": 0.9889039397239685,
        "lat": 5.50360742560376,
        "lon": -2.1420103375753428,
        "region": "Tarkwa-Nsuaem",
        "detected_at": "2026-03-09T06:21:29.156233",
        "model_version": "48px_v3.7_2024-01-10"
      }
    },
    {
      "type": "Feature",
      "geometry": {
        "type": "Point",
        "coordinates": [
          -2.139840756170323,
          5.5057814499618685
        ]
      },
      "properties": {
        "probability": 0.99991774559021,
        "lat": 5.5057814499618685,
        "lon": -2.139840756170323,
        "region": "Tarkwa-Nsuaem",
        "detected_at": "2026-03-09T06:21:29.156322",
        "model_version": "48px_v3.7_2024-01-10"
      }
    },
    {
      "type": "Feature",
      "geometry": {
        "type": "Point",
        "coordinates": [
          -2.139840756170323,
          5.503607425603761
        ]
      },
      "properties": {
        "probability": 0.9986748695373535,
        "lat": 5.503607425603761,
        "lon": -2.139840756170323,
        "region": "Tarkwa-Nsuaem",
        "detected_at": "2026-03-09T06:21:29.156413",
        "model_version": "48px_v3.7_2024-01-10"
      }
    },
    {
      "type": "Feature",
      "geometry": {
        "type": "Point",
        "coordinates": [
          -2.1376711747653045,
          5.5057814499618685
        ]
      },
      "properties": {
        "probability": 0.9712951183319092,
        "lat": 5.5057814499618685,
        "lon": -2.1376711747653045,
        "region": "Tarkwa-Nsuaem",
        "detected_at": "2026-03-09T06:21:29.156504",
        "model_version": "48px_v3.7_2024-01-10"
      }
    },
    {
      "type": "Feature",
      "geometry": {
        "type": "Point",
        "coordinates": [
          -2.137671174765304,
          5.503607425603761
        ]
      },
      "properties": {
        "probability": 0.9449396729469299,
        "lat": 5.503607425603761,
        "lon": -2.137671174765304,
        "region": "Tarkwa-Nsuaem",
        "detected_at": "2026-03-09T06:21:29.156593",
        "model_version": "48px_v3.7_2024-01-10"
      }
    },
    {
      "type": "Feature",
      "geometry": {
        "type": "Point",
        "coordinates": [
          -2.135501593360285,
          5.501433401245651
        ]
      },
      "properties": {
        "probability": 0.935398519039154,
        "lat": 5.501433401245651,
        "lon": -2.135501593360285,
        "region": "Tarkwa-Nsuaem",
        "detected_at": "2026-03-09T06:21:29.156683",
        "model_version": "48px_v3.7_2024-01-10"
      }
    },
    {
      "type": "Feature",
      "geometry": {
        "type": "Point",
        "coordinates": [
          -2.135501593360285,
          5.499259376887544
        ]
      },
      "properties": {
        "probability": 0.8697025775909424,
        "lat": 5.499259376887544,
        "lon": -2.135501593360285,
        "region": "Tarkwa-Nsuaem",
        "detected_at": "2026-03-09T06:21:29.156774",
        "model_version": "48px_v3.7_2024-01-10"
      }
    },
    {
      "type": "Feature",
      "geometry": {
        "type": "Point",
        "coordinates": [
          -2.1333320119552655,
          5.503607425603761
        ]
      },
      "properties": {
        "probability": 0.9000633358955383,
        "lat": 5.503607425603761,
        "lon": -2.1333320119552655,
        "region": "Tarkwa-Nsuaem",
        "detected_at": "2026-03-09T06:21:29.156864",
        "model_version": "48px_v3.7_2024-01-10"
      }
    },
    {
      "type": "Feature",
      "geometry": {
        "type": "Point",
        "coordinates": [
          -2.1333320119552655,
          5.501433401245651
        ]
      },
      "properties": {
        "probability": 0.9999302625656128,
        "lat": 5.501433401245651,
        "lon": -2.1333320119552655,
        "region": "Tarkwa-Nsuaem",
        "detected_at": "2026-03-09T06:21:29.156953",
        "model_version": "48px_v3.7_2024-01-10"
      }
    },
    {
      "type": "Feature",
      "geometry": {
        "type": "Point",
        "coordinates": [
          -2.1333320119552655,
          5.499259376887544
        ]
      },
      "properties": {
        "probability": 0.9997946619987488,
        "lat": 5.499259376887544,
        "lon": -2.1333320119552655,
        "region": "Tarkwa-Nsuaem",
        "detected_at": "2026-03-09T06:21:29.157062",
        "model_version": "48px_v3.7_2024-01-10"
      }
    },
    {
      "type": "Feature",
      "geometry": {
        "type": "Point",
        "coordinates": [
          -2.1311624305502463,
          5.503607425603761
        ]
      },
      "properties": {
        "probability": 0.8168946504592896,
        "lat": 5.503607425603761,
        "lon": -2.1311624305502463,
        "region": "Tarkwa-Nsuaem",
        "detected_at": "2026-03-09T06:21:29.157155",
        "model_version": "48px_v3.7_2024-01-10"
      }
    },
    {
      "type": "Feature",
      "geometry": {
        "type": "Point",
        "coordinates": [
          -2.131162430550247,
          5.501433401245651
        ]
      },
      "properties": {
        "probability": 0.9949666261672974,
        "lat": 5.501433401245651,
        "lon": -2.131162430550247,
        "region": "Tarkwa-Nsuaem",
        "detected_at": "2026-03-09T06:21:29.157245",
        "model_version": "48px_v3.7_2024-01-10"
      }
    },
    {
      "type": "Feature",
      "geometry": {
        "type": "Point",
        "coordinates": [
          -2.1311624305502463,
          5.499259376887544
        ]
      },
      "properties": {
        "probability": 0.9865381121635437,
        "lat": 5.499259376887544,
        "lon": -2.1311624305502463,
        "region": "Tarkwa-Nsuaem",
        "detected_at": "2026-03-09T06:21:29.157344",
        "model_version": "48px_v3.7_2024-01-10"
      }
    },
    {
      "type": "Feature",
      "geometry": {
        "type": "Point",
        "coordinates": [
          -2.1289928491452272,
          5.50360742560376
        ]
      },
      "properties": {
        "probability": 0.8954470157623291,
        "lat": 5.50360742560376,
        "lon": -2.1289928491452272,
        "region": "Tarkwa-Nsuaem",
        "detected_at": "2026-03-09T06:21:29.157437",
        "model_version": "48px_v3.7_2024-01-10"
      }
    },
    {
      "type": "Feature",
      "geometry": {
        "type": "Point",
        "coordinates": [
          -2.1268232677402077,
          5.503607425603761
        ]
      },
      "properties": {
        "probability": 0.8266099095344543,
        "lat": 5.503607425603761,
        "lon": -2.1268232677402077,
        "region": "Tarkwa-Nsuaem",
        "detected_at": "2026-03-09T06:21:29.157527",
        "model_version": "48px_v3.7_2024-01-10"
      }
    },
    {
      "type": "Feature",
      "geometry": {
        "type": "Point",
        "coordinates": [
          -2.124653686335189,
          5.503607425603761
        ]
      },
      "properties": {
        "probability": 0.8645362257957458,
        "lat": 5.503607425603761,
        "lon": -2.124653686335189,
        "region": "Tarkwa-Nsuaem",
        "detected_at": "2026-03-09T06:21:29.157622",
        "model_version": "48px_v3.7_2024-01-10"
      }
    },
    {
      "type": "Feature",
      "geometry": {
        "type": "Point",
        "coordinates": [
          -2.124653686335189,
          5.501433401245651
        ]
      },
      "properties": {
        "probability": 0.9748020768165588,
        "lat": 5.501433401245651,
        "lon": -2.124653686335189,
        "region": "Tarkwa-Nsuaem",
        "detected_at": "2026-03-09T06:21:29.157713",
        "model_version": "48px_v3.7_2024-01-10"
      }
    },
    {
      "type": "Feature",
      "geometry": {
        "type": "Point",
        "coordinates": [
          -2.124653686335189,
          5.473171084590247
        ]
      },
      "properties": {
        "probability": 0.9995541572570801,
        "lat": 5.473171084590247,
        "lon": -2.124653686335189,
        "region": "Tarkwa-Nsuaem",
        "detected_at": "2026-03-09T06:21:29.157804",
        "model_version": "48px_v3.7_2024-01-10"
      }
    },
    {
      "type": "Feature",
      "geometry": {
        "type": "Point",
        "coordinates": [
          -2.1224841049301695,
          5.50360742560376
        ]
      },
      "properties": {
        "probability": 0.9973875284194946,
        "lat": 5.50360742560376,
        "lon": -2.1224841049301695,
        "region": "Tarkwa-Nsuaem",
        "detected_at": "2026-03-09T06:21:29.157893",
        "model_version": "48px_v3.7_2024-01-10"
      }
    },
    {
      "type": "Feature",
      "geometry": {
        "type": "Point",
        "coordinates": [
          -2.1224841049301695,
          5.501433401245651
        ]
      },
      "properties": {
        "probability": 0.9973419308662415,
        "lat": 5.501433401245651,
        "lon": -2.1224841049301695,
        "region": "Tarkwa-Nsuaem",
        "detected_at": "2026-03-09T06:21:29.157982",
        "model_version": "48px_v3.7_2024-01-10"
      }
    },
    {
      "type": "Feature",
      "geometry": {
        "type": "Point",
        "coordinates": [
          -2.1224841049301695,
          5.484041206380787
        ]
      },
      "properties": {
        "probability": 0.9634762406349182,
        "lat": 5.484041206380787,
        "lon": -2.1224841049301695,
        "region": "Tarkwa-Nsuaem",
        "detected_at": "2026-03-09T06:21:29.158092",
        "model_version": "48px_v3.7_2024-01-10"
      }
    },
    {
      "type": "Feature",
      "geometry": {
        "type": "Point",
        "coordinates": [
          -2.1224841049301695,
          5.4731710845902475
        ]
      },
      "properties": {
        "probability": 0.9900188446044922,
        "lat": 5.4731710845902475,
        "lon": -2.1224841049301695,
        "region": "Tarkwa-Nsuaem",
        "detected_at": "2026-03-09T06:21:29.158185",
        "model_version": "48px_v3.7_2024-01-10"
      }
    },
    {
      "type": "Feature",
      "geometry": {
        "type": "Point",
        "coordinates": [
          -2.12031452352515,
          5.503607425603761
        ]
      },
      "properties": {
        "probability": 0.9980208277702332,
        "lat": 5.503607425603761,
        "lon": -2.12031452352515,
        "region": "Tarkwa-Nsuaem",
        "detected_at": "2026-03-09T06:21:29.158275",
        "model_version": "48px_v3.7_2024-01-10"
      }
    },
    {
      "type": "Feature",
      "geometry": {
        "type": "Point",
        "coordinates": [
          -2.12031452352515,
          5.486215230738897
        ]
      },
      "properties": {
        "probability": 0.996605396270752,
        "lat": 5.486215230738897,
        "lon": -2.12031452352515,
        "region": "Tarkwa-Nsuaem",
        "detected_at": "2026-03-09T06:21:29.158365",
        "model_version": "48px_v3.7_2024-01-10"
      }
    },
    {
      "type": "Feature",
      "geometry": {
        "type": "Point",
        "coordinates": [
          -2.12031452352515,
          5.484041206380787
        ]
      },
      "properties": {
        "probability": 0.9998831748962402,
        "lat": 5.484041206380787,
        "lon": -2.12031452352515,
        "region": "Tarkwa-Nsuaem",
        "detected_at": "2026-03-09T06:21:29.158461",
        "model_version": "48px_v3.7_2024-01-10"
      }
    },
    {
      "type": "Feature",
      "geometry": {
        "type": "Point",
        "coordinates": [
          -2.12031452352515,
          5.481867182022679
        ]
      },
      "properties": {
        "probability": 0.9665607810020447,
        "lat": 5.481867182022679,
        "lon": -2.12031452352515,
        "region": "Tarkwa-Nsuaem",
        "detected_at": "2026-03-09T06:21:29.158551",
        "model_version": "48px_v3.7_2024-01-10"
      }
    },
    {
      "type": "Feature",
      "geometry": {
        "type": "Point",
        "coordinates": [
          -2.1181449421201313,
          5.488389255097005
        ]
      },
      "properties": {
        "probability": 0.8914089798927307,
        "lat": 5.488389255097005,
        "lon": -2.1181449421201313,
        "region": "Tarkwa-Nsuaem",
        "detected_at": "2026-03-09T06:21:29.158641",
        "model_version": "48px_v3.7_2024-01-10"
      }
    },
    {
      "type": "Feature",
      "geometry": {
        "type": "Point",
        "coordinates": [
          -2.1181449421201313,
          5.486215230738897
        ]
      },
      "properties": {
        "probability": 0.9977458715438843,
        "lat": 5.486215230738897,
        "lon": -2.1181449421201313,
        "region": "Tarkwa-Nsuaem",
        "detected_at": "2026-03-09T06:21:29.158730",
        "model_version": "48px_v3.7_2024-01-10"
      }
    },
    {
      "type": "Feature",
      "geometry": {
        "type": "Point",
        "coordinates": [
          -2.1181449421201313,
          5.484041206380787
        ]
      },
      "properties": {
        "probability": 0.9979597926139832,
        "lat": 5.484041206380787,
        "lon": -2.1181449421201313,
        "region": "Tarkwa-Nsuaem",
        "detected_at": "2026-03-09T06:21:29.158825",
        "model_version": "48px_v3.7_2024-01-10"
      }
    },
    {
      "type": "Feature",
      "geometry": {
        "type": "Point",
        "coordinates": [
          -2.1181449421201313,
          5.481867182022679
        ]
      },
      "properties": {
        "probability": 0.9986209273338318,
        "lat": 5.481867182022679,
        "lon": -2.1181449421201313,
        "region": "Tarkwa-Nsuaem",
        "detected_at": "2026-03-09T06:21:29.158915",
        "model_version": "48px_v3.7_2024-01-10"
      }
    },
    {
      "type": "Feature",
      "geometry": {
        "type": "Point",
        "coordinates": [
          -2.1138824746832583,
          5.505705082888564
        ]
      },
      "properties": {
        "probability": 0.8448454737663269,
        "lat": 5.505705082888564,
        "lon": -2.1138824746832583,
        "region": "Tarkwa-Nsuaem",
        "detected_at": "2026-03-09T06:21:29.159020",
        "model_version": "48px_v3.7_2024-01-10"
      }
    },
    {
      "type": "Feature",
      "geometry": {
        "type": "Point",
        "coordinates": [
          -2.1138824746832583,
          5.50353090044746
        ]
      },
      "properties": {
        "probability": 0.8843759298324585,
        "lat": 5.50353090044746,
        "lon": -2.1138824746832583,
        "region": "Tarkwa-Nsuaem",
        "detected_at": "2026-03-09T06:21:29.159115",
        "model_version": "48px_v3.7_2024-01-10"
      }
    },
    {
      "type": "Feature",
      "geometry": {
        "type": "Point",
        "coordinates": [
          -2.1138824746832583,
          5.499182535565255
        ]
      },
      "properties": {
        "probability": 0.9999902844429016,
        "lat": 5.499182535565255,
        "lon": -2.1138824746832583,
        "region": "Tarkwa-Nsuaem",
        "detected_at": "2026-03-09T06:21:29.159205",
        "model_version": "48px_v3.7_2024-01-10"
      }
    },
    {
      "type": "Feature",
      "geometry": {
        "type": "Point",
        "coordinates": [
          -2.1138824746832583,
          5.497008353124149
        ]
      },
      "properties": {
        "probability": 1.0,
        "lat": 5.497008353124149,
        "lon": -2.1138824746832583,
        "region": "Tarkwa-Nsuaem",
        "detected_at": "2026-03-09T06:21:29.159295",
        "model_version": "48px_v3.7_2024-01-10"
      }
    },
    {
      "type": "Feature",
      "geometry": {
        "type": "Point",
        "coordinates": [
          -2.1138824746832583,
          5.494834170683046
        ]
      },
      "properties": {
        "probability": 0.9999879598617554,
        "lat": 5.494834170683046,
        "lon": -2.1138824746832583,
        "region": "Tarkwa-Nsuaem",
        "detected_at": "2026-03-09T06:21:29.159391",
        "model_version": "48px_v3.7_2024-01-10"
      }
    },
    {
      "type": "Feature",
      "geometry": {
        "type": "Point",
        "coordinates": [
          -2.1138824746832583,
          5.492659988241943
        ]
      },
      "properties": {
        "probability": 0.9683367013931274,
        "lat": 5.492659988241943,
        "lon": -2.1138824746832583,
        "region": "Tarkwa-Nsuaem",
        "detected_at": "2026-03-09T06:21:29.159480",
        "model_version": "48px_v3.7_2024-01-10"
      }
    },
    {
      "type": "Feature",
      "geometry": {
        "type": "Point",
        "coordinates": [
          -2.1138824746832583,
          5.490485805800839
        ]
      },
      "properties": {
        "probability": 0.9817273020744324,
        "lat": 5.490485805800839,
        "lon": -2.1138824746832583,
        "region": "Tarkwa-Nsuaem",
        "detected_at": "2026-03-09T06:21:29.159568",
        "model_version": "48px_v3.7_2024-01-10"
      }
    },
    {
      "type": "Feature",
      "geometry": {
        "type": "Point",
        "coordinates": [
          -2.1138824746832583,
          5.488311623359736
        ]
      },
      "properties": {
        "probability": 0.8626455068588257,
        "lat": 5.488311623359736,
        "lon": -2.1138824746832583,
        "region": "Tarkwa-Nsuaem",
        "detected_at": "2026-03-09T06:21:29.159656",
        "model_version": "48px_v3.7_2024-01-10"
      }
    },
    {
      "type": "Feature",
      "geometry": {
        "type": "Point",
        "coordinates": [
          -2.1138824746832583,
          5.4861374409186325
        ]
      },
      "properties": {
        "probability": 0.9824410676956177,
        "lat": 5.4861374409186325,
        "lon": -2.1138824746832583,
        "region": "Tarkwa-Nsuaem",
        "detected_at": "2026-03-09T06:21:29.159746",
        "model_version": "48px_v3.7_2024-01-10"
      }
    },
    {
      "type": "Feature",
      "geometry": {
        "type": "Point",
        "coordinates": [
          -2.1138824746832583,
          5.483963258477528
        ]
      },
      "properties": {
        "probability": 0.9935018420219421,
        "lat": 5.483963258477528,
        "lon": -2.1138824746832583,
        "region": "Tarkwa-Nsuaem",
        "detected_at": "2026-03-09T06:21:29.159836",
        "model_version": "48px_v3.7_2024-01-10"
      }
    },
    {
      "type": "Feature",
      "geometry": {
        "type": "Point",
        "coordinates": [
          -2.1138824746832583,
          5.481789076036426
        ]
      },
      "properties": {
        "probability": 0.9542026519775391,
        "lat": 5.481789076036426,
        "lon": -2.1138824746832583,
        "region": "Tarkwa-Nsuaem",
        "detected_at": "2026-03-09T06:21:29.159924",
        "model_version": "48px_v3.7_2024-01-10"
      }
    },
    {
      "type": "Feature",
      "geometry": {
        "type": "Point",
        "coordinates": [
          -2.1117127358028114,
          5.501356718006357
        ]
      },
      "properties": {
        "probability": 0.9843997955322266,
        "lat": 5.501356718006357,
        "lon": -2.1117127358028114,
        "region": "Tarkwa-Nsuaem",
        "detected_at": "2026-03-09T06:21:29.160030",
        "model_version": "48px_v3.7_2024-01-10"
      }
    },
    {
      "type": "Feature",
      "geometry": {
        "type": "Point",
        "coordinates": [
          -2.1117127358028114,
          5.499182535565255
        ]
      },
      "properties": {
        "probability": 0.9999979138374329,
        "lat": 5.499182535565255,
        "lon": -2.1117127358028114,
        "region": "Tarkwa-Nsuaem",
        "detected_at": "2026-03-09T06:21:29.160123",
        "model_version": "48px_v3.7_2024-01-10"
      }
    },
    {
      "type": "Feature",
      "geometry": {
        "type": "Point",
        "coordinates": [
          -2.1117127358028114,
          5.497008353124149
        ]
      },
      "properties": {
        "probability": 0.9999701976776123,
        "lat": 5.497008353124149,
        "lon": -2.1117127358028114,
        "region": "Tarkwa-Nsuaem",
        "detected_at": "2026-03-09T06:21:29.160212",
        "model_version": "48px_v3.7_2024-01-10"
      }
    },
    {
      "type": "Feature",
      "geometry": {
        "type": "Point",
        "coordinates": [
          -2.111712735802812,
          5.494834170683046
        ]
      },
      "properties": {
        "probability": 0.9995619654655457,
        "lat": 5.494834170683046,
        "lon": -2.111712735802812,
        "region": "Tarkwa-Nsuaem",
        "detected_at": "2026-03-09T06:21:29.160309",
        "model_version": "48px_v3.7_2024-01-10"
      }
    },
    {
      "type": "Feature",
      "geometry": {
        "type": "Point",
        "coordinates": [
          -2.1117127358028114,
          5.492659988241943
        ]
      },
      "properties": {
        "probability": 0.9988715648651123,
        "lat": 5.492659988241943,
        "lon": -2.1117127358028114,
        "region": "Tarkwa-Nsuaem",
        "detected_at": "2026-03-09T06:21:29.160398",
        "model_version": "48px_v3.7_2024-01-10"
      }
    },
    {
      "type": "Feature",
      "geometry": {
        "type": "Point",
        "coordinates": [
          -2.1117127358028114,
          5.490485805800839
        ]
      },
      "properties": {
        "probability": 0.9999932646751404,
        "lat": 5.490485805800839,
        "lon": -2.1117127358028114,
        "region": "Tarkwa-Nsuaem",
        "detected_at": "2026-03-09T06:21:29.160486",
        "model_version": "48px_v3.7_2024-01-10"
      }
    },
    {
      "type": "Feature",
      "geometry": {
        "type": "Point",
        "coordinates": [
          -2.111712735802812,
          5.488311623359736
        ]
      },
      "properties": {
        "probability": 0.9999974966049194,
        "lat": 5.488311623359736,
        "lon": -2.111712735802812,
        "region": "Tarkwa-Nsuaem",
        "detected_at": "2026-03-09T06:21:29.160576",
        "model_version": "48px_v3.7_2024-01-10"
      }
    },
    {
      "type": "Feature",
      "geometry": {
        "type": "Point",
        "coordinates": [
          -2.1117127358028114,
          5.4861374409186325
        ]
      },
      "properties": {
        "probability": 0.9999946355819702,
        "lat": 5.4861374409186325,
        "lon": -2.1117127358028114,
        "region": "Tarkwa-Nsuaem",
        "detected_at": "2026-03-09T06:21:29.160665",
        "model_version": "48px_v3.7_2024-01-10"
      }
    },
    {
      "type": "Feature",
      "geometry": {
        "type": "Point",
        "coordinates": [
          -2.1117127358028114,
          5.483963258477528
        ]
      },
      "properties": {
        "probability": 0.9979103803634644,
        "lat": 5.483963258477528,
        "lon": -2.1117127358028114,
        "region": "Tarkwa-Nsuaem",
        "detected_at": "2026-03-09T06:21:29.160753",
        "model_version": "48px_v3.7_2024-01-10"
      }
    },
    {
      "type": "Feature",
      "geometry": {
        "type": "Point",
        "coordinates": [
          -2.1095429969223645,
          5.499182535565255
        ]
      },
      "properties": {
        "probability": 0.9997459650039673,
        "lat": 5.499182535565255,
        "lon": -2.1095429969223645,
        "region": "Tarkwa-Nsuaem",
        "detected_at": "2026-03-09T06:21:29.160841",
        "model_version": "48px_v3.7_2024-01-10"
      }
    },
    {
      "type": "Feature",
      "geometry": {
        "type": "Point",
        "coordinates": [
          -2.1095429969223645,
          5.497008353124149
        ]
      },
      "properties": {
        "probability": 0.9999920129776001,
        "lat": 5.497008353124149,
        "lon": -2.1095429969223645,
        "region": "Tarkwa-Nsuaem",
        "detected_at": "2026-03-09T06:21:29.160929",
        "model_version": "48px_v3.7_2024-01-10"
      }
    },
    {
      "type": "Feature",
      "geometry": {
        "type": "Point",
        "coordinates": [
          -2.1095429969223645,
          5.494834170683046
        ]
      },
      "properties": {
        "probability": 0.9888884425163269,
        "lat": 5.494834170683046,
        "lon": -2.1095429969223645,
        "region": "Tarkwa-Nsuaem",
        "detected_at": "2026-03-09T06:21:29.161036",
        "model_version": "48px_v3.7_2024-01-10"
      }
    },
    {
      "type": "Feature",
      "geometry": {
        "type": "Point",
        "coordinates": [
          -2.1095429969223645,
          5.492659988241943
        ]
      },
      "properties": {
        "probability": 0.9999997019767761,
        "lat": 5.492659988241943,
        "lon": -2.1095429969223645,
        "region": "Tarkwa-Nsuaem",
        "detected_at": "2026-03-09T06:21:29.161129",
        "model_version": "48px_v3.7_2024-01-10"
      }
    },
    {
      "type": "Feature",
      "geometry": {
        "type": "Point",
        "coordinates": [
          -2.1095429969223645,
          5.490485805800839
        ]
      },
      "properties": {
        "probability": 1.0,
        "lat": 5.490485805800839,
        "lon": -2.1095429969223645,
        "region": "Tarkwa-Nsuaem",
        "detected_at": "2026-03-09T06:21:29.161224",
        "model_version": "48px_v3.7_2024-01-10"
      }
    },
    {
      "type": "Feature",
      "geometry": {
        "type": "Point",
        "coordinates": [
          -2.1095429969223645,
          5.488311623359736
        ]
      },
      "properties": {
        "probability": 0.9999996423721313,
        "lat": 5.488311623359736,
        "lon": -2.1095429969223645,
        "region": "Tarkwa-Nsuaem",
        "detected_at": "2026-03-09T06:21:29.161314",
        "model_version": "48px_v3.7_2024-01-10"
      }
    },
    {
      "type": "Feature",
      "geometry": {
        "type": "Point",
        "coordinates": [
          -2.1095429969223645,
          5.4861374409186325
        ]
      },
      "properties": {
        "probability": 0.9999620318412781,
        "lat": 5.4861374409186325,
        "lon": -2.1095429969223645,
        "region": "Tarkwa-Nsuaem",
        "detected_at": "2026-03-09T06:21:29.161403",
        "model_version": "48px_v3.7_2024-01-10"
      }
    },
    {
      "type": "Feature",
      "geometry": {
        "type": "Point",
        "coordinates": [
          -2.1095429969223645,
          5.483963258477528
        ]
      },
      "properties": {
        "probability": 0.9822441339492798,
        "lat": 5.483963258477528,
        "lon": -2.1095429969223645,
        "region": "Tarkwa-Nsuaem",
        "detected_at": "2026-03-09T06:21:29.161491",
        "model_version": "48px_v3.7_2024-01-10"
      }
    },
    {
      "type": "Feature",
      "geometry": {
        "type": "Point",
        "coordinates": [
          -2.1073732580419176,
          5.497008353124149
        ]
      },
      "properties": {
        "probability": 0.9955347180366516,
        "lat": 5.497008353124149,
        "lon": -2.1073732580419176,
        "region": "Tarkwa-Nsuaem",
        "detected_at": "2026-03-09T06:21:29.161580",
        "model_version": "48px_v3.7_2024-01-10"
      }
    },
    {
      "type": "Feature",
      "geometry": {
        "type": "Point",
        "coordinates": [
          -2.1073732580419176,
          5.494834170683046
        ]
      },
      "properties": {
        "probability": 0.9990653991699219,
        "lat": 5.494834170683046,
        "lon": -2.1073732580419176,
        "region": "Tarkwa-Nsuaem",
        "detected_at": "2026-03-09T06:21:29.161668",
        "model_version": "48px_v3.7_2024-01-10"
      }
    },
    {
      "type": "Feature",
      "geometry": {
        "type": "Point",
        "coordinates": [
          -2.1073732580419176,
          5.492659988241943
        ]
      },
      "properties": {
        "probability": 0.9999982118606567,
        "lat": 5.492659988241943,
        "lon": -2.1073732580419176,
        "region": "Tarkwa-Nsuaem",
        "detected_at": "2026-03-09T06:21:29.161762",
        "model_version": "48px_v3.7_2024-01-10"
      }
    },
    {
      "type": "Feature",
      "geometry": {
        "type": "Point",
        "coordinates": [
          -2.1073732580419176,
          5.490485805800839
        ]
      },
      "properties": {
        "probability": 0.999999463558197,
        "lat": 5.490485805800839,
        "lon": -2.1073732580419176,
        "region": "Tarkwa-Nsuaem",
        "detected_at": "2026-03-09T06:21:29.161850",
        "model_version": "48px_v3.7_2024-01-10"
      }
    },
    {
      "type": "Feature",
      "geometry": {
        "type": "Point",
        "coordinates": [
          -2.1073732580419176,
          5.488311623359736
        ]
      },
      "properties": {
        "probability": 0.9972889423370361,
        "lat": 5.488311623359736,
        "lon": -2.1073732580419176,
        "region": "Tarkwa-Nsuaem",
        "detected_at": "2026-03-09T06:21:29.161940",
        "model_version": "48px_v3.7_2024-01-10"
      }
    },
    {
      "type": "Feature",
      "geometry": {
        "type": "Point",
        "coordinates": [
          -2.1073732580419176,
          5.4861374409186325
        ]
      },
      "properties": {
        "probability": 0.9375720620155334,
        "lat": 5.4861374409186325,
        "lon": -2.1073732580419176,
        "region": "Tarkwa-Nsuaem",
        "detected_at": "2026-03-09T06:21:29.162047",
        "model_version": "48px_v3.7_2024-01-10"
      }
    },
    {
      "type": "Feature",
      "geometry": {
        "type": "Point",
        "coordinates": [
          -2.1052035191614706,
          5.494834170683046
        ]
      },
      "properties": {
        "probability": 0.9921165704727173,
        "lat": 5.494834170683046,
        "lon": -2.1052035191614706,
        "region": "Tarkwa-Nsuaem",
        "detected_at": "2026-03-09T06:21:29.162140",
        "model_version": "48px_v3.7_2024-01-10"
      }
    },
    {
      "type": "Feature",
      "geometry": {
        "type": "Point",
        "coordinates": [
          -2.1052035191614706,
          5.492659988241943
        ]
      },
      "properties": {
        "probability": 0.999260663986206,
        "lat": 5.492659988241943,
        "lon": -2.1052035191614706,
        "region": "Tarkwa-Nsuaem",
        "detected_at": "2026-03-09T06:21:29.162229",
        "model_version": "48px_v3.7_2024-01-10"
      }
    },
    {
      "type": "Feature",
      "geometry": {
        "type": "Point",
        "coordinates": [
          -2.1052035191614706,
          5.490485805800839
        ]
      },
      "properties": {
        "probability": 0.9953582286834717,
        "lat": 5.490485805800839,
        "lon": -2.1052035191614706,
        "region": "Tarkwa-Nsuaem",
        "detected_at": "2026-03-09T06:21:29.162319",
        "model_version": "48px_v3.7_2024-01-10"
      }
    },
    {
      "type": "Feature",
      "geometry": {
        "type": "Point",
        "coordinates": [
          -2.1030337802810237,
          5.516575995094081
        ]
      },
      "properties": {
        "probability": 0.9234820604324341,
        "lat": 5.516575995094081,
        "lon": -2.1030337802810237,
        "region": "Tarkwa-Nsuaem",
        "detected_at": "2026-03-09T06:21:29.162407",
        "model_version": "48px_v3.7_2024-01-10"
      }
    },
    {
      "type": "Feature",
      "geometry": {
        "type": "Point",
        "coordinates": [
          -2.1030337802810237,
          5.514401812652979
        ]
      },
      "properties": {
        "probability": 0.9186402559280396,
        "lat": 5.514401812652979,
        "lon": -2.1030337802810237,
        "region": "Tarkwa-Nsuaem",
        "detected_at": "2026-03-09T06:21:29.162496",
        "model_version": "48px_v3.7_2024-01-10"
      }
    },
    {
      "type": "Feature",
      "geometry": {
        "type": "Point",
        "coordinates": [
          -2.1030337802810237,
          5.494834170683046
        ]
      },
      "properties": {
        "probability": 0.9661605954170227,
        "lat": 5.494834170683046,
        "lon": -2.1030337802810237,
        "region": "Tarkwa-Nsuaem",
        "detected_at": "2026-03-09T06:21:29.162587",
        "model_version": "48px_v3.7_2024-01-10"
      }
    },
    {
      "type": "Feature",
      "geometry": {
        "type": "Point",
        "coordinates": [
          -2.1030337802810237,
          5.492659988241943
        ]
      },
      "properties": {
        "probability": 0.9911531805992126,
        "lat": 5.492659988241943,
        "lon": -2.1030337802810237,
        "region": "Tarkwa-Nsuaem",
        "detected_at": "2026-03-09T06:21:29.162675",
        "model_version": "48px_v3.7_2024-01-10"
      }
    },
    {
      "type": "Feature",
      "geometry": {
        "type": "Point",
        "coordinates": [
          -2.100864041400577,
          5.507879265329668
        ]
      },
      "properties": {
        "probability": 0.9184874296188354,
        "lat": 5.507879265329668,
        "lon": -2.100864041400577,
        "region": "Tarkwa-Nsuaem",
        "detected_at": "2026-03-09T06:21:29.162764",
        "model_version": "48px_v3.7_2024-01-10"
      }
    },
    {
      "type": "Feature",
      "geometry": {
        "type": "Point",
        "coordinates": [
          -2.100864041400577,
          5.501356718006357
        ]
      },
      "properties": {
        "probability": 0.9907486438751221,
        "lat": 5.501356718006357,
        "lon": -2.100864041400577,
        "region": "Tarkwa-Nsuaem",
        "detected_at": "2026-03-09T06:21:29.162853",
        "model_version": "48px_v3.7_2024-01-10"
      }
    },
    {
      "type": "Feature",
      "geometry": {
        "type": "Point",
        "coordinates": [
          -2.100864041400577,
          5.499182535565255
        ]
      },
      "properties": {
        "probability": 0.994846522808075,
        "lat": 5.499182535565255,
        "lon": -2.100864041400577,
        "region": "Tarkwa-Nsuaem",
        "detected_at": "2026-03-09T06:21:29.162949",
        "model_version": "48px_v3.7_2024-01-10"
      }
    },
    {
      "type": "Feature",
      "geometry": {
        "type": "Point",
        "coordinates": [
          -2.100864041400577,
          5.497008353124149
        ]
      },
      "properties": {
        "probability": 0.9978626370429993,
        "lat": 5.497008353124149,
        "lon": -2.100864041400577,
        "region": "Tarkwa-Nsuaem",
        "detected_at": "2026-03-09T06:21:29.163058",
        "model_version": "48px_v3.7_2024-01-10"
      }
    },
    {
      "type": "Feature",
      "geometry": {
        "type": "Point",
        "coordinates": [
          -2.100864041400577,
          5.494834170683046
        ]
      },
      "properties": {
        "probability": 0.9999892115592957,
        "lat": 5.494834170683046,
        "lon": -2.100864041400577,
        "region": "Tarkwa-Nsuaem",
        "detected_at": "2026-03-09T06:21:29.163150",
        "model_version": "48px_v3.7_2024-01-10"
      }
    },
    {
      "type": "Feature",
      "geometry": {
        "type": "Point",
        "coordinates": [
          -2.100864041400577,
          5.492659988241943
        ]
      },
      "properties": {
        "probability": 0.9998829960823059,
        "lat": 5.492659988241943,
        "lon": -2.100864041400577,
        "region": "Tarkwa-Nsuaem",
        "detected_at": "2026-03-09T06:21:29.163254",
        "model_version": "48px_v3.7_2024-01-10"
      }
    },
    {
      "type": "Feature",
      "geometry": {
        "type": "Point",
        "coordinates": [
          -2.09869430252013,
          5.512227630211875
        ]
      },
      "properties": {
        "probability": 0.9904254078865051,
        "lat": 5.512227630211875,
        "lon": -2.09869430252013,
        "region": "Tarkwa-Nsuaem",
        "detected_at": "2026-03-09T06:21:29.163346",
        "model_version": "48px_v3.7_2024-01-10"
      }
    },
    {
      "type": "Feature",
      "geometry": {
        "type": "Point",
        "coordinates": [
          -2.09869430252013,
          5.510053447770771
        ]
      },
      "properties": {
        "probability": 0.9760120511054993,
        "lat": 5.510053447770771,
        "lon": -2.09869430252013,
        "region": "Tarkwa-Nsuaem",
        "detected_at": "2026-03-09T06:21:29.163450",
        "model_version": "48px_v3.7_2024-01-10"
      }
    },
    {
      "type": "Feature",
      "geometry": {
        "type": "Point",
        "coordinates": [
          -2.09869430252013,
          5.507879265329668
        ]
      },
      "properties": {
        "probability": 0.9780640006065369,
        "lat": 5.507879265329668,
        "lon": -2.09869430252013,
        "region": "Tarkwa-Nsuaem",
        "detected_at": "2026-03-09T06:21:29.163556",
        "model_version": "48px_v3.7_2024-01-10"
      }
    },
    {
      "type": "Feature",
      "geometry": {
        "type": "Point",
        "coordinates": [
          -2.0986943025201295,
          5.505705082888564
        ]
      },
      "properties": {
        "probability": 0.8935684561729431,
        "lat": 5.505705082888564,
        "lon": -2.0986943025201295,
        "region": "Tarkwa-Nsuaem",
        "detected_at": "2026-03-09T06:21:29.163646",
        "model_version": "48px_v3.7_2024-01-10"
      }
    },
    {
      "type": "Feature",
      "geometry": {
        "type": "Point",
        "coordinates": [
          -2.09869430252013,
          5.50353090044746
        ]
      },
      "properties": {
        "probability": 0.9944363236427307,
        "lat": 5.50353090044746,
        "lon": -2.09869430252013,
        "region": "Tarkwa-Nsuaem",
        "detected_at": "2026-03-09T06:21:29.163735",
        "model_version": "48px_v3.7_2024-01-10"
      }
    },
    {
      "type": "Feature",
      "geometry": {
        "type": "Point",
        "coordinates": [
          -2.09869430252013,
          5.501356718006357
        ]
      },
      "properties": {
        "probability": 0.9874104261398315,
        "lat": 5.501356718006357,
        "lon": -2.09869430252013,
        "region": "Tarkwa-Nsuaem",
        "detected_at": "2026-03-09T06:21:29.163825",
        "model_version": "48px_v3.7_2024-01-10"
      }
    },
    {
      "type": "Feature",
      "geometry": {
        "type": "Point",
        "coordinates": [
          -2.09869430252013,
          5.499182535565255
        ]
      },
      "properties": {
        "probability": 0.9974534511566162,
        "lat": 5.499182535565255,
        "lon": -2.09869430252013,
        "region": "Tarkwa-Nsuaem",
        "detected_at": "2026-03-09T06:21:29.163915",
        "model_version": "48px_v3.7_2024-01-10"
      }
    },
    {
      "type": "Feature",
      "geometry": {
        "type": "Point",
        "coordinates": [
          -2.09869430252013,
          5.497008353124149
        ]
      },
      "properties": {
        "probability": 0.9814409613609314,
        "lat": 5.497008353124149,
        "lon": -2.09869430252013,
        "region": "Tarkwa-Nsuaem",
        "detected_at": "2026-03-09T06:21:29.164022",
        "model_version": "48px_v3.7_2024-01-10"
      }
    },
    {
      "type": "Feature",
      "geometry": {
        "type": "Point",
        "coordinates": [
          -2.0986943025201295,
          5.494834170683046
        ]
      },
      "properties": {
        "probability": 0.9999404549598694,
        "lat": 5.494834170683046,
        "lon": -2.0986943025201295,
        "region": "Tarkwa-Nsuaem",
        "detected_at": "2026-03-09T06:21:29.164116",
        "model_version": "48px_v3.7_2024-01-10"
      }
    },
    {
      "type": "Feature",
      "geometry": {
        "type": "Point",
        "coordinates": [
          -2.09869430252013,
          5.492659988241943
        ]
      },
      "properties": {
        "probability": 0.9998199343681335,
        "lat": 5.492659988241943,
        "lon": -2.09869430252013,
        "region": "Tarkwa-Nsuaem",
        "detected_at": "2026-03-09T06:21:29.164207",
        "model_version": "48px_v3.7_2024-01-10"
      }
    },
    {
      "type": "Feature",
      "geometry": {
        "type": "Point",
        "coordinates": [
          -2.096524563639683,
          5.512227630211875
        ]
      },
      "properties": {
        "probability": 0.9821287989616394,
        "lat": 5.512227630211875,
        "lon": -2.096524563639683,
        "region": "Tarkwa-Nsuaem",
        "detected_at": "2026-03-09T06:21:29.164296",
        "model_version": "48px_v3.7_2024-01-10"
      }
    },
    {
      "type": "Feature",
      "geometry": {
        "type": "Point",
        "coordinates": [
          -2.096524563639683,
          5.510053447770771
        ]
      },
      "properties": {
        "probability": 0.8163967728614807,
        "lat": 5.510053447770771,
        "lon": -2.096524563639683,
        "region": "Tarkwa-Nsuaem",
        "detected_at": "2026-03-09T06:21:29.164386",
        "model_version": "48px_v3.7_2024-01-10"
      }
    },
    {
      "type": "Feature",
      "geometry": {
        "type": "Point",
        "coordinates": [
          -2.096524563639683,
          5.50353090044746
        ]
      },
      "properties": {
        "probability": 0.9759793281555176,
        "lat": 5.50353090044746,
        "lon": -2.096524563639683,
        "region": "Tarkwa-Nsuaem",
        "detected_at": "2026-03-09T06:21:29.164474",
        "model_version": "48px_v3.7_2024-01-10"
      }
    },
    {
      "type": "Feature",
      "geometry": {
        "type": "Point",
        "coordinates": [
          -2.096524563639683,
          5.499182535565255
        ]
      },
      "properties": {
        "probability": 0.9389355778694153,
        "lat": 5.499182535565255,
        "lon": -2.096524563639683,
        "region": "Tarkwa-Nsuaem",
        "detected_at": "2026-03-09T06:21:29.164563",
        "model_version": "48px_v3.7_2024-01-10"
      }
    },
    {
      "type": "Feature",
      "geometry": {
        "type": "Point",
        "coordinates": [
          -2.096524563639683,
          5.494834170683046
        ]
      },
      "properties": {
        "probability": 0.8484053015708923,
        "lat": 5.494834170683046,
        "lon": -2.096524563639683,
        "region": "Tarkwa-Nsuaem",
        "detected_at": "2026-03-09T06:21:29.164652",
        "model_version": "48px_v3.7_2024-01-10"
      }
    },
    {
      "type": "Feature",
      "geometry": {
        "type": "Point",
        "coordinates": [
          -2.096524563639683,
          5.492659988241943
        ]
      },
      "properties": {
        "probability": 0.9759165048599243,
        "lat": 5.492659988241943,
        "lon": -2.096524563639683,
        "region": "Tarkwa-Nsuaem",
        "detected_at": "2026-03-09T06:21:29.164748",
        "model_version": "48px_v3.7_2024-01-10"
      }
    },
    {
      "type": "Feature",
      "geometry": {
        "type": "Point",
        "coordinates": [
          -2.094354824759236,
          5.514401812652979
        ]
      },
      "properties": {
        "probability": 0.9121453762054443,
        "lat": 5.514401812652979,
        "lon": -2.094354824759236,
        "region": "Tarkwa-Nsuaem",
        "detected_at": "2026-03-09T06:21:29.164845",
        "model_version": "48px_v3.7_2024-01-10"
      }
    },
    {
      "type": "Feature",
      "geometry": {
        "type": "Point",
        "coordinates": [
          -2.094354824759236,
          5.512227630211875
        ]
      },
      "properties": {
        "probability": 0.9193572402000427,
        "lat": 5.512227630211875,
        "lon": -2.094354824759236,
        "region": "Tarkwa-Nsuaem",
        "detected_at": "2026-03-09T06:21:29.164934",
        "model_version": "48px_v3.7_2024-01-10"
      }
    },
    {
      "type": "Feature",
      "geometry": {
        "type": "Point",
        "coordinates": [
          -2.092185085878789,
          5.516575995094081
        ]
      },
      "properties": {
        "probability": 0.9998696446418762,
        "lat": 5.516575995094081,
        "lon": -2.092185085878789,
        "region": "Tarkwa-Nsuaem",
        "detected_at": "2026-03-09T06:21:29.165040",
        "model_version": "48px_v3.7_2024-01-10"
      }
    },
    {
      "type": "Feature",
      "geometry": {
        "type": "Point",
        "coordinates": [
          -2.092185085878789,
          5.514401812652979
        ]
      },
      "properties": {
        "probability": 0.9998844265937805,
        "lat": 5.514401812652979,
        "lon": -2.092185085878789,
        "region": "Tarkwa-Nsuaem",
        "detected_at": "2026-03-09T06:21:29.165135",
        "model_version": "48px_v3.7_2024-01-10"
      }
    },
    {
      "type": "Feature",
      "geometry": {
        "type": "Point",
        "coordinates": [
          -2.092185085878789,
          5.512227630211875
        ]
      },
      "properties": {
        "probability": 0.9595608711242676,
        "lat": 5.512227630211875,
        "lon": -2.092185085878789,
        "region": "Tarkwa-Nsuaem",
        "detected_at": "2026-03-09T06:21:29.165224",
        "model_version": "48px_v3.7_2024-01-10"
      }
    },
    {
      "type": "Feature",
      "geometry": {
        "type": "Point",
        "coordinates": [
          -2.0900153469983422,
          5.518750177535186
        ]
      },
      "properties": {
        "probability": 0.939310610294342,
        "lat": 5.518750177535186,
        "lon": -2.0900153469983422,
        "region": "Tarkwa-Nsuaem",
        "detected_at": "2026-03-09T06:21:29.165313",
        "model_version": "48px_v3.7_2024-01-10"
      }
    },
    {
      "type": "Feature",
      "geometry": {
        "type": "Point",
        "coordinates": [
          -2.0900153469983422,
          5.516575995094081
        ]
      },
      "properties": {
        "probability": 0.999981701374054,
        "lat": 5.516575995094081,
        "lon": -2.0900153469983422,
        "region": "Tarkwa-Nsuaem",
        "detected_at": "2026-03-09T06:21:29.165402",
        "model_version": "48px_v3.7_2024-01-10"
      }
    },
    {
      "type": "Feature",
      "geometry": {
        "type": "Point",
        "coordinates": [
          -2.0900153469983422,
          5.514401812652979
        ]
      },
      "properties": {
        "probability": 0.9952208995819092,
        "lat": 5.514401812652979,
        "lon": -2.0900153469983422,
        "region": "Tarkwa-Nsuaem",
        "detected_at": "2026-03-09T06:21:29.165491",
        "model_version": "48px_v3.7_2024-01-10"
      }
    },
    {
      "type": "Feature",
      "geometry": {
        "type": "Point",
        "coordinates": [
          -2.087845608117895,
          5.52092435997629
        ]
      },
      "properties": {
        "probability": 0.9854913353919983,
        "lat": 5.52092435997629,
        "lon": -2.087845608117895,
        "region": "Tarkwa-Nsuaem",
        "detected_at": "2026-03-09T06:21:29.165582",
        "model_version": "48px_v3.7_2024-01-10"
      }
    },
    {
      "type": "Feature",
      "geometry": {
        "type": "Point",
        "coordinates": [
          -2.087845608117895,
          5.518750177535186
        ]
      },
      "properties": {
        "probability": 0.9471936821937561,
        "lat": 5.518750177535186,
        "lon": -2.087845608117895,
        "region": "Tarkwa-Nsuaem",
        "detected_at": "2026-03-09T06:21:29.165671",
        "model_version": "48px_v3.7_2024-01-10"
      }
    },
    {
      "type": "Feature",
      "geometry": {
        "type": "Point",
        "coordinates": [
          -2.0878456081178953,
          5.516575995094081
        ]
      },
      "properties": {
        "probability": 0.8501530289649963,
        "lat": 5.516575995094081,
        "lon": -2.0878456081178953,
        "region": "Tarkwa-Nsuaem",
        "detected_at": "2026-03-09T06:21:29.165761",
        "model_version": "48px_v3.7_2024-01-10"
      }
    },
    {
      "type": "Feature",
      "geometry": {
        "type": "Point",
        "coordinates": [
          -2.0856758692374484,
          5.52092435997629
        ]
      },
      "properties": {
        "probability": 0.9995180368423462,
        "lat": 5.52092435997629,
        "lon": -2.0856758692374484,
        "region": "Tarkwa-Nsuaem",
        "detected_at": "2026-03-09T06:21:29.165849",
        "model_version": "48px_v3.7_2024-01-10"
      }
    },
    {
      "type": "Feature",
      "geometry": {
        "type": "Point",
        "coordinates": [
          -2.072657435954767,
          5.497008353124149
        ]
      },
      "properties": {
        "probability": 0.8220881223678589,
        "lat": 5.497008353124149,
        "lon": -2.072657435954767,
        "region": "Tarkwa-Nsuaem",
        "detected_at": "2026-03-09T06:21:29.165938",
        "model_version": "48px_v3.7_2024-01-10"
      }
    },
    {
      "type": "Feature",
      "geometry": {
        "type": "Point",
        "coordinates": [
          -2.07048769707432,
          5.494834170683046
        ]
      },
      "properties": {
        "probability": 0.8950182199478149,
        "lat": 5.494834170683046,
        "lon": -2.07048769707432,
        "region": "Tarkwa-Nsuaem",
        "detected_at": "2026-03-09T06:21:29.166043",
        "model_version": "48px_v3.7_2024-01-10"
      }
    },
    {
      "type": "Feature",
      "geometry": {
        "type": "Point",
        "coordinates": [
          -2.033596839006317,
          5.555550210820377
        ]
      },
      "properties": {
        "probability": 0.8801285624504089,
        "lat": 5.555550210820377,
        "lon": -2.033596839006317,
        "region": "Tarkwa-Nsuaem",
        "detected_at": "2026-03-09T06:21:29.166146",
        "model_version": "48px_v3.7_2024-01-10"
      }
    },
    {
      "type": "Feature",
      "geometry": {
        "type": "Point",
        "coordinates": [
          -2.031426721761555,
          5.557724578974719
        ]
      },
      "properties": {
        "probability": 0.822120189666748,
        "lat": 5.557724578974719,
        "lon": -2.031426721761555,
        "region": "Tarkwa-Nsuaem",
        "detected_at": "2026-03-09T06:21:29.166238",
        "model_version": "48px_v3.7_2024-01-10"
      }
    },
    {
      "type": "Feature",
      "geometry": {
        "type": "Point",
        "coordinates": [
          -2.1658031801769817,
          5.566579546684407
        ]
      },
      "properties": {
        "probability": 0.8822820782661438,
        "lat": 5.566579546684407,
        "lon": -2.1658031801769817,
        "region": "Tarkwa-Nsuaem",
        "detected_at": "2026-03-09T06:21:29.166327",
        "model_version": "48px_v3.7_2024-01-10"
      }
    },
    {
      "type": "Feature",
      "geometry": {
        "type": "Point",
        "coordinates": [
          -2.1658031801769817,
          5.564405496471057
        ]
      },
      "properties": {
        "probability": 0.9950917363166809,
        "lat": 5.564405496471057,
        "lon": -2.1658031801769817,
        "region": "Tarkwa-Nsuaem",
        "detected_at": "2026-03-09T06:21:29.166417",
        "model_version": "48px_v3.7_2024-01-10"
      }
    },
    {
      "type": "Feature",
      "geometry": {
        "type": "Point",
        "coordinates": [
          -2.1658031801769817,
          5.551361195190953
        ]
      },
      "properties": {
        "probability": 0.9860897064208984,
        "lat": 5.551361195190953,
        "lon": -2.1658031801769817,
        "region": "Tarkwa-Nsuaem",
        "detected_at": "2026-03-09T06:21:29.166514",
        "model_version": "48px_v3.7_2024-01-10"
      }
    },
    {
      "type": "Feature",
      "geometry": {
        "type": "Point",
        "coordinates": [
          -2.1658031801769817,
          5.549187144977601
        ]
      },
      "properties": {
        "probability": 0.9340581297874451,
        "lat": 5.549187144977601,
        "lon": -2.1658031801769817,
        "region": "Tarkwa-Nsuaem",
        "detected_at": "2026-03-09T06:21:29.166609",
        "model_version": "48px_v3.7_2024-01-10"
      }
    },
    {
      "type": "Feature",
      "geometry": {
        "type": "Point",
        "coordinates": [
          -2.165803180176982,
          5.527446642844094
        ]
      },
      "properties": {
        "probability": 0.9970113039016724,
        "lat": 5.527446642844094,
        "lon": -2.165803180176982,
        "region": "Tarkwa-Nsuaem",
        "detected_at": "2026-03-09T06:21:29.166700",
        "model_version": "48px_v3.7_2024-01-10"
      }
    },
    {
      "type": "Feature",
      "geometry": {
        "type": "Point",
        "coordinates": [
          -2.165803180176982,
          5.525272592630744
        ]
      },
      "properties": {
        "probability": 0.9783585667610168,
        "lat": 5.525272592630744,
        "lon": -2.165803180176982,
        "region": "Tarkwa-Nsuaem",
        "detected_at": "2026-03-09T06:21:29.166788",
        "model_version": "48px_v3.7_2024-01-10"
      }
    },
    {
      "type": "Feature",
      "geometry": {
        "type": "Point",
        "coordinates": [
          -2.1636333796546743,
          5.564405496471057
        ]
      },
      "properties": {
        "probability": 0.999330997467041,
        "lat": 5.564405496471057,
        "lon": -2.1636333796546743,
        "region": "Tarkwa-Nsuaem",
        "detected_at": "2026-03-09T06:21:29.166875",
        "model_version": "48px_v3.7_2024-01-10"
      }
    },
    {
      "type": "Feature",
      "geometry": {
        "type": "Point",
        "coordinates": [
          -2.163633379654674,
          5.562231446257706
        ]
      },
      "properties": {
        "probability": 0.977691113948822,
        "lat": 5.562231446257706,
        "lon": -2.163633379654674,
        "region": "Tarkwa-Nsuaem",
        "detected_at": "2026-03-09T06:21:29.166964",
        "model_version": "48px_v3.7_2024-01-10"
      }
    },
    {
      "type": "Feature",
      "geometry": {
        "type": "Point",
        "coordinates": [
          -2.163633379654674,
          5.560057396044356
        ]
      },
      "properties": {
        "probability": 0.8035606145858765,
        "lat": 5.560057396044356,
        "lon": -2.163633379654674,
        "region": "Tarkwa-Nsuaem",
        "detected_at": "2026-03-09T06:21:29.167073",
        "model_version": "48px_v3.7_2024-01-10"
      }
    },
    {
      "type": "Feature",
      "geometry": {
        "type": "Point",
        "coordinates": [
          -2.1636333796546743,
          5.557883345831005
        ]
      },
      "properties": {
        "probability": 0.9501906037330627,
        "lat": 5.557883345831005,
        "lon": -2.1636333796546743,
        "region": "Tarkwa-Nsuaem",
        "detected_at": "2026-03-09T06:21:29.167166",
        "model_version": "48px_v3.7_2024-01-10"
      }
    },
    {
      "type": "Feature",
      "geometry": {
        "type": "Point",
        "coordinates": [
          -2.163633379654674,
          5.555709295617653
        ]
      },
      "properties": {
        "probability": 0.8185920715332031,
        "lat": 5.555709295617653,
        "lon": -2.163633379654674,
        "region": "Tarkwa-Nsuaem",
        "detected_at": "2026-03-09T06:21:29.167255",
        "model_version": "48px_v3.7_2024-01-10"
      }
    },
    {
      "type": "Feature",
      "geometry": {
        "type": "Point",
        "coordinates": [
          -2.163633379654674,
          5.553535245404303
        ]
      },
      "properties": {
        "probability": 0.9717946648597717,
        "lat": 5.553535245404303,
        "lon": -2.163633379654674,
        "region": "Tarkwa-Nsuaem",
        "detected_at": "2026-03-09T06:21:29.167345",
        "model_version": "48px_v3.7_2024-01-10"
      }
    },
    {
      "type": "Feature",
      "geometry": {
        "type": "Point",
        "coordinates": [
          -2.1636333796546743,
          5.551361195190953
        ]
      },
      "properties": {
        "probability": 0.996616780757904,
        "lat": 5.551361195190953,
        "lon": -2.1636333796546743,
        "region": "Tarkwa-Nsuaem",
        "detected_at": "2026-03-09T06:21:29.167434",
        "model_version": "48px_v3.7_2024-01-10"
      }
    },
    {
      "type": "Feature",
      "geometry": {
        "type": "Point",
        "coordinates": [
          -2.1636333796546743,
          5.549187144977601
        ]
      },
      "properties": {
        "probability": 0.9700932502746582,
        "lat": 5.549187144977601,
        "lon": -2.1636333796546743,
        "region": "Tarkwa-Nsuaem",
        "detected_at": "2026-03-09T06:21:29.167524",
        "model_version": "48px_v3.7_2024-01-10"
      }
    },
    {
      "type": "Feature",
      "geometry": {
        "type": "Point",
        "coordinates": [
          -2.163633379654674,
          5.538316893910848
        ]
      },
      "properties": {
        "probability": 0.8643386960029602,
        "lat": 5.538316893910848,
        "lon": -2.163633379654674,
        "region": "Tarkwa-Nsuaem",
        "detected_at": "2026-03-09T06:21:29.167620",
        "model_version": "48px_v3.7_2024-01-10"
      }
    },
    {
      "type": "Feature",
      "geometry": {
        "type": "Point",
        "coordinates": [
          -2.163633379654674,
          5.527446642844094
        ]
      },
      "properties": {
        "probability": 0.8481292128562927,
        "lat": 5.527446642844094,
        "lon": -2.163633379654674,
        "region": "Tarkwa-Nsuaem",
        "detected_at": "2026-03-09T06:21:29.167709",
        "model_version": "48px_v3.7_2024-01-10"
      }
    },
    {
      "type": "Feature",
      "geometry": {
        "type": "Point",
        "coordinates": [
          -2.163633379654674,
          5.525272592630744
        ]
      },
      "properties": {
        "probability": 0.9106671810150146,
        "lat": 5.525272592630744,
        "lon": -2.163633379654674,
        "region": "Tarkwa-Nsuaem",
        "detected_at": "2026-03-09T06:21:29.167799",
        "model_version": "48px_v3.7_2024-01-10"
      }
    },
    {
      "type": "Feature",
      "geometry": {
        "type": "Point",
        "coordinates": [
          -2.1614635791323664,
          5.564405496471057
        ]
      },
      "properties": {
        "probability": 0.9995049238204956,
        "lat": 5.564405496471057,
        "lon": -2.1614635791323664,
        "region": "Tarkwa-Nsuaem",
        "detected_at": "2026-03-09T06:21:29.167887",
        "model_version": "48px_v3.7_2024-01-10"
      }
    },
    {
      "type": "Feature",
      "geometry": {
        "type": "Point",
        "coordinates": [
          -2.161463579132367,
          5.562231446257706
        ]
      },
      "properties": {
        "probability": 0.9998322129249573,
        "lat": 5.562231446257706,
        "lon": -2.161463579132367,
        "region": "Tarkwa-Nsuaem",
        "detected_at": "2026-03-09T06:21:29.167976",
        "model_version": "48px_v3.7_2024-01-10"
      }
    },
    {
      "type": "Feature",
      "geometry": {
        "type": "Point",
        "coordinates": [
          -2.161463579132367,
          5.560057396044355
        ]
      },
      "properties": {
        "probability": 0.9841387271881104,
        "lat": 5.560057396044355,
        "lon": -2.161463579132367,
        "region": "Tarkwa-Nsuaem",
        "detected_at": "2026-03-09T06:21:29.168087",
        "model_version": "48px_v3.7_2024-01-10"
      }
    },
    {
      "type": "Feature",
      "geometry": {
        "type": "Point",
        "coordinates": [
          -2.1614635791323664,
          5.557883345831005
        ]
      },
      "properties": {
        "probability": 0.9975410103797913,
        "lat": 5.557883345831005,
        "lon": -2.1614635791323664,
        "region": "Tarkwa-Nsuaem",
        "detected_at": "2026-03-09T06:21:29.168177",
        "model_version": "48px_v3.7_2024-01-10"
      }
    },
    {
      "type": "Feature",
      "geometry": {
        "type": "Point",
        "coordinates": [
          -2.161463579132367,
          5.555709295617653
        ]
      },
      "properties": {
        "probability": 0.9174669981002808,
        "lat": 5.555709295617653,
        "lon": -2.161463579132367,
        "region": "Tarkwa-Nsuaem",
        "detected_at": "2026-03-09T06:21:29.168266",
        "model_version": "48px_v3.7_2024-01-10"
      }
    },
    {
      "type": "Feature",
      "geometry": {
        "type": "Point",
        "coordinates": [
          -2.161463579132367,
          5.5383168939108485
        ]
      },
      "properties": {
        "probability": 0.8259834051132202,
        "lat": 5.5383168939108485,
        "lon": -2.161463579132367,
        "region": "Tarkwa-Nsuaem",
        "detected_at": "2026-03-09T06:21:29.168355",
        "model_version": "48px_v3.7_2024-01-10"
      }
    },
    {
      "type": "Feature",
      "geometry": {
        "type": "Point",
        "coordinates": [
          -2.161463579132367,
          5.525272592630744
        ]
      },
      "properties": {
        "probability": 0.8926599621772766,
        "lat": 5.525272592630744,
        "lon": -2.161463579132367,
        "region": "Tarkwa-Nsuaem",
        "detected_at": "2026-03-09T06:21:29.168456",
        "model_version": "48px_v3.7_2024-01-10"
      }
    },
    {
      "type": "Feature",
      "geometry": {
        "type": "Point",
        "coordinates": [
          -2.159293778610059,
          5.562231446257706
        ]
      },
      "properties": {
        "probability": 0.9838150143623352,
        "lat": 5.562231446257706,
        "lon": -2.159293778610059,
        "region": "Tarkwa-Nsuaem",
        "detected_at": "2026-03-09T06:21:29.168547",
        "model_version": "48px_v3.7_2024-01-10"
      }
    },
    {
      "type": "Feature",
      "geometry": {
        "type": "Point",
        "coordinates": [
          -2.159293778610059,
          5.560057396044356
        ]
      },
      "properties": {
        "probability": 0.9761183261871338,
        "lat": 5.560057396044356,
        "lon": -2.159293778610059,
        "region": "Tarkwa-Nsuaem",
        "detected_at": "2026-03-09T06:21:29.168637",
        "model_version": "48px_v3.7_2024-01-10"
      }
    },
    {
      "type": "Feature",
      "geometry": {
        "type": "Point",
        "coordinates": [
          -2.159293778610059,
          5.557883345831005
        ]
      },
      "properties": {
        "probability": 0.9997574090957642,
        "lat": 5.557883345831005,
        "lon": -2.159293778610059,
        "region": "Tarkwa-Nsuaem",
        "detected_at": "2026-03-09T06:21:29.168732",
        "model_version": "48px_v3.7_2024-01-10"
      }
    },
    {
      "type": "Feature",
      "geometry": {
        "type": "Point",
        "coordinates": [
          -2.159293778610059,
          5.555709295617653
        ]
      },
      "properties": {
        "probability": 0.9965601563453674,
        "lat": 5.555709295617653,
        "lon": -2.159293778610059,
        "region": "Tarkwa-Nsuaem",
        "detected_at": "2026-03-09T06:21:29.168820",
        "model_version": "48px_v3.7_2024-01-10"
      }
    },
    {
      "type": "Feature",
      "geometry": {
        "type": "Point",
        "coordinates": [
          -2.1571239780877507,
          5.560057396044356
        ]
      },
      "properties": {
        "probability": 0.853347659111023,
        "lat": 5.560057396044356,
        "lon": -2.1571239780877507,
        "region": "Tarkwa-Nsuaem",
        "detected_at": "2026-03-09T06:21:29.168910",
        "model_version": "48px_v3.7_2024-01-10"
      }
    },
    {
      "type": "Feature",
      "geometry": {
        "type": "Point",
        "coordinates": [
          -2.157123978087751,
          5.557883345831005
        ]
      },
      "properties": {
        "probability": 0.9954357147216797,
        "lat": 5.557883345831005,
        "lon": -2.157123978087751,
        "region": "Tarkwa-Nsuaem",
        "detected_at": "2026-03-09T06:21:29.169016",
        "model_version": "48px_v3.7_2024-01-10"
      }
    },
    {
      "type": "Feature",
      "geometry": {
        "type": "Point",
        "coordinates": [
          -2.1571239780877507,
          5.555709295617653
        ]
      },
      "properties": {
        "probability": 0.9952158331871033,
        "lat": 5.555709295617653,
        "lon": -2.1571239780877507,
        "region": "Tarkwa-Nsuaem",
        "detected_at": "2026-03-09T06:21:29.169120",
        "model_version": "48px_v3.7_2024-01-10"
      }
    },
    {
      "type": "Feature",
      "geometry": {
        "type": "Point",
        "coordinates": [
          -2.1138054009184097,
          5.551283621374335
        ]
      },
      "properties": {
        "probability": 0.803078830242157,
        "lat": 5.551283621374335,
        "lon": -2.1138054009184097,
        "region": "Tarkwa-Nsuaem",
        "detected_at": "2026-03-09T06:21:29.169211",
        "model_version": "48px_v3.7_2024-01-10"
      }
    },
    {
      "type": "Feature",
      "geometry": {
        "type": "Point",
        "coordinates": [
          -2.1007856421381996,
          5.57302572227676
        ]
      },
      "properties": {
        "probability": 0.9814199209213257,
        "lat": 5.57302572227676,
        "lon": -2.1007856421381996,
        "region": "Tarkwa-Nsuaem",
        "detected_at": "2026-03-09T06:21:29.169300",
        "model_version": "48px_v3.7_2024-01-10"
      }
    },
    {
      "type": "Feature",
      "geometry": {
        "type": "Point",
        "coordinates": [
          -2.1007856421381996,
          5.5708515121865165
        ]
      },
      "properties": {
        "probability": 0.9834774732589722,
        "lat": 5.5708515121865165,
        "lon": -2.1007856421381996,
        "region": "Tarkwa-Nsuaem",
        "detected_at": "2026-03-09T06:21:29.169389",
        "model_version": "48px_v3.7_2024-01-10"
      }
    },
    {
      "type": "Feature",
      "geometry": {
        "type": "Point",
        "coordinates": [
          -2.0986156823414985,
          5.57302572227676
        ]
      },
      "properties": {
        "probability": 0.9999504089355469,
        "lat": 5.57302572227676,
        "lon": -2.0986156823414985,
        "region": "Tarkwa-Nsuaem",
        "detected_at": "2026-03-09T06:21:29.169478",
        "model_version": "48px_v3.7_2024-01-10"
      }
    },
    {
      "type": "Feature",
      "geometry": {
        "type": "Point",
        "coordinates": [
          -2.0986156823414985,
          5.5708515121865165
        ]
      },
      "properties": {
        "probability": 0.9969793558120728,
        "lat": 5.5708515121865165,
        "lon": -2.0986156823414985,
        "region": "Tarkwa-Nsuaem",
        "detected_at": "2026-03-09T06:21:29.169568",
        "model_version": "48px_v3.7_2024-01-10"
      }
    },
    {
      "type": "Feature",
      "geometry": {
        "type": "Point",
        "coordinates": [
          -2.0964457225447966,
          5.57302572227676
        ]
      },
      "properties": {
        "probability": 0.9909446835517883,
        "lat": 5.57302572227676,
        "lon": -2.0964457225447966,
        "region": "Tarkwa-Nsuaem",
        "detected_at": "2026-03-09T06:21:29.169657",
        "model_version": "48px_v3.7_2024-01-10"
      }
    },
    {
      "type": "Feature",
      "geometry": {
        "type": "Point",
        "coordinates": [
          -2.0964457225447966,
          5.568677302096275
        ]
      },
      "properties": {
        "probability": 0.8217910528182983,
        "lat": 5.568677302096275,
        "lon": -2.0964457225447966,
        "region": "Tarkwa-Nsuaem",
        "detected_at": "2026-03-09T06:21:29.169745",
        "model_version": "48px_v3.7_2024-01-10"
      }
    },
    {
      "type": "Feature",
      "geometry": {
        "type": "Point",
        "coordinates": [
          -2.0942757627480946,
          5.562154671825546
        ]
      },
      "properties": {
        "probability": 0.9825315475463867,
        "lat": 5.562154671825546,
        "lon": -2.0942757627480946,
        "region": "Tarkwa-Nsuaem",
        "detected_at": "2026-03-09T06:21:29.169834",
        "model_version": "48px_v3.7_2024-01-10"
      }
    },
    {
      "type": "Feature",
      "geometry": {
        "type": "Point",
        "coordinates": [
          -2.0942757627480946,
          5.559980461735304
        ]
      },
      "properties": {
        "probability": 0.9914915561676025,
        "lat": 5.559980461735304,
        "lon": -2.0942757627480946,
        "region": "Tarkwa-Nsuaem",
        "detected_at": "2026-03-09T06:21:29.169924",
        "model_version": "48px_v3.7_2024-01-10"
      }
    },
    {
      "type": "Feature",
      "geometry": {
        "type": "Point",
        "coordinates": [
          -2.0942757627480946,
          5.553457831464577
        ]
      },
      "properties": {
        "probability": 0.8671358823776245,
        "lat": 5.553457831464577,
        "lon": -2.0942757627480946,
        "region": "Tarkwa-Nsuaem",
        "detected_at": "2026-03-09T06:21:29.170030",
        "model_version": "48px_v3.7_2024-01-10"
      }
    },
    {
      "type": "Feature",
      "geometry": {
        "type": "Point",
        "coordinates": [
          -2.0942757627480946,
          5.538238360832879
        ]
      },
      "properties": {
        "probability": 0.9533583521842957,
        "lat": 5.538238360832879,
        "lon": -2.0942757627480946,
        "region": "Tarkwa-Nsuaem",
        "detected_at": "2026-03-09T06:21:29.170125",
        "model_version": "48px_v3.7_2024-01-10"
      }
    },
    {
      "type": "Feature",
      "geometry": {
        "type": "Point",
        "coordinates": [
          -2.0942757627480946,
          5.536064150742638
        ]
      },
      "properties": {
        "probability": 0.9999526143074036,
        "lat": 5.536064150742638,
        "lon": -2.0942757627480946,
        "region": "Tarkwa-Nsuaem",
        "detected_at": "2026-03-09T06:21:29.170221",
        "model_version": "48px_v3.7_2024-01-10"
      }
    },
    {
      "type": "Feature",
      "geometry": {
        "type": "Point",
        "coordinates": [
          -2.0921058029513935,
          5.566503092006032
        ]
      },
      "properties": {
        "probability": 0.9193431735038757,
        "lat": 5.566503092006032,
        "lon": -2.0921058029513935,
        "region": "Tarkwa-Nsuaem",
        "detected_at": "2026-03-09T06:21:29.170311",
        "model_version": "48px_v3.7_2024-01-10"
      }
    },
    {
      "type": "Feature",
      "geometry": {
        "type": "Point",
        "coordinates": [
          -2.0921058029513935,
          5.559980461735304
        ]
      },
      "properties": {
        "probability": 0.9840391278266907,
        "lat": 5.559980461735304,
        "lon": -2.0921058029513935,
        "region": "Tarkwa-Nsuaem",
        "detected_at": "2026-03-09T06:21:29.170401",
        "model_version": "48px_v3.7_2024-01-10"
      }
    },
    {
      "type": "Feature",
      "geometry": {
        "type": "Point",
        "coordinates": [
          -2.0921058029513935,
          5.551283621374335
        ]
      },
      "properties": {
        "probability": 0.833325982093811,
        "lat": 5.551283621374335,
        "lon": -2.0921058029513935,
        "region": "Tarkwa-Nsuaem",
        "detected_at": "2026-03-09T06:21:29.170490",
        "model_version": "48px_v3.7_2024-01-10"
      }
    },
    {
      "type": "Feature",
      "geometry": {
        "type": "Point",
        "coordinates": [
          -2.0921058029513935,
          5.540412570923123
        ]
      },
      "properties": {
        "probability": 0.89441978931427,
        "lat": 5.540412570923123,
        "lon": -2.0921058029513935,
        "region": "Tarkwa-Nsuaem",
        "detected_at": "2026-03-09T06:21:29.170586",
        "model_version": "48px_v3.7_2024-01-10"
      }
    },
    {
      "type": "Feature",
      "geometry": {
        "type": "Point",
        "coordinates": [
          -2.0921058029513935,
          5.538238360832879
        ]
      },
      "properties": {
        "probability": 0.9999625086784363,
        "lat": 5.538238360832879,
        "lon": -2.0921058029513935,
        "region": "Tarkwa-Nsuaem",
        "detected_at": "2026-03-09T06:21:29.170675",
        "model_version": "48px_v3.7_2024-01-10"
      }
    },
    {
      "type": "Feature",
      "geometry": {
        "type": "Point",
        "coordinates": [
          -2.0921058029513935,
          5.536064150742638
        ]
      },
      "properties": {
        "probability": 0.9999959468841553,
        "lat": 5.536064150742638,
        "lon": -2.0921058029513935,
        "region": "Tarkwa-Nsuaem",
        "detected_at": "2026-03-09T06:21:29.170764",
        "model_version": "48px_v3.7_2024-01-10"
      }
    },
    {
      "type": "Feature",
      "geometry": {
        "type": "Point",
        "coordinates": [
          -2.0899358431546915,
          5.53823836083288
        ]
      },
      "properties": {
        "probability": 0.9996538758277893,
        "lat": 5.53823836083288,
        "lon": -2.0899358431546915,
        "region": "Tarkwa-Nsuaem",
        "detected_at": "2026-03-09T06:21:29.170854",
        "model_version": "48px_v3.7_2024-01-10"
      }
    },
    {
      "type": "Feature",
      "geometry": {
        "type": "Point",
        "coordinates": [
          -2.0899358431546915,
          5.536064150742637
        ]
      },
      "properties": {
        "probability": 0.9994486570358276,
        "lat": 5.536064150742637,
        "lon": -2.0899358431546915,
        "region": "Tarkwa-Nsuaem",
        "detected_at": "2026-03-09T06:21:29.170943",
        "model_version": "48px_v3.7_2024-01-10"
      }
    },
    {
      "type": "Feature",
      "geometry": {
        "type": "Point",
        "coordinates": [
          -2.0877658833579895,
          5.536064150742638
        ]
      },
      "properties": {
        "probability": 0.9991211295127869,
        "lat": 5.536064150742638,
        "lon": -2.0877658833579895,
        "region": "Tarkwa-Nsuaem",
        "detected_at": "2026-03-09T06:21:29.171090",
        "model_version": "48px_v3.7_2024-01-10"
      }
    },
    {
      "type": "Feature",
      "geometry": {
        "type": "Point",
        "coordinates": [
          -2.0877658833579895,
          5.5338899406523945
        ]
      },
      "properties": {
        "probability": 0.8747057318687439,
        "lat": 5.5338899406523945,
        "lon": -2.0877658833579895,
        "region": "Tarkwa-Nsuaem",
        "detected_at": "2026-03-09T06:21:29.171185",
        "model_version": "48px_v3.7_2024-01-10"
      }
    },
    {
      "type": "Feature",
      "geometry": {
        "type": "Point",
        "coordinates": [
          -2.0877658833579895,
          5.531715730562152
        ]
      },
      "properties": {
        "probability": 0.981861412525177,
        "lat": 5.531715730562152,
        "lon": -2.0877658833579895,
        "region": "Tarkwa-Nsuaem",
        "detected_at": "2026-03-09T06:21:29.171275",
        "model_version": "48px_v3.7_2024-01-10"
      }
    },
    {
      "type": "Feature",
      "geometry": {
        "type": "Point",
        "coordinates": [
          -2.0877658833579895,
          5.52954152047191
        ]
      },
      "properties": {
        "probability": 0.9999460577964783,
        "lat": 5.52954152047191,
        "lon": -2.0877658833579895,
        "region": "Tarkwa-Nsuaem",
        "detected_at": "2026-03-09T06:21:29.171364",
        "model_version": "48px_v3.7_2024-01-10"
      }
    },
    {
      "type": "Feature",
      "geometry": {
        "type": "Point",
        "coordinates": [
          -2.0877658833579895,
          5.527367310381667
        ]
      },
      "properties": {
        "probability": 0.9998710751533508,
        "lat": 5.527367310381667,
        "lon": -2.0877658833579895,
        "region": "Tarkwa-Nsuaem",
        "detected_at": "2026-03-09T06:21:29.171454",
        "model_version": "48px_v3.7_2024-01-10"
      }
    },
    {
      "type": "Feature",
      "geometry": {
        "type": "Point",
        "coordinates": [
          -2.0855959235612884,
          5.542586781013363
        ]
      },
      "properties": {
        "probability": 0.8511751294136047,
        "lat": 5.542586781013363,
        "lon": -2.0855959235612884,
        "region": "Tarkwa-Nsuaem",
        "detected_at": "2026-03-09T06:21:29.171544",
        "model_version": "48px_v3.7_2024-01-10"
      }
    },
    {
      "type": "Feature",
      "geometry": {
        "type": "Point",
        "coordinates": [
          -2.0855959235612884,
          5.540412570923123
        ]
      },
      "properties": {
        "probability": 0.9652040004730225,
        "lat": 5.540412570923123,
        "lon": -2.0855959235612884,
        "region": "Tarkwa-Nsuaem",
        "detected_at": "2026-03-09T06:21:29.171634",
        "model_version": "48px_v3.7_2024-01-10"
      }
    },
    {
      "type": "Feature",
      "geometry": {
        "type": "Point",
        "coordinates": [
          -2.0855959235612884,
          5.538238360832879
        ]
      },
      "properties": {
        "probability": 0.9918956756591797,
        "lat": 5.538238360832879,
        "lon": -2.0855959235612884,
        "region": "Tarkwa-Nsuaem",
        "detected_at": "2026-03-09T06:21:29.171722",
        "model_version": "48px_v3.7_2024-01-10"
      }
    },
    {
      "type": "Feature",
      "geometry": {
        "type": "Point",
        "coordinates": [
          -2.0855959235612884,
          5.536064150742638
        ]
      },
      "properties": {
        "probability": 0.9998718500137329,
        "lat": 5.536064150742638,
        "lon": -2.0855959235612884,
        "region": "Tarkwa-Nsuaem",
        "detected_at": "2026-03-09T06:21:29.171811",
        "model_version": "48px_v3.7_2024-01-10"
      }
    },
    {
      "type": "Feature",
      "geometry": {
        "type": "Point",
        "coordinates": [
          -2.0855959235612884,
          5.5338899406523945
        ]
      },
      "properties": {
        "probability": 0.999325692653656,
        "lat": 5.5338899406523945,
        "lon": -2.0855959235612884,
        "region": "Tarkwa-Nsuaem",
        "detected_at": "2026-03-09T06:21:29.171899",
        "model_version": "48px_v3.7_2024-01-10"
      }
    },
    {
      "type": "Feature",
      "geometry": {
        "type": "Point",
        "coordinates": [
          -2.0855959235612884,
          5.531715730562152
        ]
      },
      "properties": {
        "probability": 0.9999491572380066,
        "lat": 5.531715730562152,
        "lon": -2.0855959235612884,
        "region": "Tarkwa-Nsuaem",
        "detected_at": "2026-03-09T06:21:29.171988",
        "model_version": "48px_v3.7_2024-01-10"
      }
    },
    {
      "type": "Feature",
      "geometry": {
        "type": "Point",
        "coordinates": [
          -2.0855959235612884,
          5.52954152047191
        ]
      },
      "properties": {
        "probability": 0.999998927116394,
        "lat": 5.52954152047191,
        "lon": -2.0855959235612884,
        "region": "Tarkwa-Nsuaem",
        "detected_at": "2026-03-09T06:21:29.172110",
        "model_version": "48px_v3.7_2024-01-10"
      }
    },
    {
      "type": "Feature",
      "geometry": {
        "type": "Point",
        "coordinates": [
          -2.0855959235612884,
          5.527367310381667
        ]
      },
      "properties": {
        "probability": 0.9999798536300659,
        "lat": 5.527367310381667,
        "lon": -2.0855959235612884,
        "region": "Tarkwa-Nsuaem",
        "detected_at": "2026-03-09T06:21:29.172202",
        "model_version": "48px_v3.7_2024-01-10"
      }
    },
    {
      "type": "Feature",
      "geometry": {
        "type": "Point",
        "coordinates": [
          -2.0855959235612884,
          5.525193100291424
        ]
      },
      "properties": {
        "probability": 0.9988980889320374,
        "lat": 5.525193100291424,
        "lon": -2.0855959235612884,
        "region": "Tarkwa-Nsuaem",
        "detected_at": "2026-03-09T06:21:29.172291",
        "model_version": "48px_v3.7_2024-01-10"
      }
    },
    {
      "type": "Feature",
      "geometry": {
        "type": "Point",
        "coordinates": [
          -2.0834259637645864,
          5.542586781013364
        ]
      },
      "properties": {
        "probability": 0.9769712686538696,
        "lat": 5.542586781013364,
        "lon": -2.0834259637645864,
        "region": "Tarkwa-Nsuaem",
        "detected_at": "2026-03-09T06:21:29.172380",
        "model_version": "48px_v3.7_2024-01-10"
      }
    },
    {
      "type": "Feature",
      "geometry": {
        "type": "Point",
        "coordinates": [
          -2.0834259637645864,
          5.540412570923123
        ]
      },
      "properties": {
        "probability": 0.9999988079071045,
        "lat": 5.540412570923123,
        "lon": -2.0834259637645864,
        "region": "Tarkwa-Nsuaem",
        "detected_at": "2026-03-09T06:21:29.172469",
        "model_version": "48px_v3.7_2024-01-10"
      }
    },
    {
      "type": "Feature",
      "geometry": {
        "type": "Point",
        "coordinates": [
          -2.0834259637645864,
          5.53823836083288
        ]
      },
      "properties": {
        "probability": 0.9999930262565613,
        "lat": 5.53823836083288,
        "lon": -2.0834259637645864,
        "region": "Tarkwa-Nsuaem",
        "detected_at": "2026-03-09T06:21:29.172558",
        "model_version": "48px_v3.7_2024-01-10"
      }
    },
    {
      "type": "Feature",
      "geometry": {
        "type": "Point",
        "coordinates": [
          -2.0834259637645864,
          5.536064150742637
        ]
      },
      "properties": {
        "probability": 0.9999990463256836,
        "lat": 5.536064150742637,
        "lon": -2.0834259637645864,
        "region": "Tarkwa-Nsuaem",
        "detected_at": "2026-03-09T06:21:29.172645",
        "model_version": "48px_v3.7_2024-01-10"
      }
    },
    {
      "type": "Feature",
      "geometry": {
        "type": "Point",
        "coordinates": [
          -2.0834259637645864,
          5.5338899406523945
        ]
      },
      "properties": {
        "probability": 0.9998948574066162,
        "lat": 5.5338899406523945,
        "lon": -2.0834259637645864,
        "region": "Tarkwa-Nsuaem",
        "detected_at": "2026-03-09T06:21:29.172734",
        "model_version": "48px_v3.7_2024-01-10"
      }
    },
    {
      "type": "Feature",
      "geometry": {
        "type": "Point",
        "coordinates": [
          -2.0834259637645864,
          5.531715730562153
        ]
      },
      "properties": {
        "probability": 0.9965285062789917,
        "lat": 5.531715730562153,
        "lon": -2.0834259637645864,
        "region": "Tarkwa-Nsuaem",
        "detected_at": "2026-03-09T06:21:29.172823",
        "model_version": "48px_v3.7_2024-01-10"
      }
    },
    {
      "type": "Feature",
      "geometry": {
        "type": "Point",
        "coordinates": [
          -2.0834259637645864,
          5.529541520471908
        ]
      },
      "properties": {
        "probability": 0.992548942565918,
        "lat": 5.529541520471908,
        "lon": -2.0834259637645864,
        "region": "Tarkwa-Nsuaem",
        "detected_at": "2026-03-09T06:21:29.172912",
        "model_version": "48px_v3.7_2024-01-10"
      }
    },
    {
      "type": "Feature",
      "geometry": {
        "type": "Point",
        "coordinates": [
          -2.0834259637645864,
          5.527367310381667
        ]
      },
      "properties": {
        "probability": 0.9007903933525085,
        "lat": 5.527367310381667,
        "lon": -2.0834259637645864,
        "region": "Tarkwa-Nsuaem",
        "detected_at": "2026-03-09T06:21:29.173018",
        "model_version": "48px_v3.7_2024-01-10"
      }
    },
    {
      "type": "Feature",
      "geometry": {
        "type": "Point",
        "coordinates": [
          -2.0834259637645864,
          5.525193100291426
        ]
      },
      "properties": {
        "probability": 0.9889951348304749,
        "lat": 5.525193100291426,
        "lon": -2.0834259637645864,
        "region": "Tarkwa-Nsuaem",
        "detected_at": "2026-03-09T06:21:29.173113",
        "model_version": "48px_v3.7_2024-01-10"
      }
    },
    {
      "type": "Feature",
      "geometry": {
        "type": "Point",
        "coordinates": [
          -2.0812560039678845,
          5.540412570923123
        ]
      },
      "properties": {
        "probability": 0.9999868869781494,
        "lat": 5.540412570923123,
        "lon": -2.0812560039678845,
        "region": "Tarkwa-Nsuaem",
        "detected_at": "2026-03-09T06:21:29.173202",
        "model_version": "48px_v3.7_2024-01-10"
      }
    },
    {
      "type": "Feature",
      "geometry": {
        "type": "Point",
        "coordinates": [
          -2.0812560039678845,
          5.538238360832879
        ]
      },
      "properties": {
        "probability": 0.9999247789382935,
        "lat": 5.538238360832879,
        "lon": -2.0812560039678845,
        "region": "Tarkwa-Nsuaem",
        "detected_at": "2026-03-09T06:21:29.173291",
        "model_version": "48px_v3.7_2024-01-10"
      }
    },
    {
      "type": "Feature",
      "geometry": {
        "type": "Point",
        "coordinates": [
          -2.081256003967884,
          5.536064150742638
        ]
      },
      "properties": {
        "probability": 0.9970625042915344,
        "lat": 5.536064150742638,
        "lon": -2.081256003967884,
        "region": "Tarkwa-Nsuaem",
        "detected_at": "2026-03-09T06:21:29.173379",
        "model_version": "48px_v3.7_2024-01-10"
      }
    },
    {
      "type": "Feature",
      "geometry": {
        "type": "Point",
        "coordinates": [
          -2.081256003967884,
          5.5338899406523945
        ]
      },
      "properties": {
        "probability": 0.960117518901825,
        "lat": 5.5338899406523945,
        "lon": -2.081256003967884,
        "region": "Tarkwa-Nsuaem",
        "detected_at": "2026-03-09T06:21:29.173475",
        "model_version": "48px_v3.7_2024-01-10"
      }
    },
    {
      "type": "Feature",
      "geometry": {
        "type": "Point",
        "coordinates": [
          -2.079086044171183,
          5.542586781013363
        ]
      },
      "properties": {
        "probability": 0.8579235672950745,
        "lat": 5.542586781013363,
        "lon": -2.079086044171183,
        "region": "Tarkwa-Nsuaem",
        "detected_at": "2026-03-09T06:21:29.173570",
        "model_version": "48px_v3.7_2024-01-10"
      }
    },
    {
      "type": "Feature",
      "geometry": {
        "type": "Point",
        "coordinates": [
          -2.079086044171183,
          5.540412570923123
        ]
      },
      "properties": {
        "probability": 0.9984802007675171,
        "lat": 5.540412570923123,
        "lon": -2.079086044171183,
        "region": "Tarkwa-Nsuaem",
        "detected_at": "2026-03-09T06:21:29.173659",
        "model_version": "48px_v3.7_2024-01-10"
      }
    },
    {
      "type": "Feature",
      "geometry": {
        "type": "Point",
        "coordinates": [
          -2.079086044171183,
          5.538238360832879
        ]
      },
      "properties": {
        "probability": 0.9713047742843628,
        "lat": 5.538238360832879,
        "lon": -2.079086044171183,
        "region": "Tarkwa-Nsuaem",
        "detected_at": "2026-03-09T06:21:29.173747",
        "model_version": "48px_v3.7_2024-01-10"
      }
    },
    {
      "type": "Feature",
      "geometry": {
        "type": "Point",
        "coordinates": [
          -2.076916084374482,
          5.542586781013364
        ]
      },
      "properties": {
        "probability": 0.9256966710090637,
        "lat": 5.542586781013364,
        "lon": -2.076916084374482,
        "region": "Tarkwa-Nsuaem",
        "detected_at": "2026-03-09T06:21:29.173841",
        "model_version": "48px_v3.7_2024-01-10"
      }
    },
    {
      "type": "Feature",
      "geometry": {
        "type": "Point",
        "coordinates": [
          -2.076916084374482,
          5.540412570923123
        ]
      },
      "properties": {
        "probability": 0.9313029050827026,
        "lat": 5.540412570923123,
        "lon": -2.076916084374482,
        "region": "Tarkwa-Nsuaem",
        "detected_at": "2026-03-09T06:21:29.173929",
        "model_version": "48px_v3.7_2024-01-10"
      }
    },
    {
      "type": "Feature",
      "geometry": {
        "type": "Point",
        "coordinates": [
          -1.670577777856616,
          6.06055062597831
        ]
      },
      "properties": {
        "probability": 0.8250842690467834,
        "lat": 6.06055062597831,
        "lon": -1.670577777856616,
        "region": "Obuasi",
        "detected_at": "2026-03-09T06:22:55.521445",
        "model_version": "48px_v3.7_2024-01-10"
      }
    },
    {
      "type": "Feature",
      "geometry": {
        "type": "Point",
        "coordinates": [
          -1.6597096687543524,
          6.093188257072495
        ]
      },
      "properties": {
        "probability": 0.984898030757904,
        "lat": 6.093188257072495,
        "lon": -1.6597096687543524,
        "region": "Obuasi",
        "detected_at": "2026-03-09T06:22:55.521560",
        "model_version": "48px_v3.7_2024-01-10"
      }
    },
    {
      "type": "Feature",
      "geometry": {
        "type": "Point",
        "coordinates": [
          -1.6597096687543527,
          6.091012414999549
        ]
      },
      "properties": {
        "probability": 0.999633252620697,
        "lat": 6.091012414999549,
        "lon": -1.6597096687543527,
        "region": "Obuasi",
        "detected_at": "2026-03-09T06:22:55.521660",
        "model_version": "48px_v3.7_2024-01-10"
      }
    },
    {
      "type": "Feature",
      "geometry": {
        "type": "Point",
        "coordinates": [
          -1.6575360469339002,
          6.0931882570724945
        ]
      },
      "properties": {
        "probability": 0.9288231730461121,
        "lat": 6.0931882570724945,
        "lon": -1.6575360469339002,
        "region": "Obuasi",
        "detected_at": "2026-03-09T06:22:55.521757",
        "model_version": "48px_v3.7_2024-01-10"
      }
    },
    {
      "type": "Feature",
      "geometry": {
        "type": "Point",
        "coordinates": [
          -1.6575360469339002,
          6.0910124149995495
        ]
      },
      "properties": {
        "probability": 0.9998897910118103,
        "lat": 6.0910124149995495,
        "lon": -1.6575360469339002,
        "region": "Obuasi",
        "detected_at": "2026-03-09T06:22:55.521854",
        "model_version": "48px_v3.7_2024-01-10"
      }
    },
    {
      "type": "Feature",
      "geometry": {
        "type": "Point",
        "coordinates": [
          -1.6575360469339002,
          6.088836572926604
        ]
      },
      "properties": {
        "probability": 0.9675889015197754,
        "lat": 6.088836572926604,
        "lon": -1.6575360469339002,
        "region": "Obuasi",
        "detected_at": "2026-03-09T06:22:55.521951",
        "model_version": "48px_v3.7_2024-01-10"
      }
    },
    {
      "type": "Feature",
      "geometry": {
        "type": "Point",
        "coordinates": [
          -1.6575360469339002,
          6.07578152048893
        ]
      },
      "properties": {
        "probability": 0.9391221404075623,
        "lat": 6.07578152048893,
        "lon": -1.6575360469339002,
        "region": "Obuasi",
        "detected_at": "2026-03-09T06:22:55.522111",
        "model_version": "48px_v3.7_2024-01-10"
      }
    },
    {
      "type": "Feature",
      "geometry": {
        "type": "Point",
        "coordinates": [
          -1.6575360469339002,
          6.049671415613581
        ]
      },
      "properties": {
        "probability": 0.8154224157333374,
        "lat": 6.049671415613581,
        "lon": -1.6575360469339002,
        "region": "Obuasi",
        "detected_at": "2026-03-09T06:22:55.522219",
        "model_version": "48px_v3.7_2024-01-10"
      }
    },
    {
      "type": "Feature",
      "geometry": {
        "type": "Point",
        "coordinates": [
          -1.6553624251134471,
          6.07578152048893
        ]
      },
      "properties": {
        "probability": 0.9787026643753052,
        "lat": 6.07578152048893,
        "lon": -1.6553624251134471,
        "region": "Obuasi",
        "detected_at": "2026-03-09T06:22:55.522314",
        "model_version": "48px_v3.7_2024-01-10"
      }
    },
    {
      "type": "Feature",
      "geometry": {
        "type": "Point",
        "coordinates": [
          -1.6553624251134471,
          6.0736056784159835
        ]
      },
      "properties": {
        "probability": 0.8189200758934021,
        "lat": 6.0736056784159835,
        "lon": -1.6553624251134471,
        "region": "Obuasi",
        "detected_at": "2026-03-09T06:22:55.522415",
        "model_version": "48px_v3.7_2024-01-10"
      }
    },
    {
      "type": "Feature",
      "geometry": {
        "type": "Point",
        "coordinates": [
          -1.6900143699711567,
          6.097411821279194
        ]
      },
      "properties": {
        "probability": 0.9703400135040283,
        "lat": 6.097411821279194,
        "lon": -1.6900143699711567,
        "region": "Obuasi",
        "detected_at": "2026-03-09T06:22:55.522511",
        "model_version": "48px_v3.7_2024-01-10"
      }
    },
    {
      "type": "Feature",
      "geometry": {
        "type": "Point",
        "coordinates": [
          -1.6878404926767472,
          6.097411821279194
        ]
      },
      "properties": {
        "probability": 0.8931317925453186,
        "lat": 6.097411821279194,
        "lon": -1.6878404926767472,
        "region": "Obuasi",
        "detected_at": "2026-03-09T06:22:55.522604",
        "model_version": "48px_v3.7_2024-01-10"
      }
    },
    {
      "type": "Feature",
      "geometry": {
        "type": "Point",
        "coordinates": [
          -1.6856666153823383,
          6.097411821279195
        ]
      },
      "properties": {
        "probability": 0.825840413570404,
        "lat": 6.097411821279195,
        "lon": -1.6856666153823383,
        "region": "Obuasi",
        "detected_at": "2026-03-09T06:22:55.522695",
        "model_version": "48px_v3.7_2024-01-10"
      }
    },
    {
      "type": "Feature",
      "geometry": {
        "type": "Point",
        "coordinates": [
          -1.6423198581426723,
          6.11903927159777
        ]
      },
      "properties": {
        "probability": 0.8585343360900879,
        "lat": 6.11903927159777,
        "lon": -1.6423198581426723,
        "region": "Obuasi",
        "detected_at": "2026-03-09T06:22:55.522786",
        "model_version": "48px_v3.7_2024-01-10"
      }
    },
    {
      "type": "Feature",
      "geometry": {
        "type": "Point",
        "coordinates": [
          -1.6423198581426723,
          6.1168632246089105
        ]
      },
      "properties": {
        "probability": 0.9970754384994507,
        "lat": 6.1168632246089105,
        "lon": -1.6423198581426723,
        "region": "Obuasi",
        "detected_at": "2026-03-09T06:22:55.522878",
        "model_version": "48px_v3.7_2024-01-10"
      }
    },
    {
      "type": "Feature",
      "geometry": {
        "type": "Point",
        "coordinates": [
          -1.6401458182981905,
          6.11686322460891
        ]
      },
      "properties": {
        "probability": 0.974103569984436,
        "lat": 6.11686322460891,
        "lon": -1.6401458182981905,
        "region": "Obuasi",
        "detected_at": "2026-03-09T06:22:55.522969",
        "model_version": "48px_v3.7_2024-01-10"
      }
    },
    {
      "type": "Feature",
      "geometry": {
        "type": "Point",
        "coordinates": [
          -1.6379717784537082,
          6.1233913655754915
        ]
      },
      "properties": {
        "probability": 0.8914322257041931,
        "lat": 6.1233913655754915,
        "lon": -1.6379717784537082,
        "region": "Obuasi",
        "detected_at": "2026-03-09T06:22:55.523111",
        "model_version": "48px_v3.7_2024-01-10"
      }
    },
    {
      "type": "Feature",
      "geometry": {
        "type": "Point",
        "coordinates": [
          -1.6357977386092262,
          6.1233913655754915
        ]
      },
      "properties": {
        "probability": 0.9310907125473022,
        "lat": 6.1233913655754915,
        "lon": -1.6357977386092262,
        "region": "Obuasi",
        "detected_at": "2026-03-09T06:22:55.523214",
        "model_version": "48px_v3.7_2024-01-10"
      }
    },
    {
      "type": "Feature",
      "geometry": {
        "type": "Point",
        "coordinates": [
          -1.6292756190757791,
          6.13644764750866
        ]
      },
      "properties": {
        "probability": 0.8741601705551147,
        "lat": 6.13644764750866,
        "lon": -1.6292756190757791,
        "region": "Obuasi",
        "detected_at": "2026-03-09T06:22:55.523307",
        "model_version": "48px_v3.7_2024-01-10"
      }
    },
    {
      "type": "Feature",
      "geometry": {
        "type": "Point",
        "coordinates": [
          -1.6271015792312975,
          6.13862369449752
        ]
      },
      "properties": {
        "probability": 0.9653491973876953,
        "lat": 6.13862369449752,
        "lon": -1.6271015792312975,
        "region": "Obuasi",
        "detected_at": "2026-03-09T06:22:55.523398",
        "model_version": "48px_v3.7_2024-01-10"
      }
    },
    {
      "type": "Feature",
      "geometry": {
        "type": "Point",
        "coordinates": [
          -1.6271015792312975,
          6.13644764750866
        ]
      },
      "properties": {
        "probability": 0.9169743657112122,
        "lat": 6.13644764750866,
        "lon": -1.6271015792312975,
        "region": "Obuasi",
        "detected_at": "2026-03-09T06:22:55.523490",
        "model_version": "48px_v3.7_2024-01-10"
      }
    },
    {
      "type": "Feature",
      "geometry": {
        "type": "Point",
        "coordinates": [
          -1.6249275393868152,
          6.138623694497519
        ]
      },
      "properties": {
        "probability": 0.8230268955230713,
        "lat": 6.138623694497519,
        "lon": -1.6249275393868152,
        "region": "Obuasi",
        "detected_at": "2026-03-09T06:22:55.523581",
        "model_version": "48px_v3.7_2024-01-10"
      }
    },
    {
      "type": "Feature",
      "geometry": {
        "type": "Point",
        "coordinates": [
          -1.7421790636730161,
          6.047622305418812
        ]
      },
      "properties": {
        "probability": 0.9468183517456055,
        "lat": 6.047622305418812,
        "lon": -1.7421790636730161,
        "region": "Obuasi",
        "detected_at": "2026-03-09T06:22:55.523673",
        "model_version": "48px_v3.7_2024-01-10"
      }
    },
    {
      "type": "Feature",
      "geometry": {
        "type": "Point",
        "coordinates": [
          -1.7421790636730161,
          6.0454466266181575
        ]
      },
      "properties": {
        "probability": 0.866083025932312,
        "lat": 6.0454466266181575,
        "lon": -1.7421790636730161,
        "region": "Obuasi",
        "detected_at": "2026-03-09T06:22:55.523764",
        "model_version": "48px_v3.7_2024-01-10"
      }
    },
    {
      "type": "Feature",
      "geometry": {
        "type": "Point",
        "coordinates": [
          -1.7269648490895386,
          6.082433166229291
        ]
      },
      "properties": {
        "probability": 0.8727856874465942,
        "lat": 6.082433166229291,
        "lon": -1.7269648490895386,
        "region": "Obuasi",
        "detected_at": "2026-03-09T06:22:55.523854",
        "model_version": "48px_v3.7_2024-01-10"
      }
    },
    {
      "type": "Feature",
      "geometry": {
        "type": "Point",
        "coordinates": [
          -1.7247913898633271,
          6.0802574874286375
        ]
      },
      "properties": {
        "probability": 0.8956297039985657,
        "lat": 6.0802574874286375,
        "lon": -1.7247913898633271,
        "region": "Obuasi",
        "detected_at": "2026-03-09T06:22:55.523944",
        "model_version": "48px_v3.7_2024-01-10"
      }
    },
    {
      "type": "Feature",
      "geometry": {
        "type": "Point",
        "coordinates": [
          -1.7139240937322715,
          6.051973663020121
        ]
      },
      "properties": {
        "probability": 0.8051908016204834,
        "lat": 6.051973663020121,
        "lon": -1.7139240937322715,
        "region": "Obuasi",
        "detected_at": "2026-03-09T06:22:55.524075",
        "model_version": "48px_v3.7_2024-01-10"
      }
    },
    {
      "type": "Feature",
      "geometry": {
        "type": "Point",
        "coordinates": [
          -1.8007386936386867,
          6.09125432927689
        ]
      },
      "properties": {
        "probability": 0.8919045329093933,
        "lat": 6.09125432927689,
        "lon": -1.8007386936386867,
        "region": "Obuasi",
        "detected_at": "2026-03-09T06:22:55.524178",
        "model_version": "48px_v3.7_2024-01-10"
      }
    },
    {
      "type": "Feature",
      "geometry": {
        "type": "Point",
        "coordinates": [
          -1.8007386936386867,
          6.0890788155706845
        ]
      },
      "properties": {
        "probability": 0.8212047815322876,
        "lat": 6.0890788155706845,
        "lon": -1.8007386936386867,
        "region": "Obuasi",
        "detected_at": "2026-03-09T06:22:55.524271",
        "model_version": "48px_v3.7_2024-01-10"
      }
    },
    {
      "type": "Feature",
      "geometry": {
        "type": "Point",
        "coordinates": [
          -1.8007386936386867,
          6.078201247039655
        ]
      },
      "properties": {
        "probability": 0.8379920721054077,
        "lat": 6.078201247039655,
        "lon": -1.8007386936386867,
        "region": "Obuasi",
        "detected_at": "2026-03-09T06:22:55.524361",
        "model_version": "48px_v3.7_2024-01-10"
      }
    },
    {
      "type": "Feature",
      "geometry": {
        "type": "Point",
        "coordinates": [
          -1.8007386936386867,
          6.0760257333334495
        ]
      },
      "properties": {
        "probability": 0.9999604821205139,
        "lat": 6.0760257333334495,
        "lon": -1.8007386936386867,
        "region": "Obuasi",
        "detected_at": "2026-03-09T06:22:55.524451",
        "model_version": "48px_v3.7_2024-01-10"
      }
    },
    {
      "type": "Feature",
      "geometry": {
        "type": "Point",
        "coordinates": [
          -1.8007386936386867,
          6.073850219627244
        ]
      },
      "properties": {
        "probability": 0.9999696016311646,
        "lat": 6.073850219627244,
        "lon": -1.8007386936386867,
        "region": "Obuasi",
        "detected_at": "2026-03-09T06:22:55.524541",
        "model_version": "48px_v3.7_2024-01-10"
      }
    },
    {
      "type": "Feature",
      "geometry": {
        "type": "Point",
        "coordinates": [
          -1.8007386936386867,
          6.071674705921038
        ]
      },
      "properties": {
        "probability": 0.9576793909072876,
        "lat": 6.071674705921038,
        "lon": -1.8007386936386867,
        "region": "Obuasi",
        "detected_at": "2026-03-09T06:22:55.524631",
        "model_version": "48px_v3.7_2024-01-10"
      }
    },
    {
      "type": "Feature",
      "geometry": {
        "type": "Point",
        "coordinates": [
          -1.8007386936386867,
          6.069499192214832
        ]
      },
      "properties": {
        "probability": 0.926465630531311,
        "lat": 6.069499192214832,
        "lon": -1.8007386936386867,
        "region": "Obuasi",
        "detected_at": "2026-03-09T06:22:55.524721",
        "model_version": "48px_v3.7_2024-01-10"
      }
    },
    {
      "type": "Feature",
      "geometry": {
        "type": "Point",
        "coordinates": [
          -1.8007386936386867,
          6.067323678508626
        ]
      },
      "properties": {
        "probability": 0.9995515942573547,
        "lat": 6.067323678508626,
        "lon": -1.8007386936386867,
        "region": "Obuasi",
        "detected_at": "2026-03-09T06:22:55.524810",
        "model_version": "48px_v3.7_2024-01-10"
      }
    },
    {
      "type": "Feature",
      "geometry": {
        "type": "Point",
        "coordinates": [
          -1.8007386936386867,
          6.065148164802421
        ]
      },
      "properties": {
        "probability": 0.936728298664093,
        "lat": 6.065148164802421,
        "lon": -1.8007386936386867,
        "region": "Obuasi",
        "detected_at": "2026-03-09T06:22:55.524900",
        "model_version": "48px_v3.7_2024-01-10"
      }
    },
    {
      "type": "Feature",
      "geometry": {
        "type": "Point",
        "coordinates": [
          -1.7985653988475172,
          6.093429842983096
        ]
      },
      "properties": {
        "probability": 0.8826804161071777,
        "lat": 6.093429842983096,
        "lon": -1.7985653988475172,
        "region": "Obuasi",
        "detected_at": "2026-03-09T06:22:55.524991",
        "model_version": "48px_v3.7_2024-01-10"
      }
    },
    {
      "type": "Feature",
      "geometry": {
        "type": "Point",
        "coordinates": [
          -1.7985653988475172,
          6.0760257333334495
        ]
      },
      "properties": {
        "probability": 0.9954723715782166,
        "lat": 6.0760257333334495,
        "lon": -1.7985653988475172,
        "region": "Obuasi",
        "detected_at": "2026-03-09T06:22:55.525155",
        "model_version": "48px_v3.7_2024-01-10"
      }
    },
    {
      "type": "Feature",
      "geometry": {
        "type": "Point",
        "coordinates": [
          -1.7985653988475172,
          6.073850219627244
        ]
      },
      "properties": {
        "probability": 0.9923126101493835,
        "lat": 6.073850219627244,
        "lon": -1.7985653988475172,
        "region": "Obuasi",
        "detected_at": "2026-03-09T06:22:55.525249",
        "model_version": "48px_v3.7_2024-01-10"
      }
    },
    {
      "type": "Feature",
      "geometry": {
        "type": "Point",
        "coordinates": [
          -1.7985653988475172,
          6.069499192214832
        ]
      },
      "properties": {
        "probability": 0.9919566512107849,
        "lat": 6.069499192214832,
        "lon": -1.7985653988475172,
        "region": "Obuasi",
        "detected_at": "2026-03-09T06:22:55.525341",
        "model_version": "48px_v3.7_2024-01-10"
      }
    },
    {
      "type": "Feature",
      "geometry": {
        "type": "Point",
        "coordinates": [
          -1.7985653988475172,
          6.067323678508626
        ]
      },
      "properties": {
        "probability": 0.9982375502586365,
        "lat": 6.067323678508626,
        "lon": -1.7985653988475172,
        "region": "Obuasi",
        "detected_at": "2026-03-09T06:22:55.525432",
        "model_version": "48px_v3.7_2024-01-10"
      }
    },
    {
      "type": "Feature",
      "geometry": {
        "type": "Point",
        "coordinates": [
          -1.7920455144740106,
          6.078201247039655
        ]
      },
      "properties": {
        "probability": 0.8269059658050537,
        "lat": 6.078201247039655,
        "lon": -1.7920455144740106,
        "region": "Obuasi",
        "detected_at": "2026-03-09T06:22:55.525530",
        "model_version": "48px_v3.7_2024-01-10"
      }
    },
    {
      "type": "Feature",
      "geometry": {
        "type": "Point",
        "coordinates": [
          -1.7898722196828414,
          6.078201247039655
        ]
      },
      "properties": {
        "probability": 0.8524155020713806,
        "lat": 6.078201247039655,
        "lon": -1.7898722196828414,
        "region": "Obuasi",
        "detected_at": "2026-03-09T06:22:55.525624",
        "model_version": "48px_v3.7_2024-01-10"
      }
    },
    {
      "type": "Feature",
      "geometry": {
        "type": "Point",
        "coordinates": [
          -1.7724858613534902,
          6.0760257333334495
        ]
      },
      "properties": {
        "probability": 0.9701018929481506,
        "lat": 6.0760257333334495,
        "lon": -1.7724858613534902,
        "region": "Obuasi",
        "detected_at": "2026-03-09T06:22:55.525715",
        "model_version": "48px_v3.7_2024-01-10"
      }
    },
    {
      "type": "Feature",
      "geometry": {
        "type": "Point",
        "coordinates": [
          -1.7724858613534902,
          6.073850219627244
        ]
      },
      "properties": {
        "probability": 0.9911530613899231,
        "lat": 6.073850219627244,
        "lon": -1.7724858613534902,
        "region": "Obuasi",
        "detected_at": "2026-03-09T06:22:55.525812",
        "model_version": "48px_v3.7_2024-01-10"
      }
    },
    {
      "type": "Feature",
      "geometry": {
        "type": "Point",
        "coordinates": [
          -1.7703125665623212,
          6.0760257333334495
        ]
      },
      "properties": {
        "probability": 0.9836693406105042,
        "lat": 6.0760257333334495,
        "lon": -1.7703125665623212,
        "region": "Obuasi",
        "detected_at": "2026-03-09T06:22:55.525904",
        "model_version": "48px_v3.7_2024-01-10"
      }
    },
    {
      "type": "Feature",
      "geometry": {
        "type": "Point",
        "coordinates": [
          -1.7703125665623212,
          6.073850219627244
        ]
      },
      "properties": {
        "probability": 0.9916645884513855,
        "lat": 6.073850219627244,
        "lon": -1.7703125665623212,
        "region": "Obuasi",
        "detected_at": "2026-03-09T06:22:55.526010",
        "model_version": "48px_v3.7_2024-01-10"
      }
    },
    {
      "type": "Feature",
      "geometry": {
        "type": "Point",
        "coordinates": [
          -1.7616193873976456,
          6.082552274452068
        ]
      },
      "properties": {
        "probability": 0.8130336403846741,
        "lat": 6.082552274452068,
        "lon": -1.7616193873976456,
        "region": "Obuasi",
        "detected_at": "2026-03-09T06:22:55.526106",
        "model_version": "48px_v3.7_2024-01-10"
      }
    },
    {
      "type": "Feature",
      "geometry": {
        "type": "Point",
        "coordinates": [
          -1.637839628247216,
          6.164602276441197
        ]
      },
      "properties": {
        "probability": 0.9227149486541748,
        "lat": 6.164602276441197,
        "lon": -1.637839628247216,
        "region": "Obuasi",
        "detected_at": "2026-03-09T06:22:55.526198",
        "model_version": "48px_v3.7_2024-01-10"
      }
    },
    {
      "type": "Feature",
      "geometry": {
        "type": "Point",
        "coordinates": [
          -1.6356653292882775,
          6.164602276441197
        ]
      },
      "properties": {
        "probability": 0.8199191093444824,
        "lat": 6.164602276441197,
        "lon": -1.6356653292882775,
        "region": "Obuasi",
        "detected_at": "2026-03-09T06:22:55.526288",
        "model_version": "48px_v3.7_2024-01-10"
      }
    },
    {
      "type": "Feature",
      "geometry": {
        "type": "Point",
        "coordinates": [
          -1.6269681334525217,
          6.158074005157487
        ]
      },
      "properties": {
        "probability": 0.8717318773269653,
        "lat": 6.158074005157487,
        "lon": -1.6269681334525217,
        "region": "Obuasi",
        "detected_at": "2026-03-09T06:22:55.526377",
        "model_version": "48px_v3.7_2024-01-10"
      }
    },
    {
      "type": "Feature",
      "geometry": {
        "type": "Point",
        "coordinates": [
          -1.6247938344935824,
          6.158074005157486
        ]
      },
      "properties": {
        "probability": 0.927245557308197,
        "lat": 6.158074005157486,
        "lon": -1.6247938344935824,
        "region": "Obuasi",
        "detected_at": "2026-03-09T06:22:55.526467",
        "model_version": "48px_v3.7_2024-01-10"
      }
    },
    {
      "type": "Feature",
      "geometry": {
        "type": "Point",
        "coordinates": [
          -1.6073994428220715,
          6.162426186013294
        ]
      },
      "properties": {
        "probability": 0.8204741477966309,
        "lat": 6.162426186013294,
        "lon": -1.6073994428220715,
        "region": "Obuasi",
        "detected_at": "2026-03-09T06:22:55.526557",
        "model_version": "48px_v3.7_2024-01-10"
      }
    },
    {
      "type": "Feature",
      "geometry": {
        "type": "Point",
        "coordinates": [
          -1.6030508449041936,
          6.168954457297005
        ]
      },
      "properties": {
        "probability": 0.9009602069854736,
        "lat": 6.168954457297005,
        "lon": -1.6030508449041936,
        "region": "Obuasi",
        "detected_at": "2026-03-09T06:22:55.526648",
        "model_version": "48px_v3.7_2024-01-10"
      }
    },
    {
      "type": "Feature",
      "geometry": {
        "type": "Point",
        "coordinates": [
          -1.6008765459452547,
          6.173306638152813
        ]
      },
      "properties": {
        "probability": 0.8249267935752869,
        "lat": 6.173306638152813,
        "lon": -1.6008765459452547,
        "region": "Obuasi",
        "detected_at": "2026-03-09T06:22:55.526739",
        "model_version": "48px_v3.7_2024-01-10"
      }
    },
    {
      "type": "Feature",
      "geometry": {
        "type": "Point",
        "coordinates": [
          -1.6008765459452547,
          6.17113054772491
        ]
      },
      "properties": {
        "probability": 0.9491968750953674,
        "lat": 6.17113054772491,
        "lon": -1.6008765459452547,
        "region": "Obuasi",
        "detected_at": "2026-03-09T06:22:55.526830",
        "model_version": "48px_v3.7_2024-01-10"
      }
    },
    {
      "type": "Feature",
      "geometry": {
        "type": "Point",
        "coordinates": [
          -1.5987022469863157,
          6.173306638152813
        ]
      },
      "properties": {
        "probability": 0.9144324660301208,
        "lat": 6.173306638152813,
        "lon": -1.5987022469863157,
        "region": "Obuasi",
        "detected_at": "2026-03-09T06:22:55.526921",
        "model_version": "48px_v3.7_2024-01-10"
      }
    },
    {
      "type": "Feature",
      "geometry": {
        "type": "Point",
        "coordinates": [
          -1.5987022469863157,
          6.17113054772491
        ]
      },
      "properties": {
        "probability": 0.8451260328292847,
        "lat": 6.17113054772491,
        "lon": -1.5987022469863157,
        "region": "Obuasi",
        "detected_at": "2026-03-09T06:22:55.527030",
        "model_version": "48px_v3.7_2024-01-10"
      }
    },
    {
      "type": "Feature",
      "geometry": {
        "type": "Point",
        "coordinates": [
          -1.8527789528960785,
          6.069614290144796
        ]
      },
      "properties": {
        "probability": 0.9782528877258301,
        "lat": 6.069614290144796,
        "lon": -1.8527789528960785,
        "region": "Obuasi",
        "detected_at": "2026-03-09T06:22:55.527125",
        "model_version": "48px_v3.7_2024-01-10"
      }
    },
    {
      "type": "Feature",
      "geometry": {
        "type": "Point",
        "coordinates": [
          -1.852778952896079,
          6.067438943354521
        ]
      },
      "properties": {
        "probability": 0.8639318943023682,
        "lat": 6.067438943354521,
        "lon": -1.852778952896079,
        "region": "Obuasi",
        "detected_at": "2026-03-09T06:22:55.527215",
        "model_version": "48px_v3.7_2024-01-10"
      }
    },
    {
      "type": "Feature",
      "geometry": {
        "type": "Point",
        "coordinates": [
          -1.8506058243800771,
          6.067438943354521
        ]
      },
      "properties": {
        "probability": 0.9887450933456421,
        "lat": 6.067438943354521,
        "lon": -1.8506058243800771,
        "region": "Obuasi",
        "detected_at": "2026-03-09T06:22:55.527303",
        "model_version": "48px_v3.7_2024-01-10"
      }
    },
    {
      "type": "Feature",
      "geometry": {
        "type": "Point",
        "coordinates": [
          -1.8484326958640764,
          6.067438943354521
        ]
      },
      "properties": {
        "probability": 0.9970123767852783,
        "lat": 6.067438943354521,
        "lon": -1.8484326958640764,
        "region": "Obuasi",
        "detected_at": "2026-03-09T06:22:55.527392",
        "model_version": "48px_v3.7_2024-01-10"
      }
    },
    {
      "type": "Feature",
      "geometry": {
        "type": "Point",
        "coordinates": [
          -1.8484326958640764,
          6.065263596564248
        ]
      },
      "properties": {
        "probability": 0.9980563521385193,
        "lat": 6.065263596564248,
        "lon": -1.8484326958640764,
        "region": "Obuasi",
        "detected_at": "2026-03-09T06:22:55.527482",
        "model_version": "48px_v3.7_2024-01-10"
      }
    },
    {
      "type": "Feature",
      "geometry": {
        "type": "Point",
        "coordinates": [
          -1.8484326958640762,
          6.063088249773974
        ]
      },
      "properties": {
        "probability": 0.9867132902145386,
        "lat": 6.063088249773974,
        "lon": -1.8484326958640762,
        "region": "Obuasi",
        "detected_at": "2026-03-09T06:22:55.527573",
        "model_version": "48px_v3.7_2024-01-10"
      }
    },
    {
      "type": "Feature",
      "geometry": {
        "type": "Point",
        "coordinates": [
          -1.8484326958640762,
          6.0609129029836994
        ]
      },
      "properties": {
        "probability": 0.9924997687339783,
        "lat": 6.0609129029836994,
        "lon": -1.8484326958640762,
        "region": "Obuasi",
        "detected_at": "2026-03-09T06:22:55.527661",
        "model_version": "48px_v3.7_2024-01-10"
      }
    },
    {
      "type": "Feature",
      "geometry": {
        "type": "Point",
        "coordinates": [
          -1.8462595673480755,
          6.052211515822604
        ]
      },
      "properties": {
        "probability": 0.9983451962471008,
        "lat": 6.052211515822604,
        "lon": -1.8462595673480755,
        "region": "Obuasi",
        "detected_at": "2026-03-09T06:22:55.527751",
        "model_version": "48px_v3.7_2024-01-10"
      }
    },
    {
      "type": "Feature",
      "geometry": {
        "type": "Point",
        "coordinates": [
          -1.8462595673480755,
          6.0500361690323325
        ]
      },
      "properties": {
        "probability": 0.9952214360237122,
        "lat": 6.0500361690323325,
        "lon": -1.8462595673480755,
        "region": "Obuasi",
        "detected_at": "2026-03-09T06:22:55.527841",
        "model_version": "48px_v3.7_2024-01-10"
      }
    },
    {
      "type": "Feature",
      "geometry": {
        "type": "Point",
        "coordinates": [
          -1.8440864388320741,
          6.052211515822604
        ]
      },
      "properties": {
        "probability": 0.9980013370513916,
        "lat": 6.052211515822604,
        "lon": -1.8440864388320741,
        "region": "Obuasi",
        "detected_at": "2026-03-09T06:22:55.527930",
        "model_version": "48px_v3.7_2024-01-10"
      }
    },
    {
      "type": "Feature",
      "geometry": {
        "type": "Point",
        "coordinates": [
          -1.8440864388320743,
          6.0500361690323325
        ]
      },
      "properties": {
        "probability": 0.9999105930328369,
        "lat": 6.0500361690323325,
        "lon": -1.8440864388320743,
        "region": "Obuasi",
        "detected_at": "2026-03-09T06:22:55.528038",
        "model_version": "48px_v3.7_2024-01-10"
      }
    },
    {
      "type": "Feature",
      "geometry": {
        "type": "Point",
        "coordinates": [
          -1.8440864388320743,
          6.0478608222420585
        ]
      },
      "properties": {
        "probability": 0.9972407817840576,
        "lat": 6.0478608222420585,
        "lon": -1.8440864388320743,
        "region": "Obuasi",
        "detected_at": "2026-03-09T06:22:55.528132",
        "model_version": "48px_v3.7_2024-01-10"
      }
    },
    {
      "type": "Feature",
      "geometry": {
        "type": "Point",
        "coordinates": [
          -1.8419133103160732,
          6.050036169032331
        ]
      },
      "properties": {
        "probability": 0.9983740448951721,
        "lat": 6.050036169032331,
        "lon": -1.8419133103160732,
        "region": "Obuasi",
        "detected_at": "2026-03-09T06:22:55.528222",
        "model_version": "48px_v3.7_2024-01-10"
      }
    },
    {
      "type": "Feature",
      "geometry": {
        "type": "Point",
        "coordinates": [
          -1.8419133103160732,
          6.047860822242057
        ]
      },
      "properties": {
        "probability": 0.9999931454658508,
        "lat": 6.047860822242057,
        "lon": -1.8419133103160732,
        "region": "Obuasi",
        "detected_at": "2026-03-09T06:22:55.528311",
        "model_version": "48px_v3.7_2024-01-10"
      }
    },
    {
      "type": "Feature",
      "geometry": {
        "type": "Point",
        "coordinates": [
          -1.8419133103160734,
          6.0456854754517835
        ]
      },
      "properties": {
        "probability": 0.9998930096626282,
        "lat": 6.0456854754517835,
        "lon": -1.8419133103160734,
        "region": "Obuasi",
        "detected_at": "2026-03-09T06:22:55.528401",
        "model_version": "48px_v3.7_2024-01-10"
      }
    },
    {
      "type": "Feature",
      "geometry": {
        "type": "Point",
        "coordinates": [
          -1.8397401818000723,
          6.0500361690323325
        ]
      },
      "properties": {
        "probability": 0.8204465508460999,
        "lat": 6.0500361690323325,
        "lon": -1.8397401818000723,
        "region": "Obuasi",
        "detected_at": "2026-03-09T06:22:55.528497",
        "model_version": "48px_v3.7_2024-01-10"
      }
    },
    {
      "type": "Feature",
      "geometry": {
        "type": "Point",
        "coordinates": [
          -1.8397401818000723,
          6.0478608222420585
        ]
      },
      "properties": {
        "probability": 0.9984370470046997,
        "lat": 6.0478608222420585,
        "lon": -1.8397401818000723,
        "region": "Obuasi",
        "detected_at": "2026-03-09T06:22:55.528591",
        "model_version": "48px_v3.7_2024-01-10"
      }
    },
    {
      "type": "Feature",
      "geometry": {
        "type": "Point",
        "coordinates": [
          -1.8397401818000723,
          6.045685475451783
        ]
      },
      "properties": {
        "probability": 0.9996072053909302,
        "lat": 6.045685475451783,
        "lon": -1.8397401818000723,
        "region": "Obuasi",
        "detected_at": "2026-03-09T06:22:55.528682",
        "model_version": "48px_v3.7_2024-01-10"
      }
    },
    {
      "type": "Feature",
      "geometry": {
        "type": "Point",
        "coordinates": [
          -1.8267014107040658,
          6.080491024096165
        ]
      },
      "properties": {
        "probability": 0.9793785810470581,
        "lat": 6.080491024096165,
        "lon": -1.8267014107040658,
        "region": "Obuasi",
        "detected_at": "2026-03-09T06:22:55.528772",
        "model_version": "48px_v3.7_2024-01-10"
      }
    },
    {
      "type": "Feature",
      "geometry": {
        "type": "Point",
        "coordinates": [
          -1.8267014107040658,
          6.078315677305892
        ]
      },
      "properties": {
        "probability": 0.98887038230896,
        "lat": 6.078315677305892,
        "lon": -1.8267014107040658,
        "region": "Obuasi",
        "detected_at": "2026-03-09T06:22:55.528863",
        "model_version": "48px_v3.7_2024-01-10"
      }
    },
    {
      "type": "Feature",
      "geometry": {
        "type": "Point",
        "coordinates": [
          -1.8267014107040658,
          6.076140330515616
        ]
      },
      "properties": {
        "probability": 0.9467822909355164,
        "lat": 6.076140330515616,
        "lon": -1.8267014107040658,
        "region": "Obuasi",
        "detected_at": "2026-03-09T06:22:55.528953",
        "model_version": "48px_v3.7_2024-01-10"
      }
    },
    {
      "type": "Feature",
      "geometry": {
        "type": "Point",
        "coordinates": [
          -1.8223551536720637,
          6.067438943354521
        ]
      },
      "properties": {
        "probability": 0.9987846612930298,
        "lat": 6.067438943354521,
        "lon": -1.8223551536720637,
        "region": "Obuasi",
        "detected_at": "2026-03-09T06:22:55.529062",
        "model_version": "48px_v3.7_2024-01-10"
      }
    },
    {
      "type": "Feature",
      "geometry": {
        "type": "Point",
        "coordinates": [
          -1.8223551536720637,
          6.065263596564248
        ]
      },
      "properties": {
        "probability": 0.9937071204185486,
        "lat": 6.065263596564248,
        "lon": -1.8223551536720637,
        "region": "Obuasi",
        "detected_at": "2026-03-09T06:22:55.529155",
        "model_version": "48px_v3.7_2024-01-10"
      }
    },
    {
      "type": "Feature",
      "geometry": {
        "type": "Point",
        "coordinates": [
          -1.8201820251560625,
          6.0500361690323325
        ]
      },
      "properties": {
        "probability": 0.8948810696601868,
        "lat": 6.0500361690323325,
        "lon": -1.8201820251560625,
        "region": "Obuasi",
        "detected_at": "2026-03-09T06:22:55.529246",
        "model_version": "48px_v3.7_2024-01-10"
      }
    },
    {
      "type": "Feature",
      "geometry": {
        "type": "Point",
        "coordinates": [
          -1.8136626396080593,
          6.09354310483781
        ]
      },
      "properties": {
        "probability": 0.8689688444137573,
        "lat": 6.09354310483781,
        "lon": -1.8136626396080593,
        "region": "Obuasi",
        "detected_at": "2026-03-09T06:22:55.529335",
        "model_version": "48px_v3.7_2024-01-10"
      }
    },
    {
      "type": "Feature",
      "geometry": {
        "type": "Point",
        "coordinates": [
          -1.811489511092058,
          6.091367758047535
        ]
      },
      "properties": {
        "probability": 0.8168670535087585,
        "lat": 6.091367758047535,
        "lon": -1.811489511092058,
        "region": "Obuasi",
        "detected_at": "2026-03-09T06:22:55.529424",
        "model_version": "48px_v3.7_2024-01-10"
      }
    },
    {
      "type": "Feature",
      "geometry": {
        "type": "Point",
        "coordinates": [
          -1.8049701255440547,
          6.056562209403152
        ]
      },
      "properties": {
        "probability": 0.9562109708786011,
        "lat": 6.056562209403152,
        "lon": -1.8049701255440547,
        "region": "Obuasi",
        "detected_at": "2026-03-09T06:22:55.529514",
        "model_version": "48px_v3.7_2024-01-10"
      }
    },
    {
      "type": "Feature",
      "geometry": {
        "type": "Point",
        "coordinates": [
          -1.8049701255440547,
          6.054386862612879
        ]
      },
      "properties": {
        "probability": 0.9998019337654114,
        "lat": 6.054386862612879,
        "lon": -1.8049701255440547,
        "region": "Obuasi",
        "detected_at": "2026-03-09T06:22:55.529603",
        "model_version": "48px_v3.7_2024-01-10"
      }
    },
    {
      "type": "Feature",
      "geometry": {
        "type": "Point",
        "coordinates": [
          -1.8049701255440547,
          6.052211515822604
        ]
      },
      "properties": {
        "probability": 0.982606053352356,
        "lat": 6.052211515822604,
        "lon": -1.8049701255440547,
        "region": "Obuasi",
        "detected_at": "2026-03-09T06:22:55.529694",
        "model_version": "48px_v3.7_2024-01-10"
      }
    },
    {
      "type": "Feature",
      "geometry": {
        "type": "Point",
        "coordinates": [
          -1.8049701255440547,
          6.0500361690323325
        ]
      },
      "properties": {
        "probability": 0.9758638143539429,
        "lat": 6.0500361690323325,
        "lon": -1.8049701255440547,
        "region": "Obuasi",
        "detected_at": "2026-03-09T06:22:55.529783",
        "model_version": "48px_v3.7_2024-01-10"
      }
    },
    {
      "type": "Feature",
      "geometry": {
        "type": "Point",
        "coordinates": [
          -1.8006234503607068,
          6.121593860560376
        ]
      },
      "properties": {
        "probability": 0.82034832239151,
        "lat": 6.121593860560376,
        "lon": -1.8006234503607068,
        "region": "Obuasi",
        "detected_at": "2026-03-09T06:22:55.529873",
        "model_version": "48px_v3.7_2024-01-10"
      }
    },
    {
      "type": "Feature",
      "geometry": {
        "type": "Point",
        "coordinates": [
          -1.8006234503607068,
          6.108540549796799
        ]
      },
      "properties": {
        "probability": 0.8812136054039001,
        "lat": 6.108540549796799,
        "lon": -1.8006234503607068,
        "region": "Obuasi",
        "detected_at": "2026-03-09T06:22:55.529963",
        "model_version": "48px_v3.7_2024-01-10"
      }
    },
    {
      "type": "Feature",
      "geometry": {
        "type": "Point",
        "coordinates": [
          -1.800623450360707,
          6.106364998002869
        ]
      },
      "properties": {
        "probability": 0.9936591386795044,
        "lat": 6.106364998002869,
        "lon": -1.800623450360707,
        "region": "Obuasi",
        "detected_at": "2026-03-09T06:22:55.530072",
        "model_version": "48px_v3.7_2024-01-10"
      }
    },
    {
      "type": "Feature",
      "geometry": {
        "type": "Point",
        "coordinates": [
          -1.8006234503607068,
          6.104189446208941
        ]
      },
      "properties": {
        "probability": 0.9993776679039001,
        "lat": 6.104189446208941,
        "lon": -1.8006234503607068,
        "region": "Obuasi",
        "detected_at": "2026-03-09T06:22:55.530164",
        "model_version": "48px_v3.7_2024-01-10"
      }
    },
    {
      "type": "Feature",
      "geometry": {
        "type": "Point",
        "coordinates": [
          -1.800623450360707,
          6.10201389441501
        ]
      },
      "properties": {
        "probability": 0.940899670124054,
        "lat": 6.10201389441501,
        "lon": -1.800623450360707,
        "region": "Obuasi",
        "detected_at": "2026-03-09T06:22:55.530254",
        "model_version": "48px_v3.7_2024-01-10"
      }
    },
    {
      "type": "Feature",
      "geometry": {
        "type": "Point",
        "coordinates": [
          -1.79844990369336,
          6.106364998002869
        ]
      },
      "properties": {
        "probability": 0.9333916902542114,
        "lat": 6.106364998002869,
        "lon": -1.79844990369336,
        "region": "Obuasi",
        "detected_at": "2026-03-09T06:22:55.530344",
        "model_version": "48px_v3.7_2024-01-10"
      }
    },
    {
      "type": "Feature",
      "geometry": {
        "type": "Point",
        "coordinates": [
          -1.79844990369336,
          6.104189446208941
        ]
      },
      "properties": {
        "probability": 0.9995465874671936,
        "lat": 6.104189446208941,
        "lon": -1.79844990369336,
        "region": "Obuasi",
        "detected_at": "2026-03-09T06:22:55.530434",
        "model_version": "48px_v3.7_2024-01-10"
      }
    },
    {
      "type": "Feature",
      "geometry": {
        "type": "Point",
        "coordinates": [
          -1.79844990369336,
          6.10201389441501
        ]
      },
      "properties": {
        "probability": 0.9774224162101746,
        "lat": 6.10201389441501,
        "lon": -1.79844990369336,
        "region": "Obuasi",
        "detected_at": "2026-03-09T06:22:55.530523",
        "model_version": "48px_v3.7_2024-01-10"
      }
    },
    {
      "type": "Feature",
      "geometry": {
        "type": "Point",
        "coordinates": [
          -1.7962763570260132,
          6.097662790827151
        ]
      },
      "properties": {
        "probability": 0.8936160802841187,
        "lat": 6.097662790827151,
        "lon": -1.7962763570260132,
        "region": "Obuasi",
        "detected_at": "2026-03-09T06:22:55.530611",
        "model_version": "48px_v3.7_2024-01-10"
      }
    },
    {
      "type": "Feature",
      "geometry": {
        "type": "Point",
        "coordinates": [
          -1.794102810358666,
          6.117242756972517
        ]
      },
      "properties": {
        "probability": 0.8980311751365662,
        "lat": 6.117242756972517,
        "lon": -1.794102810358666,
        "region": "Obuasi",
        "detected_at": "2026-03-09T06:22:55.530699",
        "model_version": "48px_v3.7_2024-01-10"
      }
    },
    {
      "type": "Feature",
      "geometry": {
        "type": "Point",
        "coordinates": [
          -1.794102810358666,
          6.115067205178587
        ]
      },
      "properties": {
        "probability": 0.9747338891029358,
        "lat": 6.115067205178587,
        "lon": -1.794102810358666,
        "region": "Obuasi",
        "detected_at": "2026-03-09T06:22:55.530788",
        "model_version": "48px_v3.7_2024-01-10"
      }
    },
    {
      "type": "Feature",
      "geometry": {
        "type": "Point",
        "coordinates": [
          -1.7941028103586663,
          6.112891653384658
        ]
      },
      "properties": {
        "probability": 0.9262696504592896,
        "lat": 6.112891653384658,
        "lon": -1.7941028103586663,
        "region": "Obuasi",
        "detected_at": "2026-03-09T06:22:55.530878",
        "model_version": "48px_v3.7_2024-01-10"
      }
    },
    {
      "type": "Feature",
      "geometry": {
        "type": "Point",
        "coordinates": [
          -1.794102810358666,
          6.097662790827151
        ]
      },
      "properties": {
        "probability": 0.9717831611633301,
        "lat": 6.097662790827151,
        "lon": -1.794102810358666,
        "region": "Obuasi",
        "detected_at": "2026-03-09T06:22:55.530967",
        "model_version": "48px_v3.7_2024-01-10"
      }
    },
    {
      "type": "Feature",
      "geometry": {
        "type": "Point",
        "coordinates": [
          -1.7897557170239724,
          6.104189446208941
        ]
      },
      "properties": {
        "probability": 0.9302716255187988,
        "lat": 6.104189446208941,
        "lon": -1.7897557170239724,
        "region": "Obuasi",
        "detected_at": "2026-03-09T06:22:55.531076",
        "model_version": "48px_v3.7_2024-01-10"
      }
    },
    {
      "type": "Feature",
      "geometry": {
        "type": "Point",
        "coordinates": [
          -1.7875821703566255,
          6.121593860560376
        ]
      },
      "properties": {
        "probability": 0.9883298873901367,
        "lat": 6.121593860560376,
        "lon": -1.7875821703566255,
        "region": "Obuasi",
        "detected_at": "2026-03-09T06:22:55.531167",
        "model_version": "48px_v3.7_2024-01-10"
      }
    },
    {
      "type": "Feature",
      "geometry": {
        "type": "Point",
        "coordinates": [
          -1.787582170356625,
          6.119418308766446
        ]
      },
      "properties": {
        "probability": 0.983282744884491,
        "lat": 6.119418308766446,
        "lon": -1.787582170356625,
        "region": "Obuasi",
        "detected_at": "2026-03-09T06:22:55.531256",
        "model_version": "48px_v3.7_2024-01-10"
      }
    },
    {
      "type": "Feature",
      "geometry": {
        "type": "Point",
        "coordinates": [
          -1.7875821703566255,
          6.112891653384658
        ]
      },
      "properties": {
        "probability": 0.9991909265518188,
        "lat": 6.112891653384658,
        "lon": -1.7875821703566255,
        "region": "Obuasi",
        "detected_at": "2026-03-09T06:22:55.531349",
        "model_version": "48px_v3.7_2024-01-10"
      }
    },
    {
      "type": "Feature",
      "geometry": {
        "type": "Point",
        "coordinates": [
          -1.787582170356625,
          6.110716101590729
        ]
      },
      "properties": {
        "probability": 0.9966817498207092,
        "lat": 6.110716101590729,
        "lon": -1.787582170356625,
        "region": "Obuasi",
        "detected_at": "2026-03-09T06:22:55.531441",
        "model_version": "48px_v3.7_2024-01-10"
      }
    },
    {
      "type": "Feature",
      "geometry": {
        "type": "Point",
        "coordinates": [
          -1.7875821703566255,
          6.104189446208941
        ]
      },
      "properties": {
        "probability": 0.9987635612487793,
        "lat": 6.104189446208941,
        "lon": -1.7875821703566255,
        "region": "Obuasi",
        "detected_at": "2026-03-09T06:22:55.531531",
        "model_version": "48px_v3.7_2024-01-10"
      }
    },
    {
      "type": "Feature",
      "geometry": {
        "type": "Point",
        "coordinates": [
          -1.787582170356625,
          6.10201389441501
        ]
      },
      "properties": {
        "probability": 0.8179358243942261,
        "lat": 6.10201389441501,
        "lon": -1.787582170356625,
        "region": "Obuasi",
        "detected_at": "2026-03-09T06:22:55.531620",
        "model_version": "48px_v3.7_2024-01-10"
      }
    },
    {
      "type": "Feature",
      "geometry": {
        "type": "Point",
        "coordinates": [
          -1.7854086236892783,
          6.121593860560376
        ]
      },
      "properties": {
        "probability": 0.9991214871406555,
        "lat": 6.121593860560376,
        "lon": -1.7854086236892783,
        "region": "Obuasi",
        "detected_at": "2026-03-09T06:22:55.531709",
        "model_version": "48px_v3.7_2024-01-10"
      }
    },
    {
      "type": "Feature",
      "geometry": {
        "type": "Point",
        "coordinates": [
          -1.785408623689278,
          6.119418308766446
        ]
      },
      "properties": {
        "probability": 0.9999035596847534,
        "lat": 6.119418308766446,
        "lon": -1.785408623689278,
        "region": "Obuasi",
        "detected_at": "2026-03-09T06:22:55.531799",
        "model_version": "48px_v3.7_2024-01-10"
      }
    },
    {
      "type": "Feature",
      "geometry": {
        "type": "Point",
        "coordinates": [
          -1.7854086236892783,
          6.112891653384658
        ]
      },
      "properties": {
        "probability": 0.9999648928642273,
        "lat": 6.112891653384658,
        "lon": -1.7854086236892783,
        "region": "Obuasi",
        "detected_at": "2026-03-09T06:22:55.531888",
        "model_version": "48px_v3.7_2024-01-10"
      }
    },
    {
      "type": "Feature",
      "geometry": {
        "type": "Point",
        "coordinates": [
          -1.785408623689278,
          6.110716101590729
        ]
      },
      "properties": {
        "probability": 0.9996830224990845,
        "lat": 6.110716101590729,
        "lon": -1.785408623689278,
        "region": "Obuasi",
        "detected_at": "2026-03-09T06:22:55.531977",
        "model_version": "48px_v3.7_2024-01-10"
      }
    },
    {
      "type": "Feature",
      "geometry": {
        "type": "Point",
        "coordinates": [
          -1.7832350770219314,
          6.123769412354305
        ]
      },
      "properties": {
        "probability": 0.9336869120597839,
        "lat": 6.123769412354305,
        "lon": -1.7832350770219314,
        "region": "Obuasi",
        "detected_at": "2026-03-09T06:22:55.532087",
        "model_version": "48px_v3.7_2024-01-10"
      }
    },
    {
      "type": "Feature",
      "geometry": {
        "type": "Point",
        "coordinates": [
          -1.7832350770219314,
          6.121593860560376
        ]
      },
      "properties": {
        "probability": 0.9718714356422424,
        "lat": 6.121593860560376,
        "lon": -1.7832350770219314,
        "region": "Obuasi",
        "detected_at": "2026-03-09T06:22:55.532179",
        "model_version": "48px_v3.7_2024-01-10"
      }
    },
    {
      "type": "Feature",
      "geometry": {
        "type": "Point",
        "coordinates": [
          -1.7832350770219314,
          6.119418308766446
        ]
      },
      "properties": {
        "probability": 0.998446524143219,
        "lat": 6.119418308766446,
        "lon": -1.7832350770219314,
        "region": "Obuasi",
        "detected_at": "2026-03-09T06:22:55.532270",
        "model_version": "48px_v3.7_2024-01-10"
      }
    },
    {
      "type": "Feature",
      "geometry": {
        "type": "Point",
        "coordinates": [
          -1.7832350770219314,
          6.115067205178587
        ]
      },
      "properties": {
        "probability": 0.8374459743499756,
        "lat": 6.115067205178587,
        "lon": -1.7832350770219314,
        "region": "Obuasi",
        "detected_at": "2026-03-09T06:22:55.532361",
        "model_version": "48px_v3.7_2024-01-10"
      }
    },
    {
      "type": "Feature",
      "geometry": {
        "type": "Point",
        "coordinates": [
          -1.7832350770219314,
          6.112891653384658
        ]
      },
      "properties": {
        "probability": 0.9996052980422974,
        "lat": 6.112891653384658,
        "lon": -1.7832350770219314,
        "region": "Obuasi",
        "detected_at": "2026-03-09T06:22:55.532451",
        "model_version": "48px_v3.7_2024-01-10"
      }
    },
    {
      "type": "Feature",
      "geometry": {
        "type": "Point",
        "coordinates": [
          -1.7832350770219314,
          6.110716101590729
        ]
      },
      "properties": {
        "probability": 0.9965885877609253,
        "lat": 6.110716101590729,
        "lon": -1.7832350770219314,
        "region": "Obuasi",
        "detected_at": "2026-03-09T06:22:55.532541",
        "model_version": "48px_v3.7_2024-01-10"
      }
    },
    {
      "type": "Feature",
      "geometry": {
        "type": "Point",
        "coordinates": [
          -1.7810615303545847,
          6.128120515942165
        ]
      },
      "properties": {
        "probability": 0.996478259563446,
        "lat": 6.128120515942165,
        "lon": -1.7810615303545847,
        "region": "Obuasi",
        "detected_at": "2026-03-09T06:22:55.532632",
        "model_version": "48px_v3.7_2024-01-10"
      }
    },
    {
      "type": "Feature",
      "geometry": {
        "type": "Point",
        "coordinates": [
          -1.7810615303545845,
          6.125944964148235
        ]
      },
      "properties": {
        "probability": 0.8778218030929565,
        "lat": 6.125944964148235,
        "lon": -1.7810615303545845,
        "region": "Obuasi",
        "detected_at": "2026-03-09T06:22:55.532723",
        "model_version": "48px_v3.7_2024-01-10"
      }
    },
    {
      "type": "Feature",
      "geometry": {
        "type": "Point",
        "coordinates": [
          -1.7810615303545847,
          6.123769412354305
        ]
      },
      "properties": {
        "probability": 0.9878383874893188,
        "lat": 6.123769412354305,
        "lon": -1.7810615303545847,
        "region": "Obuasi",
        "detected_at": "2026-03-09T06:22:55.532812",
        "model_version": "48px_v3.7_2024-01-10"
      }
    },
    {
      "type": "Feature",
      "geometry": {
        "type": "Point",
        "coordinates": [
          -1.7810615303545845,
          6.121593860560376
        ]
      },
      "properties": {
        "probability": 0.9093731045722961,
        "lat": 6.121593860560376,
        "lon": -1.7810615303545845,
        "region": "Obuasi",
        "detected_at": "2026-03-09T06:22:55.532901",
        "model_version": "48px_v3.7_2024-01-10"
      }
    },
    {
      "type": "Feature",
      "geometry": {
        "type": "Point",
        "coordinates": [
          -1.7810615303545847,
          6.110716101590729
        ]
      },
      "properties": {
        "probability": 0.9659375548362732,
        "lat": 6.110716101590729,
        "lon": -1.7810615303545847,
        "region": "Obuasi",
        "detected_at": "2026-03-09T06:22:55.532989",
        "model_version": "48px_v3.7_2024-01-10"
      }
    },
    {
      "type": "Feature",
      "geometry": {
        "type": "Point",
        "coordinates": [
          -1.7810615303545845,
          6.108540549796799
        ]
      },
      "properties": {
        "probability": 0.8140926957130432,
        "lat": 6.108540549796799,
        "lon": -1.7810615303545845,
        "region": "Obuasi",
        "detected_at": "2026-03-09T06:22:55.533102",
        "model_version": "48px_v3.7_2024-01-10"
      }
    },
    {
      "type": "Feature",
      "geometry": {
        "type": "Point",
        "coordinates": [
          -1.7788879836872376,
          6.136822723117882
        ]
      },
      "properties": {
        "probability": 0.8956286907196045,
        "lat": 6.136822723117882,
        "lon": -1.7788879836872376,
        "region": "Obuasi",
        "detected_at": "2026-03-09T06:22:55.533194",
        "model_version": "48px_v3.7_2024-01-10"
      }
    },
    {
      "type": "Feature",
      "geometry": {
        "type": "Point",
        "coordinates": [
          -1.7788879836872376,
          6.128120515942165
        ]
      },
      "properties": {
        "probability": 0.946365237236023,
        "lat": 6.128120515942165,
        "lon": -1.7788879836872376,
        "region": "Obuasi",
        "detected_at": "2026-03-09T06:22:55.533285",
        "model_version": "48px_v3.7_2024-01-10"
      }
    },
    {
      "type": "Feature",
      "geometry": {
        "type": "Point",
        "coordinates": [
          -1.7788879836872376,
          6.110716101590729
        ]
      },
      "properties": {
        "probability": 0.9225174784660339,
        "lat": 6.110716101590729,
        "lon": -1.7788879836872376,
        "region": "Obuasi",
        "detected_at": "2026-03-09T06:22:55.533375",
        "model_version": "48px_v3.7_2024-01-10"
      }
    },
    {
      "type": "Feature",
      "geometry": {
        "type": "Point",
        "coordinates": [
          -1.7788879836872376,
          6.108540549796799
        ]
      },
      "properties": {
        "probability": 0.9900102615356445,
        "lat": 6.108540549796799,
        "lon": -1.7788879836872376,
        "region": "Obuasi",
        "detected_at": "2026-03-09T06:22:55.533467",
        "model_version": "48px_v3.7_2024-01-10"
      }
    },
    {
      "type": "Feature",
      "geometry": {
        "type": "Point",
        "coordinates": [
          -1.7767144370198908,
          6.108540549796799
        ]
      },
      "properties": {
        "probability": 0.9570193290710449,
        "lat": 6.108540549796799,
        "lon": -1.7767144370198908,
        "region": "Obuasi",
        "detected_at": "2026-03-09T06:22:55.533558",
        "model_version": "48px_v3.7_2024-01-10"
      }
    },
    {
      "type": "Feature",
      "geometry": {
        "type": "Point",
        "coordinates": [
          -1.774540890352544,
          6.1411738267057405
        ]
      },
      "properties": {
        "probability": 0.8838998675346375,
        "lat": 6.1411738267057405,
        "lon": -1.774540890352544,
        "region": "Obuasi",
        "detected_at": "2026-03-09T06:22:55.533650",
        "model_version": "48px_v3.7_2024-01-10"
      }
    },
    {
      "type": "Feature",
      "geometry": {
        "type": "Point",
        "coordinates": [
          -1.7745408903525437,
          6.138998274911812
        ]
      },
      "properties": {
        "probability": 0.9730572700500488,
        "lat": 6.138998274911812,
        "lon": -1.7745408903525437,
        "region": "Obuasi",
        "detected_at": "2026-03-09T06:22:55.533741",
        "model_version": "48px_v3.7_2024-01-10"
      }
    },
    {
      "type": "Feature",
      "geometry": {
        "type": "Point",
        "coordinates": [
          -1.7723673436851966,
          6.1411738267057405
        ]
      },
      "properties": {
        "probability": 0.9824565052986145,
        "lat": 6.1411738267057405,
        "lon": -1.7723673436851966,
        "region": "Obuasi",
        "detected_at": "2026-03-09T06:22:55.533854",
        "model_version": "48px_v3.7_2024-01-10"
      }
    },
    {
      "type": "Feature",
      "geometry": {
        "type": "Point",
        "coordinates": [
          -1.7701937970178498,
          6.14334937849967
        ]
      },
      "properties": {
        "probability": 0.9402691125869751,
        "lat": 6.14334937849967,
        "lon": -1.7701937970178498,
        "region": "Obuasi",
        "detected_at": "2026-03-09T06:22:55.533944",
        "model_version": "48px_v3.7_2024-01-10"
      }
    },
    {
      "type": "Feature",
      "geometry": {
        "type": "Point",
        "coordinates": [
          -1.7701937970178498,
          6.1411738267057405
        ]
      },
      "properties": {
        "probability": 0.848722517490387,
        "lat": 6.1411738267057405,
        "lon": -1.7701937970178498,
        "region": "Obuasi",
        "detected_at": "2026-03-09T06:22:55.534053",
        "model_version": "48px_v3.7_2024-01-10"
      }
    },
    {
      "type": "Feature",
      "geometry": {
        "type": "Point",
        "coordinates": [
          -1.768020250350503,
          6.1455249302936
        ]
      },
      "properties": {
        "probability": 0.8874950408935547,
        "lat": 6.1455249302936,
        "lon": -1.768020250350503,
        "region": "Obuasi",
        "detected_at": "2026-03-09T06:22:55.534147",
        "model_version": "48px_v3.7_2024-01-10"
      }
    },
    {
      "type": "Feature",
      "geometry": {
        "type": "Point",
        "coordinates": [
          -1.768020250350503,
          6.14334937849967
        ]
      },
      "properties": {
        "probability": 0.8865248560905457,
        "lat": 6.14334937849967,
        "lon": -1.768020250350503,
        "region": "Obuasi",
        "detected_at": "2026-03-09T06:22:55.534245",
        "model_version": "48px_v3.7_2024-01-10"
      }
    },
    {
      "type": "Feature",
      "geometry": {
        "type": "Point",
        "coordinates": [
          -1.7658467036831558,
          6.128120515942165
        ]
      },
      "properties": {
        "probability": 0.855242908000946,
        "lat": 6.128120515942165,
        "lon": -1.7658467036831558,
        "region": "Obuasi",
        "detected_at": "2026-03-09T06:22:55.534340",
        "model_version": "48px_v3.7_2024-01-10"
      }
    },
    {
      "type": "Feature",
      "geometry": {
        "type": "Point",
        "coordinates": [
          -1.8005071996346336,
          6.17586401560383
        ]
      },
      "properties": {
        "probability": 0.8710532188415527,
        "lat": 6.17586401560383,
        "lon": -1.8005071996346336,
        "region": "Obuasi",
        "detected_at": "2026-03-09T06:22:55.534432",
        "model_version": "48px_v3.7_2024-01-10"
      }
    },
    {
      "type": "Feature",
      "geometry": {
        "type": "Point",
        "coordinates": [
          -1.8005071996346336,
          6.173688425750365
        ]
      },
      "properties": {
        "probability": 0.9999313354492188,
        "lat": 6.173688425750365,
        "lon": -1.8005071996346336,
        "region": "Obuasi",
        "detected_at": "2026-03-09T06:22:55.534522",
        "model_version": "48px_v3.7_2024-01-10"
      }
    },
    {
      "type": "Feature",
      "geometry": {
        "type": "Point",
        "coordinates": [
          -1.8005071996346336,
          6.1715128358969
        ]
      },
      "properties": {
        "probability": 0.9999776482582092,
        "lat": 6.1715128358969,
        "lon": -1.8005071996346336,
        "region": "Obuasi",
        "detected_at": "2026-03-09T06:22:55.534613",
        "model_version": "48px_v3.7_2024-01-10"
      }
    },
    {
      "type": "Feature",
      "geometry": {
        "type": "Point",
        "coordinates": [
          -1.8005071996346336,
          6.169337246043435
        ]
      },
      "properties": {
        "probability": 0.9374198317527771,
        "lat": 6.169337246043435,
        "lon": -1.8005071996346336,
        "region": "Obuasi",
        "detected_at": "2026-03-09T06:22:55.534704",
        "model_version": "48px_v3.7_2024-01-10"
      }
    },
    {
      "type": "Feature",
      "geometry": {
        "type": "Point",
        "coordinates": [
          -1.8005071996346336,
          6.16716165618997
        ]
      },
      "properties": {
        "probability": 0.8153607845306396,
        "lat": 6.16716165618997,
        "lon": -1.8005071996346336,
        "region": "Obuasi",
        "detected_at": "2026-03-09T06:22:55.534793",
        "model_version": "48px_v3.7_2024-01-10"
      }
    },
    {
      "type": "Feature",
      "geometry": {
        "type": "Point",
        "coordinates": [
          -1.798333399249934,
          6.18021519531076
        ]
      },
      "properties": {
        "probability": 0.8611521124839783,
        "lat": 6.18021519531076,
        "lon": -1.798333399249934,
        "region": "Obuasi",
        "detected_at": "2026-03-09T06:22:55.534885",
        "model_version": "48px_v3.7_2024-01-10"
      }
    },
    {
      "type": "Feature",
      "geometry": {
        "type": "Point",
        "coordinates": [
          -1.798333399249934,
          6.178039605457295
        ]
      },
      "properties": {
        "probability": 0.9647377729415894,
        "lat": 6.178039605457295,
        "lon": -1.798333399249934,
        "region": "Obuasi",
        "detected_at": "2026-03-09T06:22:55.534977",
        "model_version": "48px_v3.7_2024-01-10"
      }
    },
    {
      "type": "Feature",
      "geometry": {
        "type": "Point",
        "coordinates": [
          -1.798333399249934,
          6.17586401560383
        ]
      },
      "properties": {
        "probability": 0.9944802522659302,
        "lat": 6.17586401560383,
        "lon": -1.798333399249934,
        "region": "Obuasi",
        "detected_at": "2026-03-09T06:22:55.535088",
        "model_version": "48px_v3.7_2024-01-10"
      }
    },
    {
      "type": "Feature",
      "geometry": {
        "type": "Point",
        "coordinates": [
          -1.798333399249934,
          6.173688425750365
        ]
      },
      "properties": {
        "probability": 0.9999977946281433,
        "lat": 6.173688425750365,
        "lon": -1.798333399249934,
        "region": "Obuasi",
        "detected_at": "2026-03-09T06:22:55.535182",
        "model_version": "48px_v3.7_2024-01-10"
      }
    },
    {
      "type": "Feature",
      "geometry": {
        "type": "Point",
        "coordinates": [
          -1.798333399249934,
          6.1715128358969
        ]
      },
      "properties": {
        "probability": 0.9999170303344727,
        "lat": 6.1715128358969,
        "lon": -1.798333399249934,
        "region": "Obuasi",
        "detected_at": "2026-03-09T06:22:55.535274",
        "model_version": "48px_v3.7_2024-01-10"
      }
    },
    {
      "type": "Feature",
      "geometry": {
        "type": "Point",
        "coordinates": [
          -1.7961595988652341,
          6.186741964871156
        ]
      },
      "properties": {
        "probability": 0.9313240051269531,
        "lat": 6.186741964871156,
        "lon": -1.7961595988652341,
        "region": "Obuasi",
        "detected_at": "2026-03-09T06:22:55.535365",
        "model_version": "48px_v3.7_2024-01-10"
      }
    },
    {
      "type": "Feature",
      "geometry": {
        "type": "Point",
        "coordinates": [
          -1.7961595988652341,
          6.184566375017691
        ]
      },
      "properties": {
        "probability": 0.9942960739135742,
        "lat": 6.184566375017691,
        "lon": -1.7961595988652341,
        "region": "Obuasi",
        "detected_at": "2026-03-09T06:22:55.535456",
        "model_version": "48px_v3.7_2024-01-10"
      }
    },
    {
      "type": "Feature",
      "geometry": {
        "type": "Point",
        "coordinates": [
          -1.7961595988652341,
          6.182390785164225
        ]
      },
      "properties": {
        "probability": 0.9999934434890747,
        "lat": 6.182390785164225,
        "lon": -1.7961595988652341,
        "region": "Obuasi",
        "detected_at": "2026-03-09T06:22:55.535549",
        "model_version": "48px_v3.7_2024-01-10"
      }
    },
    {
      "type": "Feature",
      "geometry": {
        "type": "Point",
        "coordinates": [
          -1.7961595988652341,
          6.18021519531076
        ]
      },
      "properties": {
        "probability": 0.9999968409538269,
        "lat": 6.18021519531076,
        "lon": -1.7961595988652341,
        "region": "Obuasi",
        "detected_at": "2026-03-09T06:22:55.535639",
        "model_version": "48px_v3.7_2024-01-10"
      }
    },
    {
      "type": "Feature",
      "geometry": {
        "type": "Point",
        "coordinates": [
          -1.7961595988652341,
          6.178039605457295
        ]
      },
      "properties": {
        "probability": 0.9999622106552124,
        "lat": 6.178039605457295,
        "lon": -1.7961595988652341,
        "region": "Obuasi",
        "detected_at": "2026-03-09T06:22:55.535730",
        "model_version": "48px_v3.7_2024-01-10"
      }
    },
    {
      "type": "Feature",
      "geometry": {
        "type": "Point",
        "coordinates": [
          -1.7961595988652341,
          6.17586401560383
        ]
      },
      "properties": {
        "probability": 0.8063762784004211,
        "lat": 6.17586401560383,
        "lon": -1.7961595988652341,
        "region": "Obuasi",
        "detected_at": "2026-03-09T06:22:55.535826",
        "model_version": "48px_v3.7_2024-01-10"
      }
    },
    {
      "type": "Feature",
      "geometry": {
        "type": "Point",
        "coordinates": [
          -1.7939857984805345,
          6.184566375017691
        ]
      },
      "properties": {
        "probability": 0.9997383952140808,
        "lat": 6.184566375017691,
        "lon": -1.7939857984805345,
        "region": "Obuasi",
        "detected_at": "2026-03-09T06:22:55.535918",
        "model_version": "48px_v3.7_2024-01-10"
      }
    },
    {
      "type": "Feature",
      "geometry": {
        "type": "Point",
        "coordinates": [
          -1.7939857984805343,
          6.182390785164225
        ]
      },
      "properties": {
        "probability": 0.9999975562095642,
        "lat": 6.182390785164225,
        "lon": -1.7939857984805343,
        "region": "Obuasi",
        "detected_at": "2026-03-09T06:22:55.536032",
        "model_version": "48px_v3.7_2024-01-10"
      }
    },
    {
      "type": "Feature",
      "geometry": {
        "type": "Point",
        "coordinates": [
          -1.7939857984805343,
          6.18021519531076
        ]
      },
      "properties": {
        "probability": 0.9998438358306885,
        "lat": 6.18021519531076,
        "lon": -1.7939857984805343,
        "region": "Obuasi",
        "detected_at": "2026-03-09T06:22:55.536127",
        "model_version": "48px_v3.7_2024-01-10"
      }
    },
    {
      "type": "Feature",
      "geometry": {
        "type": "Point",
        "coordinates": [
          -1.7939857984805343,
          6.178039605457295
        ]
      },
      "properties": {
        "probability": 0.9314915537834167,
        "lat": 6.178039605457295,
        "lon": -1.7939857984805343,
        "region": "Obuasi",
        "detected_at": "2026-03-09T06:22:55.536219",
        "model_version": "48px_v3.7_2024-01-10"
      }
    },
    {
      "type": "Feature",
      "geometry": {
        "type": "Point",
        "coordinates": [
          -1.7918119980958345,
          6.184566375017691
        ]
      },
      "properties": {
        "probability": 0.9933622479438782,
        "lat": 6.184566375017691,
        "lon": -1.7918119980958345,
        "region": "Obuasi",
        "detected_at": "2026-03-09T06:22:55.536309",
        "model_version": "48px_v3.7_2024-01-10"
      }
    },
    {
      "type": "Feature",
      "geometry": {
        "type": "Point",
        "coordinates": [
          -1.7918119980958347,
          6.182390785164225
        ]
      },
      "properties": {
        "probability": 0.9404934644699097,
        "lat": 6.182390785164225,
        "lon": -1.7918119980958347,
        "region": "Obuasi",
        "detected_at": "2026-03-09T06:22:55.536399",
        "model_version": "48px_v3.7_2024-01-10"
      }
    },
    {
      "type": "Feature",
      "geometry": {
        "type": "Point",
        "coordinates": [
          -1.7896381977111344,
          6.18891755472462
        ]
      },
      "properties": {
        "probability": 0.9800121188163757,
        "lat": 6.18891755472462,
        "lon": -1.7896381977111344,
        "region": "Obuasi",
        "detected_at": "2026-03-09T06:22:55.536489",
        "model_version": "48px_v3.7_2024-01-10"
      }
    },
    {
      "type": "Feature",
      "geometry": {
        "type": "Point",
        "coordinates": [
          -1.7896381977111344,
          6.186741964871156
        ]
      },
      "properties": {
        "probability": 0.999274492263794,
        "lat": 6.186741964871156,
        "lon": -1.7896381977111344,
        "region": "Obuasi",
        "detected_at": "2026-03-09T06:22:55.536578",
        "model_version": "48px_v3.7_2024-01-10"
      }
    },
    {
      "type": "Feature",
      "geometry": {
        "type": "Point",
        "coordinates": [
          -1.7896381977111344,
          6.184566375017691
        ]
      },
      "properties": {
        "probability": 0.9691970348358154,
        "lat": 6.184566375017691,
        "lon": -1.7896381977111344,
        "region": "Obuasi",
        "detected_at": "2026-03-09T06:22:55.536668",
        "model_version": "48px_v3.7_2024-01-10"
      }
    },
    {
      "type": "Feature",
      "geometry": {
        "type": "Point",
        "coordinates": [
          -1.7874643973264348,
          6.195444324285015
        ]
      },
      "properties": {
        "probability": 0.9586960673332214,
        "lat": 6.195444324285015,
        "lon": -1.7874643973264348,
        "region": "Obuasi",
        "detected_at": "2026-03-09T06:22:55.536757",
        "model_version": "48px_v3.7_2024-01-10"
      }
    },
    {
      "type": "Feature",
      "geometry": {
        "type": "Point",
        "coordinates": [
          -1.7874643973264348,
          6.19326873443155
        ]
      },
      "properties": {
        "probability": 0.998727560043335,
        "lat": 6.19326873443155,
        "lon": -1.7874643973264348,
        "region": "Obuasi",
        "detected_at": "2026-03-09T06:22:55.536847",
        "model_version": "48px_v3.7_2024-01-10"
      }
    },
    {
      "type": "Feature",
      "geometry": {
        "type": "Point",
        "coordinates": [
          -1.7874643973264348,
          6.191093144578085
        ]
      },
      "properties": {
        "probability": 0.9999569058418274,
        "lat": 6.191093144578085,
        "lon": -1.7874643973264348,
        "region": "Obuasi",
        "detected_at": "2026-03-09T06:22:55.536938",
        "model_version": "48px_v3.7_2024-01-10"
      }
    },
    {
      "type": "Feature",
      "geometry": {
        "type": "Point",
        "coordinates": [
          -1.7874643973264348,
          6.18891755472462
        ]
      },
      "properties": {
        "probability": 0.9997286796569824,
        "lat": 6.18891755472462,
        "lon": -1.7874643973264348,
        "region": "Obuasi",
        "detected_at": "2026-03-09T06:22:55.537046",
        "model_version": "48px_v3.7_2024-01-10"
      }
    },
    {
      "type": "Feature",
      "geometry": {
        "type": "Point",
        "coordinates": [
          -1.7874643973264348,
          6.186741964871156
        ]
      },
      "properties": {
        "probability": 0.9987236261367798,
        "lat": 6.186741964871156,
        "lon": -1.7874643973264348,
        "region": "Obuasi",
        "detected_at": "2026-03-09T06:22:55.537141",
        "model_version": "48px_v3.7_2024-01-10"
      }
    },
    {
      "type": "Feature",
      "geometry": {
        "type": "Point",
        "coordinates": [
          -1.785290596941735,
          6.197619914138481
        ]
      },
      "properties": {
        "probability": 0.9976643919944763,
        "lat": 6.197619914138481,
        "lon": -1.785290596941735,
        "region": "Obuasi",
        "detected_at": "2026-03-09T06:22:55.537235",
        "model_version": "48px_v3.7_2024-01-10"
      }
    },
    {
      "type": "Feature",
      "geometry": {
        "type": "Point",
        "coordinates": [
          -1.785290596941735,
          6.195444324285015
        ]
      },
      "properties": {
        "probability": 0.9994152188301086,
        "lat": 6.195444324285015,
        "lon": -1.785290596941735,
        "region": "Obuasi",
        "detected_at": "2026-03-09T06:22:55.537330",
        "model_version": "48px_v3.7_2024-01-10"
      }
    },
    {
      "type": "Feature",
      "geometry": {
        "type": "Point",
        "coordinates": [
          -1.785290596941735,
          6.19326873443155
        ]
      },
      "properties": {
        "probability": 0.9997215270996094,
        "lat": 6.19326873443155,
        "lon": -1.785290596941735,
        "region": "Obuasi",
        "detected_at": "2026-03-09T06:22:55.537424",
        "model_version": "48px_v3.7_2024-01-10"
      }
    },
    {
      "type": "Feature",
      "geometry": {
        "type": "Point",
        "coordinates": [
          -1.785290596941735,
          6.191093144578085
        ]
      },
      "properties": {
        "probability": 0.9999907612800598,
        "lat": 6.191093144578085,
        "lon": -1.785290596941735,
        "region": "Obuasi",
        "detected_at": "2026-03-09T06:22:55.537515",
        "model_version": "48px_v3.7_2024-01-10"
      }
    },
    {
      "type": "Feature",
      "geometry": {
        "type": "Point",
        "coordinates": [
          -1.785290596941735,
          6.18891755472462
        ]
      },
      "properties": {
        "probability": 0.9999741911888123,
        "lat": 6.18891755472462,
        "lon": -1.785290596941735,
        "region": "Obuasi",
        "detected_at": "2026-03-09T06:22:55.537607",
        "model_version": "48px_v3.7_2024-01-10"
      }
    },
    {
      "type": "Feature",
      "geometry": {
        "type": "Point",
        "coordinates": [
          -1.7852905969417352,
          6.186741964871156
        ]
      },
      "properties": {
        "probability": 0.9536800980567932,
        "lat": 6.186741964871156,
        "lon": -1.7852905969417352,
        "region": "Obuasi",
        "detected_at": "2026-03-09T06:22:55.537698",
        "model_version": "48px_v3.7_2024-01-10"
      }
    },
    {
      "type": "Feature",
      "geometry": {
        "type": "Point",
        "coordinates": [
          -1.7831167965570351,
          6.197619914138481
        ]
      },
      "properties": {
        "probability": 0.9999964237213135,
        "lat": 6.197619914138481,
        "lon": -1.7831167965570351,
        "region": "Obuasi",
        "detected_at": "2026-03-09T06:22:55.537788",
        "model_version": "48px_v3.7_2024-01-10"
      }
    },
    {
      "type": "Feature",
      "geometry": {
        "type": "Point",
        "coordinates": [
          -1.7831167965570351,
          6.195444324285015
        ]
      },
      "properties": {
        "probability": 0.9999260902404785,
        "lat": 6.195444324285015,
        "lon": -1.7831167965570351,
        "region": "Obuasi",
        "detected_at": "2026-03-09T06:22:55.537885",
        "model_version": "48px_v3.7_2024-01-10"
      }
    },
    {
      "type": "Feature",
      "geometry": {
        "type": "Point",
        "coordinates": [
          -1.7831167965570351,
          6.19326873443155
        ]
      },
      "properties": {
        "probability": 0.9998338222503662,
        "lat": 6.19326873443155,
        "lon": -1.7831167965570351,
        "region": "Obuasi",
        "detected_at": "2026-03-09T06:22:55.537976",
        "model_version": "48px_v3.7_2024-01-10"
      }
    },
    {
      "type": "Feature",
      "geometry": {
        "type": "Point",
        "coordinates": [
          -1.7831167965570351,
          6.191093144578085
        ]
      },
      "properties": {
        "probability": 0.9998398423194885,
        "lat": 6.191093144578085,
        "lon": -1.7831167965570351,
        "region": "Obuasi",
        "detected_at": "2026-03-09T06:22:55.538088",
        "model_version": "48px_v3.7_2024-01-10"
      }
    },
    {
      "type": "Feature",
      "geometry": {
        "type": "Point",
        "coordinates": [
          -1.7831167965570351,
          6.18891755472462
        ]
      },
      "properties": {
        "probability": 0.9955322742462158,
        "lat": 6.18891755472462,
        "lon": -1.7831167965570351,
        "region": "Obuasi",
        "detected_at": "2026-03-09T06:22:55.538181",
        "model_version": "48px_v3.7_2024-01-10"
      }
    },
    {
      "type": "Feature",
      "geometry": {
        "type": "Point",
        "coordinates": [
          -1.7831167965570351,
          6.1715128358969
        ]
      },
      "properties": {
        "probability": 0.9019388556480408,
        "lat": 6.1715128358969,
        "lon": -1.7831167965570351,
        "region": "Obuasi",
        "detected_at": "2026-03-09T06:22:55.538272",
        "model_version": "48px_v3.7_2024-01-10"
      }
    },
    {
      "type": "Feature",
      "geometry": {
        "type": "Point",
        "coordinates": [
          -1.7831167965570351,
          6.169337246043435
        ]
      },
      "properties": {
        "probability": 0.9916588068008423,
        "lat": 6.169337246043435,
        "lon": -1.7831167965570351,
        "region": "Obuasi",
        "detected_at": "2026-03-09T06:22:55.538363",
        "model_version": "48px_v3.7_2024-01-10"
      }
    },
    {
      "type": "Feature",
      "geometry": {
        "type": "Point",
        "coordinates": [
          -1.7831167965570351,
          6.149756937362252
        ]
      },
      "properties": {
        "probability": 0.8016380071640015,
        "lat": 6.149756937362252,
        "lon": -1.7831167965570351,
        "region": "Obuasi",
        "detected_at": "2026-03-09T06:22:55.538454",
        "model_version": "48px_v3.7_2024-01-10"
      }
    },
    {
      "type": "Feature",
      "geometry": {
        "type": "Point",
        "coordinates": [
          -1.7809429961723355,
          6.197619914138481
        ]
      },
      "properties": {
        "probability": 0.9999986290931702,
        "lat": 6.197619914138481,
        "lon": -1.7809429961723355,
        "region": "Obuasi",
        "detected_at": "2026-03-09T06:22:55.538546",
        "model_version": "48px_v3.7_2024-01-10"
      }
    },
    {
      "type": "Feature",
      "geometry": {
        "type": "Point",
        "coordinates": [
          -1.7809429961723355,
          6.195444324285015
        ]
      },
      "properties": {
        "probability": 0.9999864101409912,
        "lat": 6.195444324285015,
        "lon": -1.7809429961723355,
        "region": "Obuasi",
        "detected_at": "2026-03-09T06:22:55.538637",
        "model_version": "48px_v3.7_2024-01-10"
      }
    },
    {
      "type": "Feature",
      "geometry": {
        "type": "Point",
        "coordinates": [
          -1.7809429961723355,
          6.19326873443155
        ]
      },
      "properties": {
        "probability": 0.9788550734519958,
        "lat": 6.19326873443155,
        "lon": -1.7809429961723355,
        "region": "Obuasi",
        "detected_at": "2026-03-09T06:22:55.538728",
        "model_version": "48px_v3.7_2024-01-10"
      }
    },
    {
      "type": "Feature",
      "geometry": {
        "type": "Point",
        "coordinates": [
          -1.7809429961723355,
          6.1715128358969
        ]
      },
      "properties": {
        "probability": 0.9300849437713623,
        "lat": 6.1715128358969,
        "lon": -1.7809429961723355,
        "region": "Obuasi",
        "detected_at": "2026-03-09T06:22:55.538818",
        "model_version": "48px_v3.7_2024-01-10"
      }
    },
    {
      "type": "Feature",
      "geometry": {
        "type": "Point",
        "coordinates": [
          -1.7809429961723355,
          6.169337246043435
        ]
      },
      "properties": {
        "probability": 0.9983184337615967,
        "lat": 6.169337246043435,
        "lon": -1.7809429961723355,
        "region": "Obuasi",
        "detected_at": "2026-03-09T06:22:55.538911",
        "model_version": "48px_v3.7_2024-01-10"
      }
    },
    {
      "type": "Feature",
      "geometry": {
        "type": "Point",
        "coordinates": [
          -1.7787691957876353,
          6.197619914138481
        ]
      },
      "properties": {
        "probability": 0.9993631839752197,
        "lat": 6.197619914138481,
        "lon": -1.7787691957876353,
        "region": "Obuasi",
        "detected_at": "2026-03-09T06:22:55.539020",
        "model_version": "48px_v3.7_2024-01-10"
      }
    },
    {
      "type": "Feature",
      "geometry": {
        "type": "Point",
        "coordinates": [
          -1.7787691957876353,
          6.195444324285015
        ]
      },
      "properties": {
        "probability": 0.9841048717498779,
        "lat": 6.195444324285015,
        "lon": -1.7787691957876353,
        "region": "Obuasi",
        "detected_at": "2026-03-09T06:22:55.539117",
        "model_version": "48px_v3.7_2024-01-10"
      }
    },
    {
      "type": "Feature",
      "geometry": {
        "type": "Point",
        "coordinates": [
          -1.7765953954029354,
          6.197619914138481
        ]
      },
      "properties": {
        "probability": 0.9967884421348572,
        "lat": 6.197619914138481,
        "lon": -1.7765953954029354,
        "region": "Obuasi",
        "detected_at": "2026-03-09T06:22:55.539210",
        "model_version": "48px_v3.7_2024-01-10"
      }
    },
    {
      "type": "Feature",
      "geometry": {
        "type": "Point",
        "coordinates": [
          -1.7744215950182358,
          6.197619914138481
        ]
      },
      "properties": {
        "probability": 0.8650813102722168,
        "lat": 6.197619914138481,
        "lon": -1.7744215950182358,
        "region": "Obuasi",
        "detected_at": "2026-03-09T06:22:55.539303",
        "model_version": "48px_v3.7_2024-01-10"
      }
    },
    {
      "type": "Feature",
      "geometry": {
        "type": "Point",
        "coordinates": [
          -1.7744215950182358,
          6.195444324285015
        ]
      },
      "properties": {
        "probability": 0.9581288695335388,
        "lat": 6.195444324285015,
        "lon": -1.7744215950182358,
        "region": "Obuasi",
        "detected_at": "2026-03-09T06:22:55.539394",
        "model_version": "48px_v3.7_2024-01-10"
      }
    },
    {
      "type": "Feature",
      "geometry": {
        "type": "Point",
        "coordinates": [
          -1.772247794633536,
          6.195444324285015
        ]
      },
      "properties": {
        "probability": 0.9806481003761292,
        "lat": 6.195444324285015,
        "lon": -1.772247794633536,
        "region": "Obuasi",
        "detected_at": "2026-03-09T06:22:55.539486",
        "model_version": "48px_v3.7_2024-01-10"
      }
    },
    {
      "type": "Feature",
      "geometry": {
        "type": "Point",
        "coordinates": [
          -1.772247794633536,
          6.19326873443155
        ]
      },
      "properties": {
        "probability": 0.8843046426773071,
        "lat": 6.19326873443155,
        "lon": -1.772247794633536,
        "region": "Obuasi",
        "detected_at": "2026-03-09T06:22:55.539577",
        "model_version": "48px_v3.7_2024-01-10"
      }
    },
    {
      "type": "Feature",
      "geometry": {
        "type": "Point",
        "coordinates": [
          -1.772247794633536,
          6.173688425750365
        ]
      },
      "properties": {
        "probability": 0.8387365937232971,
        "lat": 6.173688425750365,
        "lon": -1.772247794633536,
        "region": "Obuasi",
        "detected_at": "2026-03-09T06:22:55.539675",
        "model_version": "48px_v3.7_2024-01-10"
      }
    },
    {
      "type": "Feature",
      "geometry": {
        "type": "Point",
        "coordinates": [
          -1.7700739942488364,
          6.19326873443155
        ]
      },
      "properties": {
        "probability": 0.8218816518783569,
        "lat": 6.19326873443155,
        "lon": -1.7700739942488364,
        "region": "Obuasi",
        "detected_at": "2026-03-09T06:22:55.539766",
        "model_version": "48px_v3.7_2024-01-10"
      }
    },
    {
      "type": "Feature",
      "geometry": {
        "type": "Point",
        "coordinates": [
          -1.7700739942488364,
          6.16716165618997
        ]
      },
      "properties": {
        "probability": 0.9322870969772339,
        "lat": 6.16716165618997,
        "lon": -1.7700739942488364,
        "region": "Obuasi",
        "detected_at": "2026-03-09T06:22:55.539856",
        "model_version": "48px_v3.7_2024-01-10"
      }
    },
    {
      "type": "Feature",
      "geometry": {
        "type": "Point",
        "coordinates": [
          -1.7700739942488364,
          6.149756937362252
        ]
      },
      "properties": {
        "probability": 0.9700957536697388,
        "lat": 6.149756937362252,
        "lon": -1.7700739942488364,
        "region": "Obuasi",
        "detected_at": "2026-03-09T06:22:55.539947",
        "model_version": "48px_v3.7_2024-01-10"
      }
    },
    {
      "type": "Feature",
      "geometry": {
        "type": "Point",
        "coordinates": [
          -1.7679001938641363,
          6.19326873443155
        ]
      },
      "properties": {
        "probability": 0.9368969202041626,
        "lat": 6.19326873443155,
        "lon": -1.7679001938641363,
        "region": "Obuasi",
        "detected_at": "2026-03-09T06:22:55.540070",
        "model_version": "48px_v3.7_2024-01-10"
      }
    },
    {
      "type": "Feature",
      "geometry": {
        "type": "Point",
        "coordinates": [
          -1.7679001938641363,
          6.191093144578085
        ]
      },
      "properties": {
        "probability": 0.9420830607414246,
        "lat": 6.191093144578085,
        "lon": -1.7679001938641363,
        "region": "Obuasi",
        "detected_at": "2026-03-09T06:22:55.540168",
        "model_version": "48px_v3.7_2024-01-10"
      }
    },
    {
      "type": "Feature",
      "geometry": {
        "type": "Point",
        "coordinates": [
          -1.7679001938641363,
          6.16716165618997
        ]
      },
      "properties": {
        "probability": 0.9995022416114807,
        "lat": 6.16716165618997,
        "lon": -1.7679001938641363,
        "region": "Obuasi",
        "detected_at": "2026-03-09T06:22:55.540261",
        "model_version": "48px_v3.7_2024-01-10"
      }
    },
    {
      "type": "Feature",
      "geometry": {
        "type": "Point",
        "coordinates": [
          -1.7679001938641363,
          6.164986066336505
        ]
      },
      "properties": {
        "probability": 0.9510121941566467,
        "lat": 6.164986066336505,
        "lon": -1.7679001938641363,
        "region": "Obuasi",
        "detected_at": "2026-03-09T06:22:55.540356",
        "model_version": "48px_v3.7_2024-01-10"
      }
    },
    {
      "type": "Feature",
      "geometry": {
        "type": "Point",
        "coordinates": [
          -1.767900193864136,
          6.162810476483042
        ]
      },
      "properties": {
        "probability": 0.9956005215644836,
        "lat": 6.162810476483042,
        "lon": -1.767900193864136,
        "region": "Obuasi",
        "detected_at": "2026-03-09T06:22:55.540452",
        "model_version": "48px_v3.7_2024-01-10"
      }
    },
    {
      "type": "Feature",
      "geometry": {
        "type": "Point",
        "coordinates": [
          -1.767900193864136,
          6.160634886629577
        ]
      },
      "properties": {
        "probability": 0.9975987672805786,
        "lat": 6.160634886629577,
        "lon": -1.767900193864136,
        "region": "Obuasi",
        "detected_at": "2026-03-09T06:22:55.540544",
        "model_version": "48px_v3.7_2024-01-10"
      }
    },
    {
      "type": "Feature",
      "geometry": {
        "type": "Point",
        "coordinates": [
          -1.7679001938641363,
          6.158459296776112
        ]
      },
      "properties": {
        "probability": 0.8289271593093872,
        "lat": 6.158459296776112,
        "lon": -1.7679001938641363,
        "region": "Obuasi",
        "detected_at": "2026-03-09T06:22:55.540635",
        "model_version": "48px_v3.7_2024-01-10"
      }
    },
    {
      "type": "Feature",
      "geometry": {
        "type": "Point",
        "coordinates": [
          -1.7679001938641363,
          6.151932527215717
        ]
      },
      "properties": {
        "probability": 0.917953610420227,
        "lat": 6.151932527215717,
        "lon": -1.7679001938641363,
        "region": "Obuasi",
        "detected_at": "2026-03-09T06:22:55.540812",
        "model_version": "48px_v3.7_2024-01-10"
      }
    },
    {
      "type": "Feature",
      "geometry": {
        "type": "Point",
        "coordinates": [
          -1.7679001938641363,
          6.149756937362252
        ]
      },
      "properties": {
        "probability": 0.997008740901947,
        "lat": 6.149756937362252,
        "lon": -1.7679001938641363,
        "region": "Obuasi",
        "detected_at": "2026-03-09T06:22:55.540908",
        "model_version": "48px_v3.7_2024-01-10"
      }
    },
    {
      "type": "Feature",
      "geometry": {
        "type": "Point",
        "coordinates": [
          -1.7657263934794363,
          6.19326873443155
        ]
      },
      "properties": {
        "probability": 0.831559956073761,
        "lat": 6.19326873443155,
        "lon": -1.7657263934794363,
        "region": "Obuasi",
        "detected_at": "2026-03-09T06:22:55.541020",
        "model_version": "48px_v3.7_2024-01-10"
      }
    },
    {
      "type": "Feature",
      "geometry": {
        "type": "Point",
        "coordinates": [
          -1.7657263934794363,
          6.191093144578085
        ]
      },
      "properties": {
        "probability": 0.9971520304679871,
        "lat": 6.191093144578085,
        "lon": -1.7657263934794363,
        "region": "Obuasi",
        "detected_at": "2026-03-09T06:22:55.541118",
        "model_version": "48px_v3.7_2024-01-10"
      }
    },
    {
      "type": "Feature",
      "geometry": {
        "type": "Point",
        "coordinates": [
          -1.7657263934794363,
          6.16716165618997
        ]
      },
      "properties": {
        "probability": 0.8138257265090942,
        "lat": 6.16716165618997,
        "lon": -1.7657263934794363,
        "region": "Obuasi",
        "detected_at": "2026-03-09T06:22:55.541214",
        "model_version": "48px_v3.7_2024-01-10"
      }
    },
    {
      "type": "Feature",
      "geometry": {
        "type": "Point",
        "coordinates": [
          -1.7657263934794363,
          6.164986066336505
        ]
      },
      "properties": {
        "probability": 0.9899353981018066,
        "lat": 6.164986066336505,
        "lon": -1.7657263934794363,
        "region": "Obuasi",
        "detected_at": "2026-03-09T06:22:55.541306",
        "model_version": "48px_v3.7_2024-01-10"
      }
    },
    {
      "type": "Feature",
      "geometry": {
        "type": "Point",
        "coordinates": [
          -1.7657263934794365,
          6.162810476483042
        ]
      },
      "properties": {
        "probability": 0.9989473819732666,
        "lat": 6.162810476483042,
        "lon": -1.7657263934794365,
        "region": "Obuasi",
        "detected_at": "2026-03-09T06:22:55.541398",
        "model_version": "48px_v3.7_2024-01-10"
      }
    },
    {
      "type": "Feature",
      "geometry": {
        "type": "Point",
        "coordinates": [
          -1.7657263934794365,
          6.160634886629577
        ]
      },
      "properties": {
        "probability": 0.9786996245384216,
        "lat": 6.160634886629577,
        "lon": -1.7657263934794365,
        "region": "Obuasi",
        "detected_at": "2026-03-09T06:22:55.541489",
        "model_version": "48px_v3.7_2024-01-10"
      }
    },
    {
      "type": "Feature",
      "geometry": {
        "type": "Point",
        "coordinates": [
          -1.7635525930947369,
          6.19326873443155
        ]
      },
      "properties": {
        "probability": 0.8641616702079773,
        "lat": 6.19326873443155,
        "lon": -1.7635525930947369,
        "region": "Obuasi",
        "detected_at": "2026-03-09T06:22:55.541580",
        "model_version": "48px_v3.7_2024-01-10"
      }
    },
    {
      "type": "Feature",
      "geometry": {
        "type": "Point",
        "coordinates": [
          -1.7635525930947369,
          6.191093144578085
        ]
      },
      "properties": {
        "probability": 0.9989913702011108,
        "lat": 6.191093144578085,
        "lon": -1.7635525930947369,
        "region": "Obuasi",
        "detected_at": "2026-03-09T06:22:55.541678",
        "model_version": "48px_v3.7_2024-01-10"
      }
    },
    {
      "type": "Feature",
      "geometry": {
        "type": "Point",
        "coordinates": [
          -1.7635525930947369,
          6.164986066336505
        ]
      },
      "properties": {
        "probability": 0.9733885526657104,
        "lat": 6.164986066336505,
        "lon": -1.7635525930947369,
        "region": "Obuasi",
        "detected_at": "2026-03-09T06:22:55.541834",
        "model_version": "48px_v3.7_2024-01-10"
      }
    },
    {
      "type": "Feature",
      "geometry": {
        "type": "Point",
        "coordinates": [
          -1.7635525930947369,
          6.162810476483042
        ]
      },
      "properties": {
        "probability": 0.9586890935897827,
        "lat": 6.162810476483042,
        "lon": -1.7635525930947369,
        "region": "Obuasi",
        "detected_at": "2026-03-09T06:22:55.541986",
        "model_version": "48px_v3.7_2024-01-10"
      }
    },
    {
      "type": "Feature",
      "geometry": {
        "type": "Point",
        "coordinates": [
          -1.7613787927100368,
          6.19326873443155
        ]
      },
      "properties": {
        "probability": 0.8696640133857727,
        "lat": 6.19326873443155,
        "lon": -1.7613787927100368,
        "region": "Obuasi",
        "detected_at": "2026-03-09T06:22:55.542171",
        "model_version": "48px_v3.7_2024-01-10"
      }
    },
    {
      "type": "Feature",
      "geometry": {
        "type": "Point",
        "coordinates": [
          -1.7613787927100368,
          6.191093144578085
        ]
      },
      "properties": {
        "probability": 0.9426969289779663,
        "lat": 6.191093144578085,
        "lon": -1.7613787927100368,
        "region": "Obuasi",
        "detected_at": "2026-03-09T06:22:55.542343",
        "model_version": "48px_v3.7_2024-01-10"
      }
    },
    {
      "type": "Feature",
      "geometry": {
        "type": "Point",
        "coordinates": [
          -1.7613787927100368,
          6.186741964871156
        ]
      },
      "properties": {
        "probability": 0.8047599792480469,
        "lat": 6.186741964871156,
        "lon": -1.7613787927100368,
        "region": "Obuasi",
        "detected_at": "2026-03-09T06:22:55.542473",
        "model_version": "48px_v3.7_2024-01-10"
      }
    },
    {
      "type": "Feature",
      "geometry": {
        "type": "Point",
        "coordinates": [
          -1.7592049923253368,
          6.19326873443155
        ]
      },
      "properties": {
        "probability": 0.8421493768692017,
        "lat": 6.19326873443155,
        "lon": -1.7592049923253368,
        "region": "Obuasi",
        "detected_at": "2026-03-09T06:22:55.542570",
        "model_version": "48px_v3.7_2024-01-10"
      }
    },
    {
      "type": "Feature",
      "geometry": {
        "type": "Point",
        "coordinates": [
          -1.7592049923253368,
          6.191093144578085
        ]
      },
      "properties": {
        "probability": 0.9600818157196045,
        "lat": 6.191093144578085,
        "lon": -1.7592049923253368,
        "region": "Obuasi",
        "detected_at": "2026-03-09T06:22:55.542663",
        "model_version": "48px_v3.7_2024-01-10"
      }
    },
    {
      "type": "Feature",
      "geometry": {
        "type": "Point",
        "coordinates": [
          -1.7592049923253368,
          6.18891755472462
        ]
      },
      "properties": {
        "probability": 0.9980143308639526,
        "lat": 6.18891755472462,
        "lon": -1.7592049923253368,
        "region": "Obuasi",
        "detected_at": "2026-03-09T06:22:55.542754",
        "model_version": "48px_v3.7_2024-01-10"
      }
    },
    {
      "type": "Feature",
      "geometry": {
        "type": "Point",
        "coordinates": [
          -1.7592049923253368,
          6.1715128358969
        ]
      },
      "properties": {
        "probability": 0.9173365831375122,
        "lat": 6.1715128358969,
        "lon": -1.7592049923253368,
        "region": "Obuasi",
        "detected_at": "2026-03-09T06:22:55.542844",
        "model_version": "48px_v3.7_2024-01-10"
      }
    },
    {
      "type": "Feature",
      "geometry": {
        "type": "Point",
        "coordinates": [
          -1.7570311919406372,
          6.18891755472462
        ]
      },
      "properties": {
        "probability": 0.9951488971710205,
        "lat": 6.18891755472462,
        "lon": -1.7570311919406372,
        "region": "Obuasi",
        "detected_at": "2026-03-09T06:22:55.542936",
        "model_version": "48px_v3.7_2024-01-10"
      }
    },
    {
      "type": "Feature",
      "geometry": {
        "type": "Point",
        "coordinates": [
          -1.7570311919406374,
          6.186741964871156
        ]
      },
      "properties": {
        "probability": 0.8011514544487,
        "lat": 6.186741964871156,
        "lon": -1.7570311919406374,
        "region": "Obuasi",
        "detected_at": "2026-03-09T06:22:55.543061",
        "model_version": "48px_v3.7_2024-01-10"
      }
    },
    {
      "type": "Feature",
      "geometry": {
        "type": "Point",
        "coordinates": [
          -1.7548573915559373,
          6.18891755472462
        ]
      },
      "properties": {
        "probability": 0.9565067291259766,
        "lat": 6.18891755472462,
        "lon": -1.7548573915559373,
        "region": "Obuasi",
        "detected_at": "2026-03-09T06:22:55.543166",
        "model_version": "48px_v3.7_2024-01-10"
      }
    },
    {
      "type": "Feature",
      "geometry": {
        "type": "Point",
        "coordinates": [
          -1.7464054876381874,
          6.099715536509052
        ]
      },
      "properties": {
        "probability": 0.9779751300811768,
        "lat": 6.099715536509052,
        "lon": -1.7464054876381874,
        "region": "Obuasi",
        "detected_at": "2026-03-09T06:22:55.543261",
        "model_version": "48px_v3.7_2024-01-10"
      }
    },
    {
      "type": "Feature",
      "geometry": {
        "type": "Point",
        "coordinates": [
          -1.7136744138843425,
          6.162687457205611
        ]
      },
      "properties": {
        "probability": 0.853830099105835,
        "lat": 6.162687457205611,
        "lon": -1.7136744138843425,
        "region": "Obuasi",
        "detected_at": "2026-03-09T06:22:55.543354",
        "model_version": "48px_v3.7_2024-01-10"
      }
    },
    {
      "type": "Feature",
      "geometry": {
        "type": "Point",
        "coordinates": [
          -1.7115004454650844,
          6.167038974275672
        ]
      },
      "properties": {
        "probability": 0.8296006917953491,
        "lat": 6.167038974275672,
        "lon": -1.7115004454650844,
        "region": "Obuasi",
        "detected_at": "2026-03-09T06:22:55.543446",
        "model_version": "48px_v3.7_2024-01-10"
      }
    },
    {
      "type": "Feature",
      "geometry": {
        "type": "Point",
        "coordinates": [
          -1.8526687076287716,
          6.141288401454592
        ]
      },
      "properties": {
        "probability": 0.8716410994529724,
        "lat": 6.141288401454592,
        "lon": -1.8526687076287716,
        "region": "Obuasi",
        "detected_at": "2026-03-09T06:22:55.543539",
        "model_version": "48px_v3.7_2024-01-10"
      }
    },
    {
      "type": "Feature",
      "geometry": {
        "type": "Point",
        "coordinates": [
          -1.8526687076287716,
          6.108657655193671
        ]
      },
      "properties": {
        "probability": 0.979430615901947,
        "lat": 6.108657655193671,
        "lon": -1.8526687076287716,
        "region": "Obuasi",
        "detected_at": "2026-03-09T06:22:55.543630",
        "model_version": "48px_v3.7_2024-01-10"
      }
    },
    {
      "type": "Feature",
      "geometry": {
        "type": "Point",
        "coordinates": [
          -1.8439751932619128,
          6.139113018370531
        ]
      },
      "properties": {
        "probability": 0.9347749948501587,
        "lat": 6.139113018370531,
        "lon": -1.8439751932619128,
        "region": "Obuasi",
        "detected_at": "2026-03-09T06:22:55.543720",
        "model_version": "48px_v3.7_2024-01-10"
      }
    },
    {
      "type": "Feature",
      "geometry": {
        "type": "Point",
        "coordinates": [
          -1.843975193261913,
          6.136937635286469
        ]
      },
      "properties": {
        "probability": 0.8746720552444458,
        "lat": 6.136937635286469,
        "lon": -1.843975193261913,
        "region": "Obuasi",
        "detected_at": "2026-03-09T06:22:55.543824",
        "model_version": "48px_v3.7_2024-01-10"
      }
    },
    {
      "type": "Feature",
      "geometry": {
        "type": "Point",
        "coordinates": [
          -1.8374550574867687,
          6.121709953698039
        ]
      },
      "properties": {
        "probability": 0.9461910724639893,
        "lat": 6.121709953698039,
        "lon": -1.8374550574867687,
        "region": "Obuasi",
        "detected_at": "2026-03-09T06:22:55.543917",
        "model_version": "48px_v3.7_2024-01-10"
      }
    },
    {
      "type": "Feature",
      "geometry": {
        "type": "Point",
        "coordinates": [
          -1.8352816788950543,
          6.141288401454592
        ]
      },
      "properties": {
        "probability": 0.9873027801513672,
        "lat": 6.141288401454592,
        "lon": -1.8352816788950543,
        "region": "Obuasi",
        "detected_at": "2026-03-09T06:22:55.544034",
        "model_version": "48px_v3.7_2024-01-10"
      }
    },
    {
      "type": "Feature",
      "geometry": {
        "type": "Point",
        "coordinates": [
          -1.8352816788950543,
          6.13911301837053
        ]
      },
      "properties": {
        "probability": 0.8825291395187378,
        "lat": 6.13911301837053,
        "lon": -1.8352816788950543,
        "region": "Obuasi",
        "detected_at": "2026-03-09T06:22:55.544133",
        "model_version": "48px_v3.7_2024-01-10"
      }
    },
    {
      "type": "Feature",
      "geometry": {
        "type": "Point",
        "coordinates": [
          -1.8331083003033395,
          6.139113018370531
        ]
      },
      "properties": {
        "probability": 0.9912882447242737,
        "lat": 6.139113018370531,
        "lon": -1.8331083003033395,
        "region": "Obuasi",
        "detected_at": "2026-03-09T06:22:55.544225",
        "model_version": "48px_v3.7_2024-01-10"
      }
    },
    {
      "type": "Feature",
      "geometry": {
        "type": "Point",
        "coordinates": [
          -1.8309349217116249,
          6.139113018370531
        ]
      },
      "properties": {
        "probability": 0.8403878211975098,
        "lat": 6.139113018370531,
        "lon": -1.8309349217116249,
        "region": "Obuasi",
        "detected_at": "2026-03-09T06:22:55.544317",
        "model_version": "48px_v3.7_2024-01-10"
      }
    },
    {
      "type": "Feature",
      "geometry": {
        "type": "Point",
        "coordinates": [
          -1.8309349217116246,
          6.136937635286469
        ]
      },
      "properties": {
        "probability": 0.9896889925003052,
        "lat": 6.136937635286469,
        "lon": -1.8309349217116246,
        "region": "Obuasi",
        "detected_at": "2026-03-09T06:22:55.544409",
        "model_version": "48px_v3.7_2024-01-10"
      }
    },
    {
      "type": "Feature",
      "geometry": {
        "type": "Point",
        "coordinates": [
          -1.8309349217116246,
          6.130411486034285
        ]
      },
      "properties": {
        "probability": 0.9438099265098572,
        "lat": 6.130411486034285,
        "lon": -1.8309349217116246,
        "region": "Obuasi",
        "detected_at": "2026-03-09T06:22:55.544500",
        "model_version": "48px_v3.7_2024-01-10"
      }
    },
    {
      "type": "Feature",
      "geometry": {
        "type": "Point",
        "coordinates": [
          -1.8309349217116246,
          6.128236102950224
        ]
      },
      "properties": {
        "probability": 0.953993558883667,
        "lat": 6.128236102950224,
        "lon": -1.8309349217116246,
        "region": "Obuasi",
        "detected_at": "2026-03-09T06:22:55.544591",
        "model_version": "48px_v3.7_2024-01-10"
      }
    },
    {
      "type": "Feature",
      "geometry": {
        "type": "Point",
        "coordinates": [
          -1.8287615431199098,
          6.145639167622715
        ]
      },
      "properties": {
        "probability": 0.9931966662406921,
        "lat": 6.145639167622715,
        "lon": -1.8287615431199098,
        "region": "Obuasi",
        "detected_at": "2026-03-09T06:22:55.544681",
        "model_version": "48px_v3.7_2024-01-10"
      }
    },
    {
      "type": "Feature",
      "geometry": {
        "type": "Point",
        "coordinates": [
          -1.8287615431199098,
          6.134762252202407
        ]
      },
      "properties": {
        "probability": 0.9378416538238525,
        "lat": 6.134762252202407,
        "lon": -1.8287615431199098,
        "region": "Obuasi",
        "detected_at": "2026-03-09T06:22:55.544771",
        "model_version": "48px_v3.7_2024-01-10"
      }
    },
    {
      "type": "Feature",
      "geometry": {
        "type": "Point",
        "coordinates": [
          -1.8287615431199098,
          6.130411486034284
        ]
      },
      "properties": {
        "probability": 0.9675339460372925,
        "lat": 6.130411486034284,
        "lon": -1.8287615431199098,
        "region": "Obuasi",
        "detected_at": "2026-03-09T06:22:55.544861",
        "model_version": "48px_v3.7_2024-01-10"
      }
    },
    {
      "type": "Feature",
      "geometry": {
        "type": "Point",
        "coordinates": [
          -1.8287615431199098,
          6.119534570613977
        ]
      },
      "properties": {
        "probability": 0.9994256496429443,
        "lat": 6.119534570613977,
        "lon": -1.8287615431199098,
        "region": "Obuasi",
        "detected_at": "2026-03-09T06:22:55.544951",
        "model_version": "48px_v3.7_2024-01-10"
      }
    },
    {
      "type": "Feature",
      "geometry": {
        "type": "Point",
        "coordinates": [
          -1.82876154311991,
          6.1173591875299165
        ]
      },
      "properties": {
        "probability": 0.9794924855232239,
        "lat": 6.1173591875299165,
        "lon": -1.82876154311991,
        "region": "Obuasi",
        "detected_at": "2026-03-09T06:22:55.545081",
        "model_version": "48px_v3.7_2024-01-10"
      }
    },
    {
      "type": "Feature",
      "geometry": {
        "type": "Point",
        "coordinates": [
          -1.8265881645281952,
          6.145639167622716
        ]
      },
      "properties": {
        "probability": 0.8615175485610962,
        "lat": 6.145639167622716,
        "lon": -1.8265881645281952,
        "region": "Obuasi",
        "detected_at": "2026-03-09T06:22:55.545182",
        "model_version": "48px_v3.7_2024-01-10"
      }
    },
    {
      "type": "Feature",
      "geometry": {
        "type": "Point",
        "coordinates": [
          -1.8265881645281952,
          6.119534570613978
        ]
      },
      "properties": {
        "probability": 0.9999997019767761,
        "lat": 6.119534570613978,
        "lon": -1.8265881645281952,
        "region": "Obuasi",
        "detected_at": "2026-03-09T06:22:55.545274",
        "model_version": "48px_v3.7_2024-01-10"
      }
    },
    {
      "type": "Feature",
      "geometry": {
        "type": "Point",
        "coordinates": [
          -1.8265881645281952,
          6.1173591875299165
        ]
      },
      "properties": {
        "probability": 0.966904878616333,
        "lat": 6.1173591875299165,
        "lon": -1.8265881645281952,
        "region": "Obuasi",
        "detected_at": "2026-03-09T06:22:55.545365",
        "model_version": "48px_v3.7_2024-01-10"
      }
    },
    {
      "type": "Feature",
      "geometry": {
        "type": "Point",
        "coordinates": [
          -1.8244147859364805,
          6.119534570613978
        ]
      },
      "properties": {
        "probability": 0.9064792394638062,
        "lat": 6.119534570613978,
        "lon": -1.8244147859364805,
        "region": "Obuasi",
        "detected_at": "2026-03-09T06:22:55.545456",
        "model_version": "48px_v3.7_2024-01-10"
      }
    },
    {
      "type": "Feature",
      "geometry": {
        "type": "Point",
        "coordinates": [
          -1.820068028753051,
          6.121709953698039
        ]
      },
      "properties": {
        "probability": 0.9935613870620728,
        "lat": 6.121709953698039,
        "lon": -1.820068028753051,
        "region": "Obuasi",
        "detected_at": "2026-03-09T06:22:55.545546",
        "model_version": "48px_v3.7_2024-01-10"
      }
    },
    {
      "type": "Feature",
      "geometry": {
        "type": "Point",
        "coordinates": [
          -1.820068028753051,
          6.119534570613978
        ]
      },
      "properties": {
        "probability": 0.824815034866333,
        "lat": 6.119534570613978,
        "lon": -1.820068028753051,
        "region": "Obuasi",
        "detected_at": "2026-03-09T06:22:55.545636",
        "model_version": "48px_v3.7_2024-01-10"
      }
    },
    {
      "type": "Feature",
      "geometry": {
        "type": "Point",
        "coordinates": [
          -1.8178946501613367,
          6.123885336782101
        ]
      },
      "properties": {
        "probability": 0.9459528923034668,
        "lat": 6.123885336782101,
        "lon": -1.8178946501613367,
        "region": "Obuasi",
        "detected_at": "2026-03-09T06:22:55.545739",
        "model_version": "48px_v3.7_2024-01-10"
      }
    },
    {
      "type": "Feature",
      "geometry": {
        "type": "Point",
        "coordinates": [
          -1.8178946501613364,
          6.121709953698039
        ]
      },
      "properties": {
        "probability": 0.9983554482460022,
        "lat": 6.121709953698039,
        "lon": -1.8178946501613364,
        "region": "Obuasi",
        "detected_at": "2026-03-09T06:22:55.545837",
        "model_version": "48px_v3.7_2024-01-10"
      }
    },
    {
      "type": "Feature",
      "geometry": {
        "type": "Point",
        "coordinates": [
          -1.8178946501613364,
          6.119534570613978
        ]
      },
      "properties": {
        "probability": 0.9613718390464783,
        "lat": 6.119534570613978,
        "lon": -1.8178946501613364,
        "region": "Obuasi",
        "detected_at": "2026-03-09T06:22:55.545928",
        "model_version": "48px_v3.7_2024-01-10"
      }
    },
    {
      "type": "Feature",
      "geometry": {
        "type": "Point",
        "coordinates": [
          -1.815721271569622,
          6.121709953698039
        ]
      },
      "properties": {
        "probability": 0.8208618760108948,
        "lat": 6.121709953698039,
        "lon": -1.815721271569622,
        "region": "Obuasi",
        "detected_at": "2026-03-09T06:22:55.546047",
        "model_version": "48px_v3.7_2024-01-10"
      }
    },
    {
      "type": "Feature",
      "geometry": {
        "type": "Point",
        "coordinates": [
          -1.815721271569622,
          6.119534570613977
        ]
      },
      "properties": {
        "probability": 0.9208452105522156,
        "lat": 6.119534570613977,
        "lon": -1.815721271569622,
        "region": "Obuasi",
        "detected_at": "2026-03-09T06:22:55.546146",
        "model_version": "48px_v3.7_2024-01-10"
      }
    },
    {
      "type": "Feature",
      "geometry": {
        "type": "Point",
        "coordinates": [
          -1.813547892977907,
          6.141288401454592
        ]
      },
      "properties": {
        "probability": 0.8635455965995789,
        "lat": 6.141288401454592,
        "lon": -1.813547892977907,
        "region": "Obuasi",
        "detected_at": "2026-03-09T06:22:55.546238",
        "model_version": "48px_v3.7_2024-01-10"
      }
    },
    {
      "type": "Feature",
      "geometry": {
        "type": "Point",
        "coordinates": [
          -1.813547892977907,
          6.119534570613978
        ]
      },
      "properties": {
        "probability": 0.9882259368896484,
        "lat": 6.119534570613978,
        "lon": -1.813547892977907,
        "region": "Obuasi",
        "detected_at": "2026-03-09T06:22:55.546329",
        "model_version": "48px_v3.7_2024-01-10"
      }
    },
    {
      "type": "Feature",
      "geometry": {
        "type": "Point",
        "coordinates": [
          -1.813547892977907,
          6.1173591875299165
        ]
      },
      "properties": {
        "probability": 0.9757699370384216,
        "lat": 6.1173591875299165,
        "lon": -1.813547892977907,
        "region": "Obuasi",
        "detected_at": "2026-03-09T06:22:55.546420",
        "model_version": "48px_v3.7_2024-01-10"
      }
    },
    {
      "type": "Feature",
      "geometry": {
        "type": "Point",
        "coordinates": [
          -1.8113745143861926,
          6.145639167622716
        ]
      },
      "properties": {
        "probability": 0.9832330942153931,
        "lat": 6.145639167622716,
        "lon": -1.8113745143861926,
        "region": "Obuasi",
        "detected_at": "2026-03-09T06:22:55.546510",
        "model_version": "48px_v3.7_2024-01-10"
      }
    },
    {
      "type": "Feature",
      "geometry": {
        "type": "Point",
        "coordinates": [
          -1.8113745143861926,
          6.143463784538653
        ]
      },
      "properties": {
        "probability": 0.997071385383606,
        "lat": 6.143463784538653,
        "lon": -1.8113745143861926,
        "region": "Obuasi",
        "detected_at": "2026-03-09T06:22:55.546600",
        "model_version": "48px_v3.7_2024-01-10"
      }
    },
    {
      "type": "Feature",
      "geometry": {
        "type": "Point",
        "coordinates": [
          -1.8113745143861923,
          6.141288401454592
        ]
      },
      "properties": {
        "probability": 0.999963104724884,
        "lat": 6.141288401454592,
        "lon": -1.8113745143861923,
        "region": "Obuasi",
        "detected_at": "2026-03-09T06:22:55.546690",
        "model_version": "48px_v3.7_2024-01-10"
      }
    },
    {
      "type": "Feature",
      "geometry": {
        "type": "Point",
        "coordinates": [
          -1.8113745143861923,
          6.139113018370531
        ]
      },
      "properties": {
        "probability": 0.9999772906303406,
        "lat": 6.139113018370531,
        "lon": -1.8113745143861923,
        "region": "Obuasi",
        "detected_at": "2026-03-09T06:22:55.546780",
        "model_version": "48px_v3.7_2024-01-10"
      }
    },
    {
      "type": "Feature",
      "geometry": {
        "type": "Point",
        "coordinates": [
          -1.8113745143861926,
          6.136937635286469
        ]
      },
      "properties": {
        "probability": 0.9504399299621582,
        "lat": 6.136937635286469,
        "lon": -1.8113745143861926,
        "region": "Obuasi",
        "detected_at": "2026-03-09T06:22:55.546877",
        "model_version": "48px_v3.7_2024-01-10"
      }
    },
    {
      "type": "Feature",
      "geometry": {
        "type": "Point",
        "coordinates": [
          -1.8113745143861923,
          6.132586869118346
        ]
      },
      "properties": {
        "probability": 0.889813244342804,
        "lat": 6.132586869118346,
        "lon": -1.8113745143861923,
        "region": "Obuasi",
        "detected_at": "2026-03-09T06:22:55.546969",
        "model_version": "48px_v3.7_2024-01-10"
      }
    },
    {
      "type": "Feature",
      "geometry": {
        "type": "Point",
        "coordinates": [
          -1.8113745143861926,
          6.130411486034285
        ]
      },
      "properties": {
        "probability": 0.8100742697715759,
        "lat": 6.130411486034285,
        "lon": -1.8113745143861926,
        "region": "Obuasi",
        "detected_at": "2026-03-09T06:22:55.547093",
        "model_version": "48px_v3.7_2024-01-10"
      }
    },
    {
      "type": "Feature",
      "geometry": {
        "type": "Point",
        "coordinates": [
          -1.8113745143861923,
          6.1173591875299165
        ]
      },
      "properties": {
        "probability": 0.9400221109390259,
        "lat": 6.1173591875299165,
        "lon": -1.8113745143861923,
        "region": "Obuasi",
        "detected_at": "2026-03-09T06:22:55.547188",
        "model_version": "48px_v3.7_2024-01-10"
      }
    },
    {
      "type": "Feature",
      "geometry": {
        "type": "Point",
        "coordinates": [
          -1.8113745143861926,
          6.115183804445855
        ]
      },
      "properties": {
        "probability": 0.9130280613899231,
        "lat": 6.115183804445855,
        "lon": -1.8113745143861926,
        "region": "Obuasi",
        "detected_at": "2026-03-09T06:22:55.547285",
        "model_version": "48px_v3.7_2024-01-10"
      }
    },
    {
      "type": "Feature",
      "geometry": {
        "type": "Point",
        "coordinates": [
          -1.8092011357944777,
          6.145639167622715
        ]
      },
      "properties": {
        "probability": 0.9999973773956299,
        "lat": 6.145639167622715,
        "lon": -1.8092011357944777,
        "region": "Obuasi",
        "detected_at": "2026-03-09T06:22:55.547378",
        "model_version": "48px_v3.7_2024-01-10"
      }
    },
    {
      "type": "Feature",
      "geometry": {
        "type": "Point",
        "coordinates": [
          -1.8092011357944777,
          6.143463784538652
        ]
      },
      "properties": {
        "probability": 0.9999983906745911,
        "lat": 6.143463784538652,
        "lon": -1.8092011357944777,
        "region": "Obuasi",
        "detected_at": "2026-03-09T06:22:55.547469",
        "model_version": "48px_v3.7_2024-01-10"
      }
    },
    {
      "type": "Feature",
      "geometry": {
        "type": "Point",
        "coordinates": [
          -1.8092011357944777,
          6.141288401454592
        ]
      },
      "properties": {
        "probability": 0.9999008774757385,
        "lat": 6.141288401454592,
        "lon": -1.8092011357944777,
        "region": "Obuasi",
        "detected_at": "2026-03-09T06:22:55.547566",
        "model_version": "48px_v3.7_2024-01-10"
      }
    },
    {
      "type": "Feature",
      "geometry": {
        "type": "Point",
        "coordinates": [
          -1.8092011357944777,
          6.13911301837053
        ]
      },
      "properties": {
        "probability": 0.9937371611595154,
        "lat": 6.13911301837053,
        "lon": -1.8092011357944777,
        "region": "Obuasi",
        "detected_at": "2026-03-09T06:22:55.547657",
        "model_version": "48px_v3.7_2024-01-10"
      }
    },
    {
      "type": "Feature",
      "geometry": {
        "type": "Point",
        "coordinates": [
          -1.8092011357944777,
          6.136937635286469
        ]
      },
      "properties": {
        "probability": 0.996519923210144,
        "lat": 6.136937635286469,
        "lon": -1.8092011357944777,
        "region": "Obuasi",
        "detected_at": "2026-03-09T06:22:55.547746",
        "model_version": "48px_v3.7_2024-01-10"
      }
    },
    {
      "type": "Feature",
      "geometry": {
        "type": "Point",
        "coordinates": [
          -1.8092011357944777,
          6.134762252202407
        ]
      },
      "properties": {
        "probability": 0.9221394658088684,
        "lat": 6.134762252202407,
        "lon": -1.8092011357944777,
        "region": "Obuasi",
        "detected_at": "2026-03-09T06:22:55.547835",
        "model_version": "48px_v3.7_2024-01-10"
      }
    },
    {
      "type": "Feature",
      "geometry": {
        "type": "Point",
        "coordinates": [
          -1.8092011357944777,
          6.132586869118346
        ]
      },
      "properties": {
        "probability": 0.9998574256896973,
        "lat": 6.132586869118346,
        "lon": -1.8092011357944777,
        "region": "Obuasi",
        "detected_at": "2026-03-09T06:22:55.547926",
        "model_version": "48px_v3.7_2024-01-10"
      }
    },
    {
      "type": "Feature",
      "geometry": {
        "type": "Point",
        "coordinates": [
          -1.8092011357944777,
          6.130411486034284
        ]
      },
      "properties": {
        "probability": 0.9999961256980896,
        "lat": 6.130411486034284,
        "lon": -1.8092011357944777,
        "region": "Obuasi",
        "detected_at": "2026-03-09T06:22:55.548033",
        "model_version": "48px_v3.7_2024-01-10"
      }
    },
    {
      "type": "Feature",
      "geometry": {
        "type": "Point",
        "coordinates": [
          -1.8092011357944777,
          6.128236102950225
        ]
      },
      "properties": {
        "probability": 0.9999943971633911,
        "lat": 6.128236102950225,
        "lon": -1.8092011357944777,
        "region": "Obuasi",
        "detected_at": "2026-03-09T06:22:55.548127",
        "model_version": "48px_v3.7_2024-01-10"
      }
    },
    {
      "type": "Feature",
      "geometry": {
        "type": "Point",
        "coordinates": [
          -1.8092011357944777,
          6.126060719866161
        ]
      },
      "properties": {
        "probability": 0.9999820590019226,
        "lat": 6.126060719866161,
        "lon": -1.8092011357944777,
        "region": "Obuasi",
        "detected_at": "2026-03-09T06:22:55.548217",
        "model_version": "48px_v3.7_2024-01-10"
      }
    },
    {
      "type": "Feature",
      "geometry": {
        "type": "Point",
        "coordinates": [
          -1.8092011357944777,
          6.1238853367821005
        ]
      },
      "properties": {
        "probability": 0.9996784329414368,
        "lat": 6.1238853367821005,
        "lon": -1.8092011357944777,
        "region": "Obuasi",
        "detected_at": "2026-03-09T06:22:55.548306",
        "model_version": "48px_v3.7_2024-01-10"
      }
    },
    {
      "type": "Feature",
      "geometry": {
        "type": "Point",
        "coordinates": [
          -1.8092011357944777,
          6.121709953698039
        ]
      },
      "properties": {
        "probability": 0.8396264910697937,
        "lat": 6.121709953698039,
        "lon": -1.8092011357944777,
        "region": "Obuasi",
        "detected_at": "2026-03-09T06:22:55.548395",
        "model_version": "48px_v3.7_2024-01-10"
      }
    },
    {
      "type": "Feature",
      "geometry": {
        "type": "Point",
        "coordinates": [
          -1.8092011357944777,
          6.1173591875299165
        ]
      },
      "properties": {
        "probability": 0.9108594059944153,
        "lat": 6.1173591875299165,
        "lon": -1.8092011357944777,
        "region": "Obuasi",
        "detected_at": "2026-03-09T06:22:55.548484",
        "model_version": "48px_v3.7_2024-01-10"
      }
    },
    {
      "type": "Feature",
      "geometry": {
        "type": "Point",
        "coordinates": [
          -1.8092011357944777,
          6.115183804445856
        ]
      },
      "properties": {
        "probability": 0.9978352189064026,
        "lat": 6.115183804445856,
        "lon": -1.8092011357944777,
        "region": "Obuasi",
        "detected_at": "2026-03-09T06:22:55.548573",
        "model_version": "48px_v3.7_2024-01-10"
      }
    },
    {
      "type": "Feature",
      "geometry": {
        "type": "Point",
        "coordinates": [
          -1.8070277572027629,
          6.145639167622716
        ]
      },
      "properties": {
        "probability": 0.9999073147773743,
        "lat": 6.145639167622716,
        "lon": -1.8070277572027629,
        "region": "Obuasi",
        "detected_at": "2026-03-09T06:22:55.548662",
        "model_version": "48px_v3.7_2024-01-10"
      }
    },
    {
      "type": "Feature",
      "geometry": {
        "type": "Point",
        "coordinates": [
          -1.8070277572027629,
          6.143463784538653
        ]
      },
      "properties": {
        "probability": 0.9586648344993591,
        "lat": 6.143463784538653,
        "lon": -1.8070277572027629,
        "region": "Obuasi",
        "detected_at": "2026-03-09T06:22:55.548759",
        "model_version": "48px_v3.7_2024-01-10"
      }
    },
    {
      "type": "Feature",
      "geometry": {
        "type": "Point",
        "coordinates": [
          -1.8070277572027629,
          6.134762252202407
        ]
      },
      "properties": {
        "probability": 0.9239594340324402,
        "lat": 6.134762252202407,
        "lon": -1.8070277572027629,
        "region": "Obuasi",
        "detected_at": "2026-03-09T06:22:55.548849",
        "model_version": "48px_v3.7_2024-01-10"
      }
    },
    {
      "type": "Feature",
      "geometry": {
        "type": "Point",
        "coordinates": [
          -1.807027757202763,
          6.132586869118346
        ]
      },
      "properties": {
        "probability": 0.9999657869338989,
        "lat": 6.132586869118346,
        "lon": -1.807027757202763,
        "region": "Obuasi",
        "detected_at": "2026-03-09T06:22:55.548939",
        "model_version": "48px_v3.7_2024-01-10"
      }
    },
    {
      "type": "Feature",
      "geometry": {
        "type": "Point",
        "coordinates": [
          -1.8070277572027629,
          6.130411486034285
        ]
      },
      "properties": {
        "probability": 0.9999999403953552,
        "lat": 6.130411486034285,
        "lon": -1.8070277572027629,
        "region": "Obuasi",
        "detected_at": "2026-03-09T06:22:55.549046",
        "model_version": "48px_v3.7_2024-01-10"
      }
    },
    {
      "type": "Feature",
      "geometry": {
        "type": "Point",
        "coordinates": [
          -1.8070277572027629,
          6.128236102950224
        ]
      },
      "properties": {
        "probability": 1.0,
        "lat": 6.128236102950224,
        "lon": -1.8070277572027629,
        "region": "Obuasi",
        "detected_at": "2026-03-09T06:22:55.549140",
        "model_version": "48px_v3.7_2024-01-10"
      }
    },
    {
      "type": "Feature",
      "geometry": {
        "type": "Point",
        "coordinates": [
          -1.807027757202763,
          6.126060719866162
        ]
      },
      "properties": {
        "probability": 1.0,
        "lat": 6.126060719866162,
        "lon": -1.807027757202763,
        "region": "Obuasi",
        "detected_at": "2026-03-09T06:22:55.549230",
        "model_version": "48px_v3.7_2024-01-10"
      }
    },
    {
      "type": "Feature",
      "geometry": {
        "type": "Point",
        "coordinates": [
          -1.807027757202763,
          6.123885336782101
        ]
      },
      "properties": {
        "probability": 0.9999986290931702,
        "lat": 6.123885336782101,
        "lon": -1.807027757202763,
        "region": "Obuasi",
        "detected_at": "2026-03-09T06:22:55.549322",
        "model_version": "48px_v3.7_2024-01-10"
      }
    },
    {
      "type": "Feature",
      "geometry": {
        "type": "Point",
        "coordinates": [
          -1.8070277572027629,
          6.121709953698039
        ]
      },
      "properties": {
        "probability": 0.9926800727844238,
        "lat": 6.121709953698039,
        "lon": -1.8070277572027629,
        "region": "Obuasi",
        "detected_at": "2026-03-09T06:22:55.549430",
        "model_version": "48px_v3.7_2024-01-10"
      }
    },
    {
      "type": "Feature",
      "geometry": {
        "type": "Point",
        "coordinates": [
          -1.807027757202763,
          6.1173591875299165
        ]
      },
      "properties": {
        "probability": 0.8946594595909119,
        "lat": 6.1173591875299165,
        "lon": -1.807027757202763,
        "region": "Obuasi",
        "detected_at": "2026-03-09T06:22:55.549537",
        "model_version": "48px_v3.7_2024-01-10"
      }
    },
    {
      "type": "Feature",
      "geometry": {
        "type": "Point",
        "coordinates": [
          -1.8070277572027629,
          6.115183804445855
        ]
      },
      "properties": {
        "probability": 0.9998982548713684,
        "lat": 6.115183804445855,
        "lon": -1.8070277572027629,
        "region": "Obuasi",
        "detected_at": "2026-03-09T06:22:55.549627",
        "model_version": "48px_v3.7_2024-01-10"
      }
    },
    {
      "type": "Feature",
      "geometry": {
        "type": "Point",
        "coordinates": [
          -1.8070277572027629,
          6.113008421361795
        ]
      },
      "properties": {
        "probability": 0.9996902346611023,
        "lat": 6.113008421361795,
        "lon": -1.8070277572027629,
        "region": "Obuasi",
        "detected_at": "2026-03-09T06:22:55.549715",
        "model_version": "48px_v3.7_2024-01-10"
      }
    },
    {
      "type": "Feature",
      "geometry": {
        "type": "Point",
        "coordinates": [
          -1.807027757202763,
          6.1108330382777325
        ]
      },
      "properties": {
        "probability": 0.8447356820106506,
        "lat": 6.1108330382777325,
        "lon": -1.807027757202763,
        "region": "Obuasi",
        "detected_at": "2026-03-09T06:22:55.549803",
        "model_version": "48px_v3.7_2024-01-10"
      }
    },
    {
      "type": "Feature",
      "geometry": {
        "type": "Point",
        "coordinates": [
          -1.8048543786110485,
          6.134762252202407
        ]
      },
      "properties": {
        "probability": 0.8454914093017578,
        "lat": 6.134762252202407,
        "lon": -1.8048543786110485,
        "region": "Obuasi",
        "detected_at": "2026-03-09T06:22:55.549899",
        "model_version": "48px_v3.7_2024-01-10"
      }
    },
    {
      "type": "Feature",
      "geometry": {
        "type": "Point",
        "coordinates": [
          -1.8048543786110485,
          6.132586869118346
        ]
      },
      "properties": {
        "probability": 0.9997619986534119,
        "lat": 6.132586869118346,
        "lon": -1.8048543786110485,
        "region": "Obuasi",
        "detected_at": "2026-03-09T06:22:55.549989",
        "model_version": "48px_v3.7_2024-01-10"
      }
    },
    {
      "type": "Feature",
      "geometry": {
        "type": "Point",
        "coordinates": [
          -1.8048543786110485,
          6.130411486034285
        ]
      },
      "properties": {
        "probability": 0.999955415725708,
        "lat": 6.130411486034285,
        "lon": -1.8048543786110485,
        "region": "Obuasi",
        "detected_at": "2026-03-09T06:22:55.550100",
        "model_version": "48px_v3.7_2024-01-10"
      }
    },
    {
      "type": "Feature",
      "geometry": {
        "type": "Point",
        "coordinates": [
          -1.8048543786110485,
          6.128236102950224
        ]
      },
      "properties": {
        "probability": 0.9996431469917297,
        "lat": 6.128236102950224,
        "lon": -1.8048543786110485,
        "region": "Obuasi",
        "detected_at": "2026-03-09T06:22:55.550191",
        "model_version": "48px_v3.7_2024-01-10"
      }
    },
    {
      "type": "Feature",
      "geometry": {
        "type": "Point",
        "coordinates": [
          -1.8048543786110485,
          6.126060719866162
        ]
      },
      "properties": {
        "probability": 0.9994447827339172,
        "lat": 6.126060719866162,
        "lon": -1.8048543786110485,
        "region": "Obuasi",
        "detected_at": "2026-03-09T06:22:55.550287",
        "model_version": "48px_v3.7_2024-01-10"
      }
    },
    {
      "type": "Feature",
      "geometry": {
        "type": "Point",
        "coordinates": [
          -1.8048543786110485,
          6.123885336782101
        ]
      },
      "properties": {
        "probability": 0.9543988704681396,
        "lat": 6.123885336782101,
        "lon": -1.8048543786110485,
        "region": "Obuasi",
        "detected_at": "2026-03-09T06:22:55.550378",
        "model_version": "48px_v3.7_2024-01-10"
      }
    },
    {
      "type": "Feature",
      "geometry": {
        "type": "Point",
        "coordinates": [
          -1.8048543786110485,
          6.115183804445855
        ]
      },
      "properties": {
        "probability": 0.9036964774131775,
        "lat": 6.115183804445855,
        "lon": -1.8048543786110485,
        "region": "Obuasi",
        "detected_at": "2026-03-09T06:22:55.550468",
        "model_version": "48px_v3.7_2024-01-10"
      }
    },
    {
      "type": "Feature",
      "geometry": {
        "type": "Point",
        "coordinates": [
          -1.8048543786110485,
          6.113008421361795
        ]
      },
      "properties": {
        "probability": 0.9950804710388184,
        "lat": 6.113008421361795,
        "lon": -1.8048543786110485,
        "region": "Obuasi",
        "detected_at": "2026-03-09T06:22:55.550560",
        "model_version": "48px_v3.7_2024-01-10"
      }
    },
    {
      "type": "Feature",
      "geometry": {
        "type": "Point",
        "coordinates": [
          -1.8048543786110485,
          6.1108330382777325
        ]
      },
      "properties": {
        "probability": 0.9595407247543335,
        "lat": 6.1108330382777325,
        "lon": -1.8048543786110485,
        "region": "Obuasi",
        "detected_at": "2026-03-09T06:22:55.550650",
        "model_version": "48px_v3.7_2024-01-10"
      }
    },
    {
      "type": "Feature",
      "geometry": {
        "type": "Point",
        "coordinates": [
          -1.5401290197848365,
          6.235997828042646
        ]
      },
      "properties": {
        "probability": 0.9473177194595337,
        "lat": 6.235997828042646,
        "lon": -1.5401290197848365,
        "region": "Obuasi",
        "detected_at": "2026-03-09T06:22:55.550740",
        "model_version": "48px_v3.7_2024-01-10"
      }
    },
    {
      "type": "Feature",
      "geometry": {
        "type": "Point",
        "coordinates": [
          -1.5227299263905287,
          6.233821366024148
        ]
      },
      "properties": {
        "probability": 0.8378844261169434,
        "lat": 6.233821366024148,
        "lon": -1.5227299263905287,
        "region": "Obuasi",
        "detected_at": "2026-03-09T06:22:55.550830",
        "model_version": "48px_v3.7_2024-01-10"
      }
    },
    {
      "type": "Feature",
      "geometry": {
        "type": "Point",
        "coordinates": [
          -1.8416893460659052,
          6.149875901436924
        ]
      },
      "properties": {
        "probability": 0.8734245896339417,
        "lat": 6.149875901436924,
        "lon": -1.8416893460659052,
        "region": "Obuasi",
        "detected_at": "2026-03-09T06:22:55.550919",
        "model_version": "48px_v3.7_2024-01-10"
      }
    },
    {
      "type": "Feature",
      "geometry": {
        "type": "Point",
        "coordinates": [
          -1.8264739325105073,
          6.19555970777421
        ]
      },
      "properties": {
        "probability": 0.947039783000946,
        "lat": 6.19555970777421,
        "lon": -1.8264739325105073,
        "region": "Obuasi",
        "detected_at": "2026-03-09T06:22:55.551025",
        "model_version": "48px_v3.7_2024-01-10"
      }
    },
    {
      "type": "Feature",
      "geometry": {
        "type": "Point",
        "coordinates": [
          -1.8264739325105073,
          6.193384288424815
        ]
      },
      "properties": {
        "probability": 0.9386601448059082,
        "lat": 6.193384288424815,
        "lon": -1.8264739325105073,
        "region": "Obuasi",
        "detected_at": "2026-03-09T06:22:55.551120",
        "model_version": "48px_v3.7_2024-01-10"
      }
    },
    {
      "type": "Feature",
      "geometry": {
        "type": "Point",
        "coordinates": [
          -1.824300302002593,
          6.175980933629657
        ]
      },
      "properties": {
        "probability": 0.8445882201194763,
        "lat": 6.175980933629657,
        "lon": -1.824300302002593,
        "region": "Obuasi",
        "detected_at": "2026-03-09T06:22:55.551216",
        "model_version": "48px_v3.7_2024-01-10"
      }
    },
    {
      "type": "Feature",
      "geometry": {
        "type": "Point",
        "coordinates": [
          -1.824300302002593,
          6.160752998183897
        ]
      },
      "properties": {
        "probability": 0.9910593032836914,
        "lat": 6.160752998183897,
        "lon": -1.824300302002593,
        "region": "Obuasi",
        "detected_at": "2026-03-09T06:22:55.551305",
        "model_version": "48px_v3.7_2024-01-10"
      }
    },
    {
      "type": "Feature",
      "geometry": {
        "type": "Point",
        "coordinates": [
          -1.824300302002593,
          6.158577578834501
        ]
      },
      "properties": {
        "probability": 0.9997995495796204,
        "lat": 6.158577578834501,
        "lon": -1.824300302002593,
        "region": "Obuasi",
        "detected_at": "2026-03-09T06:22:55.551395",
        "model_version": "48px_v3.7_2024-01-10"
      }
    },
    {
      "type": "Feature",
      "geometry": {
        "type": "Point",
        "coordinates": [
          -1.8221266714946796,
          6.173805514280264
        ]
      },
      "properties": {
        "probability": 0.9095116853713989,
        "lat": 6.173805514280264,
        "lon": -1.8221266714946796,
        "region": "Obuasi",
        "detected_at": "2026-03-09T06:22:55.551484",
        "model_version": "48px_v3.7_2024-01-10"
      }
    },
    {
      "type": "Feature",
      "geometry": {
        "type": "Point",
        "coordinates": [
          -1.8221266714946793,
          6.158577578834502
        ]
      },
      "properties": {
        "probability": 0.9976606369018555,
        "lat": 6.158577578834502,
        "lon": -1.8221266714946793,
        "region": "Obuasi",
        "detected_at": "2026-03-09T06:22:55.551574",
        "model_version": "48px_v3.7_2024-01-10"
      }
    },
    {
      "type": "Feature",
      "geometry": {
        "type": "Point",
        "coordinates": [
          -1.8221266714946793,
          6.156402159485108
        ]
      },
      "properties": {
        "probability": 0.9962834715843201,
        "lat": 6.156402159485108,
        "lon": -1.8221266714946793,
        "region": "Obuasi",
        "detected_at": "2026-03-09T06:22:55.551663",
        "model_version": "48px_v3.7_2024-01-10"
      }
    },
    {
      "type": "Feature",
      "geometry": {
        "type": "Point",
        "coordinates": [
          -1.8156057799709373,
          6.167279256232081
        ]
      },
      "properties": {
        "probability": 0.9981048107147217,
        "lat": 6.167279256232081,
        "lon": -1.8156057799709373,
        "region": "Obuasi",
        "detected_at": "2026-03-09T06:22:55.551759",
        "model_version": "48px_v3.7_2024-01-10"
      }
    },
    {
      "type": "Feature",
      "geometry": {
        "type": "Point",
        "coordinates": [
          -1.8156057799709373,
          6.165103836882686
        ]
      },
      "properties": {
        "probability": 0.9996993541717529,
        "lat": 6.165103836882686,
        "lon": -1.8156057799709373,
        "region": "Obuasi",
        "detected_at": "2026-03-09T06:22:55.551849",
        "model_version": "48px_v3.7_2024-01-10"
      }
    },
    {
      "type": "Feature",
      "geometry": {
        "type": "Point",
        "coordinates": [
          -1.8134321494630232,
          6.165103836882685
        ]
      },
      "properties": {
        "probability": 0.9940552115440369,
        "lat": 6.165103836882685,
        "lon": -1.8134321494630232,
        "region": "Obuasi",
        "detected_at": "2026-03-09T06:22:55.551938",
        "model_version": "48px_v3.7_2024-01-10"
      }
    },
    {
      "type": "Feature",
      "geometry": {
        "type": "Point",
        "coordinates": [
          -1.8134321494630232,
          6.1629284175332915
        ]
      },
      "properties": {
        "probability": 0.8405461311340332,
        "lat": 6.1629284175332915,
        "lon": -1.8134321494630232,
        "region": "Obuasi",
        "detected_at": "2026-03-09T06:22:55.552045",
        "model_version": "48px_v3.7_2024-01-10"
      }
    },
    {
      "type": "Feature",
      "geometry": {
        "type": "Point",
        "coordinates": [
          -1.8112585189551094,
          6.154226740135713
        ]
      },
      "properties": {
        "probability": 0.9459196925163269,
        "lat": 6.154226740135713,
        "lon": -1.8112585189551094,
        "region": "Obuasi",
        "detected_at": "2026-03-09T06:22:55.552138",
        "model_version": "48px_v3.7_2024-01-10"
      }
    },
    {
      "type": "Feature",
      "geometry": {
        "type": "Point",
        "coordinates": [
          -1.8112585189551094,
          6.149875901436925
        ]
      },
      "properties": {
        "probability": 0.9617631435394287,
        "lat": 6.149875901436925,
        "lon": -1.8112585189551094,
        "region": "Obuasi",
        "detected_at": "2026-03-09T06:22:55.552227",
        "model_version": "48px_v3.7_2024-01-10"
      }
    },
    {
      "type": "Feature",
      "geometry": {
        "type": "Point",
        "coordinates": [
          -1.8090848884471953,
          6.156402159485108
        ]
      },
      "properties": {
        "probability": 0.9771502017974854,
        "lat": 6.156402159485108,
        "lon": -1.8090848884471953,
        "region": "Obuasi",
        "detected_at": "2026-03-09T06:22:55.552316",
        "model_version": "48px_v3.7_2024-01-10"
      }
    },
    {
      "type": "Feature",
      "geometry": {
        "type": "Point",
        "coordinates": [
          -1.8090848884471953,
          6.154226740135714
        ]
      },
      "properties": {
        "probability": 0.9999995827674866,
        "lat": 6.154226740135714,
        "lon": -1.8090848884471953,
        "region": "Obuasi",
        "detected_at": "2026-03-09T06:22:55.552406",
        "model_version": "48px_v3.7_2024-01-10"
      }
    },
    {
      "type": "Feature",
      "geometry": {
        "type": "Point",
        "coordinates": [
          -1.8090848884471953,
          6.152051320786319
        ]
      },
      "properties": {
        "probability": 0.9999978542327881,
        "lat": 6.152051320786319,
        "lon": -1.8090848884471953,
        "region": "Obuasi",
        "detected_at": "2026-03-09T06:22:55.552494",
        "model_version": "48px_v3.7_2024-01-10"
      }
    },
    {
      "type": "Feature",
      "geometry": {
        "type": "Point",
        "coordinates": [
          -1.8090848884471953,
          6.149875901436924
        ]
      },
      "properties": {
        "probability": 0.9999933838844299,
        "lat": 6.149875901436924,
        "lon": -1.8090848884471953,
        "region": "Obuasi",
        "detected_at": "2026-03-09T06:22:55.552583",
        "model_version": "48px_v3.7_2024-01-10"
      }
    },
    {
      "type": "Feature",
      "geometry": {
        "type": "Point",
        "coordinates": [
          -1.8069112579392816,
          6.175980933629657
        ]
      },
      "properties": {
        "probability": 0.962975800037384,
        "lat": 6.175980933629657,
        "lon": -1.8069112579392816,
        "region": "Obuasi",
        "detected_at": "2026-03-09T06:22:55.552671",
        "model_version": "48px_v3.7_2024-01-10"
      }
    },
    {
      "type": "Feature",
      "geometry": {
        "type": "Point",
        "coordinates": [
          -1.8069112579392816,
          6.1738055142802635
        ]
      },
      "properties": {
        "probability": 0.9996873140335083,
        "lat": 6.1738055142802635,
        "lon": -1.8069112579392816,
        "region": "Obuasi",
        "detected_at": "2026-03-09T06:22:55.552760",
        "model_version": "48px_v3.7_2024-01-10"
      }
    },
    {
      "type": "Feature",
      "geometry": {
        "type": "Point",
        "coordinates": [
          -1.8069112579392816,
          6.171630094930871
        ]
      },
      "properties": {
        "probability": 0.9585715532302856,
        "lat": 6.171630094930871,
        "lon": -1.8069112579392816,
        "region": "Obuasi",
        "detected_at": "2026-03-09T06:22:55.552858",
        "model_version": "48px_v3.7_2024-01-10"
      }
    },
    {
      "type": "Feature",
      "geometry": {
        "type": "Point",
        "coordinates": [
          -1.8069112579392816,
          6.1629284175332915
        ]
      },
      "properties": {
        "probability": 0.9225602149963379,
        "lat": 6.1629284175332915,
        "lon": -1.8069112579392816,
        "region": "Obuasi",
        "detected_at": "2026-03-09T06:22:55.552950",
        "model_version": "48px_v3.7_2024-01-10"
      }
    },
    {
      "type": "Feature",
      "geometry": {
        "type": "Point",
        "coordinates": [
          -1.8069112579392816,
          6.160752998183897
        ]
      },
      "properties": {
        "probability": 0.8948509097099304,
        "lat": 6.160752998183897,
        "lon": -1.8069112579392816,
        "region": "Obuasi",
        "detected_at": "2026-03-09T06:22:55.553064",
        "model_version": "48px_v3.7_2024-01-10"
      }
    },
    {
      "type": "Feature",
      "geometry": {
        "type": "Point",
        "coordinates": [
          -1.8069112579392816,
          6.158577578834501
        ]
      },
      "properties": {
        "probability": 0.9848393201828003,
        "lat": 6.158577578834501,
        "lon": -1.8069112579392816,
        "region": "Obuasi",
        "detected_at": "2026-03-09T06:22:55.553156",
        "model_version": "48px_v3.7_2024-01-10"
      }
    },
    {
      "type": "Feature",
      "geometry": {
        "type": "Point",
        "coordinates": [
          -1.8069112579392816,
          6.156402159485109
        ]
      },
      "properties": {
        "probability": 0.9999167919158936,
        "lat": 6.156402159485109,
        "lon": -1.8069112579392816,
        "region": "Obuasi",
        "detected_at": "2026-03-09T06:22:55.553256",
        "model_version": "48px_v3.7_2024-01-10"
      }
    },
    {
      "type": "Feature",
      "geometry": {
        "type": "Point",
        "coordinates": [
          -1.8069112579392816,
          6.154226740135713
        ]
      },
      "properties": {
        "probability": 0.9999983906745911,
        "lat": 6.154226740135713,
        "lon": -1.8069112579392816,
        "region": "Obuasi",
        "detected_at": "2026-03-09T06:22:55.553345",
        "model_version": "48px_v3.7_2024-01-10"
      }
    },
    {
      "type": "Feature",
      "geometry": {
        "type": "Point",
        "coordinates": [
          -1.8069112579392816,
          6.152051320786318
        ]
      },
      "properties": {
        "probability": 0.9999868869781494,
        "lat": 6.152051320786318,
        "lon": -1.8069112579392816,
        "region": "Obuasi",
        "detected_at": "2026-03-09T06:22:55.553435",
        "model_version": "48px_v3.7_2024-01-10"
      }
    },
    {
      "type": "Feature",
      "geometry": {
        "type": "Point",
        "coordinates": [
          -1.8069112579392816,
          6.149875901436925
        ]
      },
      "properties": {
        "probability": 0.9999437928199768,
        "lat": 6.149875901436925,
        "lon": -1.8069112579392816,
        "region": "Obuasi",
        "detected_at": "2026-03-09T06:22:55.553524",
        "model_version": "48px_v3.7_2024-01-10"
      }
    },
    {
      "type": "Feature",
      "geometry": {
        "type": "Point",
        "coordinates": [
          -1.8047376274313673,
          6.175980933629657
        ]
      },
      "properties": {
        "probability": 0.9674802422523499,
        "lat": 6.175980933629657,
        "lon": -1.8047376274313673,
        "region": "Obuasi",
        "detected_at": "2026-03-09T06:22:55.553615",
        "model_version": "48px_v3.7_2024-01-10"
      }
    },
    {
      "type": "Feature",
      "geometry": {
        "type": "Point",
        "coordinates": [
          -1.8047376274313673,
          6.1738055142802635
        ]
      },
      "properties": {
        "probability": 0.999815821647644,
        "lat": 6.1738055142802635,
        "lon": -1.8047376274313673,
        "region": "Obuasi",
        "detected_at": "2026-03-09T06:22:55.553703",
        "model_version": "48px_v3.7_2024-01-10"
      }
    },
    {
      "type": "Feature",
      "geometry": {
        "type": "Point",
        "coordinates": [
          -1.804737627431367,
          6.171630094930871
        ]
      },
      "properties": {
        "probability": 0.998561441898346,
        "lat": 6.171630094930871,
        "lon": -1.804737627431367,
        "region": "Obuasi",
        "detected_at": "2026-03-09T06:22:55.553791",
        "model_version": "48px_v3.7_2024-01-10"
      }
    },
    {
      "type": "Feature",
      "geometry": {
        "type": "Point",
        "coordinates": [
          -1.804737627431367,
          6.169454675581475
        ]
      },
      "properties": {
        "probability": 0.9962753653526306,
        "lat": 6.169454675581475,
        "lon": -1.804737627431367,
        "region": "Obuasi",
        "detected_at": "2026-03-09T06:22:55.553879",
        "model_version": "48px_v3.7_2024-01-10"
      }
    },
    {
      "type": "Feature",
      "geometry": {
        "type": "Point",
        "coordinates": [
          -1.804737627431367,
          6.167279256232081
        ]
      },
      "properties": {
        "probability": 0.9837411642074585,
        "lat": 6.167279256232081,
        "lon": -1.804737627431367,
        "region": "Obuasi",
        "detected_at": "2026-03-09T06:22:55.553967",
        "model_version": "48px_v3.7_2024-01-10"
      }
    },
    {
      "type": "Feature",
      "geometry": {
        "type": "Point",
        "coordinates": [
          -1.804737627431367,
          6.160752998183897
        ]
      },
      "properties": {
        "probability": 0.9922237992286682,
        "lat": 6.160752998183897,
        "lon": -1.804737627431367,
        "region": "Obuasi",
        "detected_at": "2026-03-09T06:22:55.554076",
        "model_version": "48px_v3.7_2024-01-10"
      }
    },
    {
      "type": "Feature",
      "geometry": {
        "type": "Point",
        "coordinates": [
          -1.804737627431367,
          6.158577578834501
        ]
      },
      "properties": {
        "probability": 0.9973304271697998,
        "lat": 6.158577578834501,
        "lon": -1.804737627431367,
        "region": "Obuasi",
        "detected_at": "2026-03-09T06:22:55.554167",
        "model_version": "48px_v3.7_2024-01-10"
      }
    },
    {
      "type": "Feature",
      "geometry": {
        "type": "Point",
        "coordinates": [
          -1.804737627431367,
          6.156402159485109
        ]
      },
      "properties": {
        "probability": 0.9932866096496582,
        "lat": 6.156402159485109,
        "lon": -1.804737627431367,
        "region": "Obuasi",
        "detected_at": "2026-03-09T06:22:55.554257",
        "model_version": "48px_v3.7_2024-01-10"
      }
    },
    {
      "type": "Feature",
      "geometry": {
        "type": "Point",
        "coordinates": [
          -1.804737627431367,
          6.149875901436925
        ]
      },
      "properties": {
        "probability": 0.8557531237602234,
        "lat": 6.149875901436925,
        "lon": -1.804737627431367,
        "region": "Obuasi",
        "detected_at": "2026-03-09T06:22:55.554346",
        "model_version": "48px_v3.7_2024-01-10"
      }
    },
    {
      "type": "Feature",
      "geometry": {
        "type": "Point",
        "coordinates": [
          -1.485905294453128,
          6.201023801257412
        ]
      },
      "properties": {
        "probability": 0.9952266812324524,
        "lat": 6.201023801257412,
        "lon": -1.485905294453128,
        "region": "Obuasi",
        "detected_at": "2026-03-09T06:22:55.554436",
        "model_version": "48px_v3.7_2024-01-10"
      }
    },
    {
      "type": "Feature",
      "geometry": {
        "type": "Point",
        "coordinates": [
          -1.483730247170243,
          6.201023801257412
        ]
      },
      "properties": {
        "probability": 0.999998927116394,
        "lat": 6.201023801257412,
        "lon": -1.483730247170243,
        "region": "Obuasi",
        "detected_at": "2026-03-09T06:22:55.554525",
        "model_version": "48px_v3.7_2024-01-10"
      }
    },
    {
      "type": "Feature",
      "geometry": {
        "type": "Point",
        "coordinates": [
          -1.4815551998873582,
          6.201023801257412
        ]
      },
      "properties": {
        "probability": 0.9381870031356812,
        "lat": 6.201023801257412,
        "lon": -1.4815551998873582,
        "region": "Obuasi",
        "detected_at": "2026-03-09T06:22:55.554613",
        "model_version": "48px_v3.7_2024-01-10"
      }
    },
    {
      "type": "Feature",
      "geometry": {
        "type": "Point",
        "coordinates": [
          -1.5463653810438296,
          6.275172846381965
        ]
      },
      "properties": {
        "probability": 0.898016631603241,
        "lat": 6.275172846381965,
        "lon": -1.5463653810438296,
        "region": "Obuasi",
        "detected_at": "2026-03-09T06:22:55.554708",
        "model_version": "48px_v3.7_2024-01-10"
      }
    },
    {
      "type": "Feature",
      "geometry": {
        "type": "Point",
        "coordinates": [
          -1.5441903922225122,
          6.277349190401038
        ]
      },
      "properties": {
        "probability": 0.8391033411026001,
        "lat": 6.277349190401038,
        "lon": -1.5441903922225122,
        "region": "Obuasi",
        "detected_at": "2026-03-09T06:22:55.554803",
        "model_version": "48px_v3.7_2024-01-10"
      }
    },
    {
      "type": "Feature",
      "geometry": {
        "type": "Point",
        "coordinates": [
          -1.579130579535466,
          6.216554054372456
        ]
      },
      "properties": {
        "probability": 0.9511948823928833,
        "lat": 6.216554054372456,
        "lon": -1.579130579535466,
        "region": "Obuasi",
        "detected_at": "2026-03-09T06:22:55.554893",
        "model_version": "48px_v3.7_2024-01-10"
      }
    },
    {
      "type": "Feature",
      "geometry": {
        "type": "Point",
        "coordinates": [
          -1.561732785783498,
          6.229611847424131
        ]
      },
      "properties": {
        "probability": 0.9251288175582886,
        "lat": 6.229611847424131,
        "lon": -1.561732785783498,
        "region": "Obuasi",
        "detected_at": "2026-03-09T06:22:55.554984",
        "model_version": "48px_v3.7_2024-01-10"
      }
    },
    {
      "type": "Feature",
      "geometry": {
        "type": "Point",
        "coordinates": [
          -1.559558061564502,
          6.2317881462660765
        ]
      },
      "properties": {
        "probability": 0.9658897519111633,
        "lat": 6.2317881462660765,
        "lon": -1.559558061564502,
        "region": "Obuasi",
        "detected_at": "2026-03-09T06:22:55.555094",
        "model_version": "48px_v3.7_2024-01-10"
      }
    },
    {
      "type": "Feature",
      "geometry": {
        "type": "Point",
        "coordinates": [
          -1.557383337345506,
          6.2317881462660765
        ]
      },
      "properties": {
        "probability": 0.9644521474838257,
        "lat": 6.2317881462660765,
        "lon": -1.557383337345506,
        "region": "Obuasi",
        "detected_at": "2026-03-09T06:22:55.555186",
        "model_version": "48px_v3.7_2024-01-10"
      }
    },
    {
      "type": "Feature",
      "geometry": {
        "type": "Point",
        "coordinates": [
          -1.553033888907514,
          6.229611847424131
        ]
      },
      "properties": {
        "probability": 0.9031253457069397,
        "lat": 6.229611847424131,
        "lon": -1.553033888907514,
        "region": "Obuasi",
        "detected_at": "2026-03-09T06:22:55.555276",
        "model_version": "48px_v3.7_2024-01-10"
      }
    },
    {
      "type": "Feature",
      "geometry": {
        "type": "Point",
        "coordinates": [
          -1.5399851147387942,
          6.279380755575996
        ]
      },
      "properties": {
        "probability": 0.9917398691177368,
        "lat": 6.279380755575996,
        "lon": -1.5399851147387942,
        "region": "Obuasi",
        "detected_at": "2026-03-09T06:22:55.555366",
        "model_version": "48px_v3.7_2024-01-10"
      }
    },
    {
      "type": "Feature",
      "geometry": {
        "type": "Point",
        "coordinates": [
          -1.5378099616650545,
          6.279380755575996
        ]
      },
      "properties": {
        "probability": 0.9636459946632385,
        "lat": 6.279380755575996,
        "lon": -1.5378099616650545,
        "region": "Obuasi",
        "detected_at": "2026-03-09T06:22:55.555455",
        "model_version": "48px_v3.7_2024-01-10"
      }
    },
    {
      "type": "Feature",
      "geometry": {
        "type": "Point",
        "coordinates": [
          -1.518233584001397,
          6.301145845453088
        ]
      },
      "properties": {
        "probability": 0.9633755683898926,
        "lat": 6.301145845453088,
        "lon": -1.518233584001397,
        "region": "Obuasi",
        "detected_at": "2026-03-09T06:22:55.555546",
        "model_version": "48px_v3.7_2024-01-10"
      }
    },
    {
      "type": "Feature",
      "geometry": {
        "type": "Point",
        "coordinates": [
          -1.466178156014243,
          6.270524115302813
        ]
      },
      "properties": {
        "probability": 0.8519810438156128,
        "lat": 6.270524115302813,
        "lon": -1.466178156014243,
        "region": "Obuasi",
        "detected_at": "2026-03-09T06:22:55.555636",
        "model_version": "48px_v3.7_2024-01-10"
      }
    },
    {
      "type": "Feature",
      "geometry": {
        "type": "Point",
        "coordinates": [
          -1.4640028405358834,
          6.270524115302813
        ]
      },
      "properties": {
        "probability": 0.9157317280769348,
        "lat": 6.270524115302813,
        "lon": -1.4640028405358834,
        "region": "Obuasi",
        "detected_at": "2026-03-09T06:22:55.555732",
        "model_version": "48px_v3.7_2024-01-10"
      }
    },
    {
      "type": "Feature",
      "geometry": {
        "type": "Point",
        "coordinates": [
          -1.4640028405358834,
          6.25746408252665
        ]
      },
      "properties": {
        "probability": 0.8320651650428772,
        "lat": 6.25746408252665,
        "lon": -1.4640028405358834,
        "region": "Obuasi",
        "detected_at": "2026-03-09T06:22:55.555831",
        "model_version": "48px_v3.7_2024-01-10"
      }
    },
    {
      "type": "Feature",
      "geometry": {
        "type": "Point",
        "coordinates": [
          -1.4640028405358834,
          6.255287410397291
        ]
      },
      "properties": {
        "probability": 0.8631064891815186,
        "lat": 6.255287410397291,
        "lon": -1.4640028405358834,
        "region": "Obuasi",
        "detected_at": "2026-03-09T06:22:55.555923",
        "model_version": "48px_v3.7_2024-01-10"
      }
    },
    {
      "type": "Feature",
      "geometry": {
        "type": "Point",
        "coordinates": [
          -1.4618275250575237,
          6.272700787432173
        ]
      },
      "properties": {
        "probability": 0.9249791502952576,
        "lat": 6.272700787432173,
        "lon": -1.4618275250575237,
        "region": "Obuasi",
        "detected_at": "2026-03-09T06:22:55.556030",
        "model_version": "48px_v3.7_2024-01-10"
      }
    },
    {
      "type": "Feature",
      "geometry": {
        "type": "Point",
        "coordinates": [
          -1.4596522095791638,
          6.281407475949616
        ]
      },
      "properties": {
        "probability": 0.9723575115203857,
        "lat": 6.281407475949616,
        "lon": -1.4596522095791638,
        "region": "Obuasi",
        "detected_at": "2026-03-09T06:22:55.556132",
        "model_version": "48px_v3.7_2024-01-10"
      }
    },
    {
      "type": "Feature",
      "geometry": {
        "type": "Point",
        "coordinates": [
          -1.4596522095791633,
          6.279230803820255
        ]
      },
      "properties": {
        "probability": 0.868756115436554,
        "lat": 6.279230803820255,
        "lon": -1.4596522095791633,
        "region": "Obuasi",
        "detected_at": "2026-03-09T06:22:55.556224",
        "model_version": "48px_v3.7_2024-01-10"
      }
    },
    {
      "type": "Feature",
      "geometry": {
        "type": "Point",
        "coordinates": [
          -1.6181352942071856,
          6.210164916214202
        ]
      },
      "properties": {
        "probability": 0.9040918350219727,
        "lat": 6.210164916214202,
        "lon": -1.6181352942071856,
        "region": "Obuasi",
        "detected_at": "2026-03-09T06:22:55.556316",
        "model_version": "48px_v3.7_2024-01-10"
      }
    },
    {
      "type": "Feature",
      "geometry": {
        "type": "Point",
        "coordinates": [
          -1.6137861743718458,
          6.216693317733093
        ]
      },
      "properties": {
        "probability": 0.8288465142250061,
        "lat": 6.216693317733093,
        "lon": -1.6137861743718458,
        "region": "Obuasi",
        "detected_at": "2026-03-09T06:22:55.556408",
        "model_version": "48px_v3.7_2024-01-10"
      }
    },
    {
      "type": "Feature",
      "geometry": {
        "type": "Point",
        "coordinates": [
          -1.6116116144541763,
          6.223221719251983
        ]
      },
      "properties": {
        "probability": 0.8763161301612854,
        "lat": 6.223221719251983,
        "lon": -1.6116116144541763,
        "region": "Obuasi",
        "detected_at": "2026-03-09T06:22:55.556499",
        "model_version": "48px_v3.7_2024-01-10"
      }
    },
    {
      "type": "Feature",
      "geometry": {
        "type": "Point",
        "coordinates": [
          -1.6094370545365067,
          6.225397853091612
        ]
      },
      "properties": {
        "probability": 0.8206019997596741,
        "lat": 6.225397853091612,
        "lon": -1.6094370545365067,
        "region": "Obuasi",
        "detected_at": "2026-03-09T06:22:55.556588",
        "model_version": "48px_v3.7_2024-01-10"
      }
    },
    {
      "type": "Feature",
      "geometry": {
        "type": "Point",
        "coordinates": [
          -1.6094370545365067,
          6.223221719251983
        ]
      },
      "properties": {
        "probability": 0.9353044629096985,
        "lat": 6.223221719251983,
        "lon": -1.6094370545365067,
        "region": "Obuasi",
        "detected_at": "2026-03-09T06:22:55.556685",
        "model_version": "48px_v3.7_2024-01-10"
      }
    },
    {
      "type": "Feature",
      "geometry": {
        "type": "Point",
        "coordinates": [
          -1.6050879347011673,
          6.225397853091612
        ]
      },
      "properties": {
        "probability": 0.8853325247764587,
        "lat": 6.225397853091612,
        "lon": -1.6050879347011673,
        "region": "Obuasi",
        "detected_at": "2026-03-09T06:22:55.556774",
        "model_version": "48px_v3.7_2024-01-10"
      }
    },
    {
      "type": "Feature",
      "geometry": {
        "type": "Point",
        "coordinates": [
          -1.5636218653327607,
          6.349026526996784
        ]
      },
      "properties": {
        "probability": 0.9923104643821716,
        "lat": 6.349026526996784,
        "lon": -1.5636218653327607,
        "region": "Obuasi",
        "detected_at": "2026-03-09T06:22:55.556863",
        "model_version": "48px_v3.7_2024-01-10"
      }
    },
    {
      "type": "Feature",
      "geometry": {
        "type": "Point",
        "coordinates": [
          -1.5636218653327607,
          6.346850137827452
        ]
      },
      "properties": {
        "probability": 0.8397104740142822,
        "lat": 6.346850137827452,
        "lon": -1.5636218653327607,
        "region": "Obuasi",
        "detected_at": "2026-03-09T06:22:55.556953",
        "model_version": "48px_v3.7_2024-01-10"
      }
    },
    {
      "type": "Feature",
      "geometry": {
        "type": "Point",
        "coordinates": [
          -1.5614466100619886,
          6.349026526996785
        ]
      },
      "properties": {
        "probability": 0.9435688257217407,
        "lat": 6.349026526996785,
        "lon": -1.5614466100619886,
        "region": "Obuasi",
        "detected_at": "2026-03-09T06:22:55.557062",
        "model_version": "48px_v3.7_2024-01-10"
      }
    },
    {
      "type": "Feature",
      "geometry": {
        "type": "Point",
        "coordinates": [
          -1.5614466100619886,
          6.346850137827452
        ]
      },
      "properties": {
        "probability": 0.9987221360206604,
        "lat": 6.346850137827452,
        "lon": -1.5614466100619886,
        "region": "Obuasi",
        "detected_at": "2026-03-09T06:22:55.557155",
        "model_version": "48px_v3.7_2024-01-10"
      }
    },
    {
      "type": "Feature",
      "geometry": {
        "type": "Point",
        "coordinates": [
          -1.5614466100619886,
          6.34467374865812
        ]
      },
      "properties": {
        "probability": 0.9981661438941956,
        "lat": 6.34467374865812,
        "lon": -1.5614466100619886,
        "region": "Obuasi",
        "detected_at": "2026-03-09T06:22:55.557246",
        "model_version": "48px_v3.7_2024-01-10"
      }
    },
    {
      "type": "Feature",
      "geometry": {
        "type": "Point",
        "coordinates": [
          -1.5614466100619886,
          6.342497359488786
        ]
      },
      "properties": {
        "probability": 0.9821954369544983,
        "lat": 6.342497359488786,
        "lon": -1.5614466100619886,
        "region": "Obuasi",
        "detected_at": "2026-03-09T06:22:55.557369",
        "model_version": "48px_v3.7_2024-01-10"
      }
    },
    {
      "type": "Feature",
      "geometry": {
        "type": "Point",
        "coordinates": [
          -1.5592713547912165,
          6.34467374865812
        ]
      },
      "properties": {
        "probability": 0.9841774702072144,
        "lat": 6.34467374865812,
        "lon": -1.5592713547912165,
        "region": "Obuasi",
        "detected_at": "2026-03-09T06:22:55.557460",
        "model_version": "48px_v3.7_2024-01-10"
      }
    },
    {
      "type": "Feature",
      "geometry": {
        "type": "Point",
        "coordinates": [
          -1.5592713547912163,
          6.342497359488787
        ]
      },
      "properties": {
        "probability": 0.9990060329437256,
        "lat": 6.342497359488787,
        "lon": -1.5592713547912163,
        "region": "Obuasi",
        "detected_at": "2026-03-09T06:22:55.557551",
        "model_version": "48px_v3.7_2024-01-10"
      }
    },
    {
      "type": "Feature",
      "geometry": {
        "type": "Point",
        "coordinates": [
          -1.5570960995204444,
          6.342497359488787
        ]
      },
      "properties": {
        "probability": 0.9984992742538452,
        "lat": 6.342497359488787,
        "lon": -1.5570960995204444,
        "region": "Obuasi",
        "detected_at": "2026-03-09T06:22:55.557657",
        "model_version": "48px_v3.7_2024-01-10"
      }
    },
    {
      "type": "Feature",
      "geometry": {
        "type": "Point",
        "coordinates": [
          -1.5570960995204444,
          6.340320970319454
        ]
      },
      "properties": {
        "probability": 0.884733259677887,
        "lat": 6.340320970319454,
        "lon": -1.5570960995204444,
        "region": "Obuasi",
        "detected_at": "2026-03-09T06:22:55.557747",
        "model_version": "48px_v3.7_2024-01-10"
      }
    },
    {
      "type": "Feature",
      "geometry": {
        "type": "Point",
        "coordinates": [
          -1.5549208442496723,
          6.342497359488786
        ]
      },
      "properties": {
        "probability": 0.9978457093238831,
        "lat": 6.342497359488786,
        "lon": -1.5549208442496723,
        "region": "Obuasi",
        "detected_at": "2026-03-09T06:22:55.557836",
        "model_version": "48px_v3.7_2024-01-10"
      }
    },
    {
      "type": "Feature",
      "geometry": {
        "type": "Point",
        "coordinates": [
          -1.5549208442496723,
          6.340320970319454
        ]
      },
      "properties": {
        "probability": 0.9672707319259644,
        "lat": 6.340320970319454,
        "lon": -1.5549208442496723,
        "region": "Obuasi",
        "detected_at": "2026-03-09T06:22:55.557925",
        "model_version": "48px_v3.7_2024-01-10"
      }
    },
    {
      "type": "Feature",
      "geometry": {
        "type": "Point",
        "coordinates": [
          -1.5527455889788997,
          6.340320970319454
        ]
      },
      "properties": {
        "probability": 0.8189241886138916,
        "lat": 6.340320970319454,
        "lon": -1.5527455889788997,
        "region": "Obuasi",
        "detected_at": "2026-03-09T06:22:55.558031",
        "model_version": "48px_v3.7_2024-01-10"
      }
    },
    {
      "type": "Feature",
      "geometry": {
        "type": "Point",
        "coordinates": [
          -1.5527455889789,
          6.338144581150121
        ]
      },
      "properties": {
        "probability": 0.9228304624557495,
        "lat": 6.338144581150121,
        "lon": -1.5527455889789,
        "region": "Obuasi",
        "detected_at": "2026-03-09T06:22:55.558126",
        "model_version": "48px_v3.7_2024-01-10"
      }
    },
    {
      "type": "Feature",
      "geometry": {
        "type": "Point",
        "coordinates": [
          -1.5505703337081278,
          6.338144581150121
        ]
      },
      "properties": {
        "probability": 0.8043826222419739,
        "lat": 6.338144581150121,
        "lon": -1.5505703337081278,
        "region": "Obuasi",
        "detected_at": "2026-03-09T06:22:55.558216",
        "model_version": "48px_v3.7_2024-01-10"
      }
    },
    {
      "type": "Feature",
      "geometry": {
        "type": "Point",
        "coordinates": [
          -1.5115595049072112,
          6.309703865034142
        ]
      },
      "properties": {
        "probability": 0.8634746670722961,
        "lat": 6.309703865034142,
        "lon": -1.5115595049072112,
        "region": "Obuasi",
        "detected_at": "2026-03-09T06:22:55.558306",
        "model_version": "48px_v3.7_2024-01-10"
      }
    },
    {
      "type": "Feature",
      "geometry": {
        "type": "Point",
        "coordinates": [
          -1.4462881433803005,
          6.392112604257765
        ]
      },
      "properties": {
        "probability": 0.937501072883606,
        "lat": 6.392112604257765,
        "lon": -1.4462881433803005,
        "region": "Obuasi",
        "detected_at": "2026-03-09T06:22:55.558395",
        "model_version": "48px_v3.7_2024-01-10"
      }
    },
    {
      "type": "Feature",
      "geometry": {
        "type": "Point",
        "coordinates": [
          -1.4462881433803005,
          6.389935834685897
        ]
      },
      "properties": {
        "probability": 0.9373098611831665,
        "lat": 6.389935834685897,
        "lon": -1.4462881433803005,
        "region": "Obuasi",
        "detected_at": "2026-03-09T06:22:55.558491",
        "model_version": "48px_v3.7_2024-01-10"
      }
    },
    {
      "type": "Feature",
      "geometry": {
        "type": "Point",
        "coordinates": [
          -1.4462881433803005,
          6.387759065114029
        ]
      },
      "properties": {
        "probability": 0.8747256398200989,
        "lat": 6.387759065114029,
        "lon": -1.4462881433803005,
        "region": "Obuasi",
        "detected_at": "2026-03-09T06:22:55.558580",
        "model_version": "48px_v3.7_2024-01-10"
      }
    },
    {
      "type": "Feature",
      "geometry": {
        "type": "Point",
        "coordinates": [
          -1.576530371974305,
          6.388058053962821
        ]
      },
      "properties": {
        "probability": 0.9631149172782898,
        "lat": 6.388058053962821,
        "lon": -1.576530371974305,
        "region": "Obuasi",
        "detected_at": "2026-03-09T06:22:55.558669",
        "model_version": "48px_v3.7_2024-01-10"
      }
    },
    {
      "type": "Feature",
      "geometry": {
        "type": "Point",
        "coordinates": [
          -1.5743548484058356,
          6.388058053962821
        ]
      },
      "properties": {
        "probability": 0.9443365931510925,
        "lat": 6.388058053962821,
        "lon": -1.5743548484058356,
        "region": "Obuasi",
        "detected_at": "2026-03-09T06:22:55.558762",
        "model_version": "48px_v3.7_2024-01-10"
      }
    },
    {
      "type": "Feature",
      "geometry": {
        "type": "Point",
        "coordinates": [
          -1.5743548484058356,
          6.385881619670007
        ]
      },
      "properties": {
        "probability": 0.9931919574737549,
        "lat": 6.385881619670007,
        "lon": -1.5743548484058356,
        "region": "Obuasi",
        "detected_at": "2026-03-09T06:22:55.558853",
        "model_version": "48px_v3.7_2024-01-10"
      }
    },
    {
      "type": "Feature",
      "geometry": {
        "type": "Point",
        "coordinates": [
          -1.5721793248373663,
          6.383705185377191
        ]
      },
      "properties": {
        "probability": 0.9796790480613708,
        "lat": 6.383705185377191,
        "lon": -1.5721793248373663,
        "region": "Obuasi",
        "detected_at": "2026-03-09T06:22:55.558943",
        "model_version": "48px_v3.7_2024-01-10"
      }
    },
    {
      "type": "Feature",
      "geometry": {
        "type": "Point",
        "coordinates": [
          -1.5721793248373663,
          6.381528751084376
        ]
      },
      "properties": {
        "probability": 0.9894172549247742,
        "lat": 6.381528751084376,
        "lon": -1.5721793248373663,
        "region": "Obuasi",
        "detected_at": "2026-03-09T06:22:55.559049",
        "model_version": "48px_v3.7_2024-01-10"
      }
    },
    {
      "type": "Feature",
      "geometry": {
        "type": "Point",
        "coordinates": [
          -1.5721793248373666,
          6.379352316791562
        ]
      },
      "properties": {
        "probability": 0.8723147511482239,
        "lat": 6.379352316791562,
        "lon": -1.5721793248373666,
        "region": "Obuasi",
        "detected_at": "2026-03-09T06:22:55.559147",
        "model_version": "48px_v3.7_2024-01-10"
      }
    },
    {
      "type": "Feature",
      "geometry": {
        "type": "Point",
        "coordinates": [
          -1.570003801268898,
          6.379352316791562
        ]
      },
      "properties": {
        "probability": 0.8197333216667175,
        "lat": 6.379352316791562,
        "lon": -1.570003801268898,
        "region": "Obuasi",
        "detected_at": "2026-03-09T06:22:55.559237",
        "model_version": "48px_v3.7_2024-01-10"
      }
    },
    {
      "type": "Feature",
      "geometry": {
        "type": "Point",
        "coordinates": [
          -1.5678282777004284,
          6.377175882498747
        ]
      },
      "properties": {
        "probability": 0.9871798753738403,
        "lat": 6.377175882498747,
        "lon": -1.5678282777004284,
        "region": "Obuasi",
        "detected_at": "2026-03-09T06:22:55.559325",
        "model_version": "48px_v3.7_2024-01-10"
      }
    },
    {
      "type": "Feature",
      "geometry": {
        "type": "Point",
        "coordinates": [
          -1.5678282777004284,
          6.374999448205934
        ]
      },
      "properties": {
        "probability": 0.8956359624862671,
        "lat": 6.374999448205934,
        "lon": -1.5678282777004284,
        "region": "Obuasi",
        "detected_at": "2026-03-09T06:22:55.559412",
        "model_version": "48px_v3.7_2024-01-10"
      }
    },
    {
      "type": "Feature",
      "geometry": {
        "type": "Point",
        "coordinates": [
          -1.5678282777004284,
          6.372823013913118
        ]
      },
      "properties": {
        "probability": 0.9686019420623779,
        "lat": 6.372823013913118,
        "lon": -1.5678282777004284,
        "region": "Obuasi",
        "detected_at": "2026-03-09T06:22:55.559500",
        "model_version": "48px_v3.7_2024-01-10"
      }
    },
    {
      "type": "Feature",
      "geometry": {
        "type": "Point",
        "coordinates": [
          -1.5656527541319591,
          6.3706465796203045
        ]
      },
      "properties": {
        "probability": 0.8514180779457092,
        "lat": 6.3706465796203045,
        "lon": -1.5656527541319591,
        "region": "Obuasi",
        "detected_at": "2026-03-09T06:22:55.559588",
        "model_version": "48px_v3.7_2024-01-10"
      }
    },
    {
      "type": "Feature",
      "geometry": {
        "type": "Point",
        "coordinates": [
          -1.56347723056349,
          6.3619408424490445
        ]
      },
      "properties": {
        "probability": 0.9133506417274475,
        "lat": 6.3619408424490445,
        "lon": -1.56347723056349,
        "region": "Obuasi",
        "detected_at": "2026-03-09T06:22:55.559678",
        "model_version": "48px_v3.7_2024-01-10"
      }
    },
    {
      "type": "Feature",
      "geometry": {
        "type": "Point",
        "coordinates": [
          -1.556950659858083,
          6.403293094012524
        ]
      },
      "properties": {
        "probability": 0.8582696318626404,
        "lat": 6.403293094012524,
        "lon": -1.556950659858083,
        "region": "Obuasi",
        "detected_at": "2026-03-09T06:22:55.559766",
        "model_version": "48px_v3.7_2024-01-10"
      }
    },
    {
      "type": "Feature",
      "geometry": {
        "type": "Point",
        "coordinates": [
          -1.556950659858083,
          6.401116659719709
        ]
      },
      "properties": {
        "probability": 0.9810402393341064,
        "lat": 6.401116659719709,
        "lon": -1.556950659858083,
        "region": "Obuasi",
        "detected_at": "2026-03-09T06:22:55.559855",
        "model_version": "48px_v3.7_2024-01-10"
      }
    },
    {
      "type": "Feature",
      "geometry": {
        "type": "Point",
        "coordinates": [
          -1.5547751362896136,
          6.396763791134079
        ]
      },
      "properties": {
        "probability": 0.9289935827255249,
        "lat": 6.396763791134079,
        "lon": -1.5547751362896136,
        "region": "Obuasi",
        "detected_at": "2026-03-09T06:22:55.559942",
        "model_version": "48px_v3.7_2024-01-10"
      }
    },
    {
      "type": "Feature",
      "geometry": {
        "type": "Point",
        "coordinates": [
          -1.552599612721144,
          6.396763791134079
        ]
      },
      "properties": {
        "probability": 0.9741284847259521,
        "lat": 6.396763791134079,
        "lon": -1.552599612721144,
        "region": "Obuasi",
        "detected_at": "2026-03-09T06:22:55.560048",
        "model_version": "48px_v3.7_2024-01-10"
      }
    },
    {
      "type": "Feature",
      "geometry": {
        "type": "Point",
        "coordinates": [
          -1.5504240891526753,
          6.396763791134079
        ]
      },
      "properties": {
        "probability": 0.9868730902671814,
        "lat": 6.396763791134079,
        "lon": -1.5504240891526753,
        "region": "Obuasi",
        "detected_at": "2026-03-09T06:22:55.560141",
        "model_version": "48px_v3.7_2024-01-10"
      }
    },
    {
      "type": "Feature",
      "geometry": {
        "type": "Point",
        "coordinates": [
          -1.5504240891526755,
          6.394587356841264
        ]
      },
      "properties": {
        "probability": 0.9977694749832153,
        "lat": 6.394587356841264,
        "lon": -1.5504240891526755,
        "region": "Obuasi",
        "detected_at": "2026-03-09T06:22:55.560229",
        "model_version": "48px_v3.7_2024-01-10"
      }
    },
    {
      "type": "Feature",
      "geometry": {
        "type": "Point",
        "coordinates": [
          -1.5504240891526755,
          6.392410922548451
        ]
      },
      "properties": {
        "probability": 0.9508765339851379,
        "lat": 6.392410922548451,
        "lon": -1.5504240891526755,
        "region": "Obuasi",
        "detected_at": "2026-03-09T06:22:55.560323",
        "model_version": "48px_v3.7_2024-01-10"
      }
    },
    {
      "type": "Feature",
      "geometry": {
        "type": "Point",
        "coordinates": [
          -1.5482485655842062,
          6.396763791134079
        ]
      },
      "properties": {
        "probability": 0.9983260035514832,
        "lat": 6.396763791134079,
        "lon": -1.5482485655842062,
        "region": "Obuasi",
        "detected_at": "2026-03-09T06:22:55.560411",
        "model_version": "48px_v3.7_2024-01-10"
      }
    },
    {
      "type": "Feature",
      "geometry": {
        "type": "Point",
        "coordinates": [
          -1.5482485655842062,
          6.394587356841265
        ]
      },
      "properties": {
        "probability": 0.9906806349754333,
        "lat": 6.394587356841265,
        "lon": -1.5482485655842062,
        "region": "Obuasi",
        "detected_at": "2026-03-09T06:22:55.560505",
        "model_version": "48px_v3.7_2024-01-10"
      }
    },
    {
      "type": "Feature",
      "geometry": {
        "type": "Point",
        "coordinates": [
          -1.537517929790679,
          6.390087793918497
        ]
      },
      "properties": {
        "probability": 0.8602790832519531,
        "lat": 6.390087793918497,
        "lon": -1.537517929790679,
        "region": "Obuasi",
        "detected_at": "2026-03-09T06:22:55.560599",
        "model_version": "48px_v3.7_2024-01-10"
      }
    },
    {
      "type": "Feature",
      "geometry": {
        "type": "Point",
        "coordinates": [
          -1.5375179297906787,
          6.387911191072103
        ]
      },
      "properties": {
        "probability": 0.9419096112251282,
        "lat": 6.387911191072103,
        "lon": -1.5375179297906787,
        "region": "Obuasi",
        "detected_at": "2026-03-09T06:22:55.560688",
        "model_version": "48px_v3.7_2024-01-10"
      }
    },
    {
      "type": "Feature",
      "geometry": {
        "type": "Point",
        "coordinates": [
          -1.5353422383734987,
          6.387911191072103
        ]
      },
      "properties": {
        "probability": 0.9795283079147339,
        "lat": 6.387911191072103,
        "lon": -1.5353422383734987,
        "region": "Obuasi",
        "detected_at": "2026-03-09T06:22:55.560776",
        "model_version": "48px_v3.7_2024-01-10"
      }
    },
    {
      "type": "Feature",
      "geometry": {
        "type": "Point",
        "coordinates": [
          -1.5288151641219585,
          6.385734588225711
        ]
      },
      "properties": {
        "probability": 0.8468543887138367,
        "lat": 6.385734588225711,
        "lon": -1.5288151641219585,
        "region": "Obuasi",
        "detected_at": "2026-03-09T06:22:55.560864",
        "model_version": "48px_v3.7_2024-01-10"
      }
    },
    {
      "type": "Feature",
      "geometry": {
        "type": "Point",
        "coordinates": [
          -1.5288151641219585,
          6.383557985379319
        ]
      },
      "properties": {
        "probability": 0.9993364214897156,
        "lat": 6.383557985379319,
        "lon": -1.5288151641219585,
        "region": "Obuasi",
        "detected_at": "2026-03-09T06:22:55.560954",
        "model_version": "48px_v3.7_2024-01-10"
      }
    },
    {
      "type": "Feature",
      "geometry": {
        "type": "Point",
        "coordinates": [
          -1.5266394727047783,
          6.383557985379318
        ]
      },
      "properties": {
        "probability": 0.9498075246810913,
        "lat": 6.383557985379318,
        "lon": -1.5266394727047783,
        "region": "Obuasi",
        "detected_at": "2026-03-09T06:22:55.561063",
        "model_version": "48px_v3.7_2024-01-10"
      }
    },
    {
      "type": "Feature",
      "geometry": {
        "type": "Point",
        "coordinates": [
          -1.515761015618878,
          6.379204779686536
        ]
      },
      "properties": {
        "probability": 0.9599325060844421,
        "lat": 6.379204779686536,
        "lon": -1.515761015618878,
        "region": "Obuasi",
        "detected_at": "2026-03-09T06:22:55.561157",
        "model_version": "48px_v3.7_2024-01-10"
      }
    },
    {
      "type": "Feature",
      "geometry": {
        "type": "Point",
        "coordinates": [
          -1.513585324201698,
          6.37485157399375
        ]
      },
      "properties": {
        "probability": 0.9118003249168396,
        "lat": 6.37485157399375,
        "lon": -1.513585324201698,
        "region": "Obuasi",
        "detected_at": "2026-03-09T06:22:55.561247",
        "model_version": "48px_v3.7_2024-01-10"
      }
    },
    {
      "type": "Feature",
      "geometry": {
        "type": "Point",
        "coordinates": [
          -1.511409632784518,
          6.377028176840143
        ]
      },
      "properties": {
        "probability": 0.8304523229598999,
        "lat": 6.377028176840143,
        "lon": -1.511409632784518,
        "region": "Obuasi",
        "detected_at": "2026-03-09T06:22:55.561337",
        "model_version": "48px_v3.7_2024-01-10"
      }
    },
    {
      "type": "Feature",
      "geometry": {
        "type": "Point",
        "coordinates": [
          -1.511409632784518,
          6.37485157399375
        ]
      },
      "properties": {
        "probability": 0.9704992175102234,
        "lat": 6.37485157399375,
        "lon": -1.511409632784518,
        "region": "Obuasi",
        "detected_at": "2026-03-09T06:22:55.561428",
        "model_version": "48px_v3.7_2024-01-10"
      }
    },
    {
      "type": "Feature",
      "geometry": {
        "type": "Point",
        "coordinates": [
          -1.509233941367338,
          6.37485157399375
        ]
      },
      "properties": {
        "probability": 0.8128940463066101,
        "lat": 6.37485157399375,
        "lon": -1.509233941367338,
        "region": "Obuasi",
        "detected_at": "2026-03-09T06:22:55.561517",
        "model_version": "48px_v3.7_2024-01-10"
      }
    },
    {
      "type": "Feature",
      "geometry": {
        "type": "Point",
        "coordinates": [
          -1.5027068671157975,
          6.394440999611281
        ]
      },
      "properties": {
        "probability": 0.8113133311271667,
        "lat": 6.394440999611281,
        "lon": -1.5027068671157975,
        "region": "Obuasi",
        "detected_at": "2026-03-09T06:22:55.561605",
        "model_version": "48px_v3.7_2024-01-10"
      }
    },
    {
      "type": "Feature",
      "geometry": {
        "type": "Point",
        "coordinates": [
          -1.5785619427159134,
          6.424912451806556
        ]
      },
      "properties": {
        "probability": 0.9220174551010132,
        "lat": 6.424912451806556,
        "lon": -1.5785619427159134,
        "region": "Obuasi",
        "detected_at": "2026-03-09T06:22:55.561700",
        "model_version": "48px_v3.7_2024-01-10"
      }
    },
    {
      "type": "Feature",
      "geometry": {
        "type": "Point",
        "coordinates": [
          -1.5763861490003896,
          6.424912451806556
        ]
      },
      "properties": {
        "probability": 0.9241649508476257,
        "lat": 6.424912451806556,
        "lon": -1.5763861490003896,
        "region": "Obuasi",
        "detected_at": "2026-03-09T06:22:55.561790",
        "model_version": "48px_v3.7_2024-01-10"
      }
    },
    {
      "type": "Feature",
      "geometry": {
        "type": "Point",
        "coordinates": [
          -1.572034561569341,
          6.42708893119617
        ]
      },
      "properties": {
        "probability": 0.9026296734809875,
        "lat": 6.42708893119617,
        "lon": -1.572034561569341,
        "region": "Obuasi",
        "detected_at": "2026-03-09T06:22:55.561885",
        "model_version": "48px_v3.7_2024-01-10"
      }
    },
    {
      "type": "Feature",
      "geometry": {
        "type": "Point",
        "coordinates": [
          -1.5698587678538174,
          6.429265410585785
        ]
      },
      "properties": {
        "probability": 0.9038928151130676,
        "lat": 6.429265410585785,
        "lon": -1.5698587678538174,
        "region": "Obuasi",
        "detected_at": "2026-03-09T06:22:55.561975",
        "model_version": "48px_v3.7_2024-01-10"
      }
    },
    {
      "type": "Feature",
      "geometry": {
        "type": "Point",
        "coordinates": [
          -1.5698587678538174,
          6.42708893119617
        ]
      },
      "properties": {
        "probability": 0.9960474371910095,
        "lat": 6.42708893119617,
        "lon": -1.5698587678538174,
        "region": "Obuasi",
        "detected_at": "2026-03-09T06:22:55.562091",
        "model_version": "48px_v3.7_2024-01-10"
      }
    },
    {
      "type": "Feature",
      "geometry": {
        "type": "Point",
        "coordinates": [
          -1.5676829741382934,
          6.427088931196169
        ]
      },
      "properties": {
        "probability": 0.9941942095756531,
        "lat": 6.427088931196169,
        "lon": -1.5676829741382934,
        "region": "Obuasi",
        "detected_at": "2026-03-09T06:22:55.562181",
        "model_version": "48px_v3.7_2024-01-10"
      }
    },
    {
      "type": "Feature",
      "geometry": {
        "type": "Point",
        "coordinates": [
          -1.5676829741382932,
          6.424912451806555
        ]
      },
      "properties": {
        "probability": 0.892187774181366,
        "lat": 6.424912451806555,
        "lon": -1.5676829741382932,
        "region": "Obuasi",
        "detected_at": "2026-03-09T06:22:55.562271",
        "model_version": "48px_v3.7_2024-01-10"
      }
    },
    {
      "type": "Feature",
      "geometry": {
        "type": "Point",
        "coordinates": [
          -1.5655071804227687,
          6.42708893119617
        ]
      },
      "properties": {
        "probability": 0.9866614937782288,
        "lat": 6.42708893119617,
        "lon": -1.5655071804227687,
        "region": "Obuasi",
        "detected_at": "2026-03-09T06:22:55.562360",
        "model_version": "48px_v3.7_2024-01-10"
      }
    },
    {
      "type": "Feature",
      "geometry": {
        "type": "Point",
        "coordinates": [
          -1.565507180422769,
          6.424912451806556
        ]
      },
      "properties": {
        "probability": 0.9917535781860352,
        "lat": 6.424912451806556,
        "lon": -1.565507180422769,
        "region": "Obuasi",
        "detected_at": "2026-03-09T06:22:55.562448",
        "model_version": "48px_v3.7_2024-01-10"
      }
    },
    {
      "type": "Feature",
      "geometry": {
        "type": "Point",
        "coordinates": [
          -1.5633313867072451,
          6.42708893119617
        ]
      },
      "properties": {
        "probability": 0.9374465942382812,
        "lat": 6.42708893119617,
        "lon": -1.5633313867072451,
        "region": "Obuasi",
        "detected_at": "2026-03-09T06:22:55.562536",
        "model_version": "48px_v3.7_2024-01-10"
      }
    },
    {
      "type": "Feature",
      "geometry": {
        "type": "Point",
        "coordinates": [
          -1.5633313867072454,
          6.424912451806556
        ]
      },
      "properties": {
        "probability": 0.9981719851493835,
        "lat": 6.424912451806556,
        "lon": -1.5633313867072454,
        "region": "Obuasi",
        "detected_at": "2026-03-09T06:22:55.562623",
        "model_version": "48px_v3.7_2024-01-10"
      }
    },
    {
      "type": "Feature",
      "geometry": {
        "type": "Point",
        "coordinates": [
          -1.5633313867072451,
          6.416206534248094
        ]
      },
      "properties": {
        "probability": 0.9002997279167175,
        "lat": 6.416206534248094,
        "lon": -1.5633313867072451,
        "region": "Obuasi",
        "detected_at": "2026-03-09T06:22:55.562712",
        "model_version": "48px_v3.7_2024-01-10"
      }
    },
    {
      "type": "Feature",
      "geometry": {
        "type": "Point",
        "coordinates": [
          -1.561155592991721,
          6.418383013637709
        ]
      },
      "properties": {
        "probability": 0.9974851012229919,
        "lat": 6.418383013637709,
        "lon": -1.561155592991721,
        "region": "Obuasi",
        "detected_at": "2026-03-09T06:22:55.562801",
        "model_version": "48px_v3.7_2024-01-10"
      }
    },
    {
      "type": "Feature",
      "geometry": {
        "type": "Point",
        "coordinates": [
          -1.561155592991721,
          6.416206534248094
        ]
      },
      "properties": {
        "probability": 0.9969176650047302,
        "lat": 6.416206534248094,
        "lon": -1.561155592991721,
        "region": "Obuasi",
        "detected_at": "2026-03-09T06:22:55.562889",
        "model_version": "48px_v3.7_2024-01-10"
      }
    },
    {
      "type": "Feature",
      "geometry": {
        "type": "Point",
        "coordinates": [
          -1.561155592991721,
          6.414030054858479
        ]
      },
      "properties": {
        "probability": 0.997668445110321,
        "lat": 6.414030054858479,
        "lon": -1.561155592991721,
        "region": "Obuasi",
        "detected_at": "2026-03-09T06:22:55.562979",
        "model_version": "48px_v3.7_2024-01-10"
      }
    },
    {
      "type": "Feature",
      "geometry": {
        "type": "Point",
        "coordinates": [
          -1.561155592991721,
          6.4118535754688635
        ]
      },
      "properties": {
        "probability": 0.949647068977356,
        "lat": 6.4118535754688635,
        "lon": -1.561155592991721,
        "region": "Obuasi",
        "detected_at": "2026-03-09T06:22:55.563088",
        "model_version": "48px_v3.7_2024-01-10"
      }
    },
    {
      "type": "Feature",
      "geometry": {
        "type": "Point",
        "coordinates": [
          -1.5134344711545182,
          6.439999737301756
        ]
      },
      "properties": {
        "probability": 0.9206970930099487,
        "lat": 6.439999737301756,
        "lon": -1.5134344711545182,
        "region": "Obuasi",
        "detected_at": "2026-03-09T06:22:55.563179",
        "model_version": "48px_v3.7_2024-01-10"
      }
    },
    {
      "type": "Feature",
      "geometry": {
        "type": "Point",
        "coordinates": [
          -1.5134344711545182,
          6.437823087565695
        ]
      },
      "properties": {
        "probability": 0.8456827998161316,
        "lat": 6.437823087565695,
        "lon": -1.5134344711545182,
        "region": "Obuasi",
        "detected_at": "2026-03-09T06:22:55.563268",
        "model_version": "48px_v3.7_2024-01-10"
      }
    },
    {
      "type": "Feature",
      "geometry": {
        "type": "Point",
        "coordinates": [
          -1.4853004562924923,
          6.411547723438983
        ]
      },
      "properties": {
        "probability": 0.8427631258964539,
        "lat": 6.411547723438983,
        "lon": -1.4853004562924923,
        "region": "Obuasi",
        "detected_at": "2026-03-09T06:22:55.563363",
        "model_version": "48px_v3.7_2024-01-10"
      }
    },
    {
      "type": "Feature",
      "geometry": {
        "type": "Point",
        "coordinates": [
          -1.4831243251323798,
          6.413724541692823
        ]
      },
      "properties": {
        "probability": 0.8837921023368835,
        "lat": 6.413724541692823,
        "lon": -1.4831243251323798,
        "region": "Obuasi",
        "detected_at": "2026-03-09T06:22:55.563453",
        "model_version": "48px_v3.7_2024-01-10"
      }
    },
    {
      "type": "Feature",
      "geometry": {
        "type": "Point",
        "coordinates": [
          -1.6894993441399275,
          6.32318754073018
        ]
      },
      "properties": {
        "probability": 0.8895396590232849,
        "lat": 6.32318754073018,
        "lon": -1.6894993441399275,
        "region": "Obuasi",
        "detected_at": "2026-03-09T06:22:55.563548",
        "model_version": "48px_v3.7_2024-01-10"
      }
    },
    {
      "type": "Feature",
      "geometry": {
        "type": "Point",
        "coordinates": [
          -1.6568755797456434,
          6.349300142740109
        ]
      },
      "properties": {
        "probability": 0.9998682737350464,
        "lat": 6.349300142740109,
        "lon": -1.6568755797456434,
        "region": "Obuasi",
        "detected_at": "2026-03-09T06:22:55.563638",
        "model_version": "48px_v3.7_2024-01-10"
      }
    },
    {
      "type": "Feature",
      "geometry": {
        "type": "Point",
        "coordinates": [
          -1.6568755797456431,
          6.347124092572615
        ]
      },
      "properties": {
        "probability": 0.9927825927734375,
        "lat": 6.347124092572615,
        "lon": -1.6568755797456431,
        "region": "Obuasi",
        "detected_at": "2026-03-09T06:22:55.563727",
        "model_version": "48px_v3.7_2024-01-10"
      }
    },
    {
      "type": "Feature",
      "geometry": {
        "type": "Point",
        "coordinates": [
          -1.654700662119358,
          6.349300142740109
        ]
      },
      "properties": {
        "probability": 0.8151713609695435,
        "lat": 6.349300142740109,
        "lon": -1.654700662119358,
        "region": "Obuasi",
        "detected_at": "2026-03-09T06:22:55.563815",
        "model_version": "48px_v3.7_2024-01-10"
      }
    },
    {
      "type": "Feature",
      "geometry": {
        "type": "Point",
        "coordinates": [
          -1.6503508268667868,
          6.34494804240512
        ]
      },
      "properties": {
        "probability": 0.8185538053512573,
        "lat": 6.34494804240512,
        "lon": -1.6503508268667868,
        "region": "Obuasi",
        "detected_at": "2026-03-09T06:22:55.563909",
        "model_version": "48px_v3.7_2024-01-10"
      }
    },
    {
      "type": "Feature",
      "geometry": {
        "type": "Point",
        "coordinates": [
          -1.6394749300030114,
          6.357731958416608
        ]
      },
      "properties": {
        "probability": 0.9654413461685181,
        "lat": 6.357731958416608,
        "lon": -1.6394749300030114,
        "region": "Obuasi",
        "detected_at": "2026-03-09T06:22:55.564014",
        "model_version": "48px_v3.7_2024-01-10"
      }
    },
    {
      "type": "Feature",
      "geometry": {
        "type": "Point",
        "coordinates": [
          -1.6372995761326101,
          6.357731958416608
        ]
      },
      "properties": {
        "probability": 0.87527996301651,
        "lat": 6.357731958416608,
        "lon": -1.6372995761326101,
        "region": "Obuasi",
        "detected_at": "2026-03-09T06:22:55.564108",
        "model_version": "48px_v3.7_2024-01-10"
      }
    },
    {
      "type": "Feature",
      "geometry": {
        "type": "Point",
        "coordinates": [
          -1.6850174681803483,
          6.399216446668256
        ]
      },
      "properties": {
        "probability": 0.9320573210716248,
        "lat": 6.399216446668256,
        "lon": -1.6850174681803483,
        "region": "Obuasi",
        "detected_at": "2026-03-09T06:22:55.564196",
        "model_version": "48px_v3.7_2024-01-10"
      }
    },
    {
      "type": "Feature",
      "geometry": {
        "type": "Point",
        "coordinates": [
          -1.6850174681803483,
          6.397040354964137
        ]
      },
      "properties": {
        "probability": 0.9443106055259705,
        "lat": 6.397040354964137,
        "lon": -1.6850174681803483,
        "region": "Obuasi",
        "detected_at": "2026-03-09T06:22:55.564285",
        "model_version": "48px_v3.7_2024-01-10"
      }
    },
    {
      "type": "Feature",
      "geometry": {
        "type": "Point",
        "coordinates": [
          -1.6850174681803483,
          6.3687511628106055
        ]
      },
      "properties": {
        "probability": 0.8006405234336853,
        "lat": 6.3687511628106055,
        "lon": -1.6850174681803483,
        "region": "Obuasi",
        "detected_at": "2026-03-09T06:22:55.564372",
        "model_version": "48px_v3.7_2024-01-10"
      }
    },
    {
      "type": "Feature",
      "geometry": {
        "type": "Point",
        "coordinates": [
          -1.6850174681803483,
          6.366575071106489
        ]
      },
      "properties": {
        "probability": 0.9024760723114014,
        "lat": 6.366575071106489,
        "lon": -1.6850174681803483,
        "region": "Obuasi",
        "detected_at": "2026-03-09T06:22:55.564461",
        "model_version": "48px_v3.7_2024-01-10"
      }
    },
    {
      "type": "Feature",
      "geometry": {
        "type": "Point",
        "coordinates": [
          -1.685017468180348,
          6.362222887698253
        ]
      },
      "properties": {
        "probability": 0.8375217318534851,
        "lat": 6.362222887698253,
        "lon": -1.685017468180348,
        "region": "Obuasi",
        "detected_at": "2026-03-09T06:22:55.564549",
        "model_version": "48px_v3.7_2024-01-10"
      }
    },
    {
      "type": "Feature",
      "geometry": {
        "type": "Point",
        "coordinates": [
          -1.6828422858566747,
          6.397040354964137
        ]
      },
      "properties": {
        "probability": 0.8530327677726746,
        "lat": 6.397040354964137,
        "lon": -1.6828422858566747,
        "region": "Obuasi",
        "detected_at": "2026-03-09T06:22:55.564642",
        "model_version": "48px_v3.7_2024-01-10"
      }
    },
    {
      "type": "Feature",
      "geometry": {
        "type": "Point",
        "coordinates": [
          -1.6828422858566747,
          6.368751162810607
        ]
      },
      "properties": {
        "probability": 0.9085549712181091,
        "lat": 6.368751162810607,
        "lon": -1.6828422858566747,
        "region": "Obuasi",
        "detected_at": "2026-03-09T06:22:55.564732",
        "model_version": "48px_v3.7_2024-01-10"
      }
    },
    {
      "type": "Feature",
      "geometry": {
        "type": "Point",
        "coordinates": [
          -1.6828422858566747,
          6.366575071106489
        ]
      },
      "properties": {
        "probability": 0.9102989435195923,
        "lat": 6.366575071106489,
        "lon": -1.6828422858566747,
        "region": "Obuasi",
        "detected_at": "2026-03-09T06:22:55.564826",
        "model_version": "48px_v3.7_2024-01-10"
      }
    },
    {
      "type": "Feature",
      "geometry": {
        "type": "Point",
        "coordinates": [
          -1.680667103533002,
          6.368751162810607
        ]
      },
      "properties": {
        "probability": 0.9151656031608582,
        "lat": 6.368751162810607,
        "lon": -1.680667103533002,
        "region": "Obuasi",
        "detected_at": "2026-03-09T06:22:55.564915",
        "model_version": "48px_v3.7_2024-01-10"
      }
    },
    {
      "type": "Feature",
      "geometry": {
        "type": "Point",
        "coordinates": [
          -1.6784919212093286,
          6.370927254514725
        ]
      },
      "properties": {
        "probability": 0.9239464998245239,
        "lat": 6.370927254514725,
        "lon": -1.6784919212093286,
        "region": "Obuasi",
        "detected_at": "2026-03-09T06:22:55.565031",
        "model_version": "48px_v3.7_2024-01-10"
      }
    },
    {
      "type": "Feature",
      "geometry": {
        "type": "Point",
        "coordinates": [
          -1.6654408272672896,
          6.399216446668256
        ]
      },
      "properties": {
        "probability": 0.9076878428459167,
        "lat": 6.399216446668256,
        "lon": -1.6654408272672896,
        "region": "Obuasi",
        "detected_at": "2026-03-09T06:22:55.565138",
        "model_version": "48px_v3.7_2024-01-10"
      }
    },
    {
      "type": "Feature",
      "geometry": {
        "type": "Point",
        "coordinates": [
          -1.6654408272672896,
          6.397040354964137
        ]
      },
      "properties": {
        "probability": 0.9946550130844116,
        "lat": 6.397040354964137,
        "lon": -1.6654408272672896,
        "region": "Obuasi",
        "detected_at": "2026-03-09T06:22:55.565244",
        "model_version": "48px_v3.7_2024-01-10"
      }
    },
    {
      "type": "Feature",
      "geometry": {
        "type": "Point",
        "coordinates": [
          -1.663265644943616,
          6.397040354964137
        ]
      },
      "properties": {
        "probability": 0.89033043384552,
        "lat": 6.397040354964137,
        "lon": -1.663265644943616,
        "region": "Obuasi",
        "detected_at": "2026-03-09T06:22:55.565341",
        "model_version": "48px_v3.7_2024-01-10"
      }
    },
    {
      "type": "Feature",
      "geometry": {
        "type": "Point",
        "coordinates": [
          -1.6957615650978597,
          6.412138294815609
        ]
      },
      "properties": {
        "probability": 0.8821937441825867,
        "lat": 6.412138294815609,
        "lon": -1.6957615650978597,
        "region": "Obuasi",
        "detected_at": "2026-03-09T06:22:55.565442",
        "model_version": "48px_v3.7_2024-01-10"
      }
    },
    {
      "type": "Feature",
      "geometry": {
        "type": "Point",
        "coordinates": [
          -1.6957615650978597,
          6.409962161602088
        ]
      },
      "properties": {
        "probability": 0.8059527277946472,
        "lat": 6.409962161602088,
        "lon": -1.6957615650978597,
        "region": "Obuasi",
        "detected_at": "2026-03-09T06:22:55.565531",
        "model_version": "48px_v3.7_2024-01-10"
      }
    },
    {
      "type": "Feature",
      "geometry": {
        "type": "Point",
        "coordinates": [
          -1.678357974145708,
          6.425195094096728
        ]
      },
      "properties": {
        "probability": 0.8678544163703918,
        "lat": 6.425195094096728,
        "lon": -1.678357974145708,
        "region": "Obuasi",
        "detected_at": "2026-03-09T06:22:55.565618",
        "model_version": "48px_v3.7_2024-01-10"
      }
    },
    {
      "type": "Feature",
      "geometry": {
        "type": "Point",
        "coordinates": [
          -1.678357974145708,
          6.423018960883209
        ]
      },
      "properties": {
        "probability": 0.8672865629196167,
        "lat": 6.423018960883209,
        "lon": -1.678357974145708,
        "region": "Obuasi",
        "detected_at": "2026-03-09T06:22:55.565713",
        "model_version": "48px_v3.7_2024-01-10"
      }
    },
    {
      "type": "Feature",
      "geometry": {
        "type": "Point",
        "coordinates": [
          -1.6001761197938686,
          6.433761649180558
        ]
      },
      "properties": {
        "probability": 0.9673411250114441,
        "lat": 6.433761649180558,
        "lon": -1.6001761197938686,
        "region": "Obuasi",
        "detected_at": "2026-03-09T06:22:55.565809",
        "model_version": "48px_v3.7_2024-01-10"
      }
    },
    {
      "type": "Feature",
      "geometry": {
        "type": "Point",
        "coordinates": [
          -1.6001761197938686,
          6.4315853419653575
        ]
      },
      "properties": {
        "probability": 0.9951717257499695,
        "lat": 6.4315853419653575,
        "lon": -1.6001761197938686,
        "region": "Obuasi",
        "detected_at": "2026-03-09T06:22:55.565901",
        "model_version": "48px_v3.7_2024-01-10"
      }
    },
    {
      "type": "Feature",
      "geometry": {
        "type": "Point",
        "coordinates": [
          -1.598000497576708,
          6.438114263610958
        ]
      },
      "properties": {
        "probability": 0.9654868245124817,
        "lat": 6.438114263610958,
        "lon": -1.598000497576708,
        "region": "Obuasi",
        "detected_at": "2026-03-09T06:22:55.565990",
        "model_version": "48px_v3.7_2024-01-10"
      }
    },
    {
      "type": "Feature",
      "geometry": {
        "type": "Point",
        "coordinates": [
          -1.598000497576708,
          6.431585341965358
        ]
      },
      "properties": {
        "probability": 0.9999932050704956,
        "lat": 6.431585341965358,
        "lon": -1.598000497576708,
        "region": "Obuasi",
        "detected_at": "2026-03-09T06:22:55.566105",
        "model_version": "48px_v3.7_2024-01-10"
      }
    },
    {
      "type": "Feature",
      "geometry": {
        "type": "Point",
        "coordinates": [
          -1.598000497576708,
          6.429409034750156
        ]
      },
      "properties": {
        "probability": 0.999808132648468,
        "lat": 6.429409034750156,
        "lon": -1.598000497576708,
        "region": "Obuasi",
        "detected_at": "2026-03-09T06:22:55.566196",
        "model_version": "48px_v3.7_2024-01-10"
      }
    },
    {
      "type": "Feature",
      "geometry": {
        "type": "Point",
        "coordinates": [
          -1.5958248753595485,
          6.429409034750156
        ]
      },
      "properties": {
        "probability": 0.9987481832504272,
        "lat": 6.429409034750156,
        "lon": -1.5958248753595485,
        "region": "Obuasi",
        "detected_at": "2026-03-09T06:22:55.566285",
        "model_version": "48px_v3.7_2024-01-10"
      }
    },
    {
      "type": "Feature",
      "geometry": {
        "type": "Point",
        "coordinates": [
          -1.5958248753595485,
          6.427232727534958
        ]
      },
      "properties": {
        "probability": 0.9920597076416016,
        "lat": 6.427232727534958,
        "lon": -1.5958248753595485,
        "region": "Obuasi",
        "detected_at": "2026-03-09T06:22:55.566381",
        "model_version": "48px_v3.7_2024-01-10"
      }
    },
    {
      "type": "Feature",
      "geometry": {
        "type": "Point",
        "coordinates": [
          -1.7938677731463364,
          6.247539165768845
        ]
      },
      "properties": {
        "probability": 0.9242068529129028,
        "lat": 6.247539165768845,
        "lon": -1.7938677731463364,
        "region": "Obuasi",
        "detected_at": "2026-03-09T06:22:55.566471",
        "model_version": "48px_v3.7_2024-01-10"
      }
    },
    {
      "type": "Feature",
      "geometry": {
        "type": "Point",
        "coordinates": [
          -1.7938677731463364,
          6.225782886919895
        ]
      },
      "properties": {
        "probability": 0.8517529368400574,
        "lat": 6.225782886919895,
        "lon": -1.7938677731463364,
        "region": "Obuasi",
        "detected_at": "2026-03-09T06:22:55.566577",
        "model_version": "48px_v3.7_2024-01-10"
      }
    },
    {
      "type": "Feature",
      "geometry": {
        "type": "Point",
        "coordinates": [
          -1.7938677731463364,
          6.223607259034998
        ]
      },
      "properties": {
        "probability": 0.9008011221885681,
        "lat": 6.223607259034998,
        "lon": -1.7938677731463364,
        "region": "Obuasi",
        "detected_at": "2026-03-09T06:22:55.566666",
        "model_version": "48px_v3.7_2024-01-10"
      }
    },
    {
      "type": "Feature",
      "geometry": {
        "type": "Point",
        "coordinates": [
          -1.7916937172020566,
          6.247539165768845
        ]
      },
      "properties": {
        "probability": 0.9542983174324036,
        "lat": 6.247539165768845,
        "lon": -1.7916937172020566,
        "region": "Obuasi",
        "detected_at": "2026-03-09T06:22:55.566755",
        "model_version": "48px_v3.7_2024-01-10"
      }
    },
    {
      "type": "Feature",
      "geometry": {
        "type": "Point",
        "coordinates": [
          -1.7916937172020566,
          6.223607259034998
        ]
      },
      "properties": {
        "probability": 0.8954576849937439,
        "lat": 6.223607259034998,
        "lon": -1.7916937172020566,
        "region": "Obuasi",
        "detected_at": "2026-03-09T06:22:55.566843",
        "model_version": "48px_v3.7_2024-01-10"
      }
    },
    {
      "type": "Feature",
      "geometry": {
        "type": "Point",
        "coordinates": [
          -1.7916937172020566,
          6.221431631150103
        ]
      },
      "properties": {
        "probability": 0.814760684967041,
        "lat": 6.221431631150103,
        "lon": -1.7916937172020566,
        "region": "Obuasi",
        "detected_at": "2026-03-09T06:22:55.566932",
        "model_version": "48px_v3.7_2024-01-10"
      }
    },
    {
      "type": "Feature",
      "geometry": {
        "type": "Point",
        "coordinates": [
          -1.785171549369219,
          6.20185098018605
        ]
      },
      "properties": {
        "probability": 0.8947235345840454,
        "lat": 6.20185098018605,
        "lon": -1.785171549369219,
        "region": "Obuasi",
        "detected_at": "2026-03-09T06:22:55.567038",
        "model_version": "48px_v3.7_2024-01-10"
      }
    },
    {
      "type": "Feature",
      "geometry": {
        "type": "Point",
        "coordinates": [
          -1.7764753255921022,
          6.20185098018605
        ]
      },
      "properties": {
        "probability": 0.9155678749084473,
        "lat": 6.20185098018605,
        "lon": -1.7764753255921022,
        "region": "Obuasi",
        "detected_at": "2026-03-09T06:22:55.567132",
        "model_version": "48px_v3.7_2024-01-10"
      }
    },
    {
      "type": "Feature",
      "geometry": {
        "type": "Point",
        "coordinates": [
          -1.774301269647823,
          6.20185098018605
        ]
      },
      "properties": {
        "probability": 0.9403015971183777,
        "lat": 6.20185098018605,
        "lon": -1.774301269647823,
        "region": "Obuasi",
        "detected_at": "2026-03-09T06:22:55.567254",
        "model_version": "48px_v3.7_2024-01-10"
      }
    },
    {
      "type": "Feature",
      "geometry": {
        "type": "Point",
        "coordinates": [
          -1.7721272137035438,
          6.24971479365374
        ]
      },
      "properties": {
        "probability": 0.9953487515449524,
        "lat": 6.24971479365374,
        "lon": -1.7721272137035438,
        "region": "Obuasi",
        "detected_at": "2026-03-09T06:22:55.567363",
        "model_version": "48px_v3.7_2024-01-10"
      }
    },
    {
      "type": "Feature",
      "geometry": {
        "type": "Point",
        "coordinates": [
          -1.7721272137035438,
          6.2170803753803145
        ]
      },
      "properties": {
        "probability": 0.8402168154716492,
        "lat": 6.2170803753803145,
        "lon": -1.7721272137035438,
        "region": "Obuasi",
        "detected_at": "2026-03-09T06:22:55.567470",
        "model_version": "48px_v3.7_2024-01-10"
      }
    },
    {
      "type": "Feature",
      "geometry": {
        "type": "Point",
        "coordinates": [
          -1.7721272137035438,
          6.214904747495419
        ]
      },
      "properties": {
        "probability": 0.8918026685714722,
        "lat": 6.214904747495419,
        "lon": -1.7721272137035438,
        "region": "Obuasi",
        "detected_at": "2026-03-09T06:22:55.567564",
        "model_version": "48px_v3.7_2024-01-10"
      }
    },
    {
      "type": "Feature",
      "geometry": {
        "type": "Point",
        "coordinates": [
          -1.7721272137035438,
          6.2127291196105245
        ]
      },
      "properties": {
        "probability": 0.9077982306480408,
        "lat": 6.2127291196105245,
        "lon": -1.7721272137035438,
        "region": "Obuasi",
        "detected_at": "2026-03-09T06:22:55.567661",
        "model_version": "48px_v3.7_2024-01-10"
      }
    },
    {
      "type": "Feature",
      "geometry": {
        "type": "Point",
        "coordinates": [
          -1.7721272137035438,
          6.210553491725631
        ]
      },
      "properties": {
        "probability": 0.9603219032287598,
        "lat": 6.210553491725631,
        "lon": -1.7721272137035438,
        "region": "Obuasi",
        "detected_at": "2026-03-09T06:22:55.567756",
        "model_version": "48px_v3.7_2024-01-10"
      }
    },
    {
      "type": "Feature",
      "geometry": {
        "type": "Point",
        "coordinates": [
          -1.7721272137035438,
          6.208377863840735
        ]
      },
      "properties": {
        "probability": 0.9091018438339233,
        "lat": 6.208377863840735,
        "lon": -1.7721272137035438,
        "region": "Obuasi",
        "detected_at": "2026-03-09T06:22:55.567845",
        "model_version": "48px_v3.7_2024-01-10"
      }
    },
    {
      "type": "Feature",
      "geometry": {
        "type": "Point",
        "coordinates": [
          -1.7721272137035438,
          6.206202235955839
        ]
      },
      "properties": {
        "probability": 0.9298076033592224,
        "lat": 6.206202235955839,
        "lon": -1.7721272137035438,
        "region": "Obuasi",
        "detected_at": "2026-03-09T06:22:55.567940",
        "model_version": "48px_v3.7_2024-01-10"
      }
    },
    {
      "type": "Feature",
      "geometry": {
        "type": "Point",
        "coordinates": [
          -1.7699531577592647,
          6.249714793653739
        ]
      },
      "properties": {
        "probability": 0.9625185132026672,
        "lat": 6.249714793653739,
        "lon": -1.7699531577592647,
        "region": "Obuasi",
        "detected_at": "2026-03-09T06:22:55.568057",
        "model_version": "48px_v3.7_2024-01-10"
      }
    },
    {
      "type": "Feature",
      "geometry": {
        "type": "Point",
        "coordinates": [
          -1.7699531577592647,
          6.247539165768845
        ]
      },
      "properties": {
        "probability": 0.9119969010353088,
        "lat": 6.247539165768845,
        "lon": -1.7699531577592647,
        "region": "Obuasi",
        "detected_at": "2026-03-09T06:22:55.568151",
        "model_version": "48px_v3.7_2024-01-10"
      }
    },
    {
      "type": "Feature",
      "geometry": {
        "type": "Point",
        "coordinates": [
          -1.7699531577592647,
          6.221431631150104
        ]
      },
      "properties": {
        "probability": 0.9944129586219788,
        "lat": 6.221431631150104,
        "lon": -1.7699531577592647,
        "region": "Obuasi",
        "detected_at": "2026-03-09T06:22:55.568240",
        "model_version": "48px_v3.7_2024-01-10"
      }
    },
    {
      "type": "Feature",
      "geometry": {
        "type": "Point",
        "coordinates": [
          -1.7699531577592647,
          6.219256003265209
        ]
      },
      "properties": {
        "probability": 0.9996814131736755,
        "lat": 6.219256003265209,
        "lon": -1.7699531577592647,
        "region": "Obuasi",
        "detected_at": "2026-03-09T06:22:55.568329",
        "model_version": "48px_v3.7_2024-01-10"
      }
    },
    {
      "type": "Feature",
      "geometry": {
        "type": "Point",
        "coordinates": [
          -1.7699531577592647,
          6.2170803753803145
        ]
      },
      "properties": {
        "probability": 0.9999988079071045,
        "lat": 6.2170803753803145,
        "lon": -1.7699531577592647,
        "region": "Obuasi",
        "detected_at": "2026-03-09T06:22:55.568416",
        "model_version": "48px_v3.7_2024-01-10"
      }
    },
    {
      "type": "Feature",
      "geometry": {
        "type": "Point",
        "coordinates": [
          -1.7699531577592647,
          6.214904747495419
        ]
      },
      "properties": {
        "probability": 0.9996874332427979,
        "lat": 6.214904747495419,
        "lon": -1.7699531577592647,
        "region": "Obuasi",
        "detected_at": "2026-03-09T06:22:55.568512",
        "model_version": "48px_v3.7_2024-01-10"
      }
    },
    {
      "type": "Feature",
      "geometry": {
        "type": "Point",
        "coordinates": [
          -1.7699531577592647,
          6.212729119610524
        ]
      },
      "properties": {
        "probability": 0.9819020628929138,
        "lat": 6.212729119610524,
        "lon": -1.7699531577592647,
        "region": "Obuasi",
        "detected_at": "2026-03-09T06:22:55.568601",
        "model_version": "48px_v3.7_2024-01-10"
      }
    },
    {
      "type": "Feature",
      "geometry": {
        "type": "Point",
        "coordinates": [
          -1.7699531577592647,
          6.210553491725631
        ]
      },
      "properties": {
        "probability": 0.930910587310791,
        "lat": 6.210553491725631,
        "lon": -1.7699531577592647,
        "region": "Obuasi",
        "detected_at": "2026-03-09T06:22:55.568691",
        "model_version": "48px_v3.7_2024-01-10"
      }
    },
    {
      "type": "Feature",
      "geometry": {
        "type": "Point",
        "coordinates": [
          -1.7699531577592647,
          6.206202235955838
        ]
      },
      "properties": {
        "probability": 0.9784011840820312,
        "lat": 6.206202235955838,
        "lon": -1.7699531577592647,
        "region": "Obuasi",
        "detected_at": "2026-03-09T06:22:55.568779",
        "model_version": "48px_v3.7_2024-01-10"
      }
    },
    {
      "type": "Feature",
      "geometry": {
        "type": "Point",
        "coordinates": [
          -1.7699531577592647,
          6.204026608070944
        ]
      },
      "properties": {
        "probability": 0.9330135583877563,
        "lat": 6.204026608070944,
        "lon": -1.7699531577592647,
        "region": "Obuasi",
        "detected_at": "2026-03-09T06:22:55.568868",
        "model_version": "48px_v3.7_2024-01-10"
      }
    },
    {
      "type": "Feature",
      "geometry": {
        "type": "Point",
        "coordinates": [
          -1.7677791018149855,
          6.243187909999054
        ]
      },
      "properties": {
        "probability": 0.9121354222297668,
        "lat": 6.243187909999054,
        "lon": -1.7677791018149855,
        "region": "Obuasi",
        "detected_at": "2026-03-09T06:22:55.568955",
        "model_version": "48px_v3.7_2024-01-10"
      }
    },
    {
      "type": "Feature",
      "geometry": {
        "type": "Point",
        "coordinates": [
          -1.7677791018149855,
          6.223607259034998
        ]
      },
      "properties": {
        "probability": 0.8587467670440674,
        "lat": 6.223607259034998,
        "lon": -1.7677791018149855,
        "region": "Obuasi",
        "detected_at": "2026-03-09T06:22:55.569064",
        "model_version": "48px_v3.7_2024-01-10"
      }
    },
    {
      "type": "Feature",
      "geometry": {
        "type": "Point",
        "coordinates": [
          -1.7677791018149855,
          6.221431631150103
        ]
      },
      "properties": {
        "probability": 0.8909834027290344,
        "lat": 6.221431631150103,
        "lon": -1.7677791018149855,
        "region": "Obuasi",
        "detected_at": "2026-03-09T06:22:55.569156",
        "model_version": "48px_v3.7_2024-01-10"
      }
    },
    {
      "type": "Feature",
      "geometry": {
        "type": "Point",
        "coordinates": [
          -1.7677791018149855,
          6.21925600326521
        ]
      },
      "properties": {
        "probability": 0.9446191191673279,
        "lat": 6.21925600326521,
        "lon": -1.7677791018149855,
        "region": "Obuasi",
        "detected_at": "2026-03-09T06:22:55.569244",
        "model_version": "48px_v3.7_2024-01-10"
      }
    },
    {
      "type": "Feature",
      "geometry": {
        "type": "Point",
        "coordinates": [
          -1.7677791018149855,
          6.2170803753803145
        ]
      },
      "properties": {
        "probability": 0.9995002746582031,
        "lat": 6.2170803753803145,
        "lon": -1.7677791018149855,
        "region": "Obuasi",
        "detected_at": "2026-03-09T06:22:55.569333",
        "model_version": "48px_v3.7_2024-01-10"
      }
    },
    {
      "type": "Feature",
      "geometry": {
        "type": "Point",
        "coordinates": [
          -1.7677791018149855,
          6.214904747495419
        ]
      },
      "properties": {
        "probability": 0.9994405508041382,
        "lat": 6.214904747495419,
        "lon": -1.7677791018149855,
        "region": "Obuasi",
        "detected_at": "2026-03-09T06:22:55.569432",
        "model_version": "48px_v3.7_2024-01-10"
      }
    },
    {
      "type": "Feature",
      "geometry": {
        "type": "Point",
        "coordinates": [
          -1.7656050458707058,
          6.2170803753803145
        ]
      },
      "properties": {
        "probability": 0.9891147017478943,
        "lat": 6.2170803753803145,
        "lon": -1.7656050458707058,
        "region": "Obuasi",
        "detected_at": "2026-03-09T06:22:55.569528",
        "model_version": "48px_v3.7_2024-01-10"
      }
    },
    {
      "type": "Feature",
      "geometry": {
        "type": "Point",
        "coordinates": [
          -1.7656050458707058,
          6.214904747495419
        ]
      },
      "properties": {
        "probability": 0.9999300837516785,
        "lat": 6.214904747495419,
        "lon": -1.7656050458707058,
        "region": "Obuasi",
        "detected_at": "2026-03-09T06:22:55.569617",
        "model_version": "48px_v3.7_2024-01-10"
      }
    },
    {
      "type": "Feature",
      "geometry": {
        "type": "Point",
        "coordinates": [
          -1.7656050458707058,
          6.2127291196105245
        ]
      },
      "properties": {
        "probability": 0.9264844059944153,
        "lat": 6.2127291196105245,
        "lon": -1.7656050458707058,
        "region": "Obuasi",
        "detected_at": "2026-03-09T06:22:55.569706",
        "model_version": "48px_v3.7_2024-01-10"
      }
    },
    {
      "type": "Feature",
      "geometry": {
        "type": "Point",
        "coordinates": [
          -1.7656050458707058,
          6.204026608070943
        ]
      },
      "properties": {
        "probability": 0.8744676113128662,
        "lat": 6.204026608070943,
        "lon": -1.7656050458707058,
        "region": "Obuasi",
        "detected_at": "2026-03-09T06:22:55.569795",
        "model_version": "48px_v3.7_2024-01-10"
      }
    },
    {
      "type": "Feature",
      "geometry": {
        "type": "Point",
        "coordinates": [
          -1.7634309899264267,
          6.236661026344368
        ]
      },
      "properties": {
        "probability": 0.8243808150291443,
        "lat": 6.236661026344368,
        "lon": -1.7634309899264267,
        "region": "Obuasi",
        "detected_at": "2026-03-09T06:22:55.569883",
        "model_version": "48px_v3.7_2024-01-10"
      }
    },
    {
      "type": "Feature",
      "geometry": {
        "type": "Point",
        "coordinates": [
          -1.7634309899264267,
          6.234485398459474
        ]
      },
      "properties": {
        "probability": 0.8135905265808105,
        "lat": 6.234485398459474,
        "lon": -1.7634309899264267,
        "region": "Obuasi",
        "detected_at": "2026-03-09T06:22:55.569972",
        "model_version": "48px_v3.7_2024-01-10"
      }
    },
    {
      "type": "Feature",
      "geometry": {
        "type": "Point",
        "coordinates": [
          -1.7634309899264267,
          6.225782886919895
        ]
      },
      "properties": {
        "probability": 0.9988344311714172,
        "lat": 6.225782886919895,
        "lon": -1.7634309899264267,
        "region": "Obuasi",
        "detected_at": "2026-03-09T06:22:55.570081",
        "model_version": "48px_v3.7_2024-01-10"
      }
    },
    {
      "type": "Feature",
      "geometry": {
        "type": "Point",
        "coordinates": [
          -1.7634309899264267,
          6.223607259035
        ]
      },
      "properties": {
        "probability": 0.99978107213974,
        "lat": 6.223607259035,
        "lon": -1.7634309899264267,
        "region": "Obuasi",
        "detected_at": "2026-03-09T06:22:55.570173",
        "model_version": "48px_v3.7_2024-01-10"
      }
    },
    {
      "type": "Feature",
      "geometry": {
        "type": "Point",
        "coordinates": [
          -1.7634309899264267,
          6.221431631150104
        ]
      },
      "properties": {
        "probability": 0.9987210631370544,
        "lat": 6.221431631150104,
        "lon": -1.7634309899264267,
        "region": "Obuasi",
        "detected_at": "2026-03-09T06:22:55.570264",
        "model_version": "48px_v3.7_2024-01-10"
      }
    },
    {
      "type": "Feature",
      "geometry": {
        "type": "Point",
        "coordinates": [
          -1.7634309899264267,
          6.219256003265209
        ]
      },
      "properties": {
        "probability": 0.9993693828582764,
        "lat": 6.219256003265209,
        "lon": -1.7634309899264267,
        "region": "Obuasi",
        "detected_at": "2026-03-09T06:22:55.570353",
        "model_version": "48px_v3.7_2024-01-10"
      }
    },
    {
      "type": "Feature",
      "geometry": {
        "type": "Point",
        "coordinates": [
          -1.7634309899264267,
          6.2170803753803145
        ]
      },
      "properties": {
        "probability": 0.9780274033546448,
        "lat": 6.2170803753803145,
        "lon": -1.7634309899264267,
        "region": "Obuasi",
        "detected_at": "2026-03-09T06:22:55.570441",
        "model_version": "48px_v3.7_2024-01-10"
      }
    },
    {
      "type": "Feature",
      "geometry": {
        "type": "Point",
        "coordinates": [
          -1.7634309899264267,
          6.214904747495419
        ]
      },
      "properties": {
        "probability": 0.9999156594276428,
        "lat": 6.214904747495419,
        "lon": -1.7634309899264267,
        "region": "Obuasi",
        "detected_at": "2026-03-09T06:22:55.570529",
        "model_version": "48px_v3.7_2024-01-10"
      }
    },
    {
      "type": "Feature",
      "geometry": {
        "type": "Point",
        "coordinates": [
          -1.7634309899264267,
          6.212729119610524
        ]
      },
      "properties": {
        "probability": 0.9858625531196594,
        "lat": 6.212729119610524,
        "lon": -1.7634309899264267,
        "region": "Obuasi",
        "detected_at": "2026-03-09T06:22:55.570618",
        "model_version": "48px_v3.7_2024-01-10"
      }
    },
    {
      "type": "Feature",
      "geometry": {
        "type": "Point",
        "coordinates": [
          -1.7612569339821476,
          6.232309770574579
        ]
      },
      "properties": {
        "probability": 0.8717703223228455,
        "lat": 6.232309770574579,
        "lon": -1.7612569339821476,
        "region": "Obuasi",
        "detected_at": "2026-03-09T06:22:55.570715",
        "model_version": "48px_v3.7_2024-01-10"
      }
    },
    {
      "type": "Feature",
      "geometry": {
        "type": "Point",
        "coordinates": [
          -1.7612569339821476,
          6.230134142689685
        ]
      },
      "properties": {
        "probability": 0.9947882890701294,
        "lat": 6.230134142689685,
        "lon": -1.7612569339821476,
        "region": "Obuasi",
        "detected_at": "2026-03-09T06:22:55.570804",
        "model_version": "48px_v3.7_2024-01-10"
      }
    },
    {
      "type": "Feature",
      "geometry": {
        "type": "Point",
        "coordinates": [
          -1.7612569339821476,
          6.22795851480479
        ]
      },
      "properties": {
        "probability": 0.9992905855178833,
        "lat": 6.22795851480479,
        "lon": -1.7612569339821476,
        "region": "Obuasi",
        "detected_at": "2026-03-09T06:22:55.570904",
        "model_version": "48px_v3.7_2024-01-10"
      }
    },
    {
      "type": "Feature",
      "geometry": {
        "type": "Point",
        "coordinates": [
          -1.7612569339821476,
          6.225782886919895
        ]
      },
      "properties": {
        "probability": 0.9999994039535522,
        "lat": 6.225782886919895,
        "lon": -1.7612569339821476,
        "region": "Obuasi",
        "detected_at": "2026-03-09T06:22:55.571016",
        "model_version": "48px_v3.7_2024-01-10"
      }
    },
    {
      "type": "Feature",
      "geometry": {
        "type": "Point",
        "coordinates": [
          -1.7612569339821476,
          6.223607259034998
        ]
      },
      "properties": {
        "probability": 0.9999985098838806,
        "lat": 6.223607259034998,
        "lon": -1.7612569339821476,
        "region": "Obuasi",
        "detected_at": "2026-03-09T06:22:55.571110",
        "model_version": "48px_v3.7_2024-01-10"
      }
    },
    {
      "type": "Feature",
      "geometry": {
        "type": "Point",
        "coordinates": [
          -1.7612569339821476,
          6.221431631150103
        ]
      },
      "properties": {
        "probability": 0.9664269089698792,
        "lat": 6.221431631150103,
        "lon": -1.7612569339821476,
        "region": "Obuasi",
        "detected_at": "2026-03-09T06:22:55.571199",
        "model_version": "48px_v3.7_2024-01-10"
      }
    },
    {
      "type": "Feature",
      "geometry": {
        "type": "Point",
        "coordinates": [
          -1.7612569339821476,
          6.214904747495419
        ]
      },
      "properties": {
        "probability": 0.9728639125823975,
        "lat": 6.214904747495419,
        "lon": -1.7612569339821476,
        "region": "Obuasi",
        "detected_at": "2026-03-09T06:22:55.571296",
        "model_version": "48px_v3.7_2024-01-10"
      }
    },
    {
      "type": "Feature",
      "geometry": {
        "type": "Point",
        "coordinates": [
          -1.7590828780378678,
          6.232309770574579
        ]
      },
      "properties": {
        "probability": 0.9997269511222839,
        "lat": 6.232309770574579,
        "lon": -1.7590828780378678,
        "region": "Obuasi",
        "detected_at": "2026-03-09T06:22:55.571385",
        "model_version": "48px_v3.7_2024-01-10"
      }
    },
    {
      "type": "Feature",
      "geometry": {
        "type": "Point",
        "coordinates": [
          -1.7590828780378678,
          6.230134142689685
        ]
      },
      "properties": {
        "probability": 0.9999933838844299,
        "lat": 6.230134142689685,
        "lon": -1.7590828780378678,
        "region": "Obuasi",
        "detected_at": "2026-03-09T06:22:55.571473",
        "model_version": "48px_v3.7_2024-01-10"
      }
    },
    {
      "type": "Feature",
      "geometry": {
        "type": "Point",
        "coordinates": [
          -1.759082878037868,
          6.22795851480479
        ]
      },
      "properties": {
        "probability": 0.9999645352363586,
        "lat": 6.22795851480479,
        "lon": -1.759082878037868,
        "region": "Obuasi",
        "detected_at": "2026-03-09T06:22:55.571561",
        "model_version": "48px_v3.7_2024-01-10"
      }
    },
    {
      "type": "Feature",
      "geometry": {
        "type": "Point",
        "coordinates": [
          -1.7590828780378678,
          6.225782886919895
        ]
      },
      "properties": {
        "probability": 0.992658257484436,
        "lat": 6.225782886919895,
        "lon": -1.7590828780378678,
        "region": "Obuasi",
        "detected_at": "2026-03-09T06:22:55.571649",
        "model_version": "48px_v3.7_2024-01-10"
      }
    },
    {
      "type": "Feature",
      "geometry": {
        "type": "Point",
        "coordinates": [
          -1.7590828780378678,
          6.223607259034998
        ]
      },
      "properties": {
        "probability": 0.9768250584602356,
        "lat": 6.223607259034998,
        "lon": -1.7590828780378678,
        "region": "Obuasi",
        "detected_at": "2026-03-09T06:22:55.571737",
        "model_version": "48px_v3.7_2024-01-10"
      }
    },
    {
      "type": "Feature",
      "geometry": {
        "type": "Point",
        "coordinates": [
          -1.7569088220935887,
          6.238836654229265
        ]
      },
      "properties": {
        "probability": 0.9372284412384033,
        "lat": 6.238836654229265,
        "lon": -1.7569088220935887,
        "region": "Obuasi",
        "detected_at": "2026-03-09T06:22:55.571827",
        "model_version": "48px_v3.7_2024-01-10"
      }
    },
    {
      "type": "Feature",
      "geometry": {
        "type": "Point",
        "coordinates": [
          -1.7569088220935887,
          6.234485398459474
        ]
      },
      "properties": {
        "probability": 0.99686598777771,
        "lat": 6.234485398459474,
        "lon": -1.7569088220935887,
        "region": "Obuasi",
        "detected_at": "2026-03-09T06:22:55.571916",
        "model_version": "48px_v3.7_2024-01-10"
      }
    },
    {
      "type": "Feature",
      "geometry": {
        "type": "Point",
        "coordinates": [
          -1.7569088220935887,
          6.232309770574579
        ]
      },
      "properties": {
        "probability": 0.9999791383743286,
        "lat": 6.232309770574579,
        "lon": -1.7569088220935887,
        "region": "Obuasi",
        "detected_at": "2026-03-09T06:22:55.572023",
        "model_version": "48px_v3.7_2024-01-10"
      }
    },
    {
      "type": "Feature",
      "geometry": {
        "type": "Point",
        "coordinates": [
          -1.7569088220935887,
          6.230134142689683
        ]
      },
      "properties": {
        "probability": 0.9999880790710449,
        "lat": 6.230134142689683,
        "lon": -1.7569088220935887,
        "region": "Obuasi",
        "detected_at": "2026-03-09T06:22:55.572118",
        "model_version": "48px_v3.7_2024-01-10"
      }
    },
    {
      "type": "Feature",
      "geometry": {
        "type": "Point",
        "coordinates": [
          -1.756908822093589,
          6.22795851480479
        ]
      },
      "properties": {
        "probability": 0.940811276435852,
        "lat": 6.22795851480479,
        "lon": -1.756908822093589,
        "region": "Obuasi",
        "detected_at": "2026-03-09T06:22:55.572208",
        "model_version": "48px_v3.7_2024-01-10"
      }
    },
    {
      "type": "Feature",
      "geometry": {
        "type": "Point",
        "coordinates": [
          -1.7569088220935887,
          6.219256003265209
        ]
      },
      "properties": {
        "probability": 0.8394261598587036,
        "lat": 6.219256003265209,
        "lon": -1.7569088220935887,
        "region": "Obuasi",
        "detected_at": "2026-03-09T06:22:55.572297",
        "model_version": "48px_v3.7_2024-01-10"
      }
    },
    {
      "type": "Feature",
      "geometry": {
        "type": "Point",
        "coordinates": [
          -1.7547347661493098,
          6.236661026344368
        ]
      },
      "properties": {
        "probability": 0.8434383273124695,
        "lat": 6.236661026344368,
        "lon": -1.7547347661493098,
        "region": "Obuasi",
        "detected_at": "2026-03-09T06:22:55.572393",
        "model_version": "48px_v3.7_2024-01-10"
      }
    },
    {
      "type": "Feature",
      "geometry": {
        "type": "Point",
        "coordinates": [
          -1.7547347661493098,
          6.234485398459475
        ]
      },
      "properties": {
        "probability": 0.9999796152114868,
        "lat": 6.234485398459475,
        "lon": -1.7547347661493098,
        "region": "Obuasi",
        "detected_at": "2026-03-09T06:22:55.572499",
        "model_version": "48px_v3.7_2024-01-10"
      }
    },
    {
      "type": "Feature",
      "geometry": {
        "type": "Point",
        "coordinates": [
          -1.7547347661493098,
          6.232309770574579
        ]
      },
      "properties": {
        "probability": 0.9990909695625305,
        "lat": 6.232309770574579,
        "lon": -1.7547347661493098,
        "region": "Obuasi",
        "detected_at": "2026-03-09T06:22:55.572588",
        "model_version": "48px_v3.7_2024-01-10"
      }
    },
    {
      "type": "Feature",
      "geometry": {
        "type": "Point",
        "coordinates": [
          -1.7547347661493098,
          6.230134142689685
        ]
      },
      "properties": {
        "probability": 0.9730204939842224,
        "lat": 6.230134142689685,
        "lon": -1.7547347661493098,
        "region": "Obuasi",
        "detected_at": "2026-03-09T06:22:55.572678",
        "model_version": "48px_v3.7_2024-01-10"
      }
    },
    {
      "type": "Feature",
      "geometry": {
        "type": "Point",
        "coordinates": [
          -1.7547347661493098,
          6.21925600326521
        ]
      },
      "properties": {
        "probability": 0.8384553790092468,
        "lat": 6.21925600326521,
        "lon": -1.7547347661493098,
        "region": "Obuasi",
        "detected_at": "2026-03-09T06:22:55.572768",
        "model_version": "48px_v3.7_2024-01-10"
      }
    },
    {
      "type": "Feature",
      "geometry": {
        "type": "Point",
        "coordinates": [
          -1.7547347661493098,
          6.2170803753803145
        ]
      },
      "properties": {
        "probability": 0.9995483756065369,
        "lat": 6.2170803753803145,
        "lon": -1.7547347661493098,
        "region": "Obuasi",
        "detected_at": "2026-03-09T06:22:55.572857",
        "model_version": "48px_v3.7_2024-01-10"
      }
    },
    {
      "type": "Feature",
      "geometry": {
        "type": "Point",
        "coordinates": [
          -1.7525607102050302,
          6.24971479365374
        ]
      },
      "properties": {
        "probability": 0.9978929162025452,
        "lat": 6.24971479365374,
        "lon": -1.7525607102050302,
        "region": "Obuasi",
        "detected_at": "2026-03-09T06:22:55.572945",
        "model_version": "48px_v3.7_2024-01-10"
      }
    },
    {
      "type": "Feature",
      "geometry": {
        "type": "Point",
        "coordinates": [
          -1.7525607102050302,
          6.241012282114159
        ]
      },
      "properties": {
        "probability": 0.8517054319381714,
        "lat": 6.241012282114159,
        "lon": -1.7525607102050302,
        "region": "Obuasi",
        "detected_at": "2026-03-09T06:22:55.573072",
        "model_version": "48px_v3.7_2024-01-10"
      }
    },
    {
      "type": "Feature",
      "geometry": {
        "type": "Point",
        "coordinates": [
          -1.7525607102050302,
          6.236661026344368
        ]
      },
      "properties": {
        "probability": 0.9963813424110413,
        "lat": 6.236661026344368,
        "lon": -1.7525607102050302,
        "region": "Obuasi",
        "detected_at": "2026-03-09T06:22:55.573170",
        "model_version": "48px_v3.7_2024-01-10"
      }
    },
    {
      "type": "Feature",
      "geometry": {
        "type": "Point",
        "coordinates": [
          -1.7525607102050302,
          6.234485398459475
        ]
      },
      "properties": {
        "probability": 0.9998382925987244,
        "lat": 6.234485398459475,
        "lon": -1.7525607102050302,
        "region": "Obuasi",
        "detected_at": "2026-03-09T06:22:55.573260",
        "model_version": "48px_v3.7_2024-01-10"
      }
    },
    {
      "type": "Feature",
      "geometry": {
        "type": "Point",
        "coordinates": [
          -1.7525607102050302,
          6.21925600326521
        ]
      },
      "properties": {
        "probability": 0.8466638922691345,
        "lat": 6.21925600326521,
        "lon": -1.7525607102050302,
        "region": "Obuasi",
        "detected_at": "2026-03-09T06:22:55.573356",
        "model_version": "48px_v3.7_2024-01-10"
      }
    },
    {
      "type": "Feature",
      "geometry": {
        "type": "Point",
        "coordinates": [
          -1.7525607102050302,
          6.2170803753803145
        ]
      },
      "properties": {
        "probability": 0.9928909540176392,
        "lat": 6.2170803753803145,
        "lon": -1.7525607102050302,
        "region": "Obuasi",
        "detected_at": "2026-03-09T06:22:55.573469",
        "model_version": "48px_v3.7_2024-01-10"
      }
    },
    {
      "type": "Feature",
      "geometry": {
        "type": "Point",
        "coordinates": [
          -1.7525607102050302,
          6.206202235955839
        ]
      },
      "properties": {
        "probability": 0.9971014261245728,
        "lat": 6.206202235955839,
        "lon": -1.7525607102050302,
        "region": "Obuasi",
        "detected_at": "2026-03-09T06:22:55.573561",
        "model_version": "48px_v3.7_2024-01-10"
      }
    },
    {
      "type": "Feature",
      "geometry": {
        "type": "Point",
        "coordinates": [
          -1.850271441100039,
          6.228076426614537
        ]
      },
      "properties": {
        "probability": 0.9942609071731567,
        "lat": 6.228076426614537,
        "lon": -1.850271441100039,
        "region": "Obuasi",
        "detected_at": "2026-03-09T06:22:55.573652",
        "model_version": "48px_v3.7_2024-01-10"
      }
    },
    {
      "type": "Feature",
      "geometry": {
        "type": "Point",
        "coordinates": [
          -1.8480975568343962,
          6.247655526891717
        ]
      },
      "properties": {
        "probability": 0.9277770519256592,
        "lat": 6.247655526891717,
        "lon": -1.8480975568343962,
        "region": "Obuasi",
        "detected_at": "2026-03-09T06:22:55.573748",
        "model_version": "48px_v3.7_2024-01-10"
      }
    },
    {
      "type": "Feature",
      "geometry": {
        "type": "Point",
        "coordinates": [
          -1.8480975568343965,
          6.228076426614537
        ]
      },
      "properties": {
        "probability": 0.9744566082954407,
        "lat": 6.228076426614537,
        "lon": -1.8480975568343965,
        "region": "Obuasi",
        "detected_at": "2026-03-09T06:22:55.573839",
        "model_version": "48px_v3.7_2024-01-10"
      }
    },
    {
      "type": "Feature",
      "geometry": {
        "type": "Point",
        "coordinates": [
          -1.8480975568343962,
          6.225900971028184
        ]
      },
      "properties": {
        "probability": 0.9727562069892883,
        "lat": 6.225900971028184,
        "lon": -1.8480975568343962,
        "region": "Obuasi",
        "detected_at": "2026-03-09T06:22:55.573935",
        "model_version": "48px_v3.7_2024-01-10"
      }
    },
    {
      "type": "Feature",
      "geometry": {
        "type": "Point",
        "coordinates": [
          -1.8459236725687542,
          6.249830982478072
        ]
      },
      "properties": {
        "probability": 0.9597163796424866,
        "lat": 6.249830982478072,
        "lon": -1.8459236725687542,
        "region": "Obuasi",
        "detected_at": "2026-03-09T06:22:55.574050",
        "model_version": "48px_v3.7_2024-01-10"
      }
    },
    {
      "type": "Feature",
      "geometry": {
        "type": "Point",
        "coordinates": [
          -1.8459236725687542,
          6.247655526891717
        ]
      },
      "properties": {
        "probability": 0.9859393835067749,
        "lat": 6.247655526891717,
        "lon": -1.8459236725687542,
        "region": "Obuasi",
        "detected_at": "2026-03-09T06:22:55.574143",
        "model_version": "48px_v3.7_2024-01-10"
      }
    },
    {
      "type": "Feature",
      "geometry": {
        "type": "Point",
        "coordinates": [
          -1.843749788303112,
          6.249830982478072
        ]
      },
      "properties": {
        "probability": 0.852695643901825,
        "lat": 6.249830982478072,
        "lon": -1.843749788303112,
        "region": "Obuasi",
        "detected_at": "2026-03-09T06:22:55.574246",
        "model_version": "48px_v3.7_2024-01-10"
      }
    },
    {
      "type": "Feature",
      "geometry": {
        "type": "Point",
        "coordinates": [
          -1.8415759040374695,
          6.249830982478072
        ]
      },
      "properties": {
        "probability": 0.8176171183586121,
        "lat": 6.249830982478072,
        "lon": -1.8415759040374695,
        "region": "Obuasi",
        "detected_at": "2026-03-09T06:22:55.574347",
        "model_version": "48px_v3.7_2024-01-10"
      }
    },
    {
      "type": "Feature",
      "geometry": {
        "type": "Point",
        "coordinates": [
          -1.839402019771827,
          6.249830982478072
        ]
      },
      "properties": {
        "probability": 0.8283276557922363,
        "lat": 6.249830982478072,
        "lon": -1.839402019771827,
        "region": "Obuasi",
        "detected_at": "2026-03-09T06:22:55.574447",
        "model_version": "48px_v3.7_2024-01-10"
      }
    },
    {
      "type": "Feature",
      "geometry": {
        "type": "Point",
        "coordinates": [
          -1.8307064827092578,
          6.215023693096418
        ]
      },
      "properties": {
        "probability": 0.9464396834373474,
        "lat": 6.215023693096418,
        "lon": -1.8307064827092578,
        "region": "Obuasi",
        "detected_at": "2026-03-09T06:22:55.574536",
        "model_version": "48px_v3.7_2024-01-10"
      }
    },
    {
      "type": "Feature",
      "geometry": {
        "type": "Point",
        "coordinates": [
          -1.8285325984436154,
          6.215023693096418
        ]
      },
      "properties": {
        "probability": 0.9524727463722229,
        "lat": 6.215023693096418,
        "lon": -1.8285325984436154,
        "region": "Obuasi",
        "detected_at": "2026-03-09T06:22:55.574625",
        "model_version": "48px_v3.7_2024-01-10"
      }
    },
    {
      "type": "Feature",
      "geometry": {
        "type": "Point",
        "coordinates": [
          -1.8285325984436154,
          6.212848237510065
        ]
      },
      "properties": {
        "probability": 0.976314127445221,
        "lat": 6.212848237510065,
        "lon": -1.8285325984436154,
        "region": "Obuasi",
        "detected_at": "2026-03-09T06:22:55.574713",
        "model_version": "48px_v3.7_2024-01-10"
      }
    },
    {
      "type": "Feature",
      "geometry": {
        "type": "Point",
        "coordinates": [
          -1.826358714177973,
          6.212848237510064
        ]
      },
      "properties": {
        "probability": 0.9114722609519958,
        "lat": 6.212848237510064,
        "lon": -1.826358714177973,
        "region": "Obuasi",
        "detected_at": "2026-03-09T06:22:55.574801",
        "model_version": "48px_v3.7_2024-01-10"
      }
    },
    {
      "type": "Feature",
      "geometry": {
        "type": "Point",
        "coordinates": [
          -1.8198370613810462,
          6.204146415164652
        ]
      },
      "properties": {
        "probability": 0.971759557723999,
        "lat": 6.204146415164652,
        "lon": -1.8198370613810462,
        "region": "Obuasi",
        "detected_at": "2026-03-09T06:22:55.574889",
        "model_version": "48px_v3.7_2024-01-10"
      }
    },
    {
      "type": "Feature",
      "geometry": {
        "type": "Point",
        "coordinates": [
          -1.8176631771154041,
          6.204146415164652
        ]
      },
      "properties": {
        "probability": 0.9661661386489868,
        "lat": 6.204146415164652,
        "lon": -1.8176631771154041,
        "region": "Obuasi",
        "detected_at": "2026-03-09T06:22:55.574985",
        "model_version": "48px_v3.7_2024-01-10"
      }
    },
    {
      "type": "Feature",
      "geometry": {
        "type": "Point",
        "coordinates": [
          -1.8176631771154041,
          6.201970959578299
        ]
      },
      "properties": {
        "probability": 0.9762146472930908,
        "lat": 6.201970959578299,
        "lon": -1.8176631771154041,
        "region": "Obuasi",
        "detected_at": "2026-03-09T06:22:55.575094",
        "model_version": "48px_v3.7_2024-01-10"
      }
    },
    {
      "type": "Feature",
      "geometry": {
        "type": "Point",
        "coordinates": [
          -1.8046198715215502,
          6.243304615719012
        ]
      },
      "properties": {
        "probability": 0.8461118936538696,
        "lat": 6.243304615719012,
        "lon": -1.8046198715215502,
        "region": "Obuasi",
        "detected_at": "2026-03-09T06:22:55.575185",
        "model_version": "48px_v3.7_2024-01-10"
      }
    },
    {
      "type": "Feature",
      "geometry": {
        "type": "Point",
        "coordinates": [
          -1.7483355650069115,
          6.249593454184338
        ]
      },
      "properties": {
        "probability": 1.0,
        "lat": 6.249593454184338,
        "lon": -1.7483355650069115,
        "region": "Obuasi",
        "detected_at": "2026-03-09T06:22:55.575275",
        "model_version": "48px_v3.7_2024-01-10"
      }
    },
    {
      "type": "Feature",
      "geometry": {
        "type": "Point",
        "coordinates": [
          -1.7483355650069115,
          6.247417655823918
        ]
      },
      "properties": {
        "probability": 0.9999995827674866,
        "lat": 6.247417655823918,
        "lon": -1.7483355650069115,
        "region": "Obuasi",
        "detected_at": "2026-03-09T06:22:55.575363",
        "model_version": "48px_v3.7_2024-01-10"
      }
    },
    {
      "type": "Feature",
      "geometry": {
        "type": "Point",
        "coordinates": [
          -1.7483355650069112,
          6.245241857463499
        ]
      },
      "properties": {
        "probability": 0.9999979734420776,
        "lat": 6.245241857463499,
        "lon": -1.7483355650069112,
        "region": "Obuasi",
        "detected_at": "2026-03-09T06:22:55.575459",
        "model_version": "48px_v3.7_2024-01-10"
      }
    },
    {
      "type": "Feature",
      "geometry": {
        "type": "Point",
        "coordinates": [
          -1.7483355650069112,
          6.243066059103081
        ]
      },
      "properties": {
        "probability": 0.9994847178459167,
        "lat": 6.243066059103081,
        "lon": -1.7483355650069112,
        "region": "Obuasi",
        "detected_at": "2026-03-09T06:22:55.575555",
        "model_version": "48px_v3.7_2024-01-10"
      }
    },
    {
      "type": "Feature",
      "geometry": {
        "type": "Point",
        "coordinates": [
          -1.7483355650069112,
          6.2408902607426615
        ]
      },
      "properties": {
        "probability": 0.9863396286964417,
        "lat": 6.2408902607426615,
        "lon": -1.7483355650069112,
        "region": "Obuasi",
        "detected_at": "2026-03-09T06:22:55.575644",
        "model_version": "48px_v3.7_2024-01-10"
      }
    },
    {
      "type": "Feature",
      "geometry": {
        "type": "Point",
        "coordinates": [
          -1.7483355650069115,
          6.221308075498893
        ]
      },
      "properties": {
        "probability": 0.9196354150772095,
        "lat": 6.221308075498893,
        "lon": -1.7483355650069115,
        "region": "Obuasi",
        "detected_at": "2026-03-09T06:22:55.575738",
        "model_version": "48px_v3.7_2024-01-10"
      }
    },
    {
      "type": "Feature",
      "geometry": {
        "type": "Point",
        "coordinates": [
          -1.7483355650069115,
          6.203901688615543
        ]
      },
      "properties": {
        "probability": 0.8431351780891418,
        "lat": 6.203901688615543,
        "lon": -1.7483355650069115,
        "region": "Obuasi",
        "detected_at": "2026-03-09T06:22:55.575833",
        "model_version": "48px_v3.7_2024-01-10"
      }
    },
    {
      "type": "Feature",
      "geometry": {
        "type": "Point",
        "coordinates": [
          -1.746161339227285,
          6.249593454184338
        ]
      },
      "properties": {
        "probability": 0.999773383140564,
        "lat": 6.249593454184338,
        "lon": -1.746161339227285,
        "region": "Obuasi",
        "detected_at": "2026-03-09T06:22:55.575923",
        "model_version": "48px_v3.7_2024-01-10"
      }
    },
    {
      "type": "Feature",
      "geometry": {
        "type": "Point",
        "coordinates": [
          -1.746161339227285,
          6.247417655823918
        ]
      },
      "properties": {
        "probability": 0.9999935030937195,
        "lat": 6.247417655823918,
        "lon": -1.746161339227285,
        "region": "Obuasi",
        "detected_at": "2026-03-09T06:22:55.576029",
        "model_version": "48px_v3.7_2024-01-10"
      }
    },
    {
      "type": "Feature",
      "geometry": {
        "type": "Point",
        "coordinates": [
          -1.7461613392272854,
          6.245241857463499
        ]
      },
      "properties": {
        "probability": 0.9990580081939697,
        "lat": 6.245241857463499,
        "lon": -1.7461613392272854,
        "region": "Obuasi",
        "detected_at": "2026-03-09T06:22:55.576124",
        "model_version": "48px_v3.7_2024-01-10"
      }
    },
    {
      "type": "Feature",
      "geometry": {
        "type": "Point",
        "coordinates": [
          -1.7461613392272854,
          6.225659672219731
        ]
      },
      "properties": {
        "probability": 0.9131362438201904,
        "lat": 6.225659672219731,
        "lon": -1.7461613392272854,
        "region": "Obuasi",
        "detected_at": "2026-03-09T06:22:55.576214",
        "model_version": "48px_v3.7_2024-01-10"
      }
    },
    {
      "type": "Feature",
      "geometry": {
        "type": "Point",
        "coordinates": [
          -1.7461613392272854,
          6.223483873859311
        ]
      },
      "properties": {
        "probability": 0.9810032844543457,
        "lat": 6.223483873859311,
        "lon": -1.7461613392272854,
        "region": "Obuasi",
        "detected_at": "2026-03-09T06:22:55.576305",
        "model_version": "48px_v3.7_2024-01-10"
      }
    },
    {
      "type": "Feature",
      "geometry": {
        "type": "Point",
        "coordinates": [
          -1.746161339227285,
          6.221308075498893
        ]
      },
      "properties": {
        "probability": 0.9864558577537537,
        "lat": 6.221308075498893,
        "lon": -1.746161339227285,
        "region": "Obuasi",
        "detected_at": "2026-03-09T06:22:55.576395",
        "model_version": "48px_v3.7_2024-01-10"
      }
    },
    {
      "type": "Feature",
      "geometry": {
        "type": "Point",
        "coordinates": [
          -1.746161339227285,
          6.201725890255125
        ]
      },
      "properties": {
        "probability": 0.8705784678459167,
        "lat": 6.201725890255125,
        "lon": -1.746161339227285,
        "region": "Obuasi",
        "detected_at": "2026-03-09T06:22:55.576484",
        "model_version": "48px_v3.7_2024-01-10"
      }
    },
    {
      "type": "Feature",
      "geometry": {
        "type": "Point",
        "coordinates": [
          -1.743987113447659,
          6.245241857463499
        ]
      },
      "properties": {
        "probability": 0.9979793429374695,
        "lat": 6.245241857463499,
        "lon": -1.743987113447659,
        "region": "Obuasi",
        "detected_at": "2026-03-09T06:22:55.576573",
        "model_version": "48px_v3.7_2024-01-10"
      }
    },
    {
      "type": "Feature",
      "geometry": {
        "type": "Point",
        "coordinates": [
          -1.743987113447659,
          6.22783547058015
        ]
      },
      "properties": {
        "probability": 0.9497881531715393,
        "lat": 6.22783547058015,
        "lon": -1.743987113447659,
        "region": "Obuasi",
        "detected_at": "2026-03-09T06:22:55.576662",
        "model_version": "48px_v3.7_2024-01-10"
      }
    },
    {
      "type": "Feature",
      "geometry": {
        "type": "Point",
        "coordinates": [
          -1.7418128876680328,
          6.232187067300988
        ]
      },
      "properties": {
        "probability": 0.9996294379234314,
        "lat": 6.232187067300988,
        "lon": -1.7418128876680328,
        "region": "Obuasi",
        "detected_at": "2026-03-09T06:22:55.576761",
        "model_version": "48px_v3.7_2024-01-10"
      }
    },
    {
      "type": "Feature",
      "geometry": {
        "type": "Point",
        "coordinates": [
          -1.7418128876680328,
          6.230011268940569
        ]
      },
      "properties": {
        "probability": 0.9991828203201294,
        "lat": 6.230011268940569,
        "lon": -1.7418128876680328,
        "region": "Obuasi",
        "detected_at": "2026-03-09T06:22:55.576851",
        "model_version": "48px_v3.7_2024-01-10"
      }
    },
    {
      "type": "Feature",
      "geometry": {
        "type": "Point",
        "coordinates": [
          -1.7418128876680328,
          6.22783547058015
        ]
      },
      "properties": {
        "probability": 0.988823413848877,
        "lat": 6.22783547058015,
        "lon": -1.7418128876680328,
        "region": "Obuasi",
        "detected_at": "2026-03-09T06:22:55.576947",
        "model_version": "48px_v3.7_2024-01-10"
      }
    },
    {
      "type": "Feature",
      "geometry": {
        "type": "Point",
        "coordinates": [
          -1.7418128876680328,
          6.219132277138473
        ]
      },
      "properties": {
        "probability": 0.805694043636322,
        "lat": 6.219132277138473,
        "lon": -1.7418128876680328,
        "region": "Obuasi",
        "detected_at": "2026-03-09T06:22:55.577060",
        "model_version": "48px_v3.7_2024-01-10"
      }
    },
    {
      "type": "Feature",
      "geometry": {
        "type": "Point",
        "coordinates": [
          -1.7418128876680328,
          6.216956478778057
        ]
      },
      "properties": {
        "probability": 0.9134567975997925,
        "lat": 6.216956478778057,
        "lon": -1.7418128876680328,
        "region": "Obuasi",
        "detected_at": "2026-03-09T06:22:55.577152",
        "model_version": "48px_v3.7_2024-01-10"
      }
    },
    {
      "type": "Feature",
      "geometry": {
        "type": "Point",
        "coordinates": [
          -1.7418128876680328,
          6.201725890255125
        ]
      },
      "properties": {
        "probability": 0.8244289755821228,
        "lat": 6.201725890255125,
        "lon": -1.7418128876680328,
        "region": "Obuasi",
        "detected_at": "2026-03-09T06:22:55.577241",
        "model_version": "48px_v3.7_2024-01-10"
      }
    },
    {
      "type": "Feature",
      "geometry": {
        "type": "Point",
        "coordinates": [
          -1.7396386618884063,
          6.234362865661406
        ]
      },
      "properties": {
        "probability": 0.977815568447113,
        "lat": 6.234362865661406,
        "lon": -1.7396386618884063,
        "region": "Obuasi",
        "detected_at": "2026-03-09T06:22:55.577329",
        "model_version": "48px_v3.7_2024-01-10"
      }
    },
    {
      "type": "Feature",
      "geometry": {
        "type": "Point",
        "coordinates": [
          -1.7396386618884065,
          6.232187067300988
        ]
      },
      "properties": {
        "probability": 0.999688446521759,
        "lat": 6.232187067300988,
        "lon": -1.7396386618884065,
        "region": "Obuasi",
        "detected_at": "2026-03-09T06:22:55.577419",
        "model_version": "48px_v3.7_2024-01-10"
      }
    },
    {
      "type": "Feature",
      "geometry": {
        "type": "Point",
        "coordinates": [
          -1.7396386618884065,
          6.230011268940569
        ]
      },
      "properties": {
        "probability": 0.9972251653671265,
        "lat": 6.230011268940569,
        "lon": -1.7396386618884065,
        "region": "Obuasi",
        "detected_at": "2026-03-09T06:22:55.577508",
        "model_version": "48px_v3.7_2024-01-10"
      }
    },
    {
      "type": "Feature",
      "geometry": {
        "type": "Point",
        "coordinates": [
          -1.7396386618884063,
          6.22783547058015
        ]
      },
      "properties": {
        "probability": 0.9758185148239136,
        "lat": 6.22783547058015,
        "lon": -1.7396386618884063,
        "region": "Obuasi",
        "detected_at": "2026-03-09T06:22:55.577595",
        "model_version": "48px_v3.7_2024-01-10"
      }
    },
    {
      "type": "Feature",
      "geometry": {
        "type": "Point",
        "coordinates": [
          -1.7396386618884063,
          6.216956478778057
        ]
      },
      "properties": {
        "probability": 0.8106185793876648,
        "lat": 6.216956478778057,
        "lon": -1.7396386618884063,
        "region": "Obuasi",
        "detected_at": "2026-03-09T06:22:55.577686",
        "model_version": "48px_v3.7_2024-01-10"
      }
    },
    {
      "type": "Feature",
      "geometry": {
        "type": "Point",
        "coordinates": [
          -1.7396386618884065,
          6.203901688615543
        ]
      },
      "properties": {
        "probability": 0.9898480772972107,
        "lat": 6.203901688615543,
        "lon": -1.7396386618884065,
        "region": "Obuasi",
        "detected_at": "2026-03-09T06:22:55.577776",
        "model_version": "48px_v3.7_2024-01-10"
      }
    },
    {
      "type": "Feature",
      "geometry": {
        "type": "Point",
        "coordinates": [
          -1.7396386618884065,
          6.201725890255125
        ]
      },
      "properties": {
        "probability": 0.9638500213623047,
        "lat": 6.201725890255125,
        "lon": -1.7396386618884065,
        "region": "Obuasi",
        "detected_at": "2026-03-09T06:22:55.577865",
        "model_version": "48px_v3.7_2024-01-10"
      }
    },
    {
      "type": "Feature",
      "geometry": {
        "type": "Point",
        "coordinates": [
          -1.7374644361087803,
          6.234362865661406
        ]
      },
      "properties": {
        "probability": 0.9956112504005432,
        "lat": 6.234362865661406,
        "lon": -1.7374644361087803,
        "region": "Obuasi",
        "detected_at": "2026-03-09T06:22:55.577954",
        "model_version": "48px_v3.7_2024-01-10"
      }
    },
    {
      "type": "Feature",
      "geometry": {
        "type": "Point",
        "coordinates": [
          -1.7374644361087805,
          6.232187067300988
        ]
      },
      "properties": {
        "probability": 0.9971086382865906,
        "lat": 6.232187067300988,
        "lon": -1.7374644361087805,
        "region": "Obuasi",
        "detected_at": "2026-03-09T06:22:55.578068",
        "model_version": "48px_v3.7_2024-01-10"
      }
    },
    {
      "type": "Feature",
      "geometry": {
        "type": "Point",
        "coordinates": [
          -1.7374644361087805,
          6.203901688615543
        ]
      },
      "properties": {
        "probability": 0.9783363342285156,
        "lat": 6.203901688615543,
        "lon": -1.7374644361087805,
        "region": "Obuasi",
        "detected_at": "2026-03-09T06:22:55.578160",
        "model_version": "48px_v3.7_2024-01-10"
      }
    },
    {
      "type": "Feature",
      "geometry": {
        "type": "Point",
        "coordinates": [
          -1.735290210329154,
          6.2408902607426615
        ]
      },
      "properties": {
        "probability": 0.9304488897323608,
        "lat": 6.2408902607426615,
        "lon": -1.735290210329154,
        "region": "Obuasi",
        "detected_at": "2026-03-09T06:22:55.578250",
        "model_version": "48px_v3.7_2024-01-10"
      }
    },
    {
      "type": "Feature",
      "geometry": {
        "type": "Point",
        "coordinates": [
          -1.735290210329154,
          6.238714462382243
        ]
      },
      "properties": {
        "probability": 0.8883642554283142,
        "lat": 6.238714462382243,
        "lon": -1.735290210329154,
        "region": "Obuasi",
        "detected_at": "2026-03-09T06:22:55.578339",
        "model_version": "48px_v3.7_2024-01-10"
      }
    },
    {
      "type": "Feature",
      "geometry": {
        "type": "Point",
        "coordinates": [
          -1.735290210329154,
          6.234362865661406
        ]
      },
      "properties": {
        "probability": 0.9517608284950256,
        "lat": 6.234362865661406,
        "lon": -1.735290210329154,
        "region": "Obuasi",
        "detected_at": "2026-03-09T06:22:55.578436",
        "model_version": "48px_v3.7_2024-01-10"
      }
    },
    {
      "type": "Feature",
      "geometry": {
        "type": "Point",
        "coordinates": [
          -1.735290210329154,
          6.232187067300988
        ]
      },
      "properties": {
        "probability": 0.9268239736557007,
        "lat": 6.232187067300988,
        "lon": -1.735290210329154,
        "region": "Obuasi",
        "detected_at": "2026-03-09T06:22:55.578532",
        "model_version": "48px_v3.7_2024-01-10"
      }
    },
    {
      "type": "Feature",
      "geometry": {
        "type": "Point",
        "coordinates": [
          -1.7331159845495279,
          6.243066059103081
        ]
      },
      "properties": {
        "probability": 0.8399065136909485,
        "lat": 6.243066059103081,
        "lon": -1.7331159845495279,
        "region": "Obuasi",
        "detected_at": "2026-03-09T06:22:55.578629",
        "model_version": "48px_v3.7_2024-01-10"
      }
    },
    {
      "type": "Feature",
      "geometry": {
        "type": "Point",
        "coordinates": [
          -1.7331159845495279,
          6.2408902607426615
        ]
      },
      "properties": {
        "probability": 0.9995455145835876,
        "lat": 6.2408902607426615,
        "lon": -1.7331159845495279,
        "region": "Obuasi",
        "detected_at": "2026-03-09T06:22:55.578718",
        "model_version": "48px_v3.7_2024-01-10"
      }
    },
    {
      "type": "Feature",
      "geometry": {
        "type": "Point",
        "coordinates": [
          -1.7331159845495279,
          6.238714462382243
        ]
      },
      "properties": {
        "probability": 0.9974415302276611,
        "lat": 6.238714462382243,
        "lon": -1.7331159845495279,
        "region": "Obuasi",
        "detected_at": "2026-03-09T06:22:55.578808",
        "model_version": "48px_v3.7_2024-01-10"
      }
    },
    {
      "type": "Feature",
      "geometry": {
        "type": "Point",
        "coordinates": [
          -1.7331159845495279,
          6.234362865661406
        ]
      },
      "properties": {
        "probability": 0.9955341815948486,
        "lat": 6.234362865661406,
        "lon": -1.7331159845495279,
        "region": "Obuasi",
        "detected_at": "2026-03-09T06:22:55.578899",
        "model_version": "48px_v3.7_2024-01-10"
      }
    },
    {
      "type": "Feature",
      "geometry": {
        "type": "Point",
        "coordinates": [
          -1.7331159845495279,
          6.232187067300988
        ]
      },
      "properties": {
        "probability": 0.9747557044029236,
        "lat": 6.232187067300988,
        "lon": -1.7331159845495279,
        "region": "Obuasi",
        "detected_at": "2026-03-09T06:22:55.578987",
        "model_version": "48px_v3.7_2024-01-10"
      }
    },
    {
      "type": "Feature",
      "geometry": {
        "type": "Point",
        "coordinates": [
          -1.7331159845495279,
          6.214780680417638
        ]
      },
      "properties": {
        "probability": 0.8305506110191345,
        "lat": 6.214780680417638,
        "lon": -1.7331159845495279,
        "region": "Obuasi",
        "detected_at": "2026-03-09T06:22:55.579097",
        "model_version": "48px_v3.7_2024-01-10"
      }
    },
    {
      "type": "Feature",
      "geometry": {
        "type": "Point",
        "coordinates": [
          -1.7309417587699016,
          6.249593454184338
        ]
      },
      "properties": {
        "probability": 0.9919804334640503,
        "lat": 6.249593454184338,
        "lon": -1.7309417587699016,
        "region": "Obuasi",
        "detected_at": "2026-03-09T06:22:55.579188",
        "model_version": "48px_v3.7_2024-01-10"
      }
    },
    {
      "type": "Feature",
      "geometry": {
        "type": "Point",
        "coordinates": [
          -1.7309417587699016,
          6.247417655823918
        ]
      },
      "properties": {
        "probability": 0.93147212266922,
        "lat": 6.247417655823918,
        "lon": -1.7309417587699016,
        "region": "Obuasi",
        "detected_at": "2026-03-09T06:22:55.579279",
        "model_version": "48px_v3.7_2024-01-10"
      }
    },
    {
      "type": "Feature",
      "geometry": {
        "type": "Point",
        "coordinates": [
          -1.7309417587699014,
          6.245241857463499
        ]
      },
      "properties": {
        "probability": 0.8830069899559021,
        "lat": 6.245241857463499,
        "lon": -1.7309417587699014,
        "region": "Obuasi",
        "detected_at": "2026-03-09T06:22:55.579368",
        "model_version": "48px_v3.7_2024-01-10"
      }
    },
    {
      "type": "Feature",
      "geometry": {
        "type": "Point",
        "coordinates": [
          -1.7309417587699014,
          6.216956478778057
        ]
      },
      "properties": {
        "probability": 0.873578667640686,
        "lat": 6.216956478778057,
        "lon": -1.7309417587699014,
        "region": "Obuasi",
        "detected_at": "2026-03-09T06:22:55.579457",
        "model_version": "48px_v3.7_2024-01-10"
      }
    },
    {
      "type": "Feature",
      "geometry": {
        "type": "Point",
        "coordinates": [
          -1.7309417587699016,
          6.214780680417638
        ]
      },
      "properties": {
        "probability": 0.9071758985519409,
        "lat": 6.214780680417638,
        "lon": -1.7309417587699016,
        "region": "Obuasi",
        "detected_at": "2026-03-09T06:22:55.579546",
        "model_version": "48px_v3.7_2024-01-10"
      }
    },
    {
      "type": "Feature",
      "geometry": {
        "type": "Point",
        "coordinates": [
          -1.7287675329902752,
          6.249593454184338
        ]
      },
      "properties": {
        "probability": 0.961376965045929,
        "lat": 6.249593454184338,
        "lon": -1.7287675329902752,
        "region": "Obuasi",
        "detected_at": "2026-03-09T06:22:55.579640",
        "model_version": "48px_v3.7_2024-01-10"
      }
    },
    {
      "type": "Feature",
      "geometry": {
        "type": "Point",
        "coordinates": [
          -1.7287675329902752,
          6.247417655823918
        ]
      },
      "properties": {
        "probability": 0.9989740252494812,
        "lat": 6.247417655823918,
        "lon": -1.7287675329902752,
        "region": "Obuasi",
        "detected_at": "2026-03-09T06:22:55.579731",
        "model_version": "48px_v3.7_2024-01-10"
      }
    },
    {
      "type": "Feature",
      "geometry": {
        "type": "Point",
        "coordinates": [
          -1.7287675329902754,
          6.245241857463499
        ]
      },
      "properties": {
        "probability": 0.9787333011627197,
        "lat": 6.245241857463499,
        "lon": -1.7287675329902754,
        "region": "Obuasi",
        "detected_at": "2026-03-09T06:22:55.579819",
        "model_version": "48px_v3.7_2024-01-10"
      }
    },
    {
      "type": "Feature",
      "geometry": {
        "type": "Point",
        "coordinates": [
          -1.7265933072106492,
          6.238714462382243
        ]
      },
      "properties": {
        "probability": 0.9818370938301086,
        "lat": 6.238714462382243,
        "lon": -1.7265933072106492,
        "region": "Obuasi",
        "detected_at": "2026-03-09T06:22:55.579921",
        "model_version": "48px_v3.7_2024-01-10"
      }
    },
    {
      "type": "Feature",
      "geometry": {
        "type": "Point",
        "coordinates": [
          -1.724419081431023,
          6.245241857463499
        ]
      },
      "properties": {
        "probability": 0.8798152804374695,
        "lat": 6.245241857463499,
        "lon": -1.724419081431023,
        "region": "Obuasi",
        "detected_at": "2026-03-09T06:22:55.580028",
        "model_version": "48px_v3.7_2024-01-10"
      }
    },
    {
      "type": "Feature",
      "geometry": {
        "type": "Point",
        "coordinates": [
          -1.724419081431023,
          6.243066059103081
        ]
      },
      "properties": {
        "probability": 0.9991709589958191,
        "lat": 6.243066059103081,
        "lon": -1.724419081431023,
        "region": "Obuasi",
        "detected_at": "2026-03-09T06:22:55.580122",
        "model_version": "48px_v3.7_2024-01-10"
      }
    },
    {
      "type": "Feature",
      "geometry": {
        "type": "Point",
        "coordinates": [
          -1.724419081431023,
          6.2408902607426615
        ]
      },
      "properties": {
        "probability": 0.9902003407478333,
        "lat": 6.2408902607426615,
        "lon": -1.724419081431023,
        "region": "Obuasi",
        "detected_at": "2026-03-09T06:22:55.580211",
        "model_version": "48px_v3.7_2024-01-10"
      }
    },
    {
      "type": "Feature",
      "geometry": {
        "type": "Point",
        "coordinates": [
          -1.724419081431023,
          6.238714462382243
        ]
      },
      "properties": {
        "probability": 0.9952020645141602,
        "lat": 6.238714462382243,
        "lon": -1.724419081431023,
        "region": "Obuasi",
        "detected_at": "2026-03-09T06:22:55.580301",
        "model_version": "48px_v3.7_2024-01-10"
      }
    },
    {
      "type": "Feature",
      "geometry": {
        "type": "Point",
        "coordinates": [
          -1.724419081431023,
          6.236538664021824
        ]
      },
      "properties": {
        "probability": 0.9978188872337341,
        "lat": 6.236538664021824,
        "lon": -1.724419081431023,
        "region": "Obuasi",
        "detected_at": "2026-03-09T06:22:55.580397",
        "model_version": "48px_v3.7_2024-01-10"
      }
    },
    {
      "type": "Feature",
      "geometry": {
        "type": "Point",
        "coordinates": [
          -1.7222448556513963,
          6.245241857463499
        ]
      },
      "properties": {
        "probability": 0.9985997676849365,
        "lat": 6.245241857463499,
        "lon": -1.7222448556513963,
        "region": "Obuasi",
        "detected_at": "2026-03-09T06:22:55.580493",
        "model_version": "48px_v3.7_2024-01-10"
      }
    },
    {
      "type": "Feature",
      "geometry": {
        "type": "Point",
        "coordinates": [
          -1.7222448556513963,
          6.243066059103081
        ]
      },
      "properties": {
        "probability": 0.9959763288497925,
        "lat": 6.243066059103081,
        "lon": -1.7222448556513963,
        "region": "Obuasi",
        "detected_at": "2026-03-09T06:22:55.580582",
        "model_version": "48px_v3.7_2024-01-10"
      }
    },
    {
      "type": "Feature",
      "geometry": {
        "type": "Point",
        "coordinates": [
          -1.7222448556513967,
          6.236538664021824
        ]
      },
      "properties": {
        "probability": 0.9890286326408386,
        "lat": 6.236538664021824,
        "lon": -1.7222448556513967,
        "region": "Obuasi",
        "detected_at": "2026-03-09T06:22:55.580692",
        "model_version": "48px_v3.7_2024-01-10"
      }
    },
    {
      "type": "Feature",
      "geometry": {
        "type": "Point",
        "coordinates": [
          -1.7222448556513963,
          6.234362865661406
        ]
      },
      "properties": {
        "probability": 0.9973695278167725,
        "lat": 6.234362865661406,
        "lon": -1.7222448556513963,
        "region": "Obuasi",
        "detected_at": "2026-03-09T06:22:55.580780",
        "model_version": "48px_v3.7_2024-01-10"
      }
    },
    {
      "type": "Feature",
      "geometry": {
        "type": "Point",
        "coordinates": [
          -1.7200706298717707,
          6.247417655823918
        ]
      },
      "properties": {
        "probability": 0.9417510628700256,
        "lat": 6.247417655823918,
        "lon": -1.7200706298717707,
        "region": "Obuasi",
        "detected_at": "2026-03-09T06:22:55.580870",
        "model_version": "48px_v3.7_2024-01-10"
      }
    },
    {
      "type": "Feature",
      "geometry": {
        "type": "Point",
        "coordinates": [
          -1.7200706298717705,
          6.245241857463499
        ]
      },
      "properties": {
        "probability": 0.9999920725822449,
        "lat": 6.245241857463499,
        "lon": -1.7200706298717705,
        "region": "Obuasi",
        "detected_at": "2026-03-09T06:22:55.580958",
        "model_version": "48px_v3.7_2024-01-10"
      }
    },
    {
      "type": "Feature",
      "geometry": {
        "type": "Point",
        "coordinates": [
          -1.7200706298717705,
          6.234362865661406
        ]
      },
      "properties": {
        "probability": 0.9998360276222229,
        "lat": 6.234362865661406,
        "lon": -1.7200706298717705,
        "region": "Obuasi",
        "detected_at": "2026-03-09T06:22:55.581063",
        "model_version": "48px_v3.7_2024-01-10"
      }
    },
    {
      "type": "Feature",
      "geometry": {
        "type": "Point",
        "coordinates": [
          -1.7178964040921443,
          6.247417655823918
        ]
      },
      "properties": {
        "probability": 0.9993278384208679,
        "lat": 6.247417655823918,
        "lon": -1.7178964040921443,
        "region": "Obuasi",
        "detected_at": "2026-03-09T06:22:55.581155",
        "model_version": "48px_v3.7_2024-01-10"
      }
    },
    {
      "type": "Feature",
      "geometry": {
        "type": "Point",
        "coordinates": [
          -1.7178964040921443,
          6.245241857463499
        ]
      },
      "properties": {
        "probability": 0.9999974370002747,
        "lat": 6.245241857463499,
        "lon": -1.7178964040921443,
        "region": "Obuasi",
        "detected_at": "2026-03-09T06:22:55.581244",
        "model_version": "48px_v3.7_2024-01-10"
      }
    },
    {
      "type": "Feature",
      "geometry": {
        "type": "Point",
        "coordinates": [
          -1.7178964040921443,
          6.243066059103081
        ]
      },
      "properties": {
        "probability": 0.9469658732414246,
        "lat": 6.243066059103081,
        "lon": -1.7178964040921443,
        "region": "Obuasi",
        "detected_at": "2026-03-09T06:22:55.581333",
        "model_version": "48px_v3.7_2024-01-10"
      }
    },
    {
      "type": "Feature",
      "geometry": {
        "type": "Point",
        "coordinates": [
          -1.7178964040921443,
          6.234362865661406
        ]
      },
      "properties": {
        "probability": 0.9868519306182861,
        "lat": 6.234362865661406,
        "lon": -1.7178964040921443,
        "region": "Obuasi",
        "detected_at": "2026-03-09T06:22:55.581431",
        "model_version": "48px_v3.7_2024-01-10"
      }
    },
    {
      "type": "Feature",
      "geometry": {
        "type": "Point",
        "coordinates": [
          -1.7178964040921443,
          6.232187067300988
        ]
      },
      "properties": {
        "probability": 0.9339077472686768,
        "lat": 6.232187067300988,
        "lon": -1.7178964040921443,
        "region": "Obuasi",
        "detected_at": "2026-03-09T06:22:55.581521",
        "model_version": "48px_v3.7_2024-01-10"
      }
    },
    {
      "type": "Feature",
      "geometry": {
        "type": "Point",
        "coordinates": [
          -1.715722178312518,
          6.249593454184338
        ]
      },
      "properties": {
        "probability": 0.9986926913261414,
        "lat": 6.249593454184338,
        "lon": -1.715722178312518,
        "region": "Obuasi",
        "detected_at": "2026-03-09T06:22:55.581610",
        "model_version": "48px_v3.7_2024-01-10"
      }
    },
    {
      "type": "Feature",
      "geometry": {
        "type": "Point",
        "coordinates": [
          -1.715722178312518,
          6.247417655823918
        ]
      },
      "properties": {
        "probability": 0.9998758435249329,
        "lat": 6.247417655823918,
        "lon": -1.715722178312518,
        "region": "Obuasi",
        "detected_at": "2026-03-09T06:22:55.581698",
        "model_version": "48px_v3.7_2024-01-10"
      }
    },
    {
      "type": "Feature",
      "geometry": {
        "type": "Point",
        "coordinates": [
          -1.715722178312518,
          6.245241857463499
        ]
      },
      "properties": {
        "probability": 0.9971790313720703,
        "lat": 6.245241857463499,
        "lon": -1.715722178312518,
        "region": "Obuasi",
        "detected_at": "2026-03-09T06:22:55.581786",
        "model_version": "48px_v3.7_2024-01-10"
      }
    },
    {
      "type": "Feature",
      "geometry": {
        "type": "Point",
        "coordinates": [
          -1.7135479525328916,
          6.249593454184338
        ]
      },
      "properties": {
        "probability": 0.9763084650039673,
        "lat": 6.249593454184338,
        "lon": -1.7135479525328916,
        "region": "Obuasi",
        "detected_at": "2026-03-09T06:22:55.581874",
        "model_version": "48px_v3.7_2024-01-10"
      }
    },
    {
      "type": "Feature",
      "geometry": {
        "type": "Point",
        "coordinates": [
          -1.713547952532892,
          6.245241857463499
        ]
      },
      "properties": {
        "probability": 0.8237537145614624,
        "lat": 6.245241857463499,
        "lon": -1.713547952532892,
        "region": "Obuasi",
        "detected_at": "2026-03-09T06:22:55.581964",
        "model_version": "48px_v3.7_2024-01-10"
      }
    },
    {
      "type": "Feature",
      "geometry": {
        "type": "Point",
        "coordinates": [
          -1.713547952532892,
          6.243066059103081
        ]
      },
      "properties": {
        "probability": 0.8941856026649475,
        "lat": 6.243066059103081,
        "lon": -1.713547952532892,
        "region": "Obuasi",
        "detected_at": "2026-03-09T06:22:55.582071",
        "model_version": "48px_v3.7_2024-01-10"
      }
    },
    {
      "type": "Feature",
      "geometry": {
        "type": "Point",
        "coordinates": [
          -1.7113737267532656,
          6.225659672219731
        ]
      },
      "properties": {
        "probability": 0.9865882992744446,
        "lat": 6.225659672219731,
        "lon": -1.7113737267532656,
        "region": "Obuasi",
        "detected_at": "2026-03-09T06:22:55.582163",
        "model_version": "48px_v3.7_2024-01-10"
      }
    },
    {
      "type": "Feature",
      "geometry": {
        "type": "Point",
        "coordinates": [
          -1.7113737267532656,
          6.223483873859311
        ]
      },
      "properties": {
        "probability": 0.8880809545516968,
        "lat": 6.223483873859311,
        "lon": -1.7113737267532656,
        "region": "Obuasi",
        "detected_at": "2026-03-09T06:22:55.582259",
        "model_version": "48px_v3.7_2024-01-10"
      }
    },
    {
      "type": "Feature",
      "geometry": {
        "type": "Point",
        "coordinates": [
          -1.7091995009736394,
          6.225659672219731
        ]
      },
      "properties": {
        "probability": 0.8538544774055481,
        "lat": 6.225659672219731,
        "lon": -1.7091995009736394,
        "region": "Obuasi",
        "detected_at": "2026-03-09T06:22:55.582348",
        "model_version": "48px_v3.7_2024-01-10"
      }
    },
    {
      "type": "Feature",
      "geometry": {
        "type": "Point",
        "coordinates": [
          -1.7980973605616035,
          6.277877243204382
        ]
      },
      "properties": {
        "probability": 0.8826791048049927,
        "lat": 6.277877243204382,
        "lon": -1.7980973605616035,
        "region": "Obuasi",
        "detected_at": "2026-03-09T06:22:55.582438",
        "model_version": "48px_v3.7_2024-01-10"
      }
    },
    {
      "type": "Feature",
      "geometry": {
        "type": "Point",
        "coordinates": [
          -1.7937487338672988,
          6.27570157731608
        ]
      },
      "properties": {
        "probability": 0.8126466870307922,
        "lat": 6.27570157731608,
        "lon": -1.7937487338672988,
        "region": "Obuasi",
        "detected_at": "2026-03-09T06:22:55.582526",
        "model_version": "48px_v3.7_2024-01-10"
      }
    },
    {
      "type": "Feature",
      "geometry": {
        "type": "Point",
        "coordinates": [
          -1.793748733867299,
          6.273525911427778
        ]
      },
      "properties": {
        "probability": 0.9613842368125916,
        "lat": 6.273525911427778,
        "lon": -1.793748733867299,
        "region": "Obuasi",
        "detected_at": "2026-03-09T06:22:55.582619",
        "model_version": "48px_v3.7_2024-01-10"
      }
    },
    {
      "type": "Feature",
      "geometry": {
        "type": "Point",
        "coordinates": [
          -1.791574420520147,
          6.273525911427778
        ]
      },
      "properties": {
        "probability": 0.8657045364379883,
        "lat": 6.273525911427778,
        "lon": -1.791574420520147,
        "region": "Obuasi",
        "detected_at": "2026-03-09T06:22:55.582710",
        "model_version": "48px_v3.7_2024-01-10"
      }
    },
    {
      "type": "Feature",
      "geometry": {
        "type": "Point",
        "coordinates": [
          -1.7763542270900814,
          6.253944918433058
        ]
      },
      "properties": {
        "probability": 0.9957168698310852,
        "lat": 6.253944918433058,
        "lon": -1.7763542270900814,
        "region": "Obuasi",
        "detected_at": "2026-03-09T06:22:55.582799",
        "model_version": "48px_v3.7_2024-01-10"
      }
    },
    {
      "type": "Feature",
      "geometry": {
        "type": "Point",
        "coordinates": [
          -1.7741799137429288,
          6.253944918433058
        ]
      },
      "properties": {
        "probability": 0.986015796661377,
        "lat": 6.253944918433058,
        "lon": -1.7741799137429288,
        "region": "Obuasi",
        "detected_at": "2026-03-09T06:22:55.582899",
        "model_version": "48px_v3.7_2024-01-10"
      }
    },
    {
      "type": "Feature",
      "geometry": {
        "type": "Point",
        "coordinates": [
          -1.7698312870486248,
          6.2626475819862675
        ]
      },
      "properties": {
        "probability": 0.8883118629455566,
        "lat": 6.2626475819862675,
        "lon": -1.7698312870486248,
        "region": "Obuasi",
        "detected_at": "2026-03-09T06:22:55.582990",
        "model_version": "48px_v3.7_2024-01-10"
      }
    },
    {
      "type": "Feature",
      "geometry": {
        "type": "Point",
        "coordinates": [
          -1.7676569737014727,
          6.262647581986268
        ]
      },
      "properties": {
        "probability": 0.8153603672981262,
        "lat": 6.262647581986268,
        "lon": -1.7676569737014727,
        "region": "Obuasi",
        "detected_at": "2026-03-09T06:22:55.583101",
        "model_version": "48px_v3.7_2024-01-10"
      }
    },
    {
      "type": "Feature",
      "geometry": {
        "type": "Point",
        "coordinates": [
          -1.7567854069657116,
          6.290931238534196
        ]
      },
      "properties": {
        "probability": 0.81979900598526,
        "lat": 6.290931238534196,
        "lon": -1.7567854069657116,
        "region": "Obuasi",
        "detected_at": "2026-03-09T06:22:55.583192",
        "model_version": "48px_v3.7_2024-01-10"
      }
    },
    {
      "type": "Feature",
      "geometry": {
        "type": "Point",
        "coordinates": [
          -1.748212169276764,
          6.275577151319673
        ]
      },
      "properties": {
        "probability": 0.9307950139045715,
        "lat": 6.275577151319673,
        "lon": -1.748212169276764,
        "region": "Obuasi",
        "detected_at": "2026-03-09T06:22:55.583282",
        "model_version": "48px_v3.7_2024-01-10"
      }
    },
    {
      "type": "Feature",
      "geometry": {
        "type": "Point",
        "coordinates": [
          -1.7482121692767643,
          6.273401313161621
        ]
      },
      "properties": {
        "probability": 0.997806191444397,
        "lat": 6.273401313161621,
        "lon": -1.7482121692767643,
        "region": "Obuasi",
        "detected_at": "2026-03-09T06:22:55.583372",
        "model_version": "48px_v3.7_2024-01-10"
      }
    },
    {
      "type": "Feature",
      "geometry": {
        "type": "Point",
        "coordinates": [
          -1.748212169276764,
          6.27122547500357
        ]
      },
      "properties": {
        "probability": 0.9885332584381104,
        "lat": 6.27122547500357,
        "lon": -1.748212169276764,
        "region": "Obuasi",
        "detected_at": "2026-03-09T06:22:55.583461",
        "model_version": "48px_v3.7_2024-01-10"
      }
    },
    {
      "type": "Feature",
      "geometry": {
        "type": "Point",
        "coordinates": [
          -1.748212169276764,
          6.269049636845518
        ]
      },
      "properties": {
        "probability": 0.9875536561012268,
        "lat": 6.269049636845518,
        "lon": -1.748212169276764,
        "region": "Obuasi",
        "detected_at": "2026-03-09T06:22:55.583549",
        "model_version": "48px_v3.7_2024-01-10"
      }
    },
    {
      "type": "Feature",
      "geometry": {
        "type": "Point",
        "coordinates": [
          -1.7460376842927778,
          6.269049636845518
        ]
      },
      "properties": {
        "probability": 0.9930098056793213,
        "lat": 6.269049636845518,
        "lon": -1.7460376842927778,
        "region": "Obuasi",
        "detected_at": "2026-03-09T06:22:55.583638",
        "model_version": "48px_v3.7_2024-01-10"
      }
    },
    {
      "type": "Feature",
      "geometry": {
        "type": "Point",
        "coordinates": [
          -1.7460376842927776,
          6.2668737986874685
        ]
      },
      "properties": {
        "probability": 0.9992120265960693,
        "lat": 6.2668737986874685,
        "lon": -1.7460376842927776,
        "region": "Obuasi",
        "detected_at": "2026-03-09T06:22:55.583726",
        "model_version": "48px_v3.7_2024-01-10"
      }
    },
    {
      "type": "Feature",
      "geometry": {
        "type": "Point",
        "coordinates": [
          -1.7460376842927776,
          6.2603462842133135
        ]
      },
      "properties": {
        "probability": 0.809959352016449,
        "lat": 6.2603462842133135,
        "lon": -1.7460376842927776,
        "region": "Obuasi",
        "detected_at": "2026-03-09T06:22:55.583815",
        "model_version": "48px_v3.7_2024-01-10"
      }
    },
    {
      "type": "Feature",
      "geometry": {
        "type": "Point",
        "coordinates": [
          -1.7460376842927776,
          6.258170446055262
        ]
      },
      "properties": {
        "probability": 0.9989902377128601,
        "lat": 6.258170446055262,
        "lon": -1.7460376842927776,
        "region": "Obuasi",
        "detected_at": "2026-03-09T06:22:55.583903",
        "model_version": "48px_v3.7_2024-01-10"
      }
    },
    {
      "type": "Feature",
      "geometry": {
        "type": "Point",
        "coordinates": [
          -1.7460376842927778,
          6.255994607897211
        ]
      },
      "properties": {
        "probability": 0.9961758852005005,
        "lat": 6.255994607897211,
        "lon": -1.7460376842927778,
        "region": "Obuasi",
        "detected_at": "2026-03-09T06:22:55.584015",
        "model_version": "48px_v3.7_2024-01-10"
      }
    },
    {
      "type": "Feature",
      "geometry": {
        "type": "Point",
        "coordinates": [
          -1.7460376842927778,
          6.253818769739159
        ]
      },
      "properties": {
        "probability": 0.9992368221282959,
        "lat": 6.253818769739159,
        "lon": -1.7460376842927778,
        "region": "Obuasi",
        "detected_at": "2026-03-09T06:22:55.584110",
        "model_version": "48px_v3.7_2024-01-10"
      }
    },
    {
      "type": "Feature",
      "geometry": {
        "type": "Point",
        "coordinates": [
          -1.743863199308791,
          6.266873798687468
        ]
      },
      "properties": {
        "probability": 0.9988141059875488,
        "lat": 6.266873798687468,
        "lon": -1.743863199308791,
        "region": "Obuasi",
        "detected_at": "2026-03-09T06:22:55.584199",
        "model_version": "48px_v3.7_2024-01-10"
      }
    },
    {
      "type": "Feature",
      "geometry": {
        "type": "Point",
        "coordinates": [
          -1.743863199308791,
          6.264697960529416
        ]
      },
      "properties": {
        "probability": 0.9972329139709473,
        "lat": 6.264697960529416,
        "lon": -1.743863199308791,
        "region": "Obuasi",
        "detected_at": "2026-03-09T06:22:55.584288",
        "model_version": "48px_v3.7_2024-01-10"
      }
    },
    {
      "type": "Feature",
      "geometry": {
        "type": "Point",
        "coordinates": [
          -1.743863199308791,
          6.262522122371365
        ]
      },
      "properties": {
        "probability": 0.9308595657348633,
        "lat": 6.262522122371365,
        "lon": -1.743863199308791,
        "region": "Obuasi",
        "detected_at": "2026-03-09T06:22:55.584386",
        "model_version": "48px_v3.7_2024-01-10"
      }
    },
    {
      "type": "Feature",
      "geometry": {
        "type": "Point",
        "coordinates": [
          -1.743863199308791,
          6.2603462842133135
        ]
      },
      "properties": {
        "probability": 0.9964528679847717,
        "lat": 6.2603462842133135,
        "lon": -1.743863199308791,
        "region": "Obuasi",
        "detected_at": "2026-03-09T06:22:55.584476",
        "model_version": "48px_v3.7_2024-01-10"
      }
    },
    {
      "type": "Feature",
      "geometry": {
        "type": "Point",
        "coordinates": [
          -1.743863199308791,
          6.258170446055261
        ]
      },
      "properties": {
        "probability": 0.9998398423194885,
        "lat": 6.258170446055261,
        "lon": -1.743863199308791,
        "region": "Obuasi",
        "detected_at": "2026-03-09T06:22:55.584565",
        "model_version": "48px_v3.7_2024-01-10"
      }
    },
    {
      "type": "Feature",
      "geometry": {
        "type": "Point",
        "coordinates": [
          -1.743863199308791,
          6.25599460789721
        ]
      },
      "properties": {
        "probability": 0.9051962494850159,
        "lat": 6.25599460789721,
        "lon": -1.743863199308791,
        "region": "Obuasi",
        "detected_at": "2026-03-09T06:22:55.584654",
        "model_version": "48px_v3.7_2024-01-10"
      }
    },
    {
      "type": "Feature",
      "geometry": {
        "type": "Point",
        "coordinates": [
          -1.741688714324804,
          6.284280503951878
        ]
      },
      "properties": {
        "probability": 0.8675757050514221,
        "lat": 6.284280503951878,
        "lon": -1.741688714324804,
        "region": "Obuasi",
        "detected_at": "2026-03-09T06:22:55.584742",
        "model_version": "48px_v3.7_2024-01-10"
      }
    },
    {
      "type": "Feature",
      "geometry": {
        "type": "Point",
        "coordinates": [
          -1.741688714324804,
          6.262522122371365
        ]
      },
      "properties": {
        "probability": 0.9953656792640686,
        "lat": 6.262522122371365,
        "lon": -1.741688714324804,
        "region": "Obuasi",
        "detected_at": "2026-03-09T06:22:55.584830",
        "model_version": "48px_v3.7_2024-01-10"
      }
    },
    {
      "type": "Feature",
      "geometry": {
        "type": "Point",
        "coordinates": [
          -1.741688714324804,
          6.2603462842133135
        ]
      },
      "properties": {
        "probability": 0.9992588758468628,
        "lat": 6.2603462842133135,
        "lon": -1.741688714324804,
        "region": "Obuasi",
        "detected_at": "2026-03-09T06:22:55.584919",
        "model_version": "48px_v3.7_2024-01-10"
      }
    },
    {
      "type": "Feature",
      "geometry": {
        "type": "Point",
        "coordinates": [
          -1.741688714324804,
          6.258170446055262
        ]
      },
      "properties": {
        "probability": 0.8278369307518005,
        "lat": 6.258170446055262,
        "lon": -1.741688714324804,
        "region": "Obuasi",
        "detected_at": "2026-03-09T06:22:55.585024",
        "model_version": "48px_v3.7_2024-01-10"
      }
    },
    {
      "type": "Feature",
      "geometry": {
        "type": "Point",
        "coordinates": [
          -1.7395142293408177,
          6.262522122371365
        ]
      },
      "properties": {
        "probability": 0.9919835925102234,
        "lat": 6.262522122371365,
        "lon": -1.7395142293408177,
        "region": "Obuasi",
        "detected_at": "2026-03-09T06:22:55.585121",
        "model_version": "48px_v3.7_2024-01-10"
      }
    },
    {
      "type": "Feature",
      "geometry": {
        "type": "Point",
        "coordinates": [
          -1.7395142293408177,
          6.2603462842133135
        ]
      },
      "properties": {
        "probability": 0.9984185099601746,
        "lat": 6.2603462842133135,
        "lon": -1.7395142293408177,
        "region": "Obuasi",
        "detected_at": "2026-03-09T06:22:55.585218",
        "model_version": "48px_v3.7_2024-01-10"
      }
    },
    {
      "type": "Feature",
      "geometry": {
        "type": "Point",
        "coordinates": [
          -1.7373397443568308,
          6.295159694742136
        ]
      },
      "properties": {
        "probability": 0.8785141706466675,
        "lat": 6.295159694742136,
        "lon": -1.7373397443568308,
        "region": "Obuasi",
        "detected_at": "2026-03-09T06:22:55.585308",
        "model_version": "48px_v3.7_2024-01-10"
      }
    },
    {
      "type": "Feature",
      "geometry": {
        "type": "Point",
        "coordinates": [
          -1.7373397443568306,
          6.292983856584086
        ]
      },
      "properties": {
        "probability": 0.8135919570922852,
        "lat": 6.292983856584086,
        "lon": -1.7373397443568306,
        "region": "Obuasi",
        "detected_at": "2026-03-09T06:22:55.585397",
        "model_version": "48px_v3.7_2024-01-10"
      }
    },
    {
      "type": "Feature",
      "geometry": {
        "type": "Point",
        "coordinates": [
          -1.7373397443568308,
          6.279928827635776
        ]
      },
      "properties": {
        "probability": 0.9421415328979492,
        "lat": 6.279928827635776,
        "lon": -1.7373397443568308,
        "region": "Obuasi",
        "detected_at": "2026-03-09T06:22:55.585488",
        "model_version": "48px_v3.7_2024-01-10"
      }
    },
    {
      "type": "Feature",
      "geometry": {
        "type": "Point",
        "coordinates": [
          -1.7373397443568306,
          6.277752989477724
        ]
      },
      "properties": {
        "probability": 0.9124301671981812,
        "lat": 6.277752989477724,
        "lon": -1.7373397443568306,
        "region": "Obuasi",
        "detected_at": "2026-03-09T06:22:55.585581",
        "model_version": "48px_v3.7_2024-01-10"
      }
    },
    {
      "type": "Feature",
      "geometry": {
        "type": "Point",
        "coordinates": [
          -1.7373397443568306,
          6.275577151319674
        ]
      },
      "properties": {
        "probability": 0.8855348229408264,
        "lat": 6.275577151319674,
        "lon": -1.7373397443568306,
        "region": "Obuasi",
        "detected_at": "2026-03-09T06:22:55.585673",
        "model_version": "48px_v3.7_2024-01-10"
      }
    },
    {
      "type": "Feature",
      "geometry": {
        "type": "Point",
        "coordinates": [
          -1.7373397443568308,
          6.273401313161622
        ]
      },
      "properties": {
        "probability": 0.9797731041908264,
        "lat": 6.273401313161622,
        "lon": -1.7373397443568308,
        "region": "Obuasi",
        "detected_at": "2026-03-09T06:22:55.585767",
        "model_version": "48px_v3.7_2024-01-10"
      }
    },
    {
      "type": "Feature",
      "geometry": {
        "type": "Point",
        "coordinates": [
          -1.7373397443568306,
          6.271225475003571
        ]
      },
      "properties": {
        "probability": 0.9921101927757263,
        "lat": 6.271225475003571,
        "lon": -1.7373397443568306,
        "region": "Obuasi",
        "detected_at": "2026-03-09T06:22:55.585872",
        "model_version": "48px_v3.7_2024-01-10"
      }
    },
    {
      "type": "Feature",
      "geometry": {
        "type": "Point",
        "coordinates": [
          -1.7373397443568306,
          6.264697960529416
        ]
      },
      "properties": {
        "probability": 0.9950016140937805,
        "lat": 6.264697960529416,
        "lon": -1.7373397443568306,
        "region": "Obuasi",
        "detected_at": "2026-03-09T06:22:55.585962",
        "model_version": "48px_v3.7_2024-01-10"
      }
    },
    {
      "type": "Feature",
      "geometry": {
        "type": "Point",
        "coordinates": [
          -1.7373397443568306,
          6.262522122371365
        ]
      },
      "properties": {
        "probability": 0.999998152256012,
        "lat": 6.262522122371365,
        "lon": -1.7373397443568306,
        "region": "Obuasi",
        "detected_at": "2026-03-09T06:22:55.586072",
        "model_version": "48px_v3.7_2024-01-10"
      }
    },
    {
      "type": "Feature",
      "geometry": {
        "type": "Point",
        "coordinates": [
          -1.7373397443568308,
          6.2603462842133135
        ]
      },
      "properties": {
        "probability": 0.9838141798973083,
        "lat": 6.2603462842133135,
        "lon": -1.7373397443568308,
        "region": "Obuasi",
        "detected_at": "2026-03-09T06:22:55.586165",
        "model_version": "48px_v3.7_2024-01-10"
      }
    },
    {
      "type": "Feature",
      "geometry": {
        "type": "Point",
        "coordinates": [
          -1.7351652593728442,
          6.27122547500357
        ]
      },
      "properties": {
        "probability": 0.8677359223365784,
        "lat": 6.27122547500357,
        "lon": -1.7351652593728442,
        "region": "Obuasi",
        "detected_at": "2026-03-09T06:22:55.586254",
        "model_version": "48px_v3.7_2024-01-10"
      }
    },
    {
      "type": "Feature",
      "geometry": {
        "type": "Point",
        "coordinates": [
          -1.7351652593728442,
          6.269049636845518
        ]
      },
      "properties": {
        "probability": 0.999546468257904,
        "lat": 6.269049636845518,
        "lon": -1.7351652593728442,
        "region": "Obuasi",
        "detected_at": "2026-03-09T06:22:55.586344",
        "model_version": "48px_v3.7_2024-01-10"
      }
    },
    {
      "type": "Feature",
      "geometry": {
        "type": "Point",
        "coordinates": [
          -1.7351652593728442,
          6.2668737986874685
        ]
      },
      "properties": {
        "probability": 0.9999011754989624,
        "lat": 6.2668737986874685,
        "lon": -1.7351652593728442,
        "region": "Obuasi",
        "detected_at": "2026-03-09T06:22:55.586433",
        "model_version": "48px_v3.7_2024-01-10"
      }
    },
    {
      "type": "Feature",
      "geometry": {
        "type": "Point",
        "coordinates": [
          -1.7351652593728442,
          6.264697960529416
        ]
      },
      "properties": {
        "probability": 0.9999932646751404,
        "lat": 6.264697960529416,
        "lon": -1.7351652593728442,
        "region": "Obuasi",
        "detected_at": "2026-03-09T06:22:55.586523",
        "model_version": "48px_v3.7_2024-01-10"
      }
    },
    {
      "type": "Feature",
      "geometry": {
        "type": "Point",
        "coordinates": [
          -1.7351652593728442,
          6.262522122371365
        ]
      },
      "properties": {
        "probability": 0.999763011932373,
        "lat": 6.262522122371365,
        "lon": -1.7351652593728442,
        "region": "Obuasi",
        "detected_at": "2026-03-09T06:22:55.586612",
        "model_version": "48px_v3.7_2024-01-10"
      }
    },
    {
      "type": "Feature",
      "geometry": {
        "type": "Point",
        "coordinates": [
          -1.7329907743888575,
          6.2821046657938275
        ]
      },
      "properties": {
        "probability": 0.8878344297409058,
        "lat": 6.2821046657938275,
        "lon": -1.7329907743888575,
        "region": "Obuasi",
        "detected_at": "2026-03-09T06:22:55.586701",
        "model_version": "48px_v3.7_2024-01-10"
      }
    },
    {
      "type": "Feature",
      "geometry": {
        "type": "Point",
        "coordinates": [
          -1.7329907743888575,
          6.279928827635777
        ]
      },
      "properties": {
        "probability": 0.9949541687965393,
        "lat": 6.279928827635777,
        "lon": -1.7329907743888575,
        "region": "Obuasi",
        "detected_at": "2026-03-09T06:22:55.586791",
        "model_version": "48px_v3.7_2024-01-10"
      }
    },
    {
      "type": "Feature",
      "geometry": {
        "type": "Point",
        "coordinates": [
          -1.7329907743888575,
          6.273401313161621
        ]
      },
      "properties": {
        "probability": 0.9872519969940186,
        "lat": 6.273401313161621,
        "lon": -1.7329907743888575,
        "region": "Obuasi",
        "detected_at": "2026-03-09T06:22:55.586880",
        "model_version": "48px_v3.7_2024-01-10"
      }
    },
    {
      "type": "Feature",
      "geometry": {
        "type": "Point",
        "coordinates": [
          -1.7329907743888575,
          6.27122547500357
        ]
      },
      "properties": {
        "probability": 0.9996088743209839,
        "lat": 6.27122547500357,
        "lon": -1.7329907743888575,
        "region": "Obuasi",
        "detected_at": "2026-03-09T06:22:55.586969",
        "model_version": "48px_v3.7_2024-01-10"
      }
    },
    {
      "type": "Feature",
      "geometry": {
        "type": "Point",
        "coordinates": [
          -1.7329907743888575,
          6.269049636845518
        ]
      },
      "properties": {
        "probability": 0.9997060298919678,
        "lat": 6.269049636845518,
        "lon": -1.7329907743888575,
        "region": "Obuasi",
        "detected_at": "2026-03-09T06:22:55.587077",
        "model_version": "48px_v3.7_2024-01-10"
      }
    },
    {
      "type": "Feature",
      "geometry": {
        "type": "Point",
        "coordinates": [
          -1.7329907743888575,
          6.2668737986874685
        ]
      },
      "properties": {
        "probability": 0.994319498538971,
        "lat": 6.2668737986874685,
        "lon": -1.7329907743888575,
        "region": "Obuasi",
        "detected_at": "2026-03-09T06:22:55.587169",
        "model_version": "48px_v3.7_2024-01-10"
      }
    },
    {
      "type": "Feature",
      "geometry": {
        "type": "Point",
        "coordinates": [
          -1.7308162894048709,
          6.2821046657938275
        ]
      },
      "properties": {
        "probability": 0.9983249306678772,
        "lat": 6.2821046657938275,
        "lon": -1.7308162894048709,
        "region": "Obuasi",
        "detected_at": "2026-03-09T06:22:55.587264",
        "model_version": "48px_v3.7_2024-01-10"
      }
    },
    {
      "type": "Feature",
      "geometry": {
        "type": "Point",
        "coordinates": [
          -1.7308162894048709,
          6.279928827635776
        ]
      },
      "properties": {
        "probability": 0.9999734163284302,
        "lat": 6.279928827635776,
        "lon": -1.7308162894048709,
        "region": "Obuasi",
        "detected_at": "2026-03-09T06:22:55.587359",
        "model_version": "48px_v3.7_2024-01-10"
      }
    },
    {
      "type": "Feature",
      "geometry": {
        "type": "Point",
        "coordinates": [
          -1.7308162894048706,
          6.277752989477724
        ]
      },
      "properties": {
        "probability": 0.9997208714485168,
        "lat": 6.277752989477724,
        "lon": -1.7308162894048706,
        "region": "Obuasi",
        "detected_at": "2026-03-09T06:22:55.587449",
        "model_version": "48px_v3.7_2024-01-10"
      }
    },
    {
      "type": "Feature",
      "geometry": {
        "type": "Point",
        "coordinates": [
          -1.7308162894048706,
          6.275577151319674
        ]
      },
      "properties": {
        "probability": 0.9589552879333496,
        "lat": 6.275577151319674,
        "lon": -1.7308162894048706,
        "region": "Obuasi",
        "detected_at": "2026-03-09T06:22:55.587547",
        "model_version": "48px_v3.7_2024-01-10"
      }
    },
    {
      "type": "Feature",
      "geometry": {
        "type": "Point",
        "coordinates": [
          -1.7308162894048709,
          6.273401313161622
        ]
      },
      "properties": {
        "probability": 0.9273658990859985,
        "lat": 6.273401313161622,
        "lon": -1.7308162894048709,
        "region": "Obuasi",
        "detected_at": "2026-03-09T06:22:55.587644",
        "model_version": "48px_v3.7_2024-01-10"
      }
    },
    {
      "type": "Feature",
      "geometry": {
        "type": "Point",
        "coordinates": [
          -1.7308162894048706,
          6.271225475003571
        ]
      },
      "properties": {
        "probability": 0.9717485904693604,
        "lat": 6.271225475003571,
        "lon": -1.7308162894048706,
        "region": "Obuasi",
        "detected_at": "2026-03-09T06:22:55.587735",
        "model_version": "48px_v3.7_2024-01-10"
      }
    },
    {
      "type": "Feature",
      "geometry": {
        "type": "Point",
        "coordinates": [
          -1.728641804420884,
          6.288632180267982
        ]
      },
      "properties": {
        "probability": 0.8900271058082581,
        "lat": 6.288632180267982,
        "lon": -1.728641804420884,
        "region": "Obuasi",
        "detected_at": "2026-03-09T06:22:55.587825",
        "model_version": "48px_v3.7_2024-01-10"
      }
    },
    {
      "type": "Feature",
      "geometry": {
        "type": "Point",
        "coordinates": [
          -1.7286418044208838,
          6.286456342109931
        ]
      },
      "properties": {
        "probability": 0.9325554370880127,
        "lat": 6.286456342109931,
        "lon": -1.7286418044208838,
        "region": "Obuasi",
        "detected_at": "2026-03-09T06:22:55.587913",
        "model_version": "48px_v3.7_2024-01-10"
      }
    },
    {
      "type": "Feature",
      "geometry": {
        "type": "Point",
        "coordinates": [
          -1.7286418044208838,
          6.284280503951878
        ]
      },
      "properties": {
        "probability": 0.8272774815559387,
        "lat": 6.284280503951878,
        "lon": -1.7286418044208838,
        "region": "Obuasi",
        "detected_at": "2026-03-09T06:22:55.588020",
        "model_version": "48px_v3.7_2024-01-10"
      }
    },
    {
      "type": "Feature",
      "geometry": {
        "type": "Point",
        "coordinates": [
          -1.728641804420884,
          6.2821046657938275
        ]
      },
      "properties": {
        "probability": 0.992886483669281,
        "lat": 6.2821046657938275,
        "lon": -1.728641804420884,
        "region": "Obuasi",
        "detected_at": "2026-03-09T06:22:55.588115",
        "model_version": "48px_v3.7_2024-01-10"
      }
    },
    {
      "type": "Feature",
      "geometry": {
        "type": "Point",
        "coordinates": [
          -1.728641804420884,
          6.258170446055262
        ]
      },
      "properties": {
        "probability": 0.979328989982605,
        "lat": 6.258170446055262,
        "lon": -1.728641804420884,
        "region": "Obuasi",
        "detected_at": "2026-03-09T06:22:55.588206",
        "model_version": "48px_v3.7_2024-01-10"
      }
    },
    {
      "type": "Feature",
      "geometry": {
        "type": "Point",
        "coordinates": [
          -1.7286418044208838,
          6.255994607897211
        ]
      },
      "properties": {
        "probability": 0.9976351261138916,
        "lat": 6.255994607897211,
        "lon": -1.7286418044208838,
        "region": "Obuasi",
        "detected_at": "2026-03-09T06:22:55.588308",
        "model_version": "48px_v3.7_2024-01-10"
      }
    },
    {
      "type": "Feature",
      "geometry": {
        "type": "Point",
        "coordinates": [
          -1.7286418044208838,
          6.253818769739159
        ]
      },
      "properties": {
        "probability": 0.9990662932395935,
        "lat": 6.253818769739159,
        "lon": -1.7286418044208838,
        "region": "Obuasi",
        "detected_at": "2026-03-09T06:22:55.588397",
        "model_version": "48px_v3.7_2024-01-10"
      }
    },
    {
      "type": "Feature",
      "geometry": {
        "type": "Point",
        "coordinates": [
          -1.7264673194368974,
          6.258170446055262
        ]
      },
      "properties": {
        "probability": 0.9996734857559204,
        "lat": 6.258170446055262,
        "lon": -1.7264673194368974,
        "region": "Obuasi",
        "detected_at": "2026-03-09T06:22:55.588486",
        "model_version": "48px_v3.7_2024-01-10"
      }
    },
    {
      "type": "Feature",
      "geometry": {
        "type": "Point",
        "coordinates": [
          -1.7264673194368974,
          6.255994607897211
        ]
      },
      "properties": {
        "probability": 0.9998284578323364,
        "lat": 6.255994607897211,
        "lon": -1.7264673194368974,
        "region": "Obuasi",
        "detected_at": "2026-03-09T06:22:55.588581",
        "model_version": "48px_v3.7_2024-01-10"
      }
    },
    {
      "type": "Feature",
      "geometry": {
        "type": "Point",
        "coordinates": [
          -1.7242928344529107,
          6.258170446055261
        ]
      },
      "properties": {
        "probability": 0.986912727355957,
        "lat": 6.258170446055261,
        "lon": -1.7242928344529107,
        "region": "Obuasi",
        "detected_at": "2026-03-09T06:22:55.588672",
        "model_version": "48px_v3.7_2024-01-10"
      }
    },
    {
      "type": "Feature",
      "geometry": {
        "type": "Point",
        "coordinates": [
          -1.7242928344529103,
          6.25599460789721
        ]
      },
      "properties": {
        "probability": 0.996624231338501,
        "lat": 6.25599460789721,
        "lon": -1.7242928344529103,
        "region": "Obuasi",
        "detected_at": "2026-03-09T06:22:55.588768",
        "model_version": "48px_v3.7_2024-01-10"
      }
    },
    {
      "type": "Feature",
      "geometry": {
        "type": "Point",
        "coordinates": [
          -1.7221183494689236,
          6.264697960529416
        ]
      },
      "properties": {
        "probability": 0.9372317790985107,
        "lat": 6.264697960529416,
        "lon": -1.7221183494689236,
        "region": "Obuasi",
        "detected_at": "2026-03-09T06:22:55.588864",
        "model_version": "48px_v3.7_2024-01-10"
      }
    },
    {
      "type": "Feature",
      "geometry": {
        "type": "Point",
        "coordinates": [
          -1.7221183494689236,
          6.262522122371365
        ]
      },
      "properties": {
        "probability": 0.9618278741836548,
        "lat": 6.262522122371365,
        "lon": -1.7221183494689236,
        "region": "Obuasi",
        "detected_at": "2026-03-09T06:22:55.588953",
        "model_version": "48px_v3.7_2024-01-10"
      }
    },
    {
      "type": "Feature",
      "geometry": {
        "type": "Point",
        "coordinates": [
          -1.7221183494689238,
          6.2603462842133135
        ]
      },
      "properties": {
        "probability": 0.9987632632255554,
        "lat": 6.2603462842133135,
        "lon": -1.7221183494689238,
        "region": "Obuasi",
        "detected_at": "2026-03-09T06:22:55.589061",
        "model_version": "48px_v3.7_2024-01-10"
      }
    },
    {
      "type": "Feature",
      "geometry": {
        "type": "Point",
        "coordinates": [
          -1.7221183494689238,
          6.258170446055262
        ]
      },
      "properties": {
        "probability": 0.9746756553649902,
        "lat": 6.258170446055262,
        "lon": -1.7221183494689238,
        "region": "Obuasi",
        "detected_at": "2026-03-09T06:22:55.589153",
        "model_version": "48px_v3.7_2024-01-10"
      }
    },
    {
      "type": "Feature",
      "geometry": {
        "type": "Point",
        "coordinates": [
          -1.7199438644849374,
          6.269049636845518
        ]
      },
      "properties": {
        "probability": 0.9969603419303894,
        "lat": 6.269049636845518,
        "lon": -1.7199438644849374,
        "region": "Obuasi",
        "detected_at": "2026-03-09T06:22:55.589244",
        "model_version": "48px_v3.7_2024-01-10"
      }
    },
    {
      "type": "Feature",
      "geometry": {
        "type": "Point",
        "coordinates": [
          -1.7199438644849372,
          6.2668737986874685
        ]
      },
      "properties": {
        "probability": 0.9899246692657471,
        "lat": 6.2668737986874685,
        "lon": -1.7199438644849372,
        "region": "Obuasi",
        "detected_at": "2026-03-09T06:22:55.589334",
        "model_version": "48px_v3.7_2024-01-10"
      }
    },
    {
      "type": "Feature",
      "geometry": {
        "type": "Point",
        "coordinates": [
          -1.7199438644849372,
          6.2603462842133135
        ]
      },
      "properties": {
        "probability": 0.9400848150253296,
        "lat": 6.2603462842133135,
        "lon": -1.7199438644849372,
        "region": "Obuasi",
        "detected_at": "2026-03-09T06:22:55.589422",
        "model_version": "48px_v3.7_2024-01-10"
      }
    },
    {
      "type": "Feature",
      "geometry": {
        "type": "Point",
        "coordinates": [
          -1.7177693795009505,
          6.269049636845518
        ]
      },
      "properties": {
        "probability": 0.9863266348838806,
        "lat": 6.269049636845518,
        "lon": -1.7177693795009505,
        "region": "Obuasi",
        "detected_at": "2026-03-09T06:22:55.592889",
        "model_version": "48px_v3.7_2024-01-10"
      }
    },
    {
      "type": "Feature",
      "geometry": {
        "type": "Point",
        "coordinates": [
          -1.71776937950095,
          6.266873798687468
        ]
      },
      "properties": {
        "probability": 0.8510692119598389,
        "lat": 6.266873798687468,
        "lon": -1.71776937950095,
        "region": "Obuasi",
        "detected_at": "2026-03-09T06:22:55.593028",
        "model_version": "48px_v3.7_2024-01-10"
      }
    },
    {
      "type": "Feature",
      "geometry": {
        "type": "Point",
        "coordinates": [
          -1.713420409532977,
          6.27122547500357
        ]
      },
      "properties": {
        "probability": 0.9849770069122314,
        "lat": 6.27122547500357,
        "lon": -1.713420409532977,
        "region": "Obuasi",
        "detected_at": "2026-03-09T06:22:55.593134",
        "model_version": "48px_v3.7_2024-01-10"
      }
    },
    {
      "type": "Feature",
      "geometry": {
        "type": "Point",
        "coordinates": [
          -1.713420409532977,
          6.269049636845518
        ]
      },
      "properties": {
        "probability": 0.9514029026031494,
        "lat": 6.269049636845518,
        "lon": -1.713420409532977,
        "region": "Obuasi",
        "detected_at": "2026-03-09T06:22:55.593231",
        "model_version": "48px_v3.7_2024-01-10"
      }
    },
    {
      "type": "Feature",
      "geometry": {
        "type": "Point",
        "coordinates": [
          -1.7112459245489902,
          6.275577151319674
        ]
      },
      "properties": {
        "probability": 0.9610244035720825,
        "lat": 6.275577151319674,
        "lon": -1.7112459245489902,
        "region": "Obuasi",
        "detected_at": "2026-03-09T06:22:55.593325",
        "model_version": "48px_v3.7_2024-01-10"
      }
    },
    {
      "type": "Feature",
      "geometry": {
        "type": "Point",
        "coordinates": [
          -1.7112459245489902,
          6.273401313161622
        ]
      },
      "properties": {
        "probability": 0.98882657289505,
        "lat": 6.273401313161622,
        "lon": -1.7112459245489902,
        "region": "Obuasi",
        "detected_at": "2026-03-09T06:22:55.593421",
        "model_version": "48px_v3.7_2024-01-10"
      }
    },
    {
      "type": "Feature",
      "geometry": {
        "type": "Point",
        "coordinates": [
          -1.7112459245489902,
          6.271225475003571
        ]
      },
      "properties": {
        "probability": 0.9778671264648438,
        "lat": 6.271225475003571,
        "lon": -1.7112459245489902,
        "region": "Obuasi",
        "detected_at": "2026-03-09T06:22:55.593514",
        "model_version": "48px_v3.7_2024-01-10"
      }
    },
    {
      "type": "Feature",
      "geometry": {
        "type": "Point",
        "coordinates": [
          -1.7090714395650033,
          6.275577151319673
        ]
      },
      "properties": {
        "probability": 0.9416630864143372,
        "lat": 6.275577151319673,
        "lon": -1.7090714395650033,
        "region": "Obuasi",
        "detected_at": "2026-03-09T06:22:55.593606",
        "model_version": "48px_v3.7_2024-01-10"
      }
    },
    {
      "type": "Feature",
      "geometry": {
        "type": "Point",
        "coordinates": [
          -1.70472246959703,
          6.299511371058239
        ]
      },
      "properties": {
        "probability": 0.8679054379463196,
        "lat": 6.299511371058239,
        "lon": -1.70472246959703,
        "region": "Obuasi",
        "detected_at": "2026-03-09T06:22:55.593697",
        "model_version": "48px_v3.7_2024-01-10"
      }
    },
    {
      "type": "Feature",
      "geometry": {
        "type": "Point",
        "coordinates": [
          -1.7003734996290565,
          6.295159694742136
        ]
      },
      "properties": {
        "probability": 0.927444338798523,
        "lat": 6.295159694742136,
        "lon": -1.7003734996290565,
        "region": "Obuasi",
        "detected_at": "2026-03-09T06:22:55.593790",
        "model_version": "48px_v3.7_2024-01-10"
      }
    },
    {
      "type": "Feature",
      "geometry": {
        "type": "Point",
        "coordinates": [
          -1.8458097678470156,
          6.2562414051286686
        ]
      },
      "properties": {
        "probability": 0.842436671257019,
        "lat": 6.2562414051286686,
        "lon": -1.8458097678470156,
        "region": "Obuasi",
        "detected_at": "2026-03-09T06:22:55.593883",
        "model_version": "48px_v3.7_2024-01-10"
      }
    },
    {
      "type": "Feature",
      "geometry": {
        "type": "Point",
        "coordinates": [
          -1.8436356279810584,
          6.2562414051286686
        ]
      },
      "properties": {
        "probability": 0.856174886226654,
        "lat": 6.2562414051286686,
        "lon": -1.8436356279810584,
        "region": "Obuasi",
        "detected_at": "2026-03-09T06:22:55.593974",
        "model_version": "48px_v3.7_2024-01-10"
      }
    },
    {
      "type": "Feature",
      "geometry": {
        "type": "Point",
        "coordinates": [
          -1.839287348249144,
          6.258416896923686
        ]
      },
      "properties": {
        "probability": 0.8775873780250549,
        "lat": 6.258416896923686,
        "lon": -1.839287348249144,
        "region": "Obuasi",
        "detected_at": "2026-03-09T06:22:55.594088",
        "model_version": "48px_v3.7_2024-01-10"
      }
    },
    {
      "type": "Feature",
      "geometry": {
        "type": "Point",
        "coordinates": [
          -1.837113208383187,
          6.262767880513722
        ]
      },
      "properties": {
        "probability": 0.8798574209213257,
        "lat": 6.262767880513722,
        "lon": -1.837113208383187,
        "region": "Obuasi",
        "detected_at": "2026-03-09T06:22:55.594183",
        "model_version": "48px_v3.7_2024-01-10"
      }
    },
    {
      "type": "Feature",
      "geometry": {
        "type": "Point",
        "coordinates": [
          -1.837113208383187,
          6.260592388718703
        ]
      },
      "properties": {
        "probability": 0.9617655873298645,
        "lat": 6.260592388718703,
        "lon": -1.837113208383187,
        "region": "Obuasi",
        "detected_at": "2026-03-09T06:22:55.594276",
        "model_version": "48px_v3.7_2024-01-10"
      }
    },
    {
      "type": "Feature",
      "geometry": {
        "type": "Point",
        "coordinates": [
          -1.8349390685172298,
          6.267118864103756
        ]
      },
      "properties": {
        "probability": 0.9939737319946289,
        "lat": 6.267118864103756,
        "lon": -1.8349390685172298,
        "region": "Obuasi",
        "detected_at": "2026-03-09T06:22:55.594369",
        "model_version": "48px_v3.7_2024-01-10"
      }
    },
    {
      "type": "Feature",
      "geometry": {
        "type": "Point",
        "coordinates": [
          -1.8349390685172298,
          6.264943372308739
        ]
      },
      "properties": {
        "probability": 0.9529905319213867,
        "lat": 6.264943372308739,
        "lon": -1.8349390685172298,
        "region": "Obuasi",
        "detected_at": "2026-03-09T06:22:55.594461",
        "model_version": "48px_v3.7_2024-01-10"
      }
    },
    {
      "type": "Feature",
      "geometry": {
        "type": "Point",
        "coordinates": [
          -1.8327649286512724,
          6.280171814873862
        ]
      },
      "properties": {
        "probability": 0.8944775462150574,
        "lat": 6.280171814873862,
        "lon": -1.8327649286512724,
        "region": "Obuasi",
        "detected_at": "2026-03-09T06:22:55.594552",
        "model_version": "48px_v3.7_2024-01-10"
      }
    },
    {
      "type": "Feature",
      "geometry": {
        "type": "Point",
        "coordinates": [
          -1.8327649286512724,
          6.269294355898773
        ]
      },
      "properties": {
        "probability": 0.9897137880325317,
        "lat": 6.269294355898773,
        "lon": -1.8327649286512724,
        "region": "Obuasi",
        "detected_at": "2026-03-09T06:22:55.594643",
        "model_version": "48px_v3.7_2024-01-10"
      }
    },
    {
      "type": "Feature",
      "geometry": {
        "type": "Point",
        "coordinates": [
          -1.8327649286512724,
          6.267118864103756
        ]
      },
      "properties": {
        "probability": 0.9992460608482361,
        "lat": 6.267118864103756,
        "lon": -1.8327649286512724,
        "region": "Obuasi",
        "detected_at": "2026-03-09T06:22:55.594733",
        "model_version": "48px_v3.7_2024-01-10"
      }
    },
    {
      "type": "Feature",
      "geometry": {
        "type": "Point",
        "coordinates": [
          -1.8305907887853152,
          6.280171814873862
        ]
      },
      "properties": {
        "probability": 0.9992778897285461,
        "lat": 6.280171814873862,
        "lon": -1.8305907887853152,
        "region": "Obuasi",
        "detected_at": "2026-03-09T06:22:55.594825",
        "model_version": "48px_v3.7_2024-01-10"
      }
    },
    {
      "type": "Feature",
      "geometry": {
        "type": "Point",
        "coordinates": [
          -1.8305907887853154,
          6.277996323078844
        ]
      },
      "properties": {
        "probability": 0.9927181601524353,
        "lat": 6.277996323078844,
        "lon": -1.8305907887853154,
        "region": "Obuasi",
        "detected_at": "2026-03-09T06:22:55.594917",
        "model_version": "48px_v3.7_2024-01-10"
      }
    },
    {
      "type": "Feature",
      "geometry": {
        "type": "Point",
        "coordinates": [
          -1.8305907887853152,
          6.269294355898773
        ]
      },
      "properties": {
        "probability": 0.9999254941940308,
        "lat": 6.269294355898773,
        "lon": -1.8305907887853152,
        "region": "Obuasi",
        "detected_at": "2026-03-09T06:22:55.595050",
        "model_version": "48px_v3.7_2024-01-10"
      }
    },
    {
      "type": "Feature",
      "geometry": {
        "type": "Point",
        "coordinates": [
          -1.8305907887853152,
          6.267118864103756
        ]
      },
      "properties": {
        "probability": 0.9996721744537354,
        "lat": 6.267118864103756,
        "lon": -1.8305907887853152,
        "region": "Obuasi",
        "detected_at": "2026-03-09T06:22:55.595159",
        "model_version": "48px_v3.7_2024-01-10"
      }
    },
    {
      "type": "Feature",
      "geometry": {
        "type": "Point",
        "coordinates": [
          -1.828416648919358,
          6.280171814873862
        ]
      },
      "properties": {
        "probability": 0.8805110454559326,
        "lat": 6.280171814873862,
        "lon": -1.828416648919358,
        "region": "Obuasi",
        "detected_at": "2026-03-09T06:22:55.595253",
        "model_version": "48px_v3.7_2024-01-10"
      }
    },
    {
      "type": "Feature",
      "geometry": {
        "type": "Point",
        "coordinates": [
          -1.828416648919358,
          6.2714698476937905
        ]
      },
      "properties": {
        "probability": 0.9910035133361816,
        "lat": 6.2714698476937905,
        "lon": -1.828416648919358,
        "region": "Obuasi",
        "detected_at": "2026-03-09T06:22:55.595346",
        "model_version": "48px_v3.7_2024-01-10"
      }
    },
    {
      "type": "Feature",
      "geometry": {
        "type": "Point",
        "coordinates": [
          -1.828416648919358,
          6.269294355898773
        ]
      },
      "properties": {
        "probability": 0.9999961256980896,
        "lat": 6.269294355898773,
        "lon": -1.828416648919358,
        "region": "Obuasi",
        "detected_at": "2026-03-09T06:22:55.595437",
        "model_version": "48px_v3.7_2024-01-10"
      }
    },
    {
      "type": "Feature",
      "geometry": {
        "type": "Point",
        "coordinates": [
          -1.828416648919358,
          6.267118864103756
        ]
      },
      "properties": {
        "probability": 0.9996845722198486,
        "lat": 6.267118864103756,
        "lon": -1.828416648919358,
        "region": "Obuasi",
        "detected_at": "2026-03-09T06:22:55.595528",
        "model_version": "48px_v3.7_2024-01-10"
      }
    },
    {
      "type": "Feature",
      "geometry": {
        "type": "Point",
        "coordinates": [
          -1.826242509053401,
          6.275820831283826
        ]
      },
      "properties": {
        "probability": 0.8708093762397766,
        "lat": 6.275820831283826,
        "lon": -1.826242509053401,
        "region": "Obuasi",
        "detected_at": "2026-03-09T06:22:55.595620",
        "model_version": "48px_v3.7_2024-01-10"
      }
    },
    {
      "type": "Feature",
      "geometry": {
        "type": "Point",
        "coordinates": [
          -1.826242509053401,
          6.273645339488808
        ]
      },
      "properties": {
        "probability": 0.8408854603767395,
        "lat": 6.273645339488808,
        "lon": -1.826242509053401,
        "region": "Obuasi",
        "detected_at": "2026-03-09T06:22:55.595711",
        "model_version": "48px_v3.7_2024-01-10"
      }
    },
    {
      "type": "Feature",
      "geometry": {
        "type": "Point",
        "coordinates": [
          -1.826242509053401,
          6.2714698476937905
        ]
      },
      "properties": {
        "probability": 0.9323578476905823,
        "lat": 6.2714698476937905,
        "lon": -1.826242509053401,
        "region": "Obuasi",
        "detected_at": "2026-03-09T06:22:55.595807",
        "model_version": "48px_v3.7_2024-01-10"
      }
    },
    {
      "type": "Feature",
      "geometry": {
        "type": "Point",
        "coordinates": [
          -1.813197669857658,
          6.254065913333651
        ]
      },
      "properties": {
        "probability": 0.9990906715393066,
        "lat": 6.254065913333651,
        "lon": -1.813197669857658,
        "region": "Obuasi",
        "detected_at": "2026-03-09T06:22:55.595900",
        "model_version": "48px_v3.7_2024-01-10"
      }
    },
    {
      "type": "Feature",
      "geometry": {
        "type": "Point",
        "coordinates": [
          -1.8110235299917008,
          6.254065913333651
        ]
      },
      "properties": {
        "probability": 0.9988658428192139,
        "lat": 6.254065913333651,
        "lon": -1.8110235299917008,
        "region": "Obuasi",
        "detected_at": "2026-03-09T06:22:55.595991",
        "model_version": "48px_v3.7_2024-01-10"
      }
    },
    {
      "type": "Feature",
      "geometry": {
        "type": "Point",
        "coordinates": [
          -1.8088493901257436,
          6.2562414051286686
        ]
      },
      "properties": {
        "probability": 0.8713644742965698,
        "lat": 6.2562414051286686,
        "lon": -1.8088493901257436,
        "region": "Obuasi",
        "detected_at": "2026-03-09T06:22:55.596103",
        "model_version": "48px_v3.7_2024-01-10"
      }
    },
    {
      "type": "Feature",
      "geometry": {
        "type": "Point",
        "coordinates": [
          -1.8001523979334866,
          6.332147197603351
        ]
      },
      "properties": {
        "probability": 0.9998928308486938,
        "lat": 6.332147197603351,
        "lon": -1.8001523979334866,
        "region": "Obuasi",
        "detected_at": "2026-03-09T06:22:55.596197",
        "model_version": "48px_v3.7_2024-01-10"
      }
    },
    {
      "type": "Feature",
      "geometry": {
        "type": "Point",
        "coordinates": [
          -1.8001523979334866,
          6.329971493739581
        ]
      },
      "properties": {
        "probability": 0.9999966025352478,
        "lat": 6.329971493739581,
        "lon": -1.8001523979334866,
        "region": "Obuasi",
        "detected_at": "2026-03-09T06:22:55.596304",
        "model_version": "48px_v3.7_2024-01-10"
      }
    },
    {
      "type": "Feature",
      "geometry": {
        "type": "Point",
        "coordinates": [
          -1.8001523979334866,
          6.327795789875811
        ]
      },
      "properties": {
        "probability": 0.9100596308708191,
        "lat": 6.327795789875811,
        "lon": -1.8001523979334866,
        "region": "Obuasi",
        "detected_at": "2026-03-09T06:22:55.596395",
        "model_version": "48px_v3.7_2024-01-10"
      }
    },
    {
      "type": "Feature",
      "geometry": {
        "type": "Point",
        "coordinates": [
          -1.7979778253391008,
          6.332147197603351
        ]
      },
      "properties": {
        "probability": 0.9972798228263855,
        "lat": 6.332147197603351,
        "lon": -1.7979778253391008,
        "region": "Obuasi",
        "detected_at": "2026-03-09T06:22:55.596511",
        "model_version": "48px_v3.7_2024-01-10"
      }
    },
    {
      "type": "Feature",
      "geometry": {
        "type": "Point",
        "coordinates": [
          -1.7979778253391008,
          6.329971493739581
        ]
      },
      "properties": {
        "probability": 0.9999912977218628,
        "lat": 6.329971493739581,
        "lon": -1.7979778253391008,
        "region": "Obuasi",
        "detected_at": "2026-03-09T06:22:55.596601",
        "model_version": "48px_v3.7_2024-01-10"
      }
    },
    {
      "type": "Feature",
      "geometry": {
        "type": "Point",
        "coordinates": [
          -1.7979778253391008,
          6.327795789875811
        ]
      },
      "properties": {
        "probability": 0.9952431917190552,
        "lat": 6.327795789875811,
        "lon": -1.7979778253391008,
        "region": "Obuasi",
        "detected_at": "2026-03-09T06:22:55.596691",
        "model_version": "48px_v3.7_2024-01-10"
      }
    },
    {
      "type": "Feature",
      "geometry": {
        "type": "Point",
        "coordinates": [
          -1.7958032527447152,
          6.332147197603351
        ]
      },
      "properties": {
        "probability": 0.9786348342895508,
        "lat": 6.332147197603351,
        "lon": -1.7958032527447152,
        "region": "Obuasi",
        "detected_at": "2026-03-09T06:22:55.596781",
        "model_version": "48px_v3.7_2024-01-10"
      }
    },
    {
      "type": "Feature",
      "geometry": {
        "type": "Point",
        "coordinates": [
          -1.7958032527447152,
          6.329971493739582
        ]
      },
      "properties": {
        "probability": 0.9999937415122986,
        "lat": 6.329971493739582,
        "lon": -1.7958032527447152,
        "region": "Obuasi",
        "detected_at": "2026-03-09T06:22:55.596880",
        "model_version": "48px_v3.7_2024-01-10"
      }
    },
    {
      "type": "Feature",
      "geometry": {
        "type": "Point",
        "coordinates": [
          -1.7958032527447152,
          6.327795789875811
        ]
      },
      "properties": {
        "probability": 0.998820424079895,
        "lat": 6.327795789875811,
        "lon": -1.7958032527447152,
        "region": "Obuasi",
        "detected_at": "2026-03-09T06:22:55.596970",
        "model_version": "48px_v3.7_2024-01-10"
      }
    },
    {
      "type": "Feature",
      "geometry": {
        "type": "Point",
        "coordinates": [
          -1.7936286801503296,
          6.332147197603351
        ]
      },
      "properties": {
        "probability": 0.9362920522689819,
        "lat": 6.332147197603351,
        "lon": -1.7936286801503296,
        "region": "Obuasi",
        "detected_at": "2026-03-09T06:22:55.597080",
        "model_version": "48px_v3.7_2024-01-10"
      }
    },
    {
      "type": "Feature",
      "geometry": {
        "type": "Point",
        "coordinates": [
          -1.7936286801503296,
          6.329971493739581
        ]
      },
      "properties": {
        "probability": 0.999152660369873,
        "lat": 6.329971493739581,
        "lon": -1.7936286801503296,
        "region": "Obuasi",
        "detected_at": "2026-03-09T06:22:55.597171",
        "model_version": "48px_v3.7_2024-01-10"
      }
    },
    {
      "type": "Feature",
      "geometry": {
        "type": "Point",
        "coordinates": [
          -1.7936286801503296,
          6.327795789875811
        ]
      },
      "properties": {
        "probability": 0.9189799427986145,
        "lat": 6.327795789875811,
        "lon": -1.7936286801503296,
        "region": "Obuasi",
        "detected_at": "2026-03-09T06:22:55.597261",
        "model_version": "48px_v3.7_2024-01-10"
      }
    },
    {
      "type": "Feature",
      "geometry": {
        "type": "Point",
        "coordinates": [
          -1.7892795349615582,
          6.329971493739582
        ]
      },
      "properties": {
        "probability": 0.8817805647850037,
        "lat": 6.329971493739582,
        "lon": -1.7892795349615582,
        "region": "Obuasi",
        "detected_at": "2026-03-09T06:22:55.597350",
        "model_version": "48px_v3.7_2024-01-10"
      }
    },
    {
      "type": "Feature",
      "geometry": {
        "type": "Point",
        "coordinates": [
          -1.7892795349615582,
          6.327795789875811
        ]
      },
      "properties": {
        "probability": 0.9553555846214294,
        "lat": 6.327795789875811,
        "lon": -1.7892795349615582,
        "region": "Obuasi",
        "detected_at": "2026-03-09T06:22:55.597439",
        "model_version": "48px_v3.7_2024-01-10"
      }
    },
    {
      "type": "Feature",
      "geometry": {
        "type": "Point",
        "coordinates": [
          -1.7871049623671724,
          6.329971493739581
        ]
      },
      "properties": {
        "probability": 0.9975069761276245,
        "lat": 6.329971493739581,
        "lon": -1.7871049623671724,
        "region": "Obuasi",
        "detected_at": "2026-03-09T06:22:55.597529",
        "model_version": "48px_v3.7_2024-01-10"
      }
    },
    {
      "type": "Feature",
      "geometry": {
        "type": "Point",
        "coordinates": [
          -1.7871049623671724,
          6.327795789875811
        ]
      },
      "properties": {
        "probability": 0.9105281829833984,
        "lat": 6.327795789875811,
        "lon": -1.7871049623671724,
        "region": "Obuasi",
        "detected_at": "2026-03-09T06:22:55.597619",
        "model_version": "48px_v3.7_2024-01-10"
      }
    },
    {
      "type": "Feature",
      "geometry": {
        "type": "Point",
        "coordinates": [
          -1.7849303897727868,
          6.312565862829421
        ]
      },
      "properties": {
        "probability": 0.9915560483932495,
        "lat": 6.312565862829421,
        "lon": -1.7849303897727868,
        "region": "Obuasi",
        "detected_at": "2026-03-09T06:22:55.597709",
        "model_version": "48px_v3.7_2024-01-10"
      }
    },
    {
      "type": "Feature",
      "geometry": {
        "type": "Point",
        "coordinates": [
          -1.7849303897727868,
          6.31039015896565
        ]
      },
      "properties": {
        "probability": 0.974122941493988,
        "lat": 6.31039015896565,
        "lon": -1.7849303897727868,
        "region": "Obuasi",
        "detected_at": "2026-03-09T06:22:55.597799",
        "model_version": "48px_v3.7_2024-01-10"
      }
    },
    {
      "type": "Feature",
      "geometry": {
        "type": "Point",
        "coordinates": [
          -1.7849303897727873,
          6.308214455101881
        ]
      },
      "properties": {
        "probability": 0.8237059712409973,
        "lat": 6.308214455101881,
        "lon": -1.7849303897727873,
        "region": "Obuasi",
        "detected_at": "2026-03-09T06:22:55.597888",
        "model_version": "48px_v3.7_2024-01-10"
      }
    },
    {
      "type": "Feature",
      "geometry": {
        "type": "Point",
        "coordinates": [
          -1.7827558171784013,
          6.338674309194661
        ]
      },
      "properties": {
        "probability": 0.9381495118141174,
        "lat": 6.338674309194661,
        "lon": -1.7827558171784013,
        "region": "Obuasi",
        "detected_at": "2026-03-09T06:22:55.597977",
        "model_version": "48px_v3.7_2024-01-10"
      }
    },
    {
      "type": "Feature",
      "geometry": {
        "type": "Point",
        "coordinates": [
          -1.7740575268008587,
          6.353904236241052
        ]
      },
      "properties": {
        "probability": 0.833460807800293,
        "lat": 6.353904236241052,
        "lon": -1.7740575268008587,
        "region": "Obuasi",
        "detected_at": "2026-03-09T06:22:55.598087",
        "model_version": "48px_v3.7_2024-01-10"
      }
    },
    {
      "type": "Feature",
      "geometry": {
        "type": "Point",
        "coordinates": [
          -1.7740575268008587,
          6.3517285323772805
        ]
      },
      "properties": {
        "probability": 0.9676486253738403,
        "lat": 6.3517285323772805,
        "lon": -1.7740575268008587,
        "region": "Obuasi",
        "detected_at": "2026-03-09T06:22:55.598179",
        "model_version": "48px_v3.7_2024-01-10"
      }
    },
    {
      "type": "Feature",
      "geometry": {
        "type": "Point",
        "coordinates": [
          -1.7718829542064733,
          6.349552828513511
        ]
      },
      "properties": {
        "probability": 0.9835084080696106,
        "lat": 6.349552828513511,
        "lon": -1.7718829542064733,
        "region": "Obuasi",
        "detected_at": "2026-03-09T06:22:55.598270",
        "model_version": "48px_v3.7_2024-01-10"
      }
    },
    {
      "type": "Feature",
      "geometry": {
        "type": "Point",
        "coordinates": [
          -1.7697083816120873,
          6.353904236241052
        ]
      },
      "properties": {
        "probability": 0.8774716854095459,
        "lat": 6.353904236241052,
        "lon": -1.7697083816120873,
        "region": "Obuasi",
        "detected_at": "2026-03-09T06:22:55.598360",
        "model_version": "48px_v3.7_2024-01-10"
      }
    },
    {
      "type": "Feature",
      "geometry": {
        "type": "Point",
        "coordinates": [
          -1.7566609460457734,
          6.347377124649743
        ]
      },
      "properties": {
        "probability": 0.9958316683769226,
        "lat": 6.347377124649743,
        "lon": -1.7566609460457734,
        "region": "Obuasi",
        "detected_at": "2026-03-09T06:22:55.598449",
        "model_version": "48px_v3.7_2024-01-10"
      }
    },
    {
      "type": "Feature",
      "geometry": {
        "type": "Point",
        "coordinates": [
          -1.7566609460457734,
          6.345201420785972
        ]
      },
      "properties": {
        "probability": 0.986086368560791,
        "lat": 6.345201420785972,
        "lon": -1.7566609460457734,
        "region": "Obuasi",
        "detected_at": "2026-03-09T06:22:55.598539",
        "model_version": "48px_v3.7_2024-01-10"
      }
    },
    {
      "type": "Feature",
      "geometry": {
        "type": "Point",
        "coordinates": [
          -1.7566609460457736,
          6.343025716922201
        ]
      },
      "properties": {
        "probability": 0.9681094288825989,
        "lat": 6.343025716922201,
        "lon": -1.7566609460457736,
        "region": "Obuasi",
        "detected_at": "2026-03-09T06:22:55.598630",
        "model_version": "48px_v3.7_2024-01-10"
      }
    },
    {
      "type": "Feature",
      "geometry": {
        "type": "Point",
        "coordinates": [
          -1.7566609460457736,
          6.34085001305843
        ]
      },
      "properties": {
        "probability": 0.9638253450393677,
        "lat": 6.34085001305843,
        "lon": -1.7566609460457736,
        "region": "Obuasi",
        "detected_at": "2026-03-09T06:22:55.598721",
        "model_version": "48px_v3.7_2024-01-10"
      }
    },
    {
      "type": "Feature",
      "geometry": {
        "type": "Point",
        "coordinates": [
          -1.7544863734513876,
          6.347377124649741
        ]
      },
      "properties": {
        "probability": 0.9951803088188171,
        "lat": 6.347377124649741,
        "lon": -1.7544863734513876,
        "region": "Obuasi",
        "detected_at": "2026-03-09T06:22:55.598810",
        "model_version": "48px_v3.7_2024-01-10"
      }
    },
    {
      "type": "Feature",
      "geometry": {
        "type": "Point",
        "coordinates": [
          -1.7544863734513876,
          6.345201420785972
        ]
      },
      "properties": {
        "probability": 0.9560560584068298,
        "lat": 6.345201420785972,
        "lon": -1.7544863734513876,
        "region": "Obuasi",
        "detected_at": "2026-03-09T06:22:55.598900",
        "model_version": "48px_v3.7_2024-01-10"
      }
    },
    {
      "type": "Feature",
      "geometry": {
        "type": "Point",
        "coordinates": [
          -1.7544863734513876,
          6.3430257169222015
        ]
      },
      "properties": {
        "probability": 0.86971116065979,
        "lat": 6.3430257169222015,
        "lon": -1.7544863734513876,
        "region": "Obuasi",
        "detected_at": "2026-03-09T06:22:55.598989",
        "model_version": "48px_v3.7_2024-01-10"
      }
    },
    {
      "type": "Feature",
      "geometry": {
        "type": "Point",
        "coordinates": [
          -1.7544863734513876,
          6.340850013058431
        ]
      },
      "properties": {
        "probability": 0.8159308433532715,
        "lat": 6.340850013058431,
        "lon": -1.7544863734513876,
        "region": "Obuasi",
        "detected_at": "2026-03-09T06:22:55.599132",
        "model_version": "48px_v3.7_2024-01-10"
      }
    },
    {
      "type": "Feature",
      "geometry": {
        "type": "Point",
        "coordinates": [
          -1.7436122014756492,
          6.384115222957783
        ]
      },
      "properties": {
        "probability": 0.9781826138496399,
        "lat": 6.384115222957783,
        "lon": -1.7436122014756492,
        "region": "Obuasi",
        "detected_at": "2026-03-09T06:22:55.599228",
        "model_version": "48px_v3.7_2024-01-10"
      }
    },
    {
      "type": "Feature",
      "geometry": {
        "type": "Point",
        "coordinates": [
          -1.7436122014756492,
          6.381939305287384
        ]
      },
      "properties": {
        "probability": 0.9263413548469543,
        "lat": 6.381939305287384,
        "lon": -1.7436122014756492,
        "region": "Obuasi",
        "detected_at": "2026-03-09T06:22:55.599321",
        "model_version": "48px_v3.7_2024-01-10"
      }
    },
    {
      "type": "Feature",
      "geometry": {
        "type": "Point",
        "coordinates": [
          -1.74143719254666,
          6.381939305287383
        ]
      },
      "properties": {
        "probability": 0.8164676427841187,
        "lat": 6.381939305287383,
        "lon": -1.74143719254666,
        "region": "Obuasi",
        "detected_at": "2026-03-09T06:22:55.599413",
        "model_version": "48px_v3.7_2024-01-10"
      }
    },
    {
      "type": "Feature",
      "geometry": {
        "type": "Point",
        "coordinates": [
          -1.734912165759693,
          6.3580042109129895
        ]
      },
      "properties": {
        "probability": 0.8808934688568115,
        "lat": 6.3580042109129895,
        "lon": -1.734912165759693,
        "region": "Obuasi",
        "detected_at": "2026-03-09T06:22:55.599503",
        "model_version": "48px_v3.7_2024-01-10"
      }
    },
    {
      "type": "Feature",
      "geometry": {
        "type": "Point",
        "coordinates": [
          -1.732737156830704,
          6.364531963924189
        ]
      },
      "properties": {
        "probability": 0.8605733513832092,
        "lat": 6.364531963924189,
        "lon": -1.732737156830704,
        "region": "Obuasi",
        "detected_at": "2026-03-09T06:22:55.599594",
        "model_version": "48px_v3.7_2024-01-10"
      }
    },
    {
      "type": "Feature",
      "geometry": {
        "type": "Point",
        "coordinates": [
          -1.7327371568307037,
          6.360180128583389
        ]
      },
      "properties": {
        "probability": 0.919013500213623,
        "lat": 6.360180128583389,
        "lon": -1.7327371568307037,
        "region": "Obuasi",
        "detected_at": "2026-03-09T06:22:55.599684",
        "model_version": "48px_v3.7_2024-01-10"
      }
    },
    {
      "type": "Feature",
      "geometry": {
        "type": "Point",
        "coordinates": [
          -1.732737156830704,
          6.3580042109129895
        ]
      },
      "properties": {
        "probability": 0.9980985522270203,
        "lat": 6.3580042109129895,
        "lon": -1.732737156830704,
        "region": "Obuasi",
        "detected_at": "2026-03-09T06:22:55.599774",
        "model_version": "48px_v3.7_2024-01-10"
      }
    },
    {
      "type": "Feature",
      "geometry": {
        "type": "Point",
        "coordinates": [
          -1.7305621479017148,
          6.360180128583389
        ]
      },
      "properties": {
        "probability": 0.9721553921699524,
        "lat": 6.360180128583389,
        "lon": -1.7305621479017148,
        "region": "Obuasi",
        "detected_at": "2026-03-09T06:22:55.599864",
        "model_version": "48px_v3.7_2024-01-10"
      }
    },
    {
      "type": "Feature",
      "geometry": {
        "type": "Point",
        "coordinates": [
          -1.730562147901715,
          6.35800421091299
        ]
      },
      "properties": {
        "probability": 0.9826555252075195,
        "lat": 6.35800421091299,
        "lon": -1.730562147901715,
        "region": "Obuasi",
        "detected_at": "2026-03-09T06:22:55.599953",
        "model_version": "48px_v3.7_2024-01-10"
      }
    },
    {
      "type": "Feature",
      "geometry": {
        "type": "Point",
        "coordinates": [
          -1.7262121300437365,
          6.360180128583389
        ]
      },
      "properties": {
        "probability": 0.8591862320899963,
        "lat": 6.360180128583389,
        "lon": -1.7262121300437365,
        "region": "Obuasi",
        "detected_at": "2026-03-09T06:22:55.600066",
        "model_version": "48px_v3.7_2024-01-10"
      }
    },
    {
      "type": "Feature",
      "geometry": {
        "type": "Point",
        "coordinates": [
          -1.7240371211147476,
          6.377587469946585
        ]
      },
      "properties": {
        "probability": 0.9747151136398315,
        "lat": 6.377587469946585,
        "lon": -1.7240371211147476,
        "region": "Obuasi",
        "detected_at": "2026-03-09T06:22:55.600159",
        "model_version": "48px_v3.7_2024-01-10"
      }
    },
    {
      "type": "Feature",
      "geometry": {
        "type": "Point",
        "coordinates": [
          -1.7240371211147476,
          6.375411552276185
        ]
      },
      "properties": {
        "probability": 0.8597347736358643,
        "lat": 6.375411552276185,
        "lon": -1.7240371211147476,
        "region": "Obuasi",
        "detected_at": "2026-03-09T06:22:55.600249",
        "model_version": "48px_v3.7_2024-01-10"
      }
    },
    {
      "type": "Feature",
      "geometry": {
        "type": "Point",
        "coordinates": [
          -1.7240371211147476,
          6.360180128583389
        ]
      },
      "properties": {
        "probability": 0.8105083703994751,
        "lat": 6.360180128583389,
        "lon": -1.7240371211147476,
        "region": "Obuasi",
        "detected_at": "2026-03-09T06:22:55.600340",
        "model_version": "48px_v3.7_2024-01-10"
      }
    },
    {
      "type": "Feature",
      "geometry": {
        "type": "Point",
        "coordinates": [
          -1.7131620764698021,
          6.401522564320977
        ]
      },
      "properties": {
        "probability": 0.9530428051948547,
        "lat": 6.401522564320977,
        "lon": -1.7131620764698021,
        "region": "Obuasi",
        "detected_at": "2026-03-09T06:22:55.600431",
        "model_version": "48px_v3.7_2024-01-10"
      }
    },
    {
      "type": "Feature",
      "geometry": {
        "type": "Point",
        "coordinates": [
          -1.7066370496828351,
          6.381939305287383
        ]
      },
      "properties": {
        "probability": 0.9850684404373169,
        "lat": 6.381939305287383,
        "lon": -1.7066370496828351,
        "region": "Obuasi",
        "detected_at": "2026-03-09T06:22:55.600521",
        "model_version": "48px_v3.7_2024-01-10"
      }
    },
    {
      "type": "Feature",
      "geometry": {
        "type": "Point",
        "coordinates": [
          -1.7066370496828351,
          6.379763387616985
        ]
      },
      "properties": {
        "probability": 0.8001738786697388,
        "lat": 6.379763387616985,
        "lon": -1.7066370496828351,
        "region": "Obuasi",
        "detected_at": "2026-03-09T06:22:55.600610",
        "model_version": "48px_v3.7_2024-01-10"
      }
    },
    {
      "type": "Feature",
      "geometry": {
        "type": "Point",
        "coordinates": [
          -1.7044620407538458,
          6.381939305287384
        ]
      },
      "properties": {
        "probability": 0.9897652268409729,
        "lat": 6.381939305287384,
        "lon": -1.7044620407538458,
        "region": "Obuasi",
        "detected_at": "2026-03-09T06:22:55.600700",
        "model_version": "48px_v3.7_2024-01-10"
      }
    },
    {
      "type": "Feature",
      "geometry": {
        "type": "Point",
        "coordinates": [
          -1.7044620407538458,
          6.3797633876169835
        ]
      },
      "properties": {
        "probability": 0.9794681668281555,
        "lat": 6.3797633876169835,
        "lon": -1.7044620407538458,
        "region": "Obuasi",
        "detected_at": "2026-03-09T06:22:55.600790",
        "model_version": "48px_v3.7_2024-01-10"
      }
    },
    {
      "type": "Feature",
      "geometry": {
        "type": "Point",
        "coordinates": [
          -1.7022870318248569,
          6.375411552276185
        ]
      },
      "properties": {
        "probability": 0.8241316080093384,
        "lat": 6.375411552276185,
        "lon": -1.7022870318248569,
        "region": "Obuasi",
        "detected_at": "2026-03-09T06:22:55.600880",
        "model_version": "48px_v3.7_2024-01-10"
      }
    },
    {
      "type": "Feature",
      "geometry": {
        "type": "Point",
        "coordinates": [
          -1.7022870318248569,
          6.373235634605787
        ]
      },
      "properties": {
        "probability": 0.9618427753448486,
        "lat": 6.373235634605787,
        "lon": -1.7022870318248569,
        "region": "Obuasi",
        "detected_at": "2026-03-09T06:22:55.600969",
        "model_version": "48px_v3.7_2024-01-10"
      }
    },
    {
      "type": "Feature",
      "geometry": {
        "type": "Point",
        "coordinates": [
          -1.7480877208908439,
          6.349429102140958
        ]
      },
      "properties": {
        "probability": 0.9776723980903625,
        "lat": 6.349429102140958,
        "lon": -1.7480877208908439,
        "region": "Obuasi",
        "detected_at": "2026-03-09T06:22:55.601080",
        "model_version": "48px_v3.7_2024-01-10"
      }
    },
    {
      "type": "Feature",
      "geometry": {
        "type": "Point",
        "coordinates": [
          -1.7459129748574327,
          6.349429102140958
        ]
      },
      "properties": {
        "probability": 0.8945966362953186,
        "lat": 6.349429102140958,
        "lon": -1.7459129748574327,
        "region": "Obuasi",
        "detected_at": "2026-03-09T06:22:55.601172",
        "model_version": "48px_v3.7_2024-01-10"
      }
    },
    {
      "type": "Feature",
      "geometry": {
        "type": "Point",
        "coordinates": [
          -1.7437382288240215,
          6.349429102140958
        ]
      },
      "properties": {
        "probability": 0.8676949143409729,
        "lat": 6.349429102140958,
        "lon": -1.7437382288240215,
        "region": "Obuasi",
        "detected_at": "2026-03-09T06:22:55.601261",
        "model_version": "48px_v3.7_2024-01-10"
      }
    },
    {
      "type": "Feature",
      "geometry": {
        "type": "Point",
        "coordinates": [
          -1.7415634827906104,
          6.353780857996991
        ]
      },
      "properties": {
        "probability": 0.844761312007904,
        "lat": 6.353780857996991,
        "lon": -1.7415634827906104,
        "region": "Obuasi",
        "detected_at": "2026-03-09T06:22:55.601351",
        "model_version": "48px_v3.7_2024-01-10"
      }
    },
    {
      "type": "Feature",
      "geometry": {
        "type": "Point",
        "coordinates": [
          -1.7415634827906101,
          6.3516049800689744
        ]
      },
      "properties": {
        "probability": 0.9910719990730286,
        "lat": 6.3516049800689744,
        "lon": -1.7415634827906101,
        "region": "Obuasi",
        "detected_at": "2026-03-09T06:22:55.601440",
        "model_version": "48px_v3.7_2024-01-10"
      }
    },
    {
      "type": "Feature",
      "geometry": {
        "type": "Point",
        "coordinates": [
          -1.7415634827906104,
          6.349429102140958
        ]
      },
      "properties": {
        "probability": 0.9513859152793884,
        "lat": 6.349429102140958,
        "lon": -1.7415634827906104,
        "region": "Obuasi",
        "detected_at": "2026-03-09T06:22:55.601530",
        "model_version": "48px_v3.7_2024-01-10"
      }
    },
    {
      "type": "Feature",
      "geometry": {
        "type": "Point",
        "coordinates": [
          -1.7415634827906104,
          6.3276703228607944
        ]
      },
      "properties": {
        "probability": 0.9109143614768982,
        "lat": 6.3276703228607944,
        "lon": -1.7415634827906104,
        "region": "Obuasi",
        "detected_at": "2026-03-09T06:22:55.601618",
        "model_version": "48px_v3.7_2024-01-10"
      }
    },
    {
      "type": "Feature",
      "geometry": {
        "type": "Point",
        "coordinates": [
          -1.7393887367571992,
          6.353780857996991
        ]
      },
      "properties": {
        "probability": 0.9818119406700134,
        "lat": 6.353780857996991,
        "lon": -1.7393887367571992,
        "region": "Obuasi",
        "detected_at": "2026-03-09T06:22:55.601708",
        "model_version": "48px_v3.7_2024-01-10"
      }
    },
    {
      "type": "Feature",
      "geometry": {
        "type": "Point",
        "coordinates": [
          -1.7393887367571994,
          6.3516049800689744
        ]
      },
      "properties": {
        "probability": 0.9874550700187683,
        "lat": 6.3516049800689744,
        "lon": -1.7393887367571994,
        "region": "Obuasi",
        "detected_at": "2026-03-09T06:22:55.601797",
        "model_version": "48px_v3.7_2024-01-10"
      }
    },
    {
      "type": "Feature",
      "geometry": {
        "type": "Point",
        "coordinates": [
          -1.7393887367571992,
          6.3276703228607944
        ]
      },
      "properties": {
        "probability": 0.8650573492050171,
        "lat": 6.3276703228607944,
        "lon": -1.7393887367571992,
        "region": "Obuasi",
        "detected_at": "2026-03-09T06:22:55.601887",
        "model_version": "48px_v3.7_2024-01-10"
      }
    },
    {
      "type": "Feature",
      "geometry": {
        "type": "Point",
        "coordinates": [
          -1.7350392446903768,
          6.3254944449327795
        ]
      },
      "properties": {
        "probability": 0.8603845834732056,
        "lat": 6.3254944449327795,
        "lon": -1.7350392446903768,
        "region": "Obuasi",
        "detected_at": "2026-03-09T06:22:55.601976",
        "model_version": "48px_v3.7_2024-01-10"
      }
    },
    {
      "type": "Feature",
      "geometry": {
        "type": "Point",
        "coordinates": [
          -1.7350392446903768,
          6.323318567004762
        ]
      },
      "properties": {
        "probability": 0.8804543614387512,
        "lat": 6.323318567004762,
        "lon": -1.7350392446903768,
        "region": "Obuasi",
        "detected_at": "2026-03-09T06:22:55.602087",
        "model_version": "48px_v3.7_2024-01-10"
      }
    },
    {
      "type": "Feature",
      "geometry": {
        "type": "Point",
        "coordinates": [
          -1.7328644986569657,
          6.3254944449327795
        ]
      },
      "properties": {
        "probability": 0.9300134181976318,
        "lat": 6.3254944449327795,
        "lon": -1.7328644986569657,
        "region": "Obuasi",
        "detected_at": "2026-03-09T06:22:55.602178",
        "model_version": "48px_v3.7_2024-01-10"
      }
    },
    {
      "type": "Feature",
      "geometry": {
        "type": "Point",
        "coordinates": [
          -1.7241655145233212,
          6.321142689076746
        ]
      },
      "properties": {
        "probability": 0.8938189744949341,
        "lat": 6.321142689076746,
        "lon": -1.7241655145233212,
        "region": "Obuasi",
        "detected_at": "2026-03-09T06:22:55.602267",
        "model_version": "48px_v3.7_2024-01-10"
      }
    },
    {
      "type": "Feature",
      "geometry": {
        "type": "Point",
        "coordinates": [
          -1.719816022456499,
          6.321142689076746
        ]
      },
      "properties": {
        "probability": 0.8855700492858887,
        "lat": 6.321142689076746,
        "lon": -1.719816022456499,
        "region": "Obuasi",
        "detected_at": "2026-03-09T06:22:55.602357",
        "model_version": "48px_v3.7_2024-01-10"
      }
    },
    {
      "type": "Feature",
      "geometry": {
        "type": "Point",
        "coordinates": [
          -1.7154665303896763,
          6.3146150552926965
        ]
      },
      "properties": {
        "probability": 0.8841152191162109,
        "lat": 6.3146150552926965,
        "lon": -1.7154665303896763,
        "region": "Obuasi",
        "detected_at": "2026-03-09T06:22:55.602448",
        "model_version": "48px_v3.7_2024-01-10"
      }
    },
    {
      "type": "Feature",
      "geometry": {
        "type": "Point",
        "coordinates": [
          -1.7132917843562652,
          6.3146150552926965
        ]
      },
      "properties": {
        "probability": 0.9722084999084473,
        "lat": 6.3146150552926965,
        "lon": -1.7132917843562652,
        "region": "Obuasi",
        "detected_at": "2026-03-09T06:22:55.602537",
        "model_version": "48px_v3.7_2024-01-10"
      }
    },
    {
      "type": "Feature",
      "geometry": {
        "type": "Point",
        "coordinates": [
          -1.7999108172873428,
          6.416753436257052
        ]
      },
      "properties": {
        "probability": 0.9335122108459473,
        "lat": 6.416753436257052,
        "lon": -1.7999108172873428,
        "region": "Obuasi",
        "detected_at": "2026-03-09T06:22:55.602627",
        "model_version": "48px_v3.7_2024-01-10"
      }
    },
    {
      "type": "Feature",
      "geometry": {
        "type": "Point",
        "coordinates": [
          -1.7977357206610853,
          6.451565911956557
        ]
      },
      "properties": {
        "probability": 0.8800449371337891,
        "lat": 6.451565911956557,
        "lon": -1.7977357206610853,
        "region": "Obuasi",
        "detected_at": "2026-03-09T06:22:55.602716",
        "model_version": "48px_v3.7_2024-01-10"
      }
    },
    {
      "type": "Feature",
      "geometry": {
        "type": "Point",
        "coordinates": [
          -1.7977357206610853,
          6.440687013300462
        ]
      },
      "properties": {
        "probability": 0.9184672236442566,
        "lat": 6.440687013300462,
        "lon": -1.7977357206610853,
        "region": "Obuasi",
        "detected_at": "2026-03-09T06:22:55.602806",
        "model_version": "48px_v3.7_2024-01-10"
      }
    },
    {
      "type": "Feature",
      "geometry": {
        "type": "Point",
        "coordinates": [
          -1.7977357206610853,
          6.438511233569243
        ]
      },
      "properties": {
        "probability": 0.8924070596694946,
        "lat": 6.438511233569243,
        "lon": -1.7977357206610853,
        "region": "Obuasi",
        "detected_at": "2026-03-09T06:22:55.602895",
        "model_version": "48px_v3.7_2024-01-10"
      }
    },
    {
      "type": "Feature",
      "geometry": {
        "type": "Point",
        "coordinates": [
          -1.7977357206610853,
          6.416753436257052
        ]
      },
      "properties": {
        "probability": 0.9525563716888428,
        "lat": 6.416753436257052,
        "lon": -1.7977357206610853,
        "region": "Obuasi",
        "detected_at": "2026-03-09T06:22:55.602985",
        "model_version": "48px_v3.7_2024-01-10"
      }
    },
    {
      "type": "Feature",
      "geometry": {
        "type": "Point",
        "coordinates": [
          -1.7955606240348274,
          6.440687013300462
        ]
      },
      "properties": {
        "probability": 0.9520870447158813,
        "lat": 6.440687013300462,
        "lon": -1.7955606240348274,
        "region": "Obuasi",
        "detected_at": "2026-03-09T06:22:55.603123",
        "model_version": "48px_v3.7_2024-01-10"
      }
    },
    {
      "type": "Feature",
      "geometry": {
        "type": "Point",
        "coordinates": [
          -1.7955606240348276,
          6.414577656525833
        ]
      },
      "properties": {
        "probability": 0.8757185935974121,
        "lat": 6.414577656525833,
        "lon": -1.7955606240348276,
        "region": "Obuasi",
        "detected_at": "2026-03-09T06:22:55.603220",
        "model_version": "48px_v3.7_2024-01-10"
      }
    },
    {
      "type": "Feature",
      "geometry": {
        "type": "Point",
        "coordinates": [
          -1.7933855274085697,
          6.414577656525832
        ]
      },
      "properties": {
        "probability": 0.9991493821144104,
        "lat": 6.414577656525832,
        "lon": -1.7933855274085697,
        "region": "Obuasi",
        "detected_at": "2026-03-09T06:22:55.603313",
        "model_version": "48px_v3.7_2024-01-10"
      }
    },
    {
      "type": "Feature",
      "geometry": {
        "type": "Point",
        "coordinates": [
          -1.7933855274085693,
          6.412401876794613
        ]
      },
      "properties": {
        "probability": 0.8749963641166687,
        "lat": 6.412401876794613,
        "lon": -1.7933855274085693,
        "region": "Obuasi",
        "detected_at": "2026-03-09T06:22:55.603403",
        "model_version": "48px_v3.7_2024-01-10"
      }
    },
    {
      "type": "Feature",
      "geometry": {
        "type": "Point",
        "coordinates": [
          -1.791210430782312,
          6.416753436257052
        ]
      },
      "properties": {
        "probability": 0.8206618428230286,
        "lat": 6.416753436257052,
        "lon": -1.791210430782312,
        "region": "Obuasi",
        "detected_at": "2026-03-09T06:22:55.603496",
        "model_version": "48px_v3.7_2024-01-10"
      }
    },
    {
      "type": "Feature",
      "geometry": {
        "type": "Point",
        "coordinates": [
          -1.791210430782312,
          6.414577656525832
        ]
      },
      "properties": {
        "probability": 0.9920081496238708,
        "lat": 6.414577656525832,
        "lon": -1.791210430782312,
        "region": "Obuasi",
        "detected_at": "2026-03-09T06:22:55.603599",
        "model_version": "48px_v3.7_2024-01-10"
      }
    },
    {
      "type": "Feature",
      "geometry": {
        "type": "Point",
        "coordinates": [
          -1.789035334156054,
          6.416753436257051
        ]
      },
      "properties": {
        "probability": 0.884339451789856,
        "lat": 6.416753436257051,
        "lon": -1.789035334156054,
        "region": "Obuasi",
        "detected_at": "2026-03-09T06:22:55.603688",
        "model_version": "48px_v3.7_2024-01-10"
      }
    },
    {
      "type": "Feature",
      "geometry": {
        "type": "Point",
        "coordinates": [
          -1.789035334156054,
          6.414577656525833
        ]
      },
      "properties": {
        "probability": 0.8987734317779541,
        "lat": 6.414577656525833,
        "lon": -1.789035334156054,
        "region": "Obuasi",
        "detected_at": "2026-03-09T06:22:55.603778",
        "model_version": "48px_v3.7_2024-01-10"
      }
    },
    {
      "type": "Feature",
      "geometry": {
        "type": "Point",
        "coordinates": [
          -1.7846851409035385,
          6.418929215988271
        ]
      },
      "properties": {
        "probability": 0.8310472965240479,
        "lat": 6.418929215988271,
        "lon": -1.7846851409035385,
        "region": "Obuasi",
        "detected_at": "2026-03-09T06:22:55.603866",
        "model_version": "48px_v3.7_2024-01-10"
      }
    },
    {
      "type": "Feature",
      "geometry": {
        "type": "Point",
        "coordinates": [
          -1.8000321125591712,
          6.395120088529868
        ]
      },
      "properties": {
        "probability": 0.818060040473938,
        "lat": 6.395120088529868,
        "lon": -1.8000321125591712,
        "region": "Obuasi",
        "detected_at": "2026-03-09T06:22:55.603955",
        "model_version": "48px_v3.7_2024-01-10"
      }
    },
    {
      "type": "Feature",
      "geometry": {
        "type": "Point",
        "coordinates": [
          -1.8000321125591712,
          6.392944346718486
        ]
      },
      "properties": {
        "probability": 0.9965142011642456,
        "lat": 6.392944346718486,
        "lon": -1.8000321125591712,
        "region": "Obuasi",
        "detected_at": "2026-03-09T06:22:55.604065",
        "model_version": "48px_v3.7_2024-01-10"
      }
    },
    {
      "type": "Feature",
      "geometry": {
        "type": "Point",
        "coordinates": [
          -1.800032112559171,
          6.390768604907105
        ]
      },
      "properties": {
        "probability": 0.827197253704071,
        "lat": 6.390768604907105,
        "lon": -1.800032112559171,
        "region": "Obuasi",
        "detected_at": "2026-03-09T06:22:55.604157",
        "model_version": "48px_v3.7_2024-01-10"
      }
    },
    {
      "type": "Feature",
      "geometry": {
        "type": "Point",
        "coordinates": [
          -1.7956824451850542,
          6.358132477736389
        ]
      },
      "properties": {
        "probability": 0.8724122047424316,
        "lat": 6.358132477736389,
        "lon": -1.7956824451850542,
        "region": "Obuasi",
        "detected_at": "2026-03-09T06:22:55.604247",
        "model_version": "48px_v3.7_2024-01-10"
      }
    },
    {
      "type": "Feature",
      "geometry": {
        "type": "Point",
        "coordinates": [
          -1.7891579441238787,
          6.377714154038818
        ]
      },
      "properties": {
        "probability": 0.9770587086677551,
        "lat": 6.377714154038818,
        "lon": -1.7891579441238787,
        "region": "Obuasi",
        "detected_at": "2026-03-09T06:22:55.604335",
        "model_version": "48px_v3.7_2024-01-10"
      }
    },
    {
      "type": "Feature",
      "geometry": {
        "type": "Point",
        "coordinates": [
          -1.7891579441238787,
          6.375538412227437
        ]
      },
      "properties": {
        "probability": 0.8389742970466614,
        "lat": 6.375538412227437,
        "lon": -1.7891579441238787,
        "region": "Obuasi",
        "detected_at": "2026-03-09T06:22:55.604424",
        "model_version": "48px_v3.7_2024-01-10"
      }
    },
    {
      "type": "Feature",
      "geometry": {
        "type": "Point",
        "coordinates": [
          -1.7869831104368203,
          6.375538412227437
        ]
      },
      "properties": {
        "probability": 0.9148733615875244,
        "lat": 6.375538412227437,
        "lon": -1.7869831104368203,
        "region": "Obuasi",
        "detected_at": "2026-03-09T06:22:55.604513",
        "model_version": "48px_v3.7_2024-01-10"
      }
    },
    {
      "type": "Feature",
      "geometry": {
        "type": "Point",
        "coordinates": [
          -1.7869831104368203,
          6.373362670416055
        ]
      },
      "properties": {
        "probability": 0.8343812823295593,
        "lat": 6.373362670416055,
        "lon": -1.7869831104368203,
        "region": "Obuasi",
        "detected_at": "2026-03-09T06:22:55.604601",
        "model_version": "48px_v3.7_2024-01-10"
      }
    },
    {
      "type": "Feature",
      "geometry": {
        "type": "Point",
        "coordinates": [
          -1.7869831104368203,
          6.371186928604676
        ]
      },
      "properties": {
        "probability": 0.863003671169281,
        "lat": 6.371186928604676,
        "lon": -1.7869831104368203,
        "region": "Obuasi",
        "detected_at": "2026-03-09T06:22:55.604690",
        "model_version": "48px_v3.7_2024-01-10"
      }
    },
    {
      "type": "Feature",
      "geometry": {
        "type": "Point",
        "coordinates": [
          -1.7869831104368203,
          6.369011186793295
        ]
      },
      "properties": {
        "probability": 0.945096492767334,
        "lat": 6.369011186793295,
        "lon": -1.7869831104368203,
        "region": "Obuasi",
        "detected_at": "2026-03-09T06:22:55.604780",
        "model_version": "48px_v3.7_2024-01-10"
      }
    },
    {
      "type": "Feature",
      "geometry": {
        "type": "Point",
        "coordinates": [
          -1.7848082767497622,
          6.375538412227437
        ]
      },
      "properties": {
        "probability": 0.971808910369873,
        "lat": 6.375538412227437,
        "lon": -1.7848082767497622,
        "region": "Obuasi",
        "detected_at": "2026-03-09T06:22:55.604868",
        "model_version": "48px_v3.7_2024-01-10"
      }
    },
    {
      "type": "Feature",
      "geometry": {
        "type": "Point",
        "coordinates": [
          -1.7848082767497624,
          6.373362670416055
        ]
      },
      "properties": {
        "probability": 0.9992800354957581,
        "lat": 6.373362670416055,
        "lon": -1.7848082767497624,
        "region": "Obuasi",
        "detected_at": "2026-03-09T06:22:55.604959",
        "model_version": "48px_v3.7_2024-01-10"
      }
    },
    {
      "type": "Feature",
      "geometry": {
        "type": "Point",
        "coordinates": [
          -1.7848082767497622,
          6.371186928604676
        ]
      },
      "properties": {
        "probability": 0.999954879283905,
        "lat": 6.371186928604676,
        "lon": -1.7848082767497622,
        "region": "Obuasi",
        "detected_at": "2026-03-09T06:22:55.605081",
        "model_version": "48px_v3.7_2024-01-10"
      }
    },
    {
      "type": "Feature",
      "geometry": {
        "type": "Point",
        "coordinates": [
          -1.7848082767497622,
          6.369011186793295
        ]
      },
      "properties": {
        "probability": 0.9938600063323975,
        "lat": 6.369011186793295,
        "lon": -1.7848082767497622,
        "region": "Obuasi",
        "detected_at": "2026-03-09T06:22:55.605176",
        "model_version": "48px_v3.7_2024-01-10"
      }
    },
    {
      "type": "Feature",
      "geometry": {
        "type": "Point",
        "coordinates": [
          -1.7848082767497624,
          6.366835444981913
        ]
      },
      "properties": {
        "probability": 0.9845825433731079,
        "lat": 6.366835444981913,
        "lon": -1.7848082767497624,
        "region": "Obuasi",
        "detected_at": "2026-03-09T06:22:55.605267",
        "model_version": "48px_v3.7_2024-01-10"
      }
    },
    {
      "type": "Feature",
      "geometry": {
        "type": "Point",
        "coordinates": [
          -1.7848082767497622,
          6.36465970317053
        ]
      },
      "properties": {
        "probability": 0.873566210269928,
        "lat": 6.36465970317053,
        "lon": -1.7848082767497622,
        "region": "Obuasi",
        "detected_at": "2026-03-09T06:22:55.605357",
        "model_version": "48px_v3.7_2024-01-10"
      }
    },
    {
      "type": "Feature",
      "geometry": {
        "type": "Point",
        "coordinates": [
          -1.7848082767497622,
          6.360308219547769
        ]
      },
      "properties": {
        "probability": 0.8270339965820312,
        "lat": 6.360308219547769,
        "lon": -1.7848082767497622,
        "region": "Obuasi",
        "detected_at": "2026-03-09T06:22:55.605447",
        "model_version": "48px_v3.7_2024-01-10"
      }
    },
    {
      "type": "Feature",
      "geometry": {
        "type": "Point",
        "coordinates": [
          -1.7826334430627038,
          6.375538412227437
        ]
      },
      "properties": {
        "probability": 0.9968453049659729,
        "lat": 6.375538412227437,
        "lon": -1.7826334430627038,
        "region": "Obuasi",
        "detected_at": "2026-03-09T06:22:55.605536",
        "model_version": "48px_v3.7_2024-01-10"
      }
    },
    {
      "type": "Feature",
      "geometry": {
        "type": "Point",
        "coordinates": [
          -1.7826334430627035,
          6.373362670416056
        ]
      },
      "properties": {
        "probability": 0.9998618364334106,
        "lat": 6.373362670416056,
        "lon": -1.7826334430627035,
        "region": "Obuasi",
        "detected_at": "2026-03-09T06:22:55.605634",
        "model_version": "48px_v3.7_2024-01-10"
      }
    },
    {
      "type": "Feature",
      "geometry": {
        "type": "Point",
        "coordinates": [
          -1.7826334430627038,
          6.371186928604676
        ]
      },
      "properties": {
        "probability": 0.9716755151748657,
        "lat": 6.371186928604676,
        "lon": -1.7826334430627038,
        "region": "Obuasi",
        "detected_at": "2026-03-09T06:22:55.605725",
        "model_version": "48px_v3.7_2024-01-10"
      }
    },
    {
      "type": "Feature",
      "geometry": {
        "type": "Point",
        "coordinates": [
          -1.780458609375645,
          6.373362670416055
        ]
      },
      "properties": {
        "probability": 0.8629513382911682,
        "lat": 6.373362670416055,
        "lon": -1.780458609375645,
        "region": "Obuasi",
        "detected_at": "2026-03-09T06:22:55.605821",
        "model_version": "48px_v3.7_2024-01-10"
      }
    },
    {
      "type": "Feature",
      "geometry": {
        "type": "Point",
        "coordinates": [
          -1.7782837756885868,
          6.358132477736389
        ]
      },
      "properties": {
        "probability": 0.9711694121360779,
        "lat": 6.358132477736389,
        "lon": -1.7782837756885868,
        "region": "Obuasi",
        "detected_at": "2026-03-09T06:22:55.605912",
        "model_version": "48px_v3.7_2024-01-10"
      }
    },
    {
      "type": "Feature",
      "geometry": {
        "type": "Point",
        "coordinates": [
          -1.7761089420015281,
          6.358132477736389
        ]
      },
      "properties": {
        "probability": 0.977182924747467,
        "lat": 6.358132477736389,
        "lon": -1.7761089420015281,
        "region": "Obuasi",
        "detected_at": "2026-03-09T06:22:55.606034",
        "model_version": "48px_v3.7_2024-01-10"
      }
    },
    {
      "type": "Feature",
      "geometry": {
        "type": "Point",
        "coordinates": [
          -1.7739341083144697,
          6.386417121284342
        ]
      },
      "properties": {
        "probability": 0.8100917935371399,
        "lat": 6.386417121284342,
        "lon": -1.7739341083144697,
        "region": "Obuasi",
        "detected_at": "2026-03-09T06:22:55.606139",
        "model_version": "48px_v3.7_2024-01-10"
      }
    },
    {
      "type": "Feature",
      "geometry": {
        "type": "Point",
        "coordinates": [
          -1.7739341083144697,
          6.384241379472963
        ]
      },
      "properties": {
        "probability": 0.8103092312812805,
        "lat": 6.384241379472963,
        "lon": -1.7739341083144697,
        "region": "Obuasi",
        "detected_at": "2026-03-09T06:22:55.606233",
        "model_version": "48px_v3.7_2024-01-10"
      }
    },
    {
      "type": "Feature",
      "geometry": {
        "type": "Point",
        "coordinates": [
          -1.7717592746274111,
          6.392944346718486
        ]
      },
      "properties": {
        "probability": 0.8433790802955627,
        "lat": 6.392944346718486,
        "lon": -1.7717592746274111,
        "region": "Obuasi",
        "detected_at": "2026-03-09T06:22:55.606325",
        "model_version": "48px_v3.7_2024-01-10"
      }
    },
    {
      "type": "Feature",
      "geometry": {
        "type": "Point",
        "coordinates": [
          -1.7695844409403527,
          6.397295830341249
        ]
      },
      "properties": {
        "probability": 0.8412306904792786,
        "lat": 6.397295830341249,
        "lon": -1.7695844409403527,
        "region": "Obuasi",
        "detected_at": "2026-03-09T06:22:55.606415",
        "model_version": "48px_v3.7_2024-01-10"
      }
    },
    {
      "type": "Feature",
      "geometry": {
        "type": "Point",
        "coordinates": [
          -1.7695844409403527,
          6.395120088529869
        ]
      },
      "properties": {
        "probability": 0.8606277704238892,
        "lat": 6.395120088529869,
        "lon": -1.7695844409403527,
        "region": "Obuasi",
        "detected_at": "2026-03-09T06:22:55.606511",
        "model_version": "48px_v3.7_2024-01-10"
      }
    },
    {
      "type": "Feature",
      "geometry": {
        "type": "Point",
        "coordinates": [
          -1.7695844409403527,
          6.392944346718487
        ]
      },
      "properties": {
        "probability": 0.9694446921348572,
        "lat": 6.392944346718487,
        "lon": -1.7695844409403527,
        "region": "Obuasi",
        "detected_at": "2026-03-09T06:22:55.606602",
        "model_version": "48px_v3.7_2024-01-10"
      }
    },
    {
      "type": "Feature",
      "geometry": {
        "type": "Point",
        "coordinates": [
          -1.7695844409403527,
          6.358132477736389
        ]
      },
      "properties": {
        "probability": 0.8444343209266663,
        "lat": 6.358132477736389,
        "lon": -1.7695844409403527,
        "region": "Obuasi",
        "detected_at": "2026-03-09T06:22:55.606693",
        "model_version": "48px_v3.7_2024-01-10"
      }
    },
    {
      "type": "Feature",
      "geometry": {
        "type": "Point",
        "coordinates": [
          -1.767409607253294,
          6.399471572152629
        ]
      },
      "properties": {
        "probability": 0.8162150382995605,
        "lat": 6.399471572152629,
        "lon": -1.767409607253294,
        "region": "Obuasi",
        "detected_at": "2026-03-09T06:22:55.606782",
        "model_version": "48px_v3.7_2024-01-10"
      }
    },
    {
      "type": "Feature",
      "geometry": {
        "type": "Point",
        "coordinates": [
          -1.767409607253294,
          6.371186928604676
        ]
      },
      "properties": {
        "probability": 0.9555436968803406,
        "lat": 6.371186928604676,
        "lon": -1.767409607253294,
        "region": "Obuasi",
        "detected_at": "2026-03-09T06:22:55.606871",
        "model_version": "48px_v3.7_2024-01-10"
      }
    },
    {
      "type": "Feature",
      "geometry": {
        "type": "Point",
        "coordinates": [
          -1.852218084374435,
          6.31921392969228
        ]
      },
      "properties": {
        "probability": 0.9351109862327576,
        "lat": 6.31921392969228,
        "lon": -1.852218084374435,
        "region": "Obuasi",
        "detected_at": "2026-03-09T06:22:55.606961",
        "model_version": "48px_v3.7_2024-01-10"
      }
    },
    {
      "type": "Feature",
      "geometry": {
        "type": "Point",
        "coordinates": [
          -1.850043687064513,
          6.347495793373354
        ]
      },
      "properties": {
        "probability": 0.8381158113479614,
        "lat": 6.347495793373354,
        "lon": -1.850043687064513,
        "region": "Obuasi",
        "detected_at": "2026-03-09T06:22:55.607094",
        "model_version": "48px_v3.7_2024-01-10"
      }
    },
    {
      "type": "Feature",
      "geometry": {
        "type": "Point",
        "coordinates": [
          -1.8500436870645132,
          6.345320265397887
        ]
      },
      "properties": {
        "probability": 0.9893724322319031,
        "lat": 6.345320265397887,
        "lon": -1.8500436870645132,
        "region": "Obuasi",
        "detected_at": "2026-03-09T06:22:55.607195",
        "model_version": "48px_v3.7_2024-01-10"
      }
    },
    {
      "type": "Feature",
      "geometry": {
        "type": "Point",
        "coordinates": [
          -1.850043687064513,
          6.308336289814945
        ]
      },
      "properties": {
        "probability": 0.9905866980552673,
        "lat": 6.308336289814945,
        "lon": -1.850043687064513,
        "region": "Obuasi",
        "detected_at": "2026-03-09T06:22:55.607287",
        "model_version": "48px_v3.7_2024-01-10"
      }
    },
    {
      "type": "Feature",
      "geometry": {
        "type": "Point",
        "coordinates": [
          -1.8478692897545914,
          6.354022377299756
        ]
      },
      "properties": {
        "probability": 0.9498007297515869,
        "lat": 6.354022377299756,
        "lon": -1.8478692897545914,
        "region": "Obuasi",
        "detected_at": "2026-03-09T06:22:55.607378",
        "model_version": "48px_v3.7_2024-01-10"
      }
    },
    {
      "type": "Feature",
      "geometry": {
        "type": "Point",
        "coordinates": [
          -1.8478692897545912,
          6.345320265397887
        ]
      },
      "properties": {
        "probability": 0.9997910261154175,
        "lat": 6.345320265397887,
        "lon": -1.8478692897545912,
        "region": "Obuasi",
        "detected_at": "2026-03-09T06:22:55.607468",
        "model_version": "48px_v3.7_2024-01-10"
      }
    },
    {
      "type": "Feature",
      "geometry": {
        "type": "Point",
        "coordinates": [
          -1.8478692897545912,
          6.343144737422419
        ]
      },
      "properties": {
        "probability": 0.9975203275680542,
        "lat": 6.343144737422419,
        "lon": -1.8478692897545912,
        "region": "Obuasi",
        "detected_at": "2026-03-09T06:22:55.607566",
        "model_version": "48px_v3.7_2024-01-10"
      }
    },
    {
      "type": "Feature",
      "geometry": {
        "type": "Point",
        "coordinates": [
          -1.8456948924446692,
          6.345320265397887
        ]
      },
      "properties": {
        "probability": 0.9496952891349792,
        "lat": 6.345320265397887,
        "lon": -1.8456948924446692,
        "region": "Obuasi",
        "detected_at": "2026-03-09T06:22:55.607657",
        "model_version": "48px_v3.7_2024-01-10"
      }
    },
    {
      "type": "Feature",
      "geometry": {
        "type": "Point",
        "coordinates": [
          -1.8456948924446692,
          6.343144737422419
        ]
      },
      "properties": {
        "probability": 0.943017840385437,
        "lat": 6.343144737422419,
        "lon": -1.8456948924446692,
        "region": "Obuasi",
        "detected_at": "2026-03-09T06:22:55.607748",
        "model_version": "48px_v3.7_2024-01-10"
      }
    },
    {
      "type": "Feature",
      "geometry": {
        "type": "Point",
        "coordinates": [
          -1.8413460978248253,
          6.351846849324288
        ]
      },
      "properties": {
        "probability": 0.9803122878074646,
        "lat": 6.351846849324288,
        "lon": -1.8413460978248253,
        "region": "Obuasi",
        "detected_at": "2026-03-09T06:22:55.607836",
        "model_version": "48px_v3.7_2024-01-10"
      }
    },
    {
      "type": "Feature",
      "geometry": {
        "type": "Point",
        "coordinates": [
          -1.8413460978248253,
          6.34967132134882
        ]
      },
      "properties": {
        "probability": 0.8874174356460571,
        "lat": 6.34967132134882,
        "lon": -1.8413460978248253,
        "region": "Obuasi",
        "detected_at": "2026-03-09T06:22:55.607926",
        "model_version": "48px_v3.7_2024-01-10"
      }
    },
    {
      "type": "Feature",
      "geometry": {
        "type": "Point",
        "coordinates": [
          -1.8391717005149033,
          6.354022377299756
        ]
      },
      "properties": {
        "probability": 0.9550685286521912,
        "lat": 6.354022377299756,
        "lon": -1.8391717005149033,
        "region": "Obuasi",
        "detected_at": "2026-03-09T06:22:55.608052",
        "model_version": "48px_v3.7_2024-01-10"
      }
    },
    {
      "type": "Feature",
      "geometry": {
        "type": "Point",
        "coordinates": [
          -1.8391717005149033,
          6.351846849324288
        ]
      },
      "properties": {
        "probability": 0.9347556233406067,
        "lat": 6.351846849324288,
        "lon": -1.8391717005149033,
        "region": "Obuasi",
        "detected_at": "2026-03-09T06:22:55.608149",
        "model_version": "48px_v3.7_2024-01-10"
      }
    },
    {
      "type": "Feature",
      "geometry": {
        "type": "Point",
        "coordinates": [
          -1.8391717005149033,
          6.34967132134882
        ]
      },
      "properties": {
        "probability": 0.9992768168449402,
        "lat": 6.34967132134882,
        "lon": -1.8391717005149033,
        "region": "Obuasi",
        "detected_at": "2026-03-09T06:22:55.608238",
        "model_version": "48px_v3.7_2024-01-10"
      }
    },
    {
      "type": "Feature",
      "geometry": {
        "type": "Point",
        "coordinates": [
          -1.8391717005149033,
          6.347495793373354
        ]
      },
      "properties": {
        "probability": 0.9580852389335632,
        "lat": 6.347495793373354,
        "lon": -1.8391717005149033,
        "region": "Obuasi",
        "detected_at": "2026-03-09T06:22:55.608329",
        "model_version": "48px_v3.7_2024-01-10"
      }
    },
    {
      "type": "Feature",
      "geometry": {
        "type": "Point",
        "coordinates": [
          -1.8369973032049813,
          6.354022377299756
        ]
      },
      "properties": {
        "probability": 0.9997336268424988,
        "lat": 6.354022377299756,
        "lon": -1.8369973032049813,
        "region": "Obuasi",
        "detected_at": "2026-03-09T06:22:55.608418",
        "model_version": "48px_v3.7_2024-01-10"
      }
    },
    {
      "type": "Feature",
      "geometry": {
        "type": "Point",
        "coordinates": [
          -1.8369973032049813,
          6.351846849324288
        ]
      },
      "properties": {
        "probability": 0.9331924915313721,
        "lat": 6.351846849324288,
        "lon": -1.8369973032049813,
        "region": "Obuasi",
        "detected_at": "2026-03-09T06:22:55.608508",
        "model_version": "48px_v3.7_2024-01-10"
      }
    },
    {
      "type": "Feature",
      "geometry": {
        "type": "Point",
        "coordinates": [
          -1.8369973032049813,
          6.34967132134882
        ]
      },
      "properties": {
        "probability": 0.9999207258224487,
        "lat": 6.34967132134882,
        "lon": -1.8369973032049813,
        "region": "Obuasi",
        "detected_at": "2026-03-09T06:22:55.608597",
        "model_version": "48px_v3.7_2024-01-10"
      }
    },
    {
      "type": "Feature",
      "geometry": {
        "type": "Point",
        "coordinates": [
          -1.8369973032049813,
          6.347495793373354
        ]
      },
      "properties": {
        "probability": 0.9883246421813965,
        "lat": 6.347495793373354,
        "lon": -1.8369973032049813,
        "region": "Obuasi",
        "detected_at": "2026-03-09T06:22:55.608688",
        "model_version": "48px_v3.7_2024-01-10"
      }
    },
    {
      "type": "Feature",
      "geometry": {
        "type": "Point",
        "coordinates": [
          -1.8369973032049813,
          6.338793681471484
        ]
      },
      "properties": {
        "probability": 0.8704115748405457,
        "lat": 6.338793681471484,
        "lon": -1.8369973032049813,
        "region": "Obuasi",
        "detected_at": "2026-03-09T06:22:55.608779",
        "model_version": "48px_v3.7_2024-01-10"
      }
    },
    {
      "type": "Feature",
      "geometry": {
        "type": "Point",
        "coordinates": [
          -1.8369973032049813,
          6.332267097545082
        ]
      },
      "properties": {
        "probability": 0.9056437611579895,
        "lat": 6.332267097545082,
        "lon": -1.8369973032049813,
        "region": "Obuasi",
        "detected_at": "2026-03-09T06:22:55.608870",
        "model_version": "48px_v3.7_2024-01-10"
      }
    },
    {
      "type": "Feature",
      "geometry": {
        "type": "Point",
        "coordinates": [
          -1.8348229058950596,
          6.354022377299756
        ]
      },
      "properties": {
        "probability": 0.9999708533287048,
        "lat": 6.354022377299756,
        "lon": -1.8348229058950596,
        "region": "Obuasi",
        "detected_at": "2026-03-09T06:22:55.608959",
        "model_version": "48px_v3.7_2024-01-10"
      }
    },
    {
      "type": "Feature",
      "geometry": {
        "type": "Point",
        "coordinates": [
          -1.8348229058950596,
          6.351846849324288
        ]
      },
      "properties": {
        "probability": 0.9945980310440063,
        "lat": 6.351846849324288,
        "lon": -1.8348229058950596,
        "region": "Obuasi",
        "detected_at": "2026-03-09T06:22:55.609071",
        "model_version": "48px_v3.7_2024-01-10"
      }
    },
    {
      "type": "Feature",
      "geometry": {
        "type": "Point",
        "coordinates": [
          -1.8348229058950596,
          6.34967132134882
        ]
      },
      "properties": {
        "probability": 0.9910341501235962,
        "lat": 6.34967132134882,
        "lon": -1.8348229058950596,
        "region": "Obuasi",
        "detected_at": "2026-03-09T06:22:55.609164",
        "model_version": "48px_v3.7_2024-01-10"
      }
    },
    {
      "type": "Feature",
      "geometry": {
        "type": "Point",
        "coordinates": [
          -1.8348229058950596,
          6.347495793373354
        ]
      },
      "properties": {
        "probability": 0.9870088696479797,
        "lat": 6.347495793373354,
        "lon": -1.8348229058950596,
        "region": "Obuasi",
        "detected_at": "2026-03-09T06:22:55.609254",
        "model_version": "48px_v3.7_2024-01-10"
      }
    },
    {
      "type": "Feature",
      "geometry": {
        "type": "Point",
        "coordinates": [
          -1.8348229058950594,
          6.345320265397887
        ]
      },
      "properties": {
        "probability": 0.9911103844642639,
        "lat": 6.345320265397887,
        "lon": -1.8348229058950594,
        "region": "Obuasi",
        "detected_at": "2026-03-09T06:22:55.609352",
        "model_version": "48px_v3.7_2024-01-10"
      }
    },
    {
      "type": "Feature",
      "geometry": {
        "type": "Point",
        "coordinates": [
          -1.8326485085851374,
          6.347495793373354
        ]
      },
      "properties": {
        "probability": 0.9947715401649475,
        "lat": 6.347495793373354,
        "lon": -1.8326485085851374,
        "region": "Obuasi",
        "detected_at": "2026-03-09T06:22:55.609443",
        "model_version": "48px_v3.7_2024-01-10"
      }
    },
    {
      "type": "Feature",
      "geometry": {
        "type": "Point",
        "coordinates": [
          -1.8326485085851374,
          6.345320265397887
        ]
      },
      "properties": {
        "probability": 0.9999330043792725,
        "lat": 6.345320265397887,
        "lon": -1.8326485085851374,
        "region": "Obuasi",
        "detected_at": "2026-03-09T06:22:55.609538",
        "model_version": "48px_v3.7_2024-01-10"
      }
    },
    {
      "type": "Feature",
      "geometry": {
        "type": "Point",
        "coordinates": [
          -1.8326485085851374,
          6.343144737422419
        ]
      },
      "properties": {
        "probability": 0.9989387392997742,
        "lat": 6.343144737422419,
        "lon": -1.8326485085851374,
        "region": "Obuasi",
        "detected_at": "2026-03-09T06:22:55.609633",
        "model_version": "48px_v3.7_2024-01-10"
      }
    },
    {
      "type": "Feature",
      "geometry": {
        "type": "Point",
        "coordinates": [
          -1.8326485085851374,
          6.338793681471484
        ]
      },
      "properties": {
        "probability": 0.9222574830055237,
        "lat": 6.338793681471484,
        "lon": -1.8326485085851374,
        "region": "Obuasi",
        "detected_at": "2026-03-09T06:22:55.609724",
        "model_version": "48px_v3.7_2024-01-10"
      }
    },
    {
      "type": "Feature",
      "geometry": {
        "type": "Point",
        "coordinates": [
          -1.8326485085851374,
          6.336618153496018
        ]
      },
      "properties": {
        "probability": 0.9964398741722107,
        "lat": 6.336618153496018,
        "lon": -1.8326485085851374,
        "region": "Obuasi",
        "detected_at": "2026-03-09T06:22:55.609814",
        "model_version": "48px_v3.7_2024-01-10"
      }
    },
    {
      "type": "Feature",
      "geometry": {
        "type": "Point",
        "coordinates": [
          -1.8304741112752154,
          6.347495793373354
        ]
      },
      "properties": {
        "probability": 0.9951211810112,
        "lat": 6.347495793373354,
        "lon": -1.8304741112752154,
        "region": "Obuasi",
        "detected_at": "2026-03-09T06:22:55.609904",
        "model_version": "48px_v3.7_2024-01-10"
      }
    },
    {
      "type": "Feature",
      "geometry": {
        "type": "Point",
        "coordinates": [
          -1.8304741112752156,
          6.345320265397887
        ]
      },
      "properties": {
        "probability": 0.9987757205963135,
        "lat": 6.345320265397887,
        "lon": -1.8304741112752156,
        "region": "Obuasi",
        "detected_at": "2026-03-09T06:22:55.610009",
        "model_version": "48px_v3.7_2024-01-10"
      }
    },
    {
      "type": "Feature",
      "geometry": {
        "type": "Point",
        "coordinates": [
          -1.8304741112752156,
          6.343144737422419
        ]
      },
      "properties": {
        "probability": 0.9943867325782776,
        "lat": 6.343144737422419,
        "lon": -1.8304741112752156,
        "region": "Obuasi",
        "detected_at": "2026-03-09T06:22:55.610107",
        "model_version": "48px_v3.7_2024-01-10"
      }
    },
    {
      "type": "Feature",
      "geometry": {
        "type": "Point",
        "coordinates": [
          -1.8304741112752154,
          6.338793681471484
        ]
      },
      "properties": {
        "probability": 0.9923126697540283,
        "lat": 6.338793681471484,
        "lon": -1.8304741112752154,
        "region": "Obuasi",
        "detected_at": "2026-03-09T06:22:55.610198",
        "model_version": "48px_v3.7_2024-01-10"
      }
    },
    {
      "type": "Feature",
      "geometry": {
        "type": "Point",
        "coordinates": [
          -1.8304741112752154,
          6.336618153496018
        ]
      },
      "properties": {
        "probability": 0.999954104423523,
        "lat": 6.336618153496018,
        "lon": -1.8304741112752154,
        "region": "Obuasi",
        "detected_at": "2026-03-09T06:22:55.610288",
        "model_version": "48px_v3.7_2024-01-10"
      }
    },
    {
      "type": "Feature",
      "geometry": {
        "type": "Point",
        "coordinates": [
          -1.8304741112752154,
          6.33444262552055
        ]
      },
      "properties": {
        "probability": 0.8857767581939697,
        "lat": 6.33444262552055,
        "lon": -1.8304741112752154,
        "region": "Obuasi",
        "detected_at": "2026-03-09T06:22:55.610380",
        "model_version": "48px_v3.7_2024-01-10"
      }
    },
    {
      "type": "Feature",
      "geometry": {
        "type": "Point",
        "coordinates": [
          -1.8282997139652932,
          6.34967132134882
        ]
      },
      "properties": {
        "probability": 0.8002508282661438,
        "lat": 6.34967132134882,
        "lon": -1.8282997139652932,
        "region": "Obuasi",
        "detected_at": "2026-03-09T06:22:55.610470",
        "model_version": "48px_v3.7_2024-01-10"
      }
    },
    {
      "type": "Feature",
      "geometry": {
        "type": "Point",
        "coordinates": [
          -1.8282997139652932,
          6.347495793373354
        ]
      },
      "properties": {
        "probability": 0.9994987845420837,
        "lat": 6.347495793373354,
        "lon": -1.8282997139652932,
        "region": "Obuasi",
        "detected_at": "2026-03-09T06:22:55.610559",
        "model_version": "48px_v3.7_2024-01-10"
      }
    },
    {
      "type": "Feature",
      "geometry": {
        "type": "Point",
        "coordinates": [
          -1.8282997139652932,
          6.345320265397887
        ]
      },
      "properties": {
        "probability": 0.9985927939414978,
        "lat": 6.345320265397887,
        "lon": -1.8282997139652932,
        "region": "Obuasi",
        "detected_at": "2026-03-09T06:22:55.610649",
        "model_version": "48px_v3.7_2024-01-10"
      }
    },
    {
      "type": "Feature",
      "geometry": {
        "type": "Point",
        "coordinates": [
          -1.8282997139652932,
          6.343144737422419
        ]
      },
      "properties": {
        "probability": 0.9799835085868835,
        "lat": 6.343144737422419,
        "lon": -1.8282997139652932,
        "region": "Obuasi",
        "detected_at": "2026-03-09T06:22:55.610740",
        "model_version": "48px_v3.7_2024-01-10"
      }
    },
    {
      "type": "Feature",
      "geometry": {
        "type": "Point",
        "coordinates": [
          -1.8282997139652932,
          6.338793681471484
        ]
      },
      "properties": {
        "probability": 0.9436202645301819,
        "lat": 6.338793681471484,
        "lon": -1.8282997139652932,
        "region": "Obuasi",
        "detected_at": "2026-03-09T06:22:55.610831",
        "model_version": "48px_v3.7_2024-01-10"
      }
    },
    {
      "type": "Feature",
      "geometry": {
        "type": "Point",
        "coordinates": [
          -1.8282997139652932,
          6.336618153496018
        ]
      },
      "properties": {
        "probability": 0.9930713772773743,
        "lat": 6.336618153496018,
        "lon": -1.8282997139652932,
        "region": "Obuasi",
        "detected_at": "2026-03-09T06:22:55.610921",
        "model_version": "48px_v3.7_2024-01-10"
      }
    },
    {
      "type": "Feature",
      "geometry": {
        "type": "Point",
        "coordinates": [
          -1.8282997139652932,
          6.33444262552055
        ]
      },
      "properties": {
        "probability": 0.9507745504379272,
        "lat": 6.33444262552055,
        "lon": -1.8282997139652932,
        "region": "Obuasi",
        "detected_at": "2026-03-09T06:22:55.611037",
        "model_version": "48px_v3.7_2024-01-10"
      }
    },
    {
      "type": "Feature",
      "geometry": {
        "type": "Point",
        "coordinates": [
          -1.8261253166553717,
          6.347495793373354
        ]
      },
      "properties": {
        "probability": 0.9969007968902588,
        "lat": 6.347495793373354,
        "lon": -1.8261253166553717,
        "region": "Obuasi",
        "detected_at": "2026-03-09T06:22:55.611133",
        "model_version": "48px_v3.7_2024-01-10"
      }
    },
    {
      "type": "Feature",
      "geometry": {
        "type": "Point",
        "coordinates": [
          -1.8261253166553717,
          6.33444262552055
        ]
      },
      "properties": {
        "probability": 0.9783337116241455,
        "lat": 6.33444262552055,
        "lon": -1.8261253166553717,
        "region": "Obuasi",
        "detected_at": "2026-03-09T06:22:55.611230",
        "model_version": "48px_v3.7_2024-01-10"
      }
    },
    {
      "type": "Feature",
      "geometry": {
        "type": "Point",
        "coordinates": [
          -1.8261253166553717,
          6.332267097545082
        ]
      },
      "properties": {
        "probability": 0.9010559320449829,
        "lat": 6.332267097545082,
        "lon": -1.8261253166553717,
        "region": "Obuasi",
        "detected_at": "2026-03-09T06:22:55.611321",
        "model_version": "48px_v3.7_2024-01-10"
      }
    },
    {
      "type": "Feature",
      "geometry": {
        "type": "Point",
        "coordinates": [
          -1.8261253166553717,
          6.312687345765878
        ]
      },
      "properties": {
        "probability": 0.9072244167327881,
        "lat": 6.312687345765878,
        "lon": -1.8261253166553717,
        "region": "Obuasi",
        "detected_at": "2026-03-09T06:22:55.611414",
        "model_version": "48px_v3.7_2024-01-10"
      }
    },
    {
      "type": "Feature",
      "geometry": {
        "type": "Point",
        "coordinates": [
          -1.8261253166553717,
          6.3105118177904105
        ]
      },
      "properties": {
        "probability": 0.879627525806427,
        "lat": 6.3105118177904105,
        "lon": -1.8261253166553717,
        "region": "Obuasi",
        "detected_at": "2026-03-09T06:22:55.611504",
        "model_version": "48px_v3.7_2024-01-10"
      }
    },
    {
      "type": "Feature",
      "geometry": {
        "type": "Point",
        "coordinates": [
          -1.8239509193454493,
          6.327916041594149
        ]
      },
      "properties": {
        "probability": 0.9637963771820068,
        "lat": 6.327916041594149,
        "lon": -1.8239509193454493,
        "region": "Obuasi",
        "detected_at": "2026-03-09T06:22:55.611593",
        "model_version": "48px_v3.7_2024-01-10"
      }
    },
    {
      "type": "Feature",
      "geometry": {
        "type": "Point",
        "coordinates": [
          -1.8239509193454493,
          6.325740513618681
        ]
      },
      "properties": {
        "probability": 0.8925715088844299,
        "lat": 6.325740513618681,
        "lon": -1.8239509193454493,
        "region": "Obuasi",
        "detected_at": "2026-03-09T06:22:55.611682",
        "model_version": "48px_v3.7_2024-01-10"
      }
    },
    {
      "type": "Feature",
      "geometry": {
        "type": "Point",
        "coordinates": [
          -1.8239509193454493,
          6.3105118177904105
        ]
      },
      "properties": {
        "probability": 0.8918954730033875,
        "lat": 6.3105118177904105,
        "lon": -1.8239509193454493,
        "region": "Obuasi",
        "detected_at": "2026-03-09T06:22:55.611772",
        "model_version": "48px_v3.7_2024-01-10"
      }
    },
    {
      "type": "Feature",
      "geometry": {
        "type": "Point",
        "coordinates": [
          -1.8217765220355273,
          6.31921392969228
        ]
      },
      "properties": {
        "probability": 0.9350695610046387,
        "lat": 6.31921392969228,
        "lon": -1.8217765220355273,
        "region": "Obuasi",
        "detected_at": "2026-03-09T06:22:55.611862",
        "model_version": "48px_v3.7_2024-01-10"
      }
    },
    {
      "type": "Feature",
      "geometry": {
        "type": "Point",
        "coordinates": [
          -1.8196021247256058,
          6.321389457667747
        ]
      },
      "properties": {
        "probability": 0.9713482856750488,
        "lat": 6.321389457667747,
        "lon": -1.8196021247256058,
        "region": "Obuasi",
        "detected_at": "2026-03-09T06:22:55.611975",
        "model_version": "48px_v3.7_2024-01-10"
      }
    },
    {
      "type": "Feature",
      "geometry": {
        "type": "Point",
        "coordinates": [
          -1.8196021247256058,
          6.31921392969228
        ]
      },
      "properties": {
        "probability": 0.9858513474464417,
        "lat": 6.31921392969228,
        "lon": -1.8196021247256058,
        "region": "Obuasi",
        "detected_at": "2026-03-09T06:22:55.612097",
        "model_version": "48px_v3.7_2024-01-10"
      }
    },
    {
      "type": "Feature",
      "geometry": {
        "type": "Point",
        "coordinates": [
          -1.8109045354859177,
          6.330091569569615
        ]
      },
      "properties": {
        "probability": 0.9945582747459412,
        "lat": 6.330091569569615,
        "lon": -1.8109045354859177,
        "region": "Obuasi",
        "detected_at": "2026-03-09T06:22:55.612188",
        "model_version": "48px_v3.7_2024-01-10"
      }
    },
    {
      "type": "Feature",
      "geometry": {
        "type": "Point",
        "coordinates": [
          -1.8087301381759957,
          6.332267097545082
        ]
      },
      "properties": {
        "probability": 0.8136868476867676,
        "lat": 6.332267097545082,
        "lon": -1.8087301381759957,
        "region": "Obuasi",
        "detected_at": "2026-03-09T06:22:55.612278",
        "model_version": "48px_v3.7_2024-01-10"
      }
    },
    {
      "type": "Feature",
      "geometry": {
        "type": "Point",
        "coordinates": [
          -1.8087301381759957,
          6.330091569569615
        ]
      },
      "properties": {
        "probability": 0.8255036473274231,
        "lat": 6.330091569569615,
        "lon": -1.8087301381759957,
        "region": "Obuasi",
        "detected_at": "2026-03-09T06:22:55.612368",
        "model_version": "48px_v3.7_2024-01-10"
      }
    },
    {
      "type": "Feature",
      "geometry": {
        "type": "Point",
        "coordinates": [
          -1.7456603904132013,
          6.457967833346323
        ]
      },
      "properties": {
        "probability": 0.8554415702819824,
        "lat": 6.457967833346323,
        "lon": -1.7456603904132013,
        "region": "Obuasi",
        "detected_at": "2026-03-09T06:22:55.612457",
        "model_version": "48px_v3.7_2024-01-10"
      }
    },
    {
      "type": "Feature",
      "geometry": {
        "type": "Point",
        "coordinates": [
          -1.7304334747105157,
          6.41880060041116
        ]
      },
      "properties": {
        "probability": 0.8116422295570374,
        "lat": 6.41880060041116,
        "lon": -1.7304334747105157,
        "region": "Obuasi",
        "detected_at": "2026-03-09T06:22:55.612554",
        "model_version": "48px_v3.7_2024-01-10"
      }
    },
    {
      "type": "Feature",
      "geometry": {
        "type": "Point",
        "coordinates": [
          -1.7043301906487682,
          6.416624643025875
        ]
      },
      "properties": {
        "probability": 0.914638102054596,
        "lat": 6.416624643025875,
        "lon": -1.7043301906487682,
        "region": "Obuasi",
        "detected_at": "2026-03-09T06:22:55.612654",
        "model_version": "48px_v3.7_2024-01-10"
      }
    },
    {
      "type": "Feature",
      "geometry": {
        "type": "Point",
        "coordinates": [
          -1.8367625567576624,
          6.458213345195185
        ]
      },
      "properties": {
        "probability": 0.9374140501022339,
        "lat": 6.458213345195185,
        "lon": -1.8367625567576624,
        "region": "Obuasi",
        "detected_at": "2026-03-09T06:22:55.612789",
        "model_version": "48px_v3.7_2024-01-10"
      }
    },
    {
      "type": "Feature",
      "geometry": {
        "type": "Point",
        "coordinates": [
          -1.8345876390245766,
          6.458213345195185
        ]
      },
      "properties": {
        "probability": 0.9999960064888,
        "lat": 6.458213345195185,
        "lon": -1.8345876390245766,
        "region": "Obuasi",
        "detected_at": "2026-03-09T06:22:55.612881",
        "model_version": "48px_v3.7_2024-01-10"
      }
    },
    {
      "type": "Feature",
      "geometry": {
        "type": "Point",
        "coordinates": [
          -1.8324127212914905,
          6.458213345195185
        ]
      },
      "properties": {
        "probability": 0.9999993443489075,
        "lat": 6.458213345195185,
        "lon": -1.8324127212914905,
        "region": "Obuasi",
        "detected_at": "2026-03-09T06:22:55.612971",
        "model_version": "48px_v3.7_2024-01-10"
      }
    },
    {
      "type": "Feature",
      "geometry": {
        "type": "Point",
        "coordinates": [
          -1.8302378035584042,
          6.458213345195185
        ]
      },
      "properties": {
        "probability": 0.9999951124191284,
        "lat": 6.458213345195185,
        "lon": -1.8302378035584042,
        "region": "Obuasi",
        "detected_at": "2026-03-09T06:22:55.613088",
        "model_version": "48px_v3.7_2024-01-10"
      }
    },
    {
      "type": "Feature",
      "geometry": {
        "type": "Point",
        "coordinates": [
          -1.8302378035584042,
          6.456037744943142
        ]
      },
      "properties": {
        "probability": 0.8875213861465454,
        "lat": 6.456037744943142,
        "lon": -1.8302378035584042,
        "region": "Obuasi",
        "detected_at": "2026-03-09T06:22:55.613181",
        "model_version": "48px_v3.7_2024-01-10"
      }
    },
    {
      "type": "Feature",
      "geometry": {
        "type": "Point",
        "coordinates": [
          -1.828062885825318,
          6.458213345195185
        ]
      },
      "properties": {
        "probability": 0.9992963075637817,
        "lat": 6.458213345195185,
        "lon": -1.828062885825318,
        "region": "Obuasi",
        "detected_at": "2026-03-09T06:22:55.613270",
        "model_version": "48px_v3.7_2024-01-10"
      }
    },
    {
      "type": "Feature",
      "geometry": {
        "type": "Point",
        "coordinates": [
          -1.825887968092232,
          6.458213345195185
        ]
      },
      "properties": {
        "probability": 0.9783773422241211,
        "lat": 6.458213345195185,
        "lon": -1.825887968092232,
        "region": "Obuasi",
        "detected_at": "2026-03-09T06:22:55.613361",
        "model_version": "48px_v3.7_2024-01-10"
      }
    },
    {
      "type": "Feature",
      "geometry": {
        "type": "Point",
        "coordinates": [
          -1.8237130503591457,
          6.458213345195185
        ]
      },
      "properties": {
        "probability": 0.9777039289474487,
        "lat": 6.458213345195185,
        "lon": -1.8237130503591457,
        "region": "Obuasi",
        "detected_at": "2026-03-09T06:22:55.613451",
        "model_version": "48px_v3.7_2024-01-10"
      }
    },
    {
      "type": "Feature",
      "geometry": {
        "type": "Point",
        "coordinates": [
          -1.8215381326260596,
          6.458213345195185
        ]
      },
      "properties": {
        "probability": 0.9953908920288086,
        "lat": 6.458213345195185,
        "lon": -1.8215381326260596,
        "region": "Obuasi",
        "detected_at": "2026-03-09T06:22:55.613548",
        "model_version": "48px_v3.7_2024-01-10"
      }
    },
    {
      "type": "Feature",
      "geometry": {
        "type": "Point",
        "coordinates": [
          -1.8193632148929737,
          6.458213345195185
        ]
      },
      "properties": {
        "probability": 0.8668811917304993,
        "lat": 6.458213345195185,
        "lon": -1.8193632148929737,
        "region": "Obuasi",
        "detected_at": "2026-03-09T06:22:55.613640",
        "model_version": "48px_v3.7_2024-01-10"
      }
    },
    {
      "type": "Feature",
      "geometry": {
        "type": "Point",
        "coordinates": [
          -1.8171882971598876,
          6.449510944187007
        ]
      },
      "properties": {
        "probability": 0.8330159783363342,
        "lat": 6.449510944187007,
        "lon": -1.8171882971598876,
        "region": "Obuasi",
        "detected_at": "2026-03-09T06:22:55.613731",
        "model_version": "48px_v3.7_2024-01-10"
      }
    },
    {
      "type": "Feature",
      "geometry": {
        "type": "Point",
        "coordinates": [
          -1.8171882971598876,
          6.447335343934962
        ]
      },
      "properties": {
        "probability": 0.8150362372398376,
        "lat": 6.447335343934962,
        "lon": -1.8171882971598876,
        "region": "Obuasi",
        "detected_at": "2026-03-09T06:22:55.613823",
        "model_version": "48px_v3.7_2024-01-10"
      }
    },
    {
      "type": "Feature",
      "geometry": {
        "type": "Point",
        "coordinates": [
          -1.8150133794268015,
          6.451686544439052
        ]
      },
      "properties": {
        "probability": 0.9396560788154602,
        "lat": 6.451686544439052,
        "lon": -1.8150133794268015,
        "region": "Obuasi",
        "detected_at": "2026-03-09T06:22:55.613912",
        "model_version": "48px_v3.7_2024-01-10"
      }
    },
    {
      "type": "Feature",
      "geometry": {
        "type": "Point",
        "coordinates": [
          -1.8150133794268015,
          6.449510944187007
        ]
      },
      "properties": {
        "probability": 0.996813952922821,
        "lat": 6.449510944187007,
        "lon": -1.8150133794268015,
        "region": "Obuasi",
        "detected_at": "2026-03-09T06:22:55.614019",
        "model_version": "48px_v3.7_2024-01-10"
      }
    },
    {
      "type": "Feature",
      "geometry": {
        "type": "Point",
        "coordinates": [
          -1.8150133794268015,
          6.447335343934962
        ]
      },
      "properties": {
        "probability": 0.9977261424064636,
        "lat": 6.447335343934962,
        "lon": -1.8150133794268015,
        "region": "Obuasi",
        "detected_at": "2026-03-09T06:22:55.614121",
        "model_version": "48px_v3.7_2024-01-10"
      }
    },
    {
      "type": "Feature",
      "geometry": {
        "type": "Point",
        "coordinates": [
          -1.8150133794268015,
          6.445159743682916
        ]
      },
      "properties": {
        "probability": 0.9620575904846191,
        "lat": 6.445159743682916,
        "lon": -1.8150133794268015,
        "region": "Obuasi",
        "detected_at": "2026-03-09T06:22:55.614210",
        "model_version": "48px_v3.7_2024-01-10"
      }
    },
    {
      "type": "Feature",
      "geometry": {
        "type": "Point",
        "coordinates": [
          -1.8150133794268015,
          6.41470134015429
        ]
      },
      "properties": {
        "probability": 0.943999171257019,
        "lat": 6.41470134015429,
        "lon": -1.8150133794268015,
        "region": "Obuasi",
        "detected_at": "2026-03-09T06:22:55.614300",
        "model_version": "48px_v3.7_2024-01-10"
      }
    },
    {
      "type": "Feature",
      "geometry": {
        "type": "Point",
        "coordinates": [
          -1.8150133794268015,
          6.412525739902244
        ]
      },
      "properties": {
        "probability": 0.9999828934669495,
        "lat": 6.412525739902244,
        "lon": -1.8150133794268015,
        "region": "Obuasi",
        "detected_at": "2026-03-09T06:22:55.614389",
        "model_version": "48px_v3.7_2024-01-10"
      }
    },
    {
      "type": "Feature",
      "geometry": {
        "type": "Point",
        "coordinates": [
          -1.8150133794268015,
          6.4103501396502
        ]
      },
      "properties": {
        "probability": 0.9914578199386597,
        "lat": 6.4103501396502,
        "lon": -1.8150133794268015,
        "region": "Obuasi",
        "detected_at": "2026-03-09T06:22:55.614478",
        "model_version": "48px_v3.7_2024-01-10"
      }
    },
    {
      "type": "Feature",
      "geometry": {
        "type": "Point",
        "coordinates": [
          -1.8128384616937157,
          6.458213345195185
        ]
      },
      "properties": {
        "probability": 0.9628146886825562,
        "lat": 6.458213345195185,
        "lon": -1.8128384616937157,
        "region": "Obuasi",
        "detected_at": "2026-03-09T06:22:55.614567",
        "model_version": "48px_v3.7_2024-01-10"
      }
    },
    {
      "type": "Feature",
      "geometry": {
        "type": "Point",
        "coordinates": [
          -1.8128384616937157,
          6.456037744943142
        ]
      },
      "properties": {
        "probability": 0.9948588609695435,
        "lat": 6.456037744943142,
        "lon": -1.8128384616937157,
        "region": "Obuasi",
        "detected_at": "2026-03-09T06:22:55.614656",
        "model_version": "48px_v3.7_2024-01-10"
      }
    },
    {
      "type": "Feature",
      "geometry": {
        "type": "Point",
        "coordinates": [
          -1.8128384616937157,
          6.453862144691096
        ]
      },
      "properties": {
        "probability": 0.9083200097084045,
        "lat": 6.453862144691096,
        "lon": -1.8128384616937157,
        "region": "Obuasi",
        "detected_at": "2026-03-09T06:22:55.614745",
        "model_version": "48px_v3.7_2024-01-10"
      }
    },
    {
      "type": "Feature",
      "geometry": {
        "type": "Point",
        "coordinates": [
          -1.8128384616937157,
          6.447335343934962
        ]
      },
      "properties": {
        "probability": 0.9738325476646423,
        "lat": 6.447335343934962,
        "lon": -1.8128384616937157,
        "region": "Obuasi",
        "detected_at": "2026-03-09T06:22:55.614833",
        "model_version": "48px_v3.7_2024-01-10"
      }
    },
    {
      "type": "Feature",
      "geometry": {
        "type": "Point",
        "coordinates": [
          -1.8128384616937157,
          6.445159743682916
        ]
      },
      "properties": {
        "probability": 0.9807149171829224,
        "lat": 6.445159743682916,
        "lon": -1.8128384616937157,
        "region": "Obuasi",
        "detected_at": "2026-03-09T06:22:55.614930",
        "model_version": "48px_v3.7_2024-01-10"
      }
    },
    {
      "type": "Feature",
      "geometry": {
        "type": "Point",
        "coordinates": [
          -1.8128384616937157,
          6.416876940406334
        ]
      },
      "properties": {
        "probability": 0.9996414184570312,
        "lat": 6.416876940406334,
        "lon": -1.8128384616937157,
        "region": "Obuasi",
        "detected_at": "2026-03-09T06:22:55.615041",
        "model_version": "48px_v3.7_2024-01-10"
      }
    },
    {
      "type": "Feature",
      "geometry": {
        "type": "Point",
        "coordinates": [
          -1.8128384616937157,
          6.41470134015429
        ]
      },
      "properties": {
        "probability": 0.999998927116394,
        "lat": 6.41470134015429,
        "lon": -1.8128384616937157,
        "region": "Obuasi",
        "detected_at": "2026-03-09T06:22:55.615136",
        "model_version": "48px_v3.7_2024-01-10"
      }
    },
    {
      "type": "Feature",
      "geometry": {
        "type": "Point",
        "coordinates": [
          -1.8128384616937157,
          6.412525739902244
        ]
      },
      "properties": {
        "probability": 0.9999996423721313,
        "lat": 6.412525739902244,
        "lon": -1.8128384616937157,
        "region": "Obuasi",
        "detected_at": "2026-03-09T06:22:55.615227",
        "model_version": "48px_v3.7_2024-01-10"
      }
    },
    {
      "type": "Feature",
      "geometry": {
        "type": "Point",
        "coordinates": [
          -1.8128384616937157,
          6.4103501396502
        ]
      },
      "properties": {
        "probability": 0.9993618130683899,
        "lat": 6.4103501396502,
        "lon": -1.8128384616937157,
        "region": "Obuasi",
        "detected_at": "2026-03-09T06:22:55.615317",
        "model_version": "48px_v3.7_2024-01-10"
      }
    },
    {
      "type": "Feature",
      "geometry": {
        "type": "Point",
        "coordinates": [
          -1.8106635439606296,
          6.458213345195185
        ]
      },
      "properties": {
        "probability": 0.9999940991401672,
        "lat": 6.458213345195185,
        "lon": -1.8106635439606296,
        "region": "Obuasi",
        "detected_at": "2026-03-09T06:22:55.615407",
        "model_version": "48px_v3.7_2024-01-10"
      }
    },
    {
      "type": "Feature",
      "geometry": {
        "type": "Point",
        "coordinates": [
          -1.8106635439606296,
          6.456037744943142
        ]
      },
      "properties": {
        "probability": 0.9999614357948303,
        "lat": 6.456037744943142,
        "lon": -1.8106635439606296,
        "region": "Obuasi",
        "detected_at": "2026-03-09T06:22:55.615498",
        "model_version": "48px_v3.7_2024-01-10"
      }
    },
    {
      "type": "Feature",
      "geometry": {
        "type": "Point",
        "coordinates": [
          -1.8106635439606296,
          6.453862144691096
        ]
      },
      "properties": {
        "probability": 0.9970301389694214,
        "lat": 6.453862144691096,
        "lon": -1.8106635439606296,
        "region": "Obuasi",
        "detected_at": "2026-03-09T06:22:55.615594",
        "model_version": "48px_v3.7_2024-01-10"
      }
    },
    {
      "type": "Feature",
      "geometry": {
        "type": "Point",
        "coordinates": [
          -1.8106635439606296,
          6.451686544439052
        ]
      },
      "properties": {
        "probability": 0.9589136242866516,
        "lat": 6.451686544439052,
        "lon": -1.8106635439606296,
        "region": "Obuasi",
        "detected_at": "2026-03-09T06:22:55.615691",
        "model_version": "48px_v3.7_2024-01-10"
      }
    },
    {
      "type": "Feature",
      "geometry": {
        "type": "Point",
        "coordinates": [
          -1.8106635439606296,
          6.419052540658379
        ]
      },
      "properties": {
        "probability": 0.9061866402626038,
        "lat": 6.419052540658379,
        "lon": -1.8106635439606296,
        "region": "Obuasi",
        "detected_at": "2026-03-09T06:22:55.615782",
        "model_version": "48px_v3.7_2024-01-10"
      }
    },
    {
      "type": "Feature",
      "geometry": {
        "type": "Point",
        "coordinates": [
          -1.8106635439606296,
          6.416876940406334
        ]
      },
      "properties": {
        "probability": 0.9999922513961792,
        "lat": 6.416876940406334,
        "lon": -1.8106635439606296,
        "region": "Obuasi",
        "detected_at": "2026-03-09T06:22:55.615885",
        "model_version": "48px_v3.7_2024-01-10"
      }
    },
    {
      "type": "Feature",
      "geometry": {
        "type": "Point",
        "coordinates": [
          -1.8106635439606296,
          6.41470134015429
        ]
      },
      "properties": {
        "probability": 0.999995231628418,
        "lat": 6.41470134015429,
        "lon": -1.8106635439606296,
        "region": "Obuasi",
        "detected_at": "2026-03-09T06:22:55.615978",
        "model_version": "48px_v3.7_2024-01-10"
      }
    },
    {
      "type": "Feature",
      "geometry": {
        "type": "Point",
        "coordinates": [
          -1.8106635439606296,
          6.412525739902244
        ]
      },
      "properties": {
        "probability": 0.876437246799469,
        "lat": 6.412525739902244,
        "lon": -1.8106635439606296,
        "region": "Obuasi",
        "detected_at": "2026-03-09T06:22:55.616089",
        "model_version": "48px_v3.7_2024-01-10"
      }
    },
    {
      "type": "Feature",
      "geometry": {
        "type": "Point",
        "coordinates": [
          -1.8084886262275433,
          6.458213345195185
        ]
      },
      "properties": {
        "probability": 0.9999281167984009,
        "lat": 6.458213345195185,
        "lon": -1.8084886262275433,
        "region": "Obuasi",
        "detected_at": "2026-03-09T06:22:55.616181",
        "model_version": "48px_v3.7_2024-01-10"
      }
    },
    {
      "type": "Feature",
      "geometry": {
        "type": "Point",
        "coordinates": [
          -1.8084886262275433,
          6.456037744943142
        ]
      },
      "properties": {
        "probability": 0.9996047019958496,
        "lat": 6.456037744943142,
        "lon": -1.8084886262275433,
        "region": "Obuasi",
        "detected_at": "2026-03-09T06:22:55.616271",
        "model_version": "48px_v3.7_2024-01-10"
      }
    },
    {
      "type": "Feature",
      "geometry": {
        "type": "Point",
        "coordinates": [
          -1.8084886262275433,
          6.453862144691096
        ]
      },
      "properties": {
        "probability": 0.9759231805801392,
        "lat": 6.453862144691096,
        "lon": -1.8084886262275433,
        "region": "Obuasi",
        "detected_at": "2026-03-09T06:22:55.616361",
        "model_version": "48px_v3.7_2024-01-10"
      }
    },
    {
      "type": "Feature",
      "geometry": {
        "type": "Point",
        "coordinates": [
          -1.8084886262275433,
          6.451686544439052
        ]
      },
      "properties": {
        "probability": 0.934061586856842,
        "lat": 6.451686544439052,
        "lon": -1.8084886262275433,
        "region": "Obuasi",
        "detected_at": "2026-03-09T06:22:55.616451",
        "model_version": "48px_v3.7_2024-01-10"
      }
    },
    {
      "type": "Feature",
      "geometry": {
        "type": "Point",
        "coordinates": [
          -1.8084886262275433,
          6.442984143430872
        ]
      },
      "properties": {
        "probability": 0.9604647159576416,
        "lat": 6.442984143430872,
        "lon": -1.8084886262275433,
        "region": "Obuasi",
        "detected_at": "2026-03-09T06:22:55.616540",
        "model_version": "48px_v3.7_2024-01-10"
      }
    },
    {
      "type": "Feature",
      "geometry": {
        "type": "Point",
        "coordinates": [
          -1.8084886262275433,
          6.427754941666557
        ]
      },
      "properties": {
        "probability": 0.9999562501907349,
        "lat": 6.427754941666557,
        "lon": -1.8084886262275433,
        "region": "Obuasi",
        "detected_at": "2026-03-09T06:22:55.616630",
        "model_version": "48px_v3.7_2024-01-10"
      }
    },
    {
      "type": "Feature",
      "geometry": {
        "type": "Point",
        "coordinates": [
          -1.8084886262275433,
          6.425579341414513
        ]
      },
      "properties": {
        "probability": 0.9989749789237976,
        "lat": 6.425579341414513,
        "lon": -1.8084886262275433,
        "region": "Obuasi",
        "detected_at": "2026-03-09T06:22:55.616726",
        "model_version": "48px_v3.7_2024-01-10"
      }
    },
    {
      "type": "Feature",
      "geometry": {
        "type": "Point",
        "coordinates": [
          -1.8084886262275433,
          6.416876940406334
        ]
      },
      "properties": {
        "probability": 0.9676423668861389,
        "lat": 6.416876940406334,
        "lon": -1.8084886262275433,
        "region": "Obuasi",
        "detected_at": "2026-03-09T06:22:55.616819",
        "model_version": "48px_v3.7_2024-01-10"
      }
    },
    {
      "type": "Feature",
      "geometry": {
        "type": "Point",
        "coordinates": [
          -1.8084886262275433,
          6.41470134015429
        ]
      },
      "properties": {
        "probability": 0.9998363852500916,
        "lat": 6.41470134015429,
        "lon": -1.8084886262275433,
        "region": "Obuasi",
        "detected_at": "2026-03-09T06:22:55.616910",
        "model_version": "48px_v3.7_2024-01-10"
      }
    },
    {
      "type": "Feature",
      "geometry": {
        "type": "Point",
        "coordinates": [
          -1.8063137084944572,
          6.440808543178827
        ]
      },
      "properties": {
        "probability": 0.827468752861023,
        "lat": 6.440808543178827,
        "lon": -1.8063137084944572,
        "region": "Obuasi",
        "detected_at": "2026-03-09T06:22:55.617017",
        "model_version": "48px_v3.7_2024-01-10"
      }
    },
    {
      "type": "Feature",
      "geometry": {
        "type": "Point",
        "coordinates": [
          -1.806313708494457,
          6.432106142170648
        ]
      },
      "properties": {
        "probability": 0.804011344909668,
        "lat": 6.432106142170648,
        "lon": -1.806313708494457,
        "region": "Obuasi",
        "detected_at": "2026-03-09T06:22:55.617118",
        "model_version": "48px_v3.7_2024-01-10"
      }
    },
    {
      "type": "Feature",
      "geometry": {
        "type": "Point",
        "coordinates": [
          -1.8063137084944572,
          6.429930541918602
        ]
      },
      "properties": {
        "probability": 0.9971157908439636,
        "lat": 6.429930541918602,
        "lon": -1.8063137084944572,
        "region": "Obuasi",
        "detected_at": "2026-03-09T06:22:55.617210",
        "model_version": "48px_v3.7_2024-01-10"
      }
    },
    {
      "type": "Feature",
      "geometry": {
        "type": "Point",
        "coordinates": [
          -1.8063137084944572,
          6.427754941666557
        ]
      },
      "properties": {
        "probability": 0.9999980926513672,
        "lat": 6.427754941666557,
        "lon": -1.8063137084944572,
        "region": "Obuasi",
        "detected_at": "2026-03-09T06:22:55.617299",
        "model_version": "48px_v3.7_2024-01-10"
      }
    },
    {
      "type": "Feature",
      "geometry": {
        "type": "Point",
        "coordinates": [
          -1.8063137084944572,
          6.425579341414513
        ]
      },
      "properties": {
        "probability": 0.9999985098838806,
        "lat": 6.425579341414513,
        "lon": -1.8063137084944572,
        "region": "Obuasi",
        "detected_at": "2026-03-09T06:22:55.617391",
        "model_version": "48px_v3.7_2024-01-10"
      }
    },
    {
      "type": "Feature",
      "geometry": {
        "type": "Point",
        "coordinates": [
          -1.8063137084944572,
          6.423403741162468
        ]
      },
      "properties": {
        "probability": 0.9910961389541626,
        "lat": 6.423403741162468,
        "lon": -1.8063137084944572,
        "region": "Obuasi",
        "detected_at": "2026-03-09T06:22:55.617480",
        "model_version": "48px_v3.7_2024-01-10"
      }
    },
    {
      "type": "Feature",
      "geometry": {
        "type": "Point",
        "coordinates": [
          -1.8063137084944572,
          6.416876940406334
        ]
      },
      "properties": {
        "probability": 0.9233736991882324,
        "lat": 6.416876940406334,
        "lon": -1.8063137084944572,
        "region": "Obuasi",
        "detected_at": "2026-03-09T06:22:55.617568",
        "model_version": "48px_v3.7_2024-01-10"
      }
    },
    {
      "type": "Feature",
      "geometry": {
        "type": "Point",
        "coordinates": [
          -1.804138790761371,
          6.432106142170648
        ]
      },
      "properties": {
        "probability": 0.8375657200813293,
        "lat": 6.432106142170648,
        "lon": -1.804138790761371,
        "region": "Obuasi",
        "detected_at": "2026-03-09T06:22:55.617657",
        "model_version": "48px_v3.7_2024-01-10"
      }
    },
    {
      "type": "Feature",
      "geometry": {
        "type": "Point",
        "coordinates": [
          -1.8041387907613713,
          6.429930541918602
        ]
      },
      "properties": {
        "probability": 0.929778516292572,
        "lat": 6.429930541918602,
        "lon": -1.8041387907613713,
        "region": "Obuasi",
        "detected_at": "2026-03-09T06:22:55.617747",
        "model_version": "48px_v3.7_2024-01-10"
      }
    },
    {
      "type": "Feature",
      "geometry": {
        "type": "Point",
        "coordinates": [
          -1.8041387907613713,
          6.427754941666557
        ]
      },
      "properties": {
        "probability": 0.9966200590133667,
        "lat": 6.427754941666557,
        "lon": -1.8041387907613713,
        "region": "Obuasi",
        "detected_at": "2026-03-09T06:22:55.617838",
        "model_version": "48px_v3.7_2024-01-10"
      }
    },
    {
      "type": "Feature",
      "geometry": {
        "type": "Point",
        "coordinates": [
          -1.8041387907613713,
          6.425579341414513
        ]
      },
      "properties": {
        "probability": 0.9999178647994995,
        "lat": 6.425579341414513,
        "lon": -1.8041387907613713,
        "region": "Obuasi",
        "detected_at": "2026-03-09T06:22:55.617928",
        "model_version": "48px_v3.7_2024-01-10"
      }
    },
    {
      "type": "Feature",
      "geometry": {
        "type": "Point",
        "coordinates": [
          -1.8041387907613713,
          6.423403741162468
        ]
      },
      "properties": {
        "probability": 0.9946696162223816,
        "lat": 6.423403741162468,
        "lon": -1.8041387907613713,
        "region": "Obuasi",
        "detected_at": "2026-03-09T06:22:55.618048",
        "model_version": "48px_v3.7_2024-01-10"
      }
    },
    {
      "type": "Feature",
      "geometry": {
        "type": "Point",
        "coordinates": [
          -1.8041387907613713,
          6.419052540658379
        ]
      },
      "properties": {
        "probability": 0.9913742542266846,
        "lat": 6.419052540658379,
        "lon": -1.8041387907613713,
        "region": "Obuasi",
        "detected_at": "2026-03-09T06:22:55.618143",
        "model_version": "48px_v3.7_2024-01-10"
      }
    },
    {
      "type": "Feature",
      "geometry": {
        "type": "Point",
        "coordinates": [
          -1.8499283590829094,
          6.380011145510432
        ]
      },
      "properties": {
        "probability": 0.9111577272415161,
        "lat": 6.380011145510432,
        "lon": -1.8499283590829094,
        "region": "Obuasi",
        "detected_at": "2026-03-09T06:22:55.618233",
        "model_version": "48px_v3.7_2024-01-10"
      }
    },
    {
      "type": "Feature",
      "geometry": {
        "type": "Point",
        "coordinates": [
          -1.8499283590829094,
          6.377835581382649
        ]
      },
      "properties": {
        "probability": 0.9940547943115234,
        "lat": 6.377835581382649,
        "lon": -1.8499283590829094,
        "region": "Obuasi",
        "detected_at": "2026-03-09T06:22:55.618331",
        "model_version": "48px_v3.7_2024-01-10"
      }
    },
    {
      "type": "Feature",
      "geometry": {
        "type": "Point",
        "coordinates": [
          -1.8499283590829094,
          6.375660017254867
        ]
      },
      "properties": {
        "probability": 0.8679812550544739,
        "lat": 6.375660017254867,
        "lon": -1.8499283590829094,
        "region": "Obuasi",
        "detected_at": "2026-03-09T06:22:55.618421",
        "model_version": "48px_v3.7_2024-01-10"
      }
    },
    {
      "type": "Feature",
      "geometry": {
        "type": "Point",
        "coordinates": [
          -1.8477537024843043,
          6.390888966149347
        ]
      },
      "properties": {
        "probability": 0.9756463170051575,
        "lat": 6.390888966149347,
        "lon": -1.8477537024843043,
        "region": "Obuasi",
        "detected_at": "2026-03-09T06:22:55.618517",
        "model_version": "48px_v3.7_2024-01-10"
      }
    },
    {
      "type": "Feature",
      "geometry": {
        "type": "Point",
        "coordinates": [
          -1.8477537024843043,
          6.388713402021563
        ]
      },
      "properties": {
        "probability": 0.8808251023292542,
        "lat": 6.388713402021563,
        "lon": -1.8477537024843043,
        "region": "Obuasi",
        "detected_at": "2026-03-09T06:22:55.618613",
        "model_version": "48px_v3.7_2024-01-10"
      }
    },
    {
      "type": "Feature",
      "geometry": {
        "type": "Point",
        "coordinates": [
          -1.8477537024843043,
          6.380011145510432
        ]
      },
      "properties": {
        "probability": 0.9689438343048096,
        "lat": 6.380011145510432,
        "lon": -1.8477537024843043,
        "region": "Obuasi",
        "detected_at": "2026-03-09T06:22:55.618712",
        "model_version": "48px_v3.7_2024-01-10"
      }
    },
    {
      "type": "Feature",
      "geometry": {
        "type": "Point",
        "coordinates": [
          -1.8477537024843043,
          6.377835581382649
        ]
      },
      "properties": {
        "probability": 0.9476222991943359,
        "lat": 6.377835581382649,
        "lon": -1.8477537024843043,
        "region": "Obuasi",
        "detected_at": "2026-03-09T06:22:55.618803",
        "model_version": "48px_v3.7_2024-01-10"
      }
    },
    {
      "type": "Feature",
      "geometry": {
        "type": "Point",
        "coordinates": [
          -1.8477537024843043,
          6.375660017254867
        ]
      },
      "properties": {
        "probability": 0.8451476097106934,
        "lat": 6.375660017254867,
        "lon": -1.8477537024843043,
        "region": "Obuasi",
        "detected_at": "2026-03-09T06:22:55.618894",
        "model_version": "48px_v3.7_2024-01-10"
      }
    },
    {
      "type": "Feature",
      "geometry": {
        "type": "Point",
        "coordinates": [
          -1.8455790458856995,
          6.364782196615951
        ]
      },
      "properties": {
        "probability": 0.8706421852111816,
        "lat": 6.364782196615951,
        "lon": -1.8455790458856995,
        "region": "Obuasi",
        "detected_at": "2026-03-09T06:22:55.618983",
        "model_version": "48px_v3.7_2024-01-10"
      }
    },
    {
      "type": "Feature",
      "geometry": {
        "type": "Point",
        "coordinates": [
          -1.8434043892870946,
          6.375660017254867
        ]
      },
      "properties": {
        "probability": 0.9441046714782715,
        "lat": 6.375660017254867,
        "lon": -1.8434043892870946,
        "region": "Obuasi",
        "detected_at": "2026-03-09T06:22:55.619094",
        "model_version": "48px_v3.7_2024-01-10"
      }
    },
    {
      "type": "Feature",
      "geometry": {
        "type": "Point",
        "coordinates": [
          -1.8434043892870946,
          6.366957760743735
        ]
      },
      "properties": {
        "probability": 0.8796255588531494,
        "lat": 6.366957760743735,
        "lon": -1.8434043892870946,
        "region": "Obuasi",
        "detected_at": "2026-03-09T06:22:55.619185",
        "model_version": "48px_v3.7_2024-01-10"
      }
    },
    {
      "type": "Feature",
      "geometry": {
        "type": "Point",
        "coordinates": [
          -1.8434043892870946,
          6.364782196615951
        ]
      },
      "properties": {
        "probability": 0.9550564885139465,
        "lat": 6.364782196615951,
        "lon": -1.8434043892870946,
        "region": "Obuasi",
        "detected_at": "2026-03-09T06:22:55.619274",
        "model_version": "48px_v3.7_2024-01-10"
      }
    },
    {
      "type": "Feature",
      "geometry": {
        "type": "Point",
        "coordinates": [
          -1.8434043892870946,
          6.362606632488171
        ]
      },
      "properties": {
        "probability": 0.996962308883667,
        "lat": 6.362606632488171,
        "lon": -1.8434043892870946,
        "region": "Obuasi",
        "detected_at": "2026-03-09T06:22:55.619364",
        "model_version": "48px_v3.7_2024-01-10"
      }
    },
    {
      "type": "Feature",
      "geometry": {
        "type": "Point",
        "coordinates": [
          -1.8434043892870946,
          6.360431068360386
        ]
      },
      "properties": {
        "probability": 0.9623371362686157,
        "lat": 6.360431068360386,
        "lon": -1.8434043892870946,
        "region": "Obuasi",
        "detected_at": "2026-03-09T06:22:55.619453",
        "model_version": "48px_v3.7_2024-01-10"
      }
    },
    {
      "type": "Feature",
      "geometry": {
        "type": "Point",
        "coordinates": [
          -1.8412297326884897,
          6.373484453127085
        ]
      },
      "properties": {
        "probability": 0.898577868938446,
        "lat": 6.373484453127085,
        "lon": -1.8412297326884897,
        "region": "Obuasi",
        "detected_at": "2026-03-09T06:22:55.619543",
        "model_version": "48px_v3.7_2024-01-10"
      }
    },
    {
      "type": "Feature",
      "geometry": {
        "type": "Point",
        "coordinates": [
          -1.8412297326884897,
          6.360431068360386
        ]
      },
      "properties": {
        "probability": 0.9988983869552612,
        "lat": 6.360431068360386,
        "lon": -1.8412297326884897,
        "region": "Obuasi",
        "detected_at": "2026-03-09T06:22:55.619633",
        "model_version": "48px_v3.7_2024-01-10"
      }
    },
    {
      "type": "Feature",
      "geometry": {
        "type": "Point",
        "coordinates": [
          -1.8412297326884897,
          6.358255504232603
        ]
      },
      "properties": {
        "probability": 0.9991326332092285,
        "lat": 6.358255504232603,
        "lon": -1.8412297326884897,
        "region": "Obuasi",
        "detected_at": "2026-03-09T06:22:55.619723",
        "model_version": "48px_v3.7_2024-01-10"
      }
    },
    {
      "type": "Feature",
      "geometry": {
        "type": "Point",
        "coordinates": [
          -1.8390550760898852,
          6.360431068360386
        ]
      },
      "properties": {
        "probability": 0.9999228715896606,
        "lat": 6.360431068360386,
        "lon": -1.8390550760898852,
        "region": "Obuasi",
        "detected_at": "2026-03-09T06:22:55.619814",
        "model_version": "48px_v3.7_2024-01-10"
      }
    },
    {
      "type": "Feature",
      "geometry": {
        "type": "Point",
        "coordinates": [
          -1.8390550760898852,
          6.358255504232603
        ]
      },
      "properties": {
        "probability": 0.9999055862426758,
        "lat": 6.358255504232603,
        "lon": -1.8390550760898852,
        "region": "Obuasi",
        "detected_at": "2026-03-09T06:22:55.619904",
        "model_version": "48px_v3.7_2024-01-10"
      }
    },
    {
      "type": "Feature",
      "geometry": {
        "type": "Point",
        "coordinates": [
          -1.8368804194912798,
          6.375660017254867
        ]
      },
      "properties": {
        "probability": 0.8595465421676636,
        "lat": 6.375660017254867,
        "lon": -1.8368804194912798,
        "region": "Obuasi",
        "detected_at": "2026-03-09T06:22:55.620018",
        "model_version": "48px_v3.7_2024-01-10"
      }
    },
    {
      "type": "Feature",
      "geometry": {
        "type": "Point",
        "coordinates": [
          -1.8368804194912798,
          6.373484453127085
        ]
      },
      "properties": {
        "probability": 0.9061719179153442,
        "lat": 6.373484453127085,
        "lon": -1.8368804194912798,
        "region": "Obuasi",
        "detected_at": "2026-03-09T06:22:55.620114",
        "model_version": "48px_v3.7_2024-01-10"
      }
    },
    {
      "type": "Feature",
      "geometry": {
        "type": "Point",
        "coordinates": [
          -1.8368804194912798,
          6.362606632488171
        ]
      },
      "properties": {
        "probability": 0.8982079029083252,
        "lat": 6.362606632488171,
        "lon": -1.8368804194912798,
        "region": "Obuasi",
        "detected_at": "2026-03-09T06:22:55.620203",
        "model_version": "48px_v3.7_2024-01-10"
      }
    },
    {
      "type": "Feature",
      "geometry": {
        "type": "Point",
        "coordinates": [
          -1.8368804194912798,
          6.360431068360386
        ]
      },
      "properties": {
        "probability": 0.9997532963752747,
        "lat": 6.360431068360386,
        "lon": -1.8368804194912798,
        "region": "Obuasi",
        "detected_at": "2026-03-09T06:22:55.620293",
        "model_version": "48px_v3.7_2024-01-10"
      }
    },
    {
      "type": "Feature",
      "geometry": {
        "type": "Point",
        "coordinates": [
          -1.8368804194912798,
          6.358255504232603
        ]
      },
      "properties": {
        "probability": 0.9999585151672363,
        "lat": 6.358255504232603,
        "lon": -1.8368804194912798,
        "region": "Obuasi",
        "detected_at": "2026-03-09T06:22:55.620390",
        "model_version": "48px_v3.7_2024-01-10"
      }
    },
    {
      "type": "Feature",
      "geometry": {
        "type": "Point",
        "coordinates": [
          -1.834705762892675,
          6.3821867096382165
        ]
      },
      "properties": {
        "probability": 0.8025134205818176,
        "lat": 6.3821867096382165,
        "lon": -1.834705762892675,
        "region": "Obuasi",
        "detected_at": "2026-03-09T06:22:55.620481",
        "model_version": "48px_v3.7_2024-01-10"
      }
    },
    {
      "type": "Feature",
      "geometry": {
        "type": "Point",
        "coordinates": [
          -1.8347057628926748,
          6.380011145510432
        ]
      },
      "properties": {
        "probability": 0.9999375939369202,
        "lat": 6.380011145510432,
        "lon": -1.8347057628926748,
        "region": "Obuasi",
        "detected_at": "2026-03-09T06:22:55.620571",
        "model_version": "48px_v3.7_2024-01-10"
      }
    },
    {
      "type": "Feature",
      "geometry": {
        "type": "Point",
        "coordinates": [
          -1.8347057628926748,
          6.377835581382649
        ]
      },
      "properties": {
        "probability": 0.9999807476997375,
        "lat": 6.377835581382649,
        "lon": -1.8347057628926748,
        "region": "Obuasi",
        "detected_at": "2026-03-09T06:22:55.620667",
        "model_version": "48px_v3.7_2024-01-10"
      }
    },
    {
      "type": "Feature",
      "geometry": {
        "type": "Point",
        "coordinates": [
          -1.8347057628926748,
          6.375660017254867
        ]
      },
      "properties": {
        "probability": 0.9999837875366211,
        "lat": 6.375660017254867,
        "lon": -1.8347057628926748,
        "region": "Obuasi",
        "detected_at": "2026-03-09T06:22:55.620758",
        "model_version": "48px_v3.7_2024-01-10"
      }
    },
    {
      "type": "Feature",
      "geometry": {
        "type": "Point",
        "coordinates": [
          -1.8347057628926748,
          6.373484453127085
        ]
      },
      "properties": {
        "probability": 0.9999997019767761,
        "lat": 6.373484453127085,
        "lon": -1.8347057628926748,
        "region": "Obuasi",
        "detected_at": "2026-03-09T06:22:55.620848",
        "model_version": "48px_v3.7_2024-01-10"
      }
    },
    {
      "type": "Feature",
      "geometry": {
        "type": "Point",
        "coordinates": [
          -1.8347057628926748,
          6.371308888999301
        ]
      },
      "properties": {
        "probability": 0.9968385100364685,
        "lat": 6.371308888999301,
        "lon": -1.8347057628926748,
        "region": "Obuasi",
        "detected_at": "2026-03-09T06:22:55.620938",
        "model_version": "48px_v3.7_2024-01-10"
      }
    },
    {
      "type": "Feature",
      "geometry": {
        "type": "Point",
        "coordinates": [
          -1.834705762892675,
          6.364782196615951
        ]
      },
      "properties": {
        "probability": 0.8021303415298462,
        "lat": 6.364782196615951,
        "lon": -1.834705762892675,
        "region": "Obuasi",
        "detected_at": "2026-03-09T06:22:55.621046",
        "model_version": "48px_v3.7_2024-01-10"
      }
    },
    {
      "type": "Feature",
      "geometry": {
        "type": "Point",
        "coordinates": [
          -1.834705762892675,
          6.362606632488171
        ]
      },
      "properties": {
        "probability": 0.9969765543937683,
        "lat": 6.362606632488171,
        "lon": -1.834705762892675,
        "region": "Obuasi",
        "detected_at": "2026-03-09T06:22:55.621140",
        "model_version": "48px_v3.7_2024-01-10"
      }
    },
    {
      "type": "Feature",
      "geometry": {
        "type": "Point",
        "coordinates": [
          -1.8347057628926748,
          6.360431068360386
        ]
      },
      "properties": {
        "probability": 0.9998360276222229,
        "lat": 6.360431068360386,
        "lon": -1.8347057628926748,
        "region": "Obuasi",
        "detected_at": "2026-03-09T06:22:55.621230",
        "model_version": "48px_v3.7_2024-01-10"
      }
    },
    {
      "type": "Feature",
      "geometry": {
        "type": "Point",
        "coordinates": [
          -1.8347057628926748,
          6.358255504232603
        ]
      },
      "properties": {
        "probability": 0.9997423887252808,
        "lat": 6.358255504232603,
        "lon": -1.8347057628926748,
        "region": "Obuasi",
        "detected_at": "2026-03-09T06:22:55.621320",
        "model_version": "48px_v3.7_2024-01-10"
      }
    },
    {
      "type": "Feature",
      "geometry": {
        "type": "Point",
        "coordinates": [
          -1.8325311062940701,
          6.3821867096382165
        ]
      },
      "properties": {
        "probability": 0.9990237951278687,
        "lat": 6.3821867096382165,
        "lon": -1.8325311062940701,
        "region": "Obuasi",
        "detected_at": "2026-03-09T06:22:55.621409",
        "model_version": "48px_v3.7_2024-01-10"
      }
    },
    {
      "type": "Feature",
      "geometry": {
        "type": "Point",
        "coordinates": [
          -1.83253110629407,
          6.380011145510432
        ]
      },
      "properties": {
        "probability": 0.9999980330467224,
        "lat": 6.380011145510432,
        "lon": -1.83253110629407,
        "region": "Obuasi",
        "detected_at": "2026-03-09T06:22:55.621505",
        "model_version": "48px_v3.7_2024-01-10"
      }
    },
    {
      "type": "Feature",
      "geometry": {
        "type": "Point",
        "coordinates": [
          -1.83253110629407,
          6.377835581382649
        ]
      },
      "properties": {
        "probability": 0.999999463558197,
        "lat": 6.377835581382649,
        "lon": -1.83253110629407,
        "region": "Obuasi",
        "detected_at": "2026-03-09T06:22:55.621610",
        "model_version": "48px_v3.7_2024-01-10"
      }
    },
    {
      "type": "Feature",
      "geometry": {
        "type": "Point",
        "coordinates": [
          -1.83253110629407,
          6.375660017254867
        ]
      },
      "properties": {
        "probability": 0.9999977350234985,
        "lat": 6.375660017254867,
        "lon": -1.83253110629407,
        "region": "Obuasi",
        "detected_at": "2026-03-09T06:22:55.621703",
        "model_version": "48px_v3.7_2024-01-10"
      }
    },
    {
      "type": "Feature",
      "geometry": {
        "type": "Point",
        "coordinates": [
          -1.83253110629407,
          6.373484453127085
        ]
      },
      "properties": {
        "probability": 0.9999980926513672,
        "lat": 6.373484453127085,
        "lon": -1.83253110629407,
        "region": "Obuasi",
        "detected_at": "2026-03-09T06:22:55.621794",
        "model_version": "48px_v3.7_2024-01-10"
      }
    },
    {
      "type": "Feature",
      "geometry": {
        "type": "Point",
        "coordinates": [
          -1.83253110629407,
          6.371308888999301
        ]
      },
      "properties": {
        "probability": 0.9992786645889282,
        "lat": 6.371308888999301,
        "lon": -1.83253110629407,
        "region": "Obuasi",
        "detected_at": "2026-03-09T06:22:55.621884",
        "model_version": "48px_v3.7_2024-01-10"
      }
    },
    {
      "type": "Feature",
      "geometry": {
        "type": "Point",
        "coordinates": [
          -1.8325311062940701,
          6.364782196615951
        ]
      },
      "properties": {
        "probability": 0.8757439255714417,
        "lat": 6.364782196615951,
        "lon": -1.8325311062940701,
        "region": "Obuasi",
        "detected_at": "2026-03-09T06:22:55.621973",
        "model_version": "48px_v3.7_2024-01-10"
      }
    },
    {
      "type": "Feature",
      "geometry": {
        "type": "Point",
        "coordinates": [
          -1.8325311062940701,
          6.362606632488171
        ]
      },
      "properties": {
        "probability": 0.9720755219459534,
        "lat": 6.362606632488171,
        "lon": -1.8325311062940701,
        "region": "Obuasi",
        "detected_at": "2026-03-09T06:22:55.622084",
        "model_version": "48px_v3.7_2024-01-10"
      }
    },
    {
      "type": "Feature",
      "geometry": {
        "type": "Point",
        "coordinates": [
          -1.83253110629407,
          6.360431068360386
        ]
      },
      "properties": {
        "probability": 0.9045029878616333,
        "lat": 6.360431068360386,
        "lon": -1.83253110629407,
        "region": "Obuasi",
        "detected_at": "2026-03-09T06:22:55.622176",
        "model_version": "48px_v3.7_2024-01-10"
      }
    },
    {
      "type": "Feature",
      "geometry": {
        "type": "Point",
        "coordinates": [
          -1.83253110629407,
          6.358255504232603
        ]
      },
      "properties": {
        "probability": 0.8798680305480957,
        "lat": 6.358255504232603,
        "lon": -1.83253110629407,
        "region": "Obuasi",
        "detected_at": "2026-03-09T06:22:55.622272",
        "model_version": "48px_v3.7_2024-01-10"
      }
    },
    {
      "type": "Feature",
      "geometry": {
        "type": "Point",
        "coordinates": [
          -1.8303564496954652,
          6.386537837893781
        ]
      },
      "properties": {
        "probability": 0.9980890154838562,
        "lat": 6.386537837893781,
        "lon": -1.8303564496954652,
        "region": "Obuasi",
        "detected_at": "2026-03-09T06:22:55.622362",
        "model_version": "48px_v3.7_2024-01-10"
      }
    },
    {
      "type": "Feature",
      "geometry": {
        "type": "Point",
        "coordinates": [
          -1.830356449695465,
          6.384362273765998
        ]
      },
      "properties": {
        "probability": 0.9999926090240479,
        "lat": 6.384362273765998,
        "lon": -1.830356449695465,
        "region": "Obuasi",
        "detected_at": "2026-03-09T06:22:55.622453",
        "model_version": "48px_v3.7_2024-01-10"
      }
    },
    {
      "type": "Feature",
      "geometry": {
        "type": "Point",
        "coordinates": [
          -1.830356449695465,
          6.3821867096382165
        ]
      },
      "properties": {
        "probability": 0.9999765157699585,
        "lat": 6.3821867096382165,
        "lon": -1.830356449695465,
        "region": "Obuasi",
        "detected_at": "2026-03-09T06:22:55.622542",
        "model_version": "48px_v3.7_2024-01-10"
      }
    },
    {
      "type": "Feature",
      "geometry": {
        "type": "Point",
        "coordinates": [
          -1.8303564496954652,
          6.380011145510432
        ]
      },
      "properties": {
        "probability": 0.9999961853027344,
        "lat": 6.380011145510432,
        "lon": -1.8303564496954652,
        "region": "Obuasi",
        "detected_at": "2026-03-09T06:22:55.622631",
        "model_version": "48px_v3.7_2024-01-10"
      }
    },
    {
      "type": "Feature",
      "geometry": {
        "type": "Point",
        "coordinates": [
          -1.8303564496954652,
          6.377835581382649
        ]
      },
      "properties": {
        "probability": 0.9999966025352478,
        "lat": 6.377835581382649,
        "lon": -1.8303564496954652,
        "region": "Obuasi",
        "detected_at": "2026-03-09T06:22:55.622721",
        "model_version": "48px_v3.7_2024-01-10"
      }
    },
    {
      "type": "Feature",
      "geometry": {
        "type": "Point",
        "coordinates": [
          -1.8303564496954652,
          6.375660017254867
        ]
      },
      "properties": {
        "probability": 0.9934574365615845,
        "lat": 6.375660017254867,
        "lon": -1.8303564496954652,
        "region": "Obuasi",
        "detected_at": "2026-03-09T06:22:55.622810",
        "model_version": "48px_v3.7_2024-01-10"
      }
    },
    {
      "type": "Feature",
      "geometry": {
        "type": "Point",
        "coordinates": [
          -1.8303564496954652,
          6.373484453127085
        ]
      },
      "properties": {
        "probability": 0.9990049004554749,
        "lat": 6.373484453127085,
        "lon": -1.8303564496954652,
        "region": "Obuasi",
        "detected_at": "2026-03-09T06:22:55.622900",
        "model_version": "48px_v3.7_2024-01-10"
      }
    },
    {
      "type": "Feature",
      "geometry": {
        "type": "Point",
        "coordinates": [
          -1.8303564496954652,
          6.371308888999301
        ]
      },
      "properties": {
        "probability": 0.9998483061790466,
        "lat": 6.371308888999301,
        "lon": -1.8303564496954652,
        "region": "Obuasi",
        "detected_at": "2026-03-09T06:22:55.623012",
        "model_version": "48px_v3.7_2024-01-10"
      }
    },
    {
      "type": "Feature",
      "geometry": {
        "type": "Point",
        "coordinates": [
          -1.8303564496954652,
          6.369133324871518
        ]
      },
      "properties": {
        "probability": 0.9990381002426147,
        "lat": 6.369133324871518,
        "lon": -1.8303564496954652,
        "region": "Obuasi",
        "detected_at": "2026-03-09T06:22:55.623114",
        "model_version": "48px_v3.7_2024-01-10"
      }
    },
    {
      "type": "Feature",
      "geometry": {
        "type": "Point",
        "coordinates": [
          -1.8303564496954652,
          6.366957760743735
        ]
      },
      "properties": {
        "probability": 0.9899522066116333,
        "lat": 6.366957760743735,
        "lon": -1.8303564496954652,
        "region": "Obuasi",
        "detected_at": "2026-03-09T06:22:55.623206",
        "model_version": "48px_v3.7_2024-01-10"
      }
    },
    {
      "type": "Feature",
      "geometry": {
        "type": "Point",
        "coordinates": [
          -1.830356449695465,
          6.364782196615951
        ]
      },
      "properties": {
        "probability": 0.996199905872345,
        "lat": 6.364782196615951,
        "lon": -1.830356449695465,
        "region": "Obuasi",
        "detected_at": "2026-03-09T06:22:55.623297",
        "model_version": "48px_v3.7_2024-01-10"
      }
    },
    {
      "type": "Feature",
      "geometry": {
        "type": "Point",
        "coordinates": [
          -1.82818179309686,
          6.395240094404913
        ]
      },
      "properties": {
        "probability": 0.900741457939148,
        "lat": 6.395240094404913,
        "lon": -1.82818179309686,
        "region": "Obuasi",
        "detected_at": "2026-03-09T06:22:55.623388",
        "model_version": "48px_v3.7_2024-01-10"
      }
    },
    {
      "type": "Feature",
      "geometry": {
        "type": "Point",
        "coordinates": [
          -1.82818179309686,
          6.39306453027713
        ]
      },
      "properties": {
        "probability": 0.9877942800521851,
        "lat": 6.39306453027713,
        "lon": -1.82818179309686,
        "region": "Obuasi",
        "detected_at": "2026-03-09T06:22:55.623476",
        "model_version": "48px_v3.7_2024-01-10"
      }
    },
    {
      "type": "Feature",
      "geometry": {
        "type": "Point",
        "coordinates": [
          -1.82818179309686,
          6.390888966149347
        ]
      },
      "properties": {
        "probability": 0.9916495680809021,
        "lat": 6.390888966149347,
        "lon": -1.82818179309686,
        "region": "Obuasi",
        "detected_at": "2026-03-09T06:22:55.623566",
        "model_version": "48px_v3.7_2024-01-10"
      }
    },
    {
      "type": "Feature",
      "geometry": {
        "type": "Point",
        "coordinates": [
          -1.82818179309686,
          6.388713402021563
        ]
      },
      "properties": {
        "probability": 0.9877709150314331,
        "lat": 6.388713402021563,
        "lon": -1.82818179309686,
        "region": "Obuasi",
        "detected_at": "2026-03-09T06:22:55.623656",
        "model_version": "48px_v3.7_2024-01-10"
      }
    },
    {
      "type": "Feature",
      "geometry": {
        "type": "Point",
        "coordinates": [
          -1.82818179309686,
          6.386537837893781
        ]
      },
      "properties": {
        "probability": 0.9785872101783752,
        "lat": 6.386537837893781,
        "lon": -1.82818179309686,
        "region": "Obuasi",
        "detected_at": "2026-03-09T06:22:55.623745",
        "model_version": "48px_v3.7_2024-01-10"
      }
    },
    {
      "type": "Feature",
      "geometry": {
        "type": "Point",
        "coordinates": [
          -1.82818179309686,
          6.384362273765998
        ]
      },
      "properties": {
        "probability": 0.9829550385475159,
        "lat": 6.384362273765998,
        "lon": -1.82818179309686,
        "region": "Obuasi",
        "detected_at": "2026-03-09T06:22:55.623835",
        "model_version": "48px_v3.7_2024-01-10"
      }
    },
    {
      "type": "Feature",
      "geometry": {
        "type": "Point",
        "coordinates": [
          -1.82818179309686,
          6.3821867096382165
        ]
      },
      "properties": {
        "probability": 0.846684992313385,
        "lat": 6.3821867096382165,
        "lon": -1.82818179309686,
        "region": "Obuasi",
        "detected_at": "2026-03-09T06:22:55.623925",
        "model_version": "48px_v3.7_2024-01-10"
      }
    },
    {
      "type": "Feature",
      "geometry": {
        "type": "Point",
        "coordinates": [
          -1.82818179309686,
          6.380011145510432
        ]
      },
      "properties": {
        "probability": 0.9998658895492554,
        "lat": 6.380011145510432,
        "lon": -1.82818179309686,
        "region": "Obuasi",
        "detected_at": "2026-03-09T06:22:55.624042",
        "model_version": "48px_v3.7_2024-01-10"
      }
    },
    {
      "type": "Feature",
      "geometry": {
        "type": "Point",
        "coordinates": [
          -1.82818179309686,
          6.377835581382649
        ]
      },
      "properties": {
        "probability": 0.9999995231628418,
        "lat": 6.377835581382649,
        "lon": -1.82818179309686,
        "region": "Obuasi",
        "detected_at": "2026-03-09T06:22:55.624137",
        "model_version": "48px_v3.7_2024-01-10"
      }
    },
    {
      "type": "Feature",
      "geometry": {
        "type": "Point",
        "coordinates": [
          -1.82818179309686,
          6.375660017254867
        ]
      },
      "properties": {
        "probability": 0.9986446499824524,
        "lat": 6.375660017254867,
        "lon": -1.82818179309686,
        "region": "Obuasi",
        "detected_at": "2026-03-09T06:22:55.624227",
        "model_version": "48px_v3.7_2024-01-10"
      }
    },
    {
      "type": "Feature",
      "geometry": {
        "type": "Point",
        "coordinates": [
          -1.82818179309686,
          6.373484453127085
        ]
      },
      "properties": {
        "probability": 0.8784101009368896,
        "lat": 6.373484453127085,
        "lon": -1.82818179309686,
        "region": "Obuasi",
        "detected_at": "2026-03-09T06:22:55.624317",
        "model_version": "48px_v3.7_2024-01-10"
      }
    },
    {
      "type": "Feature",
      "geometry": {
        "type": "Point",
        "coordinates": [
          -1.82818179309686,
          6.371308888999301
        ]
      },
      "properties": {
        "probability": 0.9971311092376709,
        "lat": 6.371308888999301,
        "lon": -1.82818179309686,
        "region": "Obuasi",
        "detected_at": "2026-03-09T06:22:55.624407",
        "model_version": "48px_v3.7_2024-01-10"
      }
    },
    {
      "type": "Feature",
      "geometry": {
        "type": "Point",
        "coordinates": [
          -1.82818179309686,
          6.369133324871518
        ]
      },
      "properties": {
        "probability": 0.9984009861946106,
        "lat": 6.369133324871518,
        "lon": -1.82818179309686,
        "region": "Obuasi",
        "detected_at": "2026-03-09T06:22:55.624504",
        "model_version": "48px_v3.7_2024-01-10"
      }
    },
    {
      "type": "Feature",
      "geometry": {
        "type": "Point",
        "coordinates": [
          -1.82818179309686,
          6.366957760743735
        ]
      },
      "properties": {
        "probability": 0.9725861549377441,
        "lat": 6.366957760743735,
        "lon": -1.82818179309686,
        "region": "Obuasi",
        "detected_at": "2026-03-09T06:22:55.624599",
        "model_version": "48px_v3.7_2024-01-10"
      }
    },
    {
      "type": "Feature",
      "geometry": {
        "type": "Point",
        "coordinates": [
          -1.82818179309686,
          6.364782196615951
        ]
      },
      "properties": {
        "probability": 0.8887231349945068,
        "lat": 6.364782196615951,
        "lon": -1.82818179309686,
        "region": "Obuasi",
        "detected_at": "2026-03-09T06:22:55.624691",
        "model_version": "48px_v3.7_2024-01-10"
      }
    },
    {
      "type": "Feature",
      "geometry": {
        "type": "Point",
        "coordinates": [
          -1.826007136498255,
          6.395240094404913
        ]
      },
      "properties": {
        "probability": 0.9998916983604431,
        "lat": 6.395240094404913,
        "lon": -1.826007136498255,
        "region": "Obuasi",
        "detected_at": "2026-03-09T06:22:55.624780",
        "model_version": "48px_v3.7_2024-01-10"
      }
    },
    {
      "type": "Feature",
      "geometry": {
        "type": "Point",
        "coordinates": [
          -1.826007136498255,
          6.39306453027713
        ]
      },
      "properties": {
        "probability": 0.9999995827674866,
        "lat": 6.39306453027713,
        "lon": -1.826007136498255,
        "region": "Obuasi",
        "detected_at": "2026-03-09T06:22:55.624869",
        "model_version": "48px_v3.7_2024-01-10"
      }
    },
    {
      "type": "Feature",
      "geometry": {
        "type": "Point",
        "coordinates": [
          -1.826007136498255,
          6.390888966149347
        ]
      },
      "properties": {
        "probability": 0.999983012676239,
        "lat": 6.390888966149347,
        "lon": -1.826007136498255,
        "region": "Obuasi",
        "detected_at": "2026-03-09T06:22:55.624958",
        "model_version": "48px_v3.7_2024-01-10"
      }
    },
    {
      "type": "Feature",
      "geometry": {
        "type": "Point",
        "coordinates": [
          -1.826007136498255,
          6.380011145510432
        ]
      },
      "properties": {
        "probability": 0.8799638748168945,
        "lat": 6.380011145510432,
        "lon": -1.826007136498255,
        "region": "Obuasi",
        "detected_at": "2026-03-09T06:22:55.625066",
        "model_version": "48px_v3.7_2024-01-10"
      }
    },
    {
      "type": "Feature",
      "geometry": {
        "type": "Point",
        "coordinates": [
          -1.826007136498255,
          6.377835581382649
        ]
      },
      "properties": {
        "probability": 0.9998227953910828,
        "lat": 6.377835581382649,
        "lon": -1.826007136498255,
        "region": "Obuasi",
        "detected_at": "2026-03-09T06:22:55.625157",
        "model_version": "48px_v3.7_2024-01-10"
      }
    },
    {
      "type": "Feature",
      "geometry": {
        "type": "Point",
        "coordinates": [
          -1.826007136498255,
          6.375660017254867
        ]
      },
      "properties": {
        "probability": 0.9954779148101807,
        "lat": 6.375660017254867,
        "lon": -1.826007136498255,
        "region": "Obuasi",
        "detected_at": "2026-03-09T06:22:55.625245",
        "model_version": "48px_v3.7_2024-01-10"
      }
    },
    {
      "type": "Feature",
      "geometry": {
        "type": "Point",
        "coordinates": [
          -1.826007136498255,
          6.369133324871518
        ]
      },
      "properties": {
        "probability": 0.8506813049316406,
        "lat": 6.369133324871518,
        "lon": -1.826007136498255,
        "region": "Obuasi",
        "detected_at": "2026-03-09T06:22:55.625334",
        "model_version": "48px_v3.7_2024-01-10"
      }
    },
    {
      "type": "Feature",
      "geometry": {
        "type": "Point",
        "coordinates": [
          -1.82383247989965,
          6.397415658532696
        ]
      },
      "properties": {
        "probability": 0.8282473087310791,
        "lat": 6.397415658532696,
        "lon": -1.82383247989965,
        "region": "Obuasi",
        "detected_at": "2026-03-09T06:22:55.625428",
        "model_version": "48px_v3.7_2024-01-10"
      }
    },
    {
      "type": "Feature",
      "geometry": {
        "type": "Point",
        "coordinates": [
          -1.82383247989965,
          6.395240094404913
        ]
      },
      "properties": {
        "probability": 0.970714271068573,
        "lat": 6.395240094404913,
        "lon": -1.82383247989965,
        "region": "Obuasi",
        "detected_at": "2026-03-09T06:22:55.625518",
        "model_version": "48px_v3.7_2024-01-10"
      }
    },
    {
      "type": "Feature",
      "geometry": {
        "type": "Point",
        "coordinates": [
          -1.82383247989965,
          6.39306453027713
        ]
      },
      "properties": {
        "probability": 0.9907711744308472,
        "lat": 6.39306453027713,
        "lon": -1.82383247989965,
        "region": "Obuasi",
        "detected_at": "2026-03-09T06:22:55.625608",
        "model_version": "48px_v3.7_2024-01-10"
      }
    },
    {
      "type": "Feature",
      "geometry": {
        "type": "Point",
        "coordinates": [
          -1.82383247989965,
          6.390888966149347
        ]
      },
      "properties": {
        "probability": 0.9980639815330505,
        "lat": 6.390888966149347,
        "lon": -1.82383247989965,
        "region": "Obuasi",
        "detected_at": "2026-03-09T06:22:55.625697",
        "model_version": "48px_v3.7_2024-01-10"
      }
    },
    {
      "type": "Feature",
      "geometry": {
        "type": "Point",
        "coordinates": [
          -1.8216578233010452,
          6.399591222660477
        ]
      },
      "properties": {
        "probability": 0.8973919749259949,
        "lat": 6.399591222660477,
        "lon": -1.8216578233010452,
        "region": "Obuasi",
        "detected_at": "2026-03-09T06:22:55.625786",
        "model_version": "48px_v3.7_2024-01-10"
      }
    },
    {
      "type": "Feature",
      "geometry": {
        "type": "Point",
        "coordinates": [
          -1.8216578233010452,
          6.397415658532696
        ]
      },
      "properties": {
        "probability": 0.9427825808525085,
        "lat": 6.397415658532696,
        "lon": -1.8216578233010452,
        "region": "Obuasi",
        "detected_at": "2026-03-09T06:22:55.625888",
        "model_version": "48px_v3.7_2024-01-10"
      }
    },
    {
      "type": "Feature",
      "geometry": {
        "type": "Point",
        "coordinates": [
          -1.8216578233010454,
          6.395240094404913
        ]
      },
      "properties": {
        "probability": 0.8723262548446655,
        "lat": 6.395240094404913,
        "lon": -1.8216578233010454,
        "region": "Obuasi",
        "detected_at": "2026-03-09T06:22:55.625984",
        "model_version": "48px_v3.7_2024-01-10"
      }
    },
    {
      "type": "Feature",
      "geometry": {
        "type": "Point",
        "coordinates": [
          -1.8216578233010454,
          6.388713402021563
        ]
      },
      "properties": {
        "probability": 0.9954828023910522,
        "lat": 6.388713402021563,
        "lon": -1.8216578233010454,
        "region": "Obuasi",
        "detected_at": "2026-03-09T06:22:55.626094",
        "model_version": "48px_v3.7_2024-01-10"
      }
    },
    {
      "type": "Feature",
      "geometry": {
        "type": "Point",
        "coordinates": [
          -1.8216578233010454,
          6.386537837893781
        ]
      },
      "properties": {
        "probability": 0.9108850359916687,
        "lat": 6.386537837893781,
        "lon": -1.8216578233010454,
        "region": "Obuasi",
        "detected_at": "2026-03-09T06:22:55.626185",
        "model_version": "48px_v3.7_2024-01-10"
      }
    },
    {
      "type": "Feature",
      "geometry": {
        "type": "Point",
        "coordinates": [
          -1.8194831667024405,
          6.399591222660477
        ]
      },
      "properties": {
        "probability": 0.9041983485221863,
        "lat": 6.399591222660477,
        "lon": -1.8194831667024405,
        "region": "Obuasi",
        "detected_at": "2026-03-09T06:22:55.626274",
        "model_version": "48px_v3.7_2024-01-10"
      }
    },
    {
      "type": "Feature",
      "geometry": {
        "type": "Point",
        "coordinates": [
          -1.817308510103835,
          6.4061179150438265
        ]
      },
      "properties": {
        "probability": 0.9448553919792175,
        "lat": 6.4061179150438265,
        "lon": -1.817308510103835,
        "region": "Obuasi",
        "detected_at": "2026-03-09T06:22:55.626363",
        "model_version": "48px_v3.7_2024-01-10"
      }
    },
    {
      "type": "Feature",
      "geometry": {
        "type": "Point",
        "coordinates": [
          -1.817308510103835,
          6.369133324871518
        ]
      },
      "properties": {
        "probability": 0.8214957118034363,
        "lat": 6.369133324871518,
        "lon": -1.817308510103835,
        "region": "Obuasi",
        "detected_at": "2026-03-09T06:22:55.626505",
        "model_version": "48px_v3.7_2024-01-10"
      }
    },
    {
      "type": "Feature",
      "geometry": {
        "type": "Point",
        "coordinates": [
          -1.8151338535052302,
          6.4061179150438265
        ]
      },
      "properties": {
        "probability": 0.9774993062019348,
        "lat": 6.4061179150438265,
        "lon": -1.8151338535052302,
        "region": "Obuasi",
        "detected_at": "2026-03-09T06:22:55.626607",
        "model_version": "48px_v3.7_2024-01-10"
      }
    },
    {
      "type": "Feature",
      "geometry": {
        "type": "Point",
        "coordinates": [
          -1.8151338535052302,
          6.4039423509160445
        ]
      },
      "properties": {
        "probability": 0.8335521221160889,
        "lat": 6.4039423509160445,
        "lon": -1.8151338535052302,
        "region": "Obuasi",
        "detected_at": "2026-03-09T06:22:55.626698",
        "model_version": "48px_v3.7_2024-01-10"
      }
    },
    {
      "type": "Feature",
      "geometry": {
        "type": "Point",
        "coordinates": [
          -1.8151338535052302,
          6.369133324871518
        ]
      },
      "properties": {
        "probability": 0.8831415176391602,
        "lat": 6.369133324871518,
        "lon": -1.8151338535052302,
        "region": "Obuasi",
        "detected_at": "2026-03-09T06:22:55.626787",
        "model_version": "48px_v3.7_2024-01-10"
      }
    }
  ],
  "metadata": {
    "generated_at": "2026-03-09T06:22:55.627512",
    "model_version": "48px_v3.7_2024-01-10",
    "threshold": 0.8,
    "regions": [
      "ghana_tarkwa",
      "ghana_obuasi"
    ],
    "total_detections": 1660,
    "high_confidence": 1221,
    "medium_confidence": 439
  }
}